# Resource object code (Python 3)
# Created by: object code
# Created by: The Resource Compiler for Qt version 6.8.1
# WARNING! All changes made in this file will be lost!

from PySide6 import QtCore

qt_resource_data = b"\
\x00\x00\xff\x82\
\x00\
\x03k\xe9x\xda\xb4\xbc\x07\x5cSI\xf7>~fn\
z\xb9\xd7\x82]4\xa2X\x01A\xb1a\x05\x14EA\
T\xec=@\x80(\x10L\x82\x88\xae.\xf6\xde]{\
\xef\xba\x0b\xf6.\xf6\xde{\xefJ\xb3\xf7\xae\xfcOn\
\x02\x09$\xba\xef\xfb\xfb\xbe\xff\xcf~\x96\x9br\xef\x99\
33\xe7<\xe7yf&6\xda\x19Q\xf2\xd4\xab\x85\
\x7f\x9d\xadPv\x7f\xdfeiw\xd7\x00\x80P\x13\xd7\
\xa7S\xa8\x1f\x80O<@\xeb#\x00\xaa}\x00\xc1\x02\
\x80\x9a\xe5\x00\xbak\x01\x86\xc7\x01\xbcd\x00\xae\xf9\xe3\
u5\x10\x8e\x05x]\x13\xc8+\x0a\xf0\xa6\x19\x10c\
E \x9bU\x00\xef\x13\x80F\xbe\x04\xa8\xb8\x1f\x04c\
\x17\x00\x14\xfb\x03\x04\xab\x93\x00\xca\x0c\x02\xc1\x05W\x00\
\xb7\xa7 \xf8\x86\xd7\xba\xa5@(8\x0f\xd0\xe0\x08\x08\
=\xdb\x004\x1e\x08\xc2Vu\x00\x82\x8a\x830\x12\xdb\
\x0e\xdd\x0a\xc2\xe8\xb5\xd8v=\x10\xfe\xe1\x06\xa0I\xc6\
\xeb\x5c\x80\xc8$\x10N4\x02D\xb5\x05\xe1\xec\x08\x80\
\x98\x08\x10.\x13\x02$-\x05\xe1\x01\x0d\xfa\xd9\x12\x84\
\xe7\x8f\x03\x8c\xe7@\xbc\xfc\x14\xc0\xe7\xb5 \xde{\x0a\
h\xd4S\x90\xa4\x14\xc2\xfe\xf8\x81\xf4\xc5;\xf4\xf18\
\xc8\xd4\x9b\x81\xfe\x98\x0d\xb2\x15Y@\x8e\xfa\x02\xfbg\
e \xa9-\xa1\x88\xb2\x13>w\x03\x8a\xce\x8e\x01\xd2\
\xb2\x168\x15\x1e\x04\xa4\xbf\x1b\x94\xa0u\x80Vj\x01\
\xa5\xbc\x1e\x0096\x16J\x17\xfa\x06tpy(m\
\xe8\x0a\xb4bU(\xeb^\x1f\xed\xfa\x83\xaaw\x13\x80\
'_A5\x0e\xc7\xaa^1\xa8\xd0\xd6\x05\xa8\xb0>\
T\x0c\x7f\x01\x90u\x0a\xaa\xba\x7f\x06\xa2h\x0bU\xaf\
4\x03\xa6\xe2\x08\xa8qK\x02\xb4\xf8=p\xd3\xeb\x81\
\x16\x9a\x0en\x8f\x03\xd1\xbe\x1fx\xf9$\x01Y\x99\x05\
\xb5^.\x05\xa0\xf7\xa1\xfe\xfaC\x00\x87\xdc\xa0A\xe1\
X a%\xa1\xc1\x8c\xce@\x96\x7f\x86&+\xc3\x80\
\xb4/\x01\xfe\xdak@e.\xe0\x1fW\x04\xa0s9\
h\x95\xd8\x00\xc0\xa9%\x04\x8a\x8e\x02)\xb3\x1d\x02\xcb\
S\xa0\xef\xf7@\xeb\xba\x7f\x01\x94\x8a\x83\xd61\x1d\x01\
\xca\x15\x816\xaa\xb1@\x1a\xcb!\xa8\xe5.\x80\xca5\
!h^\x18^\xbbA\xdb\xd9\x07\x00\xbc\xb7B\xdbc\
3\x80q[\x0f\x1d=\xaa\xe1x\xef\x84\x8e\x7fl\x02\
\xf2>\x1d:\x8e\x9c\x80\xf3\xd5\x18:OX\x05\xd0\xad\
%^w\xe3|\xf5\x86\xce\xa9\xe8g\x17\x0f\xe8\xfc\xc4\
t]\x01]w\xa0\xdd\xa8\x04\xe8\xd1x\x00\xd0w\x1d\
\xa0\xf74\xbc\x7f|$\xf4~\xf5\x16\x9f\x13BDj\
5 \x7ft\x04\x8dT\x0a \x0d\x85\xfeN\x01@\x83\
\xfaB\x8c\xc9\x8f)\xbe\x10\xdb\x10\xe7\xd3#\x10b\xaf\
5\x07\xa8\xbe\x0a\xe2\x9d\xae\x03\xf1\xf2\x06}\xb1\xcd@\
\xceU\x06}/\x1c\xe7\x81w!q\xc2\x0c\xa0'\xbf\
\xc1\xa0e\x07\x81\x5c)\x03I\xe7w\x00\xa9\xf7\x00\x86\
\x1a\xfb\x03\x9d{\x01\x86\xa9\xdf\x03\x1d=\x1f\x86_F\
?bO\xc1\x88\x1d\xa9\x00\xa5\xef\xc3\x84*\x150n\
f\xc0\xb4\x0e\x18g\xdbV\xc3\xd2I\xbb\x80\xfa\x1e\x80\
UU\xb6\x02u:\x02)\x13\xf6\x02\xd9\xb8\x18\xb6\x86\
\xb6\x01\xb2}:l\xbbw\x17`\xf50\xd8\xa3[\x01\
\xe0\xbe\x1d\x8etX\x08T\xb1\x1e\x8ev\xae\x08t\xfe\
[8\x06R\x8c\xb7\xc1pj\xf2\x17 u\xb7\xc3\xb9\
-#\x80>\xbf\x08\x17\x07m\x03h4\x00n\xe8q\
\xfc\xc6%\xc0\x8d\x89\x85\x80\x5c\x7f\x007\x16o\x00\xf8\
^\x0bn\xd6\xc3~x\xcc\x81\x9b\x8d4@\xbe/\x82\
\xdb\xea\x1b@Z\xc5\xc1\xed0?\xbc6\x82;\xd3\xa2\
\x81\xd4j\x08\xf7.\xaa\xf1\xfdr\xb8\xdfw4\xd0\xb3\
\x95\xe1A\xa1\xf5\xc0\xb84\x80\x87\x7f\xaf\x01z\xe18\
<\x8aU\x00\xf9\xab\x12<v\x9d\x05\xf4s;x\xb2\
\xcb\x1fH\xd1+\x90\xbe\xa31\xc0\xcd\xcb\x90\x95\xba\x19\
\xe0\xf8I\xc8\xdey\x08H\xb9\xed\x90}\x00\xdb\x09*\
\x07\xcf\xbc\xf0\x1a\xec\x0d\xcf\x8dC1\x7f\x9d\xe1\xdd\xdb\
x \xed\x9e\xc1\xfb\xcd\xe7\x81x\x04\xc0'\x01\xf6\xbb\
\xda\x19\xf8\xc6v\x07\xba\xa6>\xfc\xe0\x14@\xb9L\xf8\
\x11,\x02\xd2\xb6\x0c\xfc\x5c\xd0\x0a`\xef8\xc8\x09.\
\x0a\xd0\xe3!\xe4\xe4\x1c\x07r\x9e%\xc04B\x5ch\
H`L(\xc0\xb8f\x84t@\xbb\xed\x1f\x11\x1a\xdb\
\x02`Lm\x22\xa8;\x17h\xfc!\x22|4\x1bh\
\xa3\xc1D\xd4\xb46\xc0\xbe\x16D\xdcW\x85v\xa7\x13\
\x99`&\x80K/\x22\x8b\xb9\x0c\xb4I]\x22\x97\xb5\
\x07x0\x89\xc8{\x95F\xff\x84D\x913\x0f\xc8\xfa\
\xbbD9l'\xc0\xfa\xdaDy\x11\xe7\xa3\xb8+a\
\x9b~\x028\x9aB\xb8\xa2\x88\x03\x1b\xa2I\xa1\xa1C\
\x80\x86\xf5'EW\x04\x01-\xa1!\xc5\x86\xfe\x0d\x90\
\x13BJ\xf6y\x0e\xf0c')\xe5\xa5\x01F2\x8d\
\x94\x9a\xa6\x05\xd2\xfd\x15)=\x15\xf3\xe6r+R\xe6\
\xfc\x17\xc4\xbd\xcf\xc4\xf9\x94\xa9\xdd\xaf\xa4\xdcH\xc4\xc2\
\xef\xb7H\x85\x8b\x83\x81t\x5cJ\x5c\x8c: \x9d\xcb\
\x11\x97\x19\x7f\x01\xb9Z\x9fT\x0eY\x0et\xceCR\
yK\x07 \x22\x86T>-\x062\xaf;\xa92t\
6\x90\xe8\x9e\xa4Z\xf9\x9e@\x1f\x85\x90\x1aQ8\xfe\
\xf7\xf6\x12/\xa3\x16\xe3SEjy\xa5\x009\xb4\x8e\
\xd4\xda\xf6\x00\xa8\xdf=R;\x16qV}\x92\xd4i\
\x7f\x16\xa0\xe4(R\xdf{<\xd0\x9a\xbbI\xb3\xad\x85\
\xf1\xfa\x8d\xf8\x8f\xc3|\xde\x1bD\x02\x9bm\x03\xd2\xf5\
\x07\x09\x0co\x0e\xc4\xa5\x11i\x1d\xde\x01h\x8bG\xa4\
M\xd3\xd2@[KHpC!\x90\x9fq\xa4\xd3\xdb\
\x93@\xbb\xa8I\x8f\xf2\xae@\x0bo&=\x92*\x02\
\x14\xefE\xc2R\x10?\xe7\x86\x93\xb0C8\xee\x83\xf6\
\x12\xcd\xc7\xc5\x00\x13\x1f\x93\xe8)\x00\xa4\xd94\xa2\xbd\
\x85x\xe6\xf4\x81\xc4lD|\xaet\x81$\xefx\x0b\
D\xdc\x8a\x0c\xa7z \xa7[\x92\x91u\x10\xcf7u\
'\xe3Z \xfe{^\x22\xe3\xeb\xc6\x01\x19\xb9\x86L\
\x1d\x86\xf7\x8f\x9fF\xa6\x85\xcc\x00\x92\xd1\x86L'[\
\x00\x8c\xcf\xc8t/\xccCu92\xf7x%\x9c\xd7\
\xf3d\xbe\xe9Z\xe1\x1aY\xfc\xf0o\xa0lU\xb24\
\x08\xf3\xf8\x12\x90UY8>\xcem\xc8\xea\xad\xc3\x80\
\xde\xfd@\xfeiF\xb06}$\xff\x1cw\x06Z\x96\
\x90\x94m\xdd\x00\xf6o'[\x0e\x8d\x01h\xe2O\xb6\
m8\x0909\x95l\x9f\x8fx\xd3\xac29\xe8\x85\
\xb8\xed1\x90\x1c\x0a\xee\x82\xb8\xfe\x83\x1c\x0aE\xdcK\
\xd6\x93#{n\x02=q\x97\x9c\x8c\xc1\xe7\xa6\xcd%\
gR\x17a\xbd\xfb\x93\x9c\x1d\x82\xb8\xde\xbd\x0397\
A\x08\xb4\xeaEr\xee\xc0:\xa0\x99\x93\xc9\xb5\x08\xc4\
\xfd\xc5E\xc8\xf5w\x18\x0f\xdaf\xe4v\xad\x17@\xf4\
\xfd\xc9\xedu\xd8\xbf\x19\xe7\xc8\xdd\xf4^@\xbb\xf7 \
\xf7b\xef!\xce6 \xf76\x5cG\x9c\x1fM\xee\xbd\
\xc6\xfb7|!\xf7/\xd7\x07\xa6t\x04y\xd0\x16\xf1\
\xb9e\x06y\x14\x8f8W\xa79y,\xf3\x01:y\
5y\xcca\xdd\xd9X\x8bd5m\x84~\x1e Y\
-'\x01\xa9\xd0\x84<\xaf\x8b\xb8\xbey\x09yY=\
\x16\xe8\x95f\xe4\xf5\xe3D \x8d\x84\xe4M\xcd~@\
\x8e\x84\x907\xd3\x8c@\xd7\x0d$\xefo!\xbe\x90\x91\
\xe4Sb\x0b\x8c\xdfl\xf2%\xa2\x1d\xd0\xf3\x1d\xc8\x97\
\xfd\x1c\xd0\x88\x9f\xe4\xdb\xbb\xce\x007\xfe$?\xd7!\
\xce\x8fQP\xb8 \x02X#\xa0\xb4\xc1\x06\xa0\xaf\x96\
Q\xd1Oo \xeez*^\xfa\x19(\xb3\x85\xca\x85\
\x18_\xcb\x0eP\xf9\xfb\xf2@&'R\xf6R-`\
\xaa\xed\xa6\x85Gn\x00\xa6T\x1a-|0\x09\x18&\
\x87\x16>R\x19\xafi\xb4\xe8\xa5\xab@\x02(-z\
y;\xc0\x90\xed\xd4\xc9o<\x90\x16\x87i\xb1d\x1c\
\xe7\xf6\x8fi\xf1\xb2\x87\x80Q>\xa4%\x22\xd3\x80\xba\
\x1d\xa5%^e\x02y\xfb\x91\x96:P\x12 \xed\x05\
-\xd7\xe9-0\x229\xad\xb4\x15\xf1\xfaG\x16\xadZ\
\xf6\x0c\x8e{\x1dZm\x02\xb6\x1f\xb4\x8dV\x1f\xf9\x17\
\x8e\xdf\x11Z\xc3\xeb40e?P\x8f\xf2\x00\x8cs\
-Z\xf3\xaf\x0a\xe8O!\xeau\x18\xebuXMZ\
k\xb3+\x90\xe6\xcfi\xedYM\xb0\xfda\xd4;\xd8\
\x05\xc7\xf1 \xadSg\x10\xd0m.\xb4\xee\xb9\x96\x00\
\x8b\xda\xd0\xfa\xc1\xc1\x00\x0b?\xd2\x06,\x8e\xc7\xed\x9f\
\xb4\xc1\xbe\x8f\x00\x07]i\x83\x8b\xc8c\x8e]\xa0>\
\x1d0\x1e\xbe\xc4R\x9f\xbeb\xa0\xcd\xa7R\x9f{\xd8\
\xaf\xb3\xc7h\xa3\xc0D\xc0bC\x1b\xa7\xfc\x00Z\xfb\
\x1bm\xaa\xec\x09\xe4\xf8 \xea7'\x0b\xf3\x99P\xff\
M\xed\x81\xf6\xefH\x9b7\xee\x89uk=m\xf9\xf1\
&\xc0\xac\x22\xb4\xd5\xa2k\x88\xbb#h\xebB\x18\x0f\
wZ\xd26C\x91_5\x97\xd3v\xaf\x17\x03\xbd6\
\x87v\x98\x87\xedW\xabM\xbb\xa9v`\x1c\xdd\xa2\xdd\
W\xa4\x03t\x98B\xfb\xb28\xef%\x9f\xd0\xb0\xa2\xef\
\x00\x16w\xa5\x91Es\x80~\x9fO\xb53.\x02\xfc\
\xd3\x83\xc6\xd6\xac\x01\xe4\xe3z:\xa0,\xf26\xf7\xc2\
4\xa1\x1d\xda\xff\xb2\x9e\x0e\xf6\xc6\xfa\xd9\xec\x22\x1d\xb1\
\xa0+@`\x0a\x1d\x95>\x10H\xebvtBE\xac\
\x17#\xfc\xe8\xac\x22\xcb\x01\x1a.\xa4s|p\x1cN\
\x97\xa7s\xb6,\x07\xf2\xa2\x0f\x9d\xe7\xb6\x13h\xb1>\
tA/\x1c\xafl\xbc\xbe\x1b\x85\xb8S\x97.:\x8f\
uV\xd9\x89\xae\xf1^\x8au3\x82\xae9\xfc\x18\xa0\
\xcdT\xban\xee: o\x22h\xca>\x9c\xb7\xcf\x85\
\xe8\xc6\x83\xc8\x17{T\xa0\xbbVa\x1djX\x81\xee\
\x9f\x80\xf82f\x02=\xf4\x08\xeb\x86\xae6=\xaaT\
\x01\xbd\x11O\x8fv\xc1\xe7k\xd7\xa7'f\x8d\x07\xf8\
t\x96\x9ef\x91\xaf\xe8&\xd33u\x1a\x03\x89J\xa6\
\x17\x9f\x22\xbe\x96\xd8G/q8\x7fkN\xd1\xcb\x93\
\x11\xf7B\xcb\xd1\x9b/\x10\x87\x9b\xcc\xa4\xb7\xd3|\xb0\
\xde\x0d\xa7w\xa6LF|>M\xef<\xdc\x07\xf4\xcf\
O\xf4\xfe\xf9U\xe8\xc7J\xfa\xf8\x0d\xf2M\xc32\xfa\
d\x1e\x8e\xa3f\x0d}r\xf6\x12\xd0sk\xe8\xd3\xf2\
\xc83\xb6\x8b\xe9\xf3\xf2\x18\xdf\xc9\xa7\xe8\x8b\x22~\xc0\
\x149E_;\x15F\xbe\xc7\xd2\x8f\xf7W\x01\xf5\xf8\
\x93~\xee\xed\x81WJ\xbf\xb5B\x9c;\xe0C\xbf-\
]\x0d\xd04\x94~\x9f6\x0b\xc8\x82\x8a\xf4\xe7\xa8\x0c\
\xc4\xfb\x8d\xf4\xe7=\x1c\xbf\xefs\xe8\xcf,\xc4\x01\xcf\
\xfa\x0c\xb9\x84u\xa5\xcb%\x86\x9e\xff\x0e\xe4\xeb\x0d\x86\
9\xb5\x1e\xe8\x84\x9e\x8c@\x89\xf8?\xe43\xa6\xe6,\
\x80\xa9m\x18\xe9\x8a\x03\xc8\xfbj3\xca\x1f'\x00~\
\x1ef\x0a;_D\xbf_0\x85\xb7\x8c\xc4:\x93\xc6\
\x14\x03\xc4\xf3\xed\xed\x98b\x87\x11\xbf\xda\xb6aJ\xb8\
\x22>l-\xc6\x94H\xde\x07\x8c\xeb\x12\xa6\xf4\x80D\
\x8c\xfb?\x98\xd2\x9b\xae\x01\xa9\xff\x80q\x9e\x85<z\
s\x07\xa6\xdc!\xacoc71\xaa\xef^@J\xfc\
\xc1T}\x8f\xbci\xd2}\xc6\xcd\xf7 \xd6\x8bVL\
\xad\xc6\x88;Wd\x8cwjW`J\x0eb\xbc\x9f\
\xf6C{O\x19\x9f\xd6O\x81\xa9\xb9\x86\xf19\x95\x09\
\xd4\xff9\xd3x&\xc6\xc1\xd0!L\xd3%]\xf0\xda\
\x88iQ\x1f\xfb\xd7\xbb\x11\x134\x15\xeb\xd3\xf4p&\
\xf8l\x0a@\x0d\x03\x13\xb2\x5c\x81y]\x89\x09\xd9\x9a\
\x0eD>\x97\xe9\xfc\x9c\x01\xfad\x04\xd3m\xcfX\xe4\
;u\x99\xee\x87\x11'\xdd3\x99>\xd3\xab \xcf\xf2\
a\xc2\x220\xee\xdeod\xc2\xb2\x10\xa7\x0boa\x22\
\xdc\xb1\xae\xf4\xbe\xc4D,|\x04\x10\xbd\x91\x89J\x0d\
\x04X\xfe\x86\x89\x9d\xb2\x12H\x91$&~\xc4\x9f\x18\
/\x9b\x98\x01Sq\xfc\xba\xcdg\x922\x90\x97\x04E\
1\x83\xcb\x22\xbfHNc\x067\xae\x82||\x1c\xf3\
\xc7\xa5+@\x87\xe70#\x96\x22\x9f?V\x84\x19\xb9\
\xe3\x09@\xfb\x8b\xcc\xb8\x8b\xd8\xdf\xc2\x0d\x99\x09\xb7\x0f\
\x03\x8cMf&\xb6\xee\x02P\xa4\x013\xa5\xfd. \
\x89\x15\x99\xa9\x03G\x02]?\x91YP\x18\xeb\xcc\x8c\
\xdd\xcc\xb2\xed\x18\x07\x93s\x98\xe5J\x0a\x0c\x97\xc2\xac\
*\x82yZo\x18\xb3n2\xe6w\xd6z&\xe5\xdb\
\x1c\xe4\xb3g\x99\xdd\x9d\x16\x00]\xda\x93\xd9\xbb\x0c\xe3\
\x91\xfb\xc4\xec\xd7\xb6\x05\x1a\xbc\x989\x94\x828V\xa8\
7s\xa4R\x14P\x9f=\xcc\xd1\xd7\xce\x00\x11\x07\x98\
\xd3\x82d\x80*\xd3\x98+\x93Q?\x85\xb6`\xae\xcc\
L\x06\xc6}\x0as\xa3,\xd6a\xef\xbf\x98\x9b\xf51\
\x8f^_dn\x95F\xff\x0f\xb7an\xb3\xd7\x11W\
#\x99\xfb.\xab\x80\xa91\x9a\xb9?\x19\xc7s\xdfD\
\xe6\xc1?b\x80\x8f#\x99\x87\xdf\x91_\xd6\xf7c\x9e\
\xec\xef\x05d\xce0\xe6\xc9\xa9\x87@d_\x99\xf4?\
\x8a .Q&c\x18*\xba\x99\xdb\x98\xac\xe9\xc8\x03\
WF3\xd9\x07f\x03\xdc\x1d\xc5<{\x88yy\xb2\
+\xf3\xecS} C\x1b2o\x0ea~&\xf5f\
\xde\x1f\xbe\x0a\x0c\xd53\x1f=\x10?\x9fM`>E\
\xa0?\xe1*\xe6S\xfc\x15 \x91\xc3\x98/)}\x81\
\x11{1?\xd7 \x1eG\xf4gr\x82\x97\x01\x19\x1b\
\xc8\xe4,\xc3\xf1\xccp\x16@\x97\xdb\x00\xbeT <\
\x85\xf5}\xba\xa7@\xe4\x85|#q\xb5\xa0\xd0e\xe4\
-\x97\xb6\x0a\x0a\xdd\xc5\xbc\xfc\xb4TP\xf8(\xf2[\
\xf1HA\xe1\xabE\x80\x08\xa6\x09\x8a\xc6y\x00\x9ch\
-(\xbap\x04\xe6a\x09Aq\x7f\xe4\x9f\xae\x8b\x05\
\xc5\xef\xe0\xfco\xf6\x10\x94\xe8\xd0\x14\xe32ZP\xe2\
\xdc@\x80\x1d\xed\x05%g \xdf\xae\xdbL\xe0\x5c\x1a\
\xf1*\xf4\xa9\xc09\x8d\x01\xb2)HPnC\x02\x90\
\xf4\x89\x02UD!\xe4\xbb\xaf\x04\xaa\xad\x01@\xe6\xb6\
\x12\xb8\xd0\x96\xc8\xbf\xd6\xe1\x15\xf5T\xf7\x12\x82\xaa\xf7\
\x91\x7f?J\x12\xb8\xdd\x08\x05\xda\xab\x8e\xa0\xe6!\xe4\
\x15U\x9d\x05\xb5\xaf\xe3<\xbe<'\xa8\xff(\x1eh\
\x92F\xd0\xa0\xeeg\x80\xb7\xf3\x04\x8d\xfb\xa0Ny\xf2\
\xa7\xa0i\x057\xd4\x01#\x05\xbe\xe3\x8f\x02\xf4\x9a.\
h1\xfa-\xd0\xc0^\x82V\x8d\xd7\x02}\xd6C\x10\
\xd4\x02\xf5\xdf\x86y\x82\xa0\xc5\xd3\x81\x0eR\x09\xdav\
\xc4x\x92T\x15t\xa4\x0d\x80\xde)%\xe8\xba\x7f\x11\
\xd0\xddg\x04j\xd3\xb5oM\x81\xfa\x05~\x9f\xb3A\
\x10U\x1f\xb5u\xc0;\x81\xaeT-\xa0G\xfd\x04z\
\x0e\xeb\xef\xbd\xf3\x02}\xf2\x15\xcc\x97u\x02\xe3\xady\
\xc0T\x18&Hl\x82u\xe8\xeb\x10\xc1\xa0\xb58^\
\xc3\xb6\x08\x06o\xec\x0d\xa0\xd8$\x18\xfeT\x0d\xb4c\
e\xc1\x98\xa7\xb7\x80\xacX%\x18\xdb\xef(P\xa3\xaf\
`\xfc\xb7s@/'\x09&\x84\xa2\x16\xef\xa3\x10\xcc\
Pc;\x09\xe1\x82\x991z\x80\x95k\x04\xb3&\x1c\
\x02\xfa\xa9\x88`~\x1a\xe2\x17\x99!X\xb6\x17\xdb\xed\
{L\xb0Z\xb7\x15uz\x1b\xc1\xba(\xf4'\xfb\x1f\
\xc1z\x17\xe4G\x9d\xef\x09\xfeq\xc3q\xa8\x10%\xd8\
\x04\x18\xff\xa9C\x05\x9b\x87\xe0s\xd1T\xb0el\x03\
 \xb7Z\x0a\xb6\xe4\xdc\x01\x92\xfdEp\xac\xeb^\x00\
\xe5~\xc1\xb1\x1bh\xd6\xd8Bp\x82\xa2\xbd\x1a\x01\x82\
\x13\xa3za|\xd4\x12\x9c\xd8\xb5\x06\xc8~\xad\xe0\xc4\
m\x8c\x8b\xf8n\x82\x8b\xce\xd5\x90\xa7\x86\x08.\x06_\
\x05\xb8\xd5_p1\xb2\x03@\xc8N\xc1\x15\x01\xea\xbe\
\xc3\x06\xc1\xb5\xea\xa8\x1fk\xcb\x05\xd7\xe7-\x01x\xbd\
Gp\xab\x02\xea\xfb@\x10\xdc.4\x07\xc8\xecc\x82\
\xdb.\x88\xe3\x9a\x81\x82\xfbiM\xd1\xeeK\xc1\xf3h\
\xd4\xd7\xe5\xfb\x0b^\x86b\x1elj-x5\x17\xf5\
\x80\xf8\x81\xe0M\xcd\x16@\xfa\x94\x11\xbc\x7f\x9b\x00\x0c\
l\x13|\x9c\xeb\x8e\xf5\xbf\x8a\xe0S;\x1c\xcf;_\
\x04_u\xdf\x01\xb6\xac\x14\xfc\xd8\x8c\x9f\xdfm+\xc8\
i\xda\x1f\xc8\xf8]B\xf8\x8eu\xf9\xef)B\x12\xc7\
\x01\xa9\xb3N(\x98\x82qV\xdeO(\xb8\x8b8\xb1\
o\xa0PV\xe7\x04\xe2B\xb6P\xd1\xcc\x1d\xeb\xd0L\
a\xe1\xf6i@\x16O\x14\x16)\x9e\x85\xcf;\x0b\x8b\
\x8e\xc3\xfaq\xbf\x85\xb0h\x06\xea\xb7\x01\xcd\x84N\x01\
\xc8\xcb\x05\xc9\xc2\x92\xa5\x91\xf7M\x09\x11\x96\x5c\xc9\xa1\
}\x7fa\xc9U\xa5\x00\xde5\x14\x96\xdc\x84\xfa\xce\xe3\
\x9a\xb0\xe4-\xd4\x03\xf3F\x08\xcb\xaf)\x0b\x8c4Y\
X>5\x1dyb7\xa1\xaa7\xf2\xbe\x05\x99\xc2\x0a\
*\xd4\x87\xda\x14a\x85\x8e\x1f1\xee\xb2\x85\x15\xcea\
<\xdc\xac#\xac\xf0\x0e\xf9\xd6\xc6\x1ca\xa5\x8b\xa8\xc3\
^\x95\x11\xba\xb6=\x81y\xaa\x10\xbanF\xbc\xbe^\
_Xe&\x8eO\xd0Ma\xd5\x10\xcc\xdf\xd5\xbb\x85\
\xd5{~\x02*-)\xac><\x13\xe0\xc5O\xa1\xdb\
t\xd4\xab\xae\xdf\x84\xeeo\xd7b\x9d:.\xf4\x18\xda\
\x09\x98\xaa~\xc2\x9a\xbe8\xfe\xa92\xa1\xe7\xbe7@\
\xfa\xd5\x17\xd6\xaa\x878\x95&\x14\xd6Y\x88u}\xd9\
fa\xe3\xfeO\x80\xf8\x94\x106\xb9\xe8\x09\xb0\x22\x5c\
\xd8\xf4\x01\xe2nD9a\xd3\xf7\xc8\x1b*\xaa\x85\xcd\
z\x22N\xec\xdb%\xf4{\x8b\xfd\x1c7N\xd8bs\
C\x80\xec\xce\xc2\x80R8\xfe\x91\xae\xc2\x80P\xc4\x8f\
\xebI\xc2\xc0\xd7\x93\x01\x9e\x12a\x9b\x0f\xa1@j6\
\x17v\xdb\x8b\xf1\xd3c\x98P\xdb\x09\xaf\xe1\x8d\x85q\
\x85\xff\x02\xfa\xd7\x1c\xe1\x80\x84\x11@v\xcd\x14\x0e\xda\
<\x15@\xa4\x13\x0e\xd1\xc5\x00){L8l-\xd6\
\xddW\x95\x85\xe3\xc7\x07\x004\xde \x9cdZO\xd2\
>\x12N:\x83u7\xa6\x9epr\x17\x1c\x9f\xb2K\
\x84\xd3Z\xe0\xfbb+\x84\xb3\x06'\xa1N>-\x9c\
\xbd\x16\xe3;f\xa2p\xe9N\x8c\xe3\xb2u\x85\xcb\xce\
\x96\x03\xb2d\x84pe$\x8eC\xd2q\xe1\xda\xf1\xc8\
\x07#\xaf\x097\xb4C=z\xd6K\xb8!\xbe%\xe6\
\xcf+\xe1\x86S\xef\x01Z\xcc\x17nl\x8e:\xf3\xc3\
\x22\xe1\xc6\xf5i\x00Cs\x84\x1b\x7f\x22O\xca\xa8#\
\xdc\xb2\xd4\x17\xaf\x9f\x85[\xaea\xde\xf5\x1c,\xdcZ\
\x16\xef\xff\xb3\x87p\xe7\xed\xf7X\x17\xd7\x09\x0f\xc80\
\xcfN\x94\x14\x1e\xc8F?7v\x15\x1e\xf9\xb1\x03\xf9\
p/\xe1\xe9\xdec\x10\xd7>\x08O\x1fD~\x9eU\
\x5cx\xae\x1f\xf2\xcd\x1f\xdf\x85\xe7\x0fa\x1cT\x09\x13\
^\x8c#@'\x05\x0a/\xdd@\xde\xad\xd9*\xbc\xf4\
U\x8bu\xbe\xa8\xf0rY\x9c\xf7l\x22\xbc|\x14u\
\xd9\xfd-\xc2+?q\xfe\x0b\x07\x09o5\xb9\x03\xb4\
\xda6\xe1\xad\x13\xde\x00\x1d\xaf\x0bo\x97C<\x18\xda\
W\xf8\xe0\x00\xd6\xfb\xed7\x84\x0f>b=\xbc8S\
\xf8pC0\x90\xe5\x1d\x84\x8f\xbb\x7f\x04\x92\xc6\x0a\xd3\
\xbd\x8a\xa1~\xd7\x0838\xe4w\xe7S\x85\x19\xdbQ\
\xd76\xd0\x0a3\x13\x90\xbfi\xa3\x84\x99{\x91'\x0c\
\xf1\x13f\xbeF<\xc9\xa9-\xcc~\x80\xf5\xe6\xec}\
\xe1\xd3\xbeU\x81\xba\xd6\x17>\xaf\x8b:\xaeU\x9c\xf0\
\xe5\xd6E\xc0\x14+-|\xf5\x0e\xf5\xe9\xa51\xc2\xd7\
\xf3\x86\x22\xce\x85\x0a\xdf\x94G]!\x1b%\xfc\xd8\x10\
\xeb\x12\xfd,\xfc\x14\xbf\x19\x98J\x0b\x85?\xd48\xaf\
?\x7f\x8a0\xb9\xd1\x1f\x10\x096o\x00`\x8b\x89D\
+^\xe1\xb8HE\xa2\x07\xc8\x7f\x8f\xfc\x10\x89\xff\xbe\
\x84vG\x88$7\x11\xf7\xbf\x97\x16\xc9\x0a}\x02r\
\xa6\x90H\xaeZ\x01\xe4`]\x91\xbc\x22\xea\xb9\x83\xb1\
\x22N\x86\xfam\xd6vQ\xd1&\xc8\xc7&\x9d\x159\
S\xd4C\x8f\xe7\x8bT\xfe!@gz\x8a*=\xba\
\x88\xf9\xb8U\xe4Z(\x03\xf3\x8c\x15U9\x80\xf9\xea\
\x16#\xaa\xee\x1b\x8b\xba\xec\xba\xa8z\xce\x04 I\x1b\
Dn\xff \xdeN\x1b*\xf2|Q\x12H\xa1\xdd\x22\
/\xefx\x8c\xff \x91\xb7;\xea\xf4RGD\xde\xea\
u\x00\x85z\x89\xbc\xf7\xb9#\x7fH\x145\x98\x8c8\
t\xec\xbd\xa8IH\x16\xb6'\x115\x1d\x8a\xfc\xbc\xc7\
\x0d\x91\xef\xc3\xadX\xb7?\x88|\xdf\xe0|N\x9a \
j\xbb\x0fy\xef\xcc\xa5\xa2\xd0(|~\xa5\xaf(t\
\x04\xd6O\xc3LQ'@\xfe_{\x9e\xa8\xe7!\xd4\
\xf9\xea\x1d\xa2^\x9d\x90\x9785\x13\xf5\xc1\xba\x0c\x93\
z\x8b\xd4\xc7\xce \xcf\xad#\x8a{7\x1au\xc9\x0b\
\xd1\x807\xc8\x13\xce\xa9E\x83K\xe0\xfb\xae\x13\xf0\x8a\
q=}\xb2hH8\xd6\xf9\x81\x0dE#Zc\xfc\
\x15\xf9K4\xe2\x00\xf2\xa5\x03\xebD#;\xe2\xfc,\
\x8e\x14\x8d\x19\xa4\xc3q\xeb\x22\x1a\xeb\x17\x8a\xbcC \
\x1a\xd7\x19\xeb\xe1D\xb1h\xd2}\xc4\xb3f\xcdE\xb3\
\x1a\xa2\x7f\xa4\xach\xf65\x8cC\xceU4G\x84u\
uO\xbchn\x0a\xe2\xee\xeb^\xa2E\x1d1\x9f\xfe\
\x90\x89\x16uG\xdd}\xef\xa4hI\xc6H 7F\
\x8a\x96\xf5A\xff;]\x12\xad\x0c@\x1c\xef\x14!Z\
\x0fX/_|\x11\xfd\xd3\xdb\x19\x98\xea\xe3E\xff\xcc\
G?\xdb/\x10m\x1a\x8d\xbc`y\x88h\xf3\xeb\xca\
\xa8G\x7f\x88v\xb9!~\x90,\xd1\xa1B8N=\
[\x8a\x8e\xf8 n\x9e\xae-:\xba\x0e\xe7e\xee.\
\xd1\x89f\xc8\xa3\x8aN\x16\x9d\x089\x0e\xf4g\xa0\xe8\
\xc4\xb7\x11\x00\xceJ\xd1\x99k\xc8\x0f\x22\xc6\x8a\xceM\
W\x01S\x82\x8a.\x1a$@\x86\xad\x16]\x09\xdd\x04\
L\x99\xbb\xa2\xeb\xa3^\xa2\x9fKE\xd7_\xf9\x01-\
\xea-\xbaI\x02\x81>\xee#\xbae\xc0\xf9\xf57\x88\
nMi\x8c:\xf9\x9c\xe8\xb6\x1f\xc6\x7f\xad'\xa2\xbb\
g\x91G\xb4\x9b(\xba\xfb\xfa\x07\x90\x85\xa3E\xf7c\
0\xcf\xf6}\x17\xdd\xdf\x9b\x82\xb8[[t?\x93\xc5\
|;\x22z\xbc\x0c\xeb\xcc\xfd[\xa2\xf4-U\xb1=\
\x81(\xfdL\x0b\x80\xee\xe3D\xe97\x91\xbf\xaa\xbe\x88\
2\xae\x22\xaf\x9d}C\x945\x04\xf9\x93\xb7Z\x945\
\x01q\xb3\xdb+\xd1S\x81\x10q\xef\x88\xe8\xd9\xe33\
@b\xe7\x8a^\xbc\xa0@Nm\x14\xbd\x9c\x89\xf9t\
\xe3\xbb\xe8\x95\x11\xf5I\xe1B\xa2\xd7Wn\x00\x9dq\
_\xf4n\x18\xf2\x8bdo\xd1\xfb\xe2\x88\xd3\x95\xbe\x8b\
>\xf8\x1fC\xbfn\x89>\x84\xe1\xfc\x80\xa7\xe8C<\
\xf2\xce\x8b\x06\xd1\xa7+\xa8w|@\xf4e\xad\x0cH\
\xd8-\xd1W/'\x00\xbf$\xd1\xd7\xfd8\x9fG\x87\
\x89\xbeE\x0cB~\xf3U\xf4s\x11\x8e\xf3-\x17Q\
\xce\x92D\xb4SK,\x16\xe3\xf8q\xfb\xc4\xd2^\x18\
\x17\x07\x17\x8b\xa5K\xc7\xa2N\xd8&\x96nB\x1c\xa8\
\xec'\x96\x19Fc\x1e\x18\xc5\xf2\x87X\xbf\xc3O\x89\
\x15[\xea\x02\x19\x9c$Vb=\xa4\xc5\x9e\x8b\x8b\xf9\
\x89\xb1^<\x12\x97\xacp\x02\x98\xf22q\x99\x18\x8c\
W\xf7\xd3bg\xe7\xd9@w\x1a\xc5\xce>\xa8\x8f&\
\xdf\x10W\x5c\xa6D\xdc\x18&\xaexa\x09\x90A\x0d\
\xc5\x95& ?(\xbf]\xec\xda\x1c\xf9Y\xd1cb\
\xd7\xe7\x18\x0f!o\xc4\x95\xabv\x03\xf0\xbe'\xae^\
\xe4+\xf2D\x81\xd8-\x1ey|\xc5ob\xf7\xaaO\
q\xder\xc4\xb5W\xa1\xae\xf6\xda.\xf6\xe60\x8fT\
\xbb\xc5\xde\xb3P\xb7\xa9\xdc\xc4\xde\xa9.@k\xf9\x8a\
}\xdc\x90'\xca\x0a\x89}\x12\x90\xaf\x84\xdd\x127\xec\
\xb5\x1f\xfd= n\xf47\xea\xe9\xba\xeb\xc4\x8dO\x95\
\x05\xd2$S\xdc\xf8Q\x22\xea\xec\xc6\xe2\xa6}\x90\xe7\
\x95\xfb)\xf6\x1d\x8d\xf3\x5c\xff\xb4\xd8\xaf5\xd6\x19\xdd\
bq\x8bJ\xc8\x1f\xde|\x12\x07\x10\x9c\x97\xf1D\x1c\
 \xc0\xcf[?\x13\x07\xb4G\x1d3\xbd\xaf\xb8\xcd,\
\xd4=\xb7r\xc4mGD\x02\xc4\xfd\x14\xb7\xeb\x19\x09\
\xf4\xd1zq\xfb\xc6\x88\xaf/\x1b\x89;\xce\xc7:\xc3\
y\x8a{\x07c\xdc\x8d\xdf#\xee\xdb\x15u\x9f\xe2\x9e\
\xb8\xefR\x7f\xe4\x89ib\xdd\xc1#\xc8;\xef\x8a\x07\
\x1c\x9b\x03\xd4\xd3G\xacoX\x0d\xe3c\x80\xd8\xf0\xca\
\x19\xe8\xc2\xf6\xe2\x84\xb9\x18\x9f}\x9b\x8b\x07\xd63\xed\
\xd4,\x11'~rG\xdd\xc2\x8a\x87V\xac\x0bP\xf9\
\xb3xh{\xe4\xa3\xfb\xce\x8bGHJ\xe2\xf8y\x8b\
G\xb6}\x04\xa4K\x11\xf1\x98\xbb\x98O{\xd6\x8b\xc7\
\x1e@\x1d\xe1\x19(\x9et\x1e\xf9[\xd8z\xf1\x14v\
<\x10\xea.\x9e\xda\xe2 \xe2\xea-\xf1\xb4\x81\x18\x17\
\xb3\xa6\x8a\xe7\x1f\xc5z\x17\xff\x5c\xbc@\x84\xbaq\xd4\
O\xf1\xd2 \x9c\x0f\xae\x86x\x99\x1b\xf2\x99\x0b\xc7\xc5\
+r\xf0\xda?A\xbc\xaa\x18\xe2\xf2\xf6\x07\xe2\xd4\xcf\
\xa8\x13\x16\x9f\x13\xef(\x8a\xf1<x\xb9\xf8\xe0\x84k\
@\x9b\xbe\x16\x1f\x0bD}\xd6\xe0\x99\xf8\xd8\x19\xe4\x03\
#\x86\x89O]\xc7\xf8kqV|z\x15\xea\xfa\xe6\
\xcf\xc5g\x8f\x9c\x06\xf2b\x8f\xf8\xfc'\xd3\xfa\x87\xb3\
\xf8\xd2\xfd*\xc8\x87\xbd\xc4Wz!\x8e\xb6\xa8!\xbe\
\xf2\x19\xe7mB_\xf1\xd5\xec\xe7\x00U5\xe2k\x13\
\x10?=\x94\xe2k\x8b\xee\x03|;-\xbe>\x0b\xeb\
\xdb\xcey\xe2\x1b\x970\xfe\x86\x08\xc57ga^\xa7\
w\x16\xdfLu\x03\xe2WW|G]\x02`\xd6\xdf\
\xe2{E\xfe\x01Z\xe8\x8d\xf8\xde\x1d\xf4\xfbbU\xf1\
\xbdW\x98G\xdd*\x89\x1f\xac\xc0:^\x08\xaf\x97\x91\
\xaf\xde\xf1\x17?,\xf4\x17\x90\x87\x7f\x88\x1f-\xc7v\
\xd6\xdd\x12g\x97\x19\x0c\xe4N\x9a8\xdbc1\xf2>\
\x0fq\xb6'\xd6\x91\x12\xf7\xc5OsJ\x00\xb9\xbd@\
\xfc*{\x17\xd0\xe9\xe3\xc4\xefBJ\x01IM\x16\xbf\
\x97U\x05\xd8\xba]\xfc\xf1a! \x1d\xca\x89?W\
B\xdeW\xed\xb1\xf8\xf3X\xc4\xedqn\xe2\xcf\x0b\x90\
\xef\x95Z'\xfe)C\x7f\xef|\x11\xe7\xec\x8b\x06\xda\
c\xa0D0y'\xe6\xedM\x89\xd8\x03q\x91\xd1I\
\xc4\x13\x8a\x01l\xba.\x91o\xc0z\xebYW\x22\xbf\
^\x04\xf9\xe8W\x89\xa2\xd9F`*/\x91(\x9f#\
\xbf\xe8\xc7IX\x82\xfe\xd7|#\xe1\xb2\x5cP\x97\x19\
$E^yb\x9d\x5c-)j\xc0\xf6\x0f.\x978\
5\xde\x86\xf1\xb6^Rl\x05~_~\xbd\xa4\xc4&\
\xe4m\xafR$%\xbea\xbe\xcb\xbc$\xa5\x0bc<\
\x16\x8b\x91\x94\xfd1\x02hz\x1d\x89*\xa6\x1a\x90o\
\x83%.\x1d\xa2\x00\xaev\x93T\x8c+\x0a\x94}*\
q=}\x16u}_I\xe5\xa6j\xfc|\x9a\xa4r\
\x1f\xe4A\xee\xa1\x92\xca\xb3\x10\x8f\xd7\x7f\x97T\x0dF\
>Q\xec\x8d\xa4j\xd7a\x00n\xc3$\xd5.!\xbf\
\xea\xf4\xa7\xa4\xfa\xc3\x92@wyKjpS\xb0\x9d\
M\x12\xf7\xbe\x0f\x10\x17VI\xdc'\xa3\xee\x94N\x93\
x\x8cL\x02\xea\x16,\xf1\xa2\xd3\xb1\xae<\x95\xd4N\
\xf9\x09\xe4\xc3.\x89\xf7\x8b=\xa8\x9f\xc6K\xea<\x98\
\x8b\xf7\x05J\xea\xb2\xe1\x18\x9f\xdd$u{OE\xbe\
ZURw\xd1M \x1f\xfbK\xea\xee;\x0fp\xbb\
\x87\xa4^3\xec\x07\xcc\x97\xf84F=\xdcy\xad\xc4\
g\xd9h\xa0\x1e\x07$\x8d\x9e\xbc\xc4q\x1e!i\xec\
\x82\xb8\xe8\xb9U\xd2\xd4\xf3\x1f\xbc\x7f\xb5\xa4\xa9q\x10\
\xd6\xfba\x92f\x9b\x83\xf0s\x83\xc4/\x10qgt\
\x0fI\x8b\xb3\x91@6\xac\x96\x04\xac=\x80\xba\xf0\x9d\
$ \x15\xf3{\x91\xbb\xa4\xb5:\x09\xe0\xc2+I\xdb\
\xa8\xbe\x00\xe7\x85\x92v\xd3\xe4@\x9c&K:H\x91\
o\xf7%\x92.\xf1O\xb0\xae-\x95\xf48\xdd\x15\xc8\
\x94G\x92\xde#\x7f`\xdd\x5c \xe9\xfd\xaa\x13\xe2\xd3\
>\xc9\x009\xe6\xe1\xe3~\x12\xe3\x01\xe4i\xb7r$\
\x89\x1fp\xbc7\x97\x96$a\x1d\xa7\xf7\xd7K\x86\x95\
}\x06\xe0\xa3\x93\xfc\xe9\x84\xe3\xda\xfd\x88\xe4\xcf\x85\xe3\
\x01\xca\xce\x90$\xc7#~?\xe8/I>m\x00\xa8\
3C2j\xf24 \xddjK&\xc8\xf6a\x9d\xdf\
!\x99\xd9\x0ay\xf5\xf1\xad\x92\xb9\xa2\xda@\x98\xd2\x92\
\xc5e\x9d\x01\xd6.\x90\xac\x9f\xb1\x12\xe7\xa1\x8dd\xdb\
\xbc\xc9\xa8\xe3oJvt\xee\x040O#\xd9\xe9\x99\
\x0d\x10UN\xb2{)\xe6\xdf*\x1f\xc9\x9ev\xc8G\
c#%{\xab#\xff_4X\x926\x09\xf1(\xea\
\x92d\x1f\x8b\x9f\xffsRrF\xa9D\xbezBr\
\xb9\x1a\xea\x8b:\x19\x92\xcb\x8bQOv))\xb9\xd6\
\x0e\xf1o]\x9a\xe4\xfa!W\x80C\x06\xc9\xad\x9dm\
1\xefs$w\x06#\xef\x0a\xbf%\xb9\xbb\x1b\xeb\xed\
\x97\xfa\x92{\x17\xb0N\xfc\xdc%\xb9\xff\x14y\xf2?\
\x91\x92\x87\x93\x0f\x03\xadwR\x92\xf1\x1e\xef\x9b\xf4A\
\x92\xe9\x8b\xf5\xeb\xe7\x07IV\xe1\xf6\xc8kb%Y\
\xf7\x10\xbf\x8a\xb4\x94dwA\xdcLp\x93d\xe7 \
ov\x9f y\xe6\x89q\x903D\xf2,\x15q5\
\xb5\xa1\xe4E9\xd3\xfan_\xc9\x8b\xe5\xa8gV\x0d\
\x95\xbcvF\x1e\xb2.A\xf2z\xdd]\xe4\xd9\x83$\
o\x97a\x1c\xc4\x1d\x96\xbc}\x8c\xfe\xff\x11 \xf9\x1c\
3\x14`F\xb4\xe4\x8b\xbc\x03\x90\x07\xe5%_^\xf5\
\xc1zVK\xf2#\xb8\x0e\x8e\xdb1\xc9\x8fq\x18\x1f\
qJ\xc9\x8f\xf5M\x80\xbe\x99$\x05\x95\x0f\xc0\xea\x0b\
R24\x15\xeb\xf9()\x1d\x838t\xe3\x83\x94\xbe\
[\x8c\xbc@*\x15\xa4\xfd\x05Pi\xa2T4\x0d\xeb\
G\xbfaR\xc9\x9f\xa8\xef\xa7?\x95J\x1e\x88\x81\xd4\
\x0d\x90Jkb\x9c\xcb=\xa5\xf2\x99\x88G\x9d\x87H\
\xe5\x7f\xcf\x07\xd2x\xbc\xb4\x90/\xf2\x83/\x0a\xa9S\
\x08\xe2\xf9\x8c\xce\xd2b\x9b1\xbf;m\x95\x96\xfc\x86\
q\x19\xd8AZ\xaa})\xa0^\x85\xa4\xa5\xa6\xa2\x1e\
\x96\xcc\x92\x966\x22\xbf\xde1QZ\xbe}&\x90\xdd\
}\xa4\xe5_\xe08?\x8c\x94\xaaB\xbaa\x9e\xee\x92\
\xba_\x10\x02#\x1c/\xad\xbd/\x0a\x182TZ;\
s >\x9f-\xf5\xae\x84q\xe72Y\xea]\xff\x11\
\xea\xbf\xbeR\xef.\xe8\xbf\xb0\x9f\xb4\xce\xf4=x\x9f\
L\xda\xa0f\x02\xd02\xe3\xa5\x0d\xde\x1eB\x9e\xf2J\
\xea\xf3\x0d\xe3p\xe2\x0diC\xd3\xfa^\xdf\xcb\xd2\xa6\
\xbd\xbb\x00\x95]\x91\xfan\x5c\x83\xf6OI\xfd\x88i\
<+J\xfd\xbe\xbd\x07:\xb6\x89\xb4y\xaf:\xd8\xbf\
\x04i\xcb\xa7\xf8y\xe9E\xd2V\x5c\x220\x8aLi\
\xab\xc7M\x00\xa6\xbd\x97\x06\xb2\x88\xbf\x95GJC\xbf\
\xe0\xfc\xe4\x8c\x91v\xba\x83\xed\x94n(\xedZ\xbe\x12\
\x90\xadm\xa5}\xb2{a\xbc\xd5\x92\x86\xcd\xc2\xfaP\
f\x894r\xf3 `\x04\xb7\xa5\xd1-1\xee\x8d\xfd\
\xa4:'\xac\xf7K\xfd\xa4\xba+\xd1\x98\x17\x7fK\xe3\
g\xc6\x00\x5c\xca\x92\x1a\xeb\xb5\x06h7H\x9aP\x01\
\xf9\xdf\x83K\xd2\xa4\x10\xcc\xcbB\xe7\xa5\xa3\x86`\xde\
\x8c\xfd&\x9dT\x13\xeb\xaa\xf0\xb5t\x92\xf12\xd6\xdf\
s\xd2\xc9\xfd1\xaf\x17\x5c\x95N\xde\x81\xed\xee\xde)\
\x9d\xf1\x10\xf9@H\xa2tV\xdb*@?\xac\x91\xfe\
U\x03\xf3{\x8d\x93tv\xd4q \x11\xbb\xa5\xf3\xe7\
\x99\xd6\x01\x86J\x17\x5cD\x9eVs\x9et\xe5\x1e\xe4\
o\x91K\xa5kc\xee\x01\xc9|#];\x01\xdbs\
}\x22\xdd8\xfc\x14\x90\xc8\xf3\xd2\xdd\x11\xc8Cf\xd4\
\x97\x1e\x95#\xffl\xc4J\x8f\xb6\xc3z\x13[Wz\
l3\xd6\xfb9\xe1\xd2\x93\x13\xd1\xaf\x1f\xdd\xa5gu\
\xf7\x81\xce\xae#=\xfbz\x22\xc05\x99\xf4\x5c\x9b\xe5\
\x00\xfd\x8fJ\xcf\xcfD\x5c\x8f_,\xbdP\x9b\x03\x1a\
$\x92^d\x87\xa2\x8eK\x94^\xd5\xa1_aK\xa4\
W\xc7\xa1.i\x9d)\xbd:\x1d\xeb\xf9\x11w\xe9\xd5\
%\x15\x816\xc9\x91^\xeb\x91\x8d\xf1VEz-\x02\
\x9f\xeb^Rz\xb3\x9cI\x1fDH\xef\x94G\xfc\xba\
;]z\x7fh# \xef\x07J\xef\x9fz\x08T[\
O\x9a\xd9\x0d\xebw\xf1K\xd2\xec\xa5h\xe7\xc2fi\
\xf6>\x05\xd0+\x12\xe9S_\xe4\x8dCR\xa4O'\
b\x1d\xff1L\xfaRQ\x13\xf5\xcei\xe9\xeb\x9a\x88\
+UwI\xdf(\x07\x22?\xb8-}\xaf\x96 \xee\
\xbbH\xdf\x9f\xda\x8e\xba?E\xfa\xa1\xd2\x5c\x80\xe3M\
\xa5\x1fni\x00Z\xf7\x91~\xf6B}\xb4\xe5\xa1\xf4\
s_\xc4\xe5b\xdf\xa5\x9f\xb7\xb4B\xff#\xa5_.\
\xa0>*\xe6\x85W\x1c\x8fNB\xe9W\x16\xeb\x1c\x97\
-\xfd\xba\x19uu\xe7v\xd2\x1f3.\x00\x89^,\
\xe3\xf3m]\xaa\x0cB\xa6\x01\x0d\xbd,\x83\x937\x01\
\xe4Ud\x82W]\x01\xf6:\xc9\x84\xcd\x90w\xae\x5c\
%\x139!\xef\xb9z^&\xaa;\x14\xeb`'\x99\
h\xe1\x19\xd4a\xcde\xa2eXo\x9aw\x97\x89\x1f\
6\xc3q:$\x93\x1e\xc0\xfa}\x9c\xca\xe4\x85q\xfe\
\x07\xcc\x91\xc9\xd5\xfd\x006T\x96\xc9\xdf`\xbcN\xbb\
%S\x94?\x8fu\xc4 S\x8c\xc0\xf1\xf3\x19%S\
<D~\x1c\x93&S\x8eD\x1e\x7fl\x98\x8c{\x17\
\x81q\xfeRV\xec\x95\x06u\xb7^V<\xd4\x0d\x18\
\x97\xbd\xb2\xd2\xed1/\x0b\xd5\x92\x95~\x85\xf5\xff\xc8\
uY\xd9\x0b8>q12\xe7\xce\xa8\xaf\xfa\xf8\xca\
\x9co\xd4@~uGV~\xda\x0c \x93_\xc9*\
\xc0+\xb4\xb7_V\xf1\xa3\x1eu\xce=Y\xa5\x0b\xc8\
\xd3n\xbd\x92Un\x8b\xf8\xd7\xe7\x86\xac\xf2\xc1k\xc8\
+\xb5\xb2j\xa5\x9a\x01Qm\x97U\x7f\x10\x06t\xea\
`\x99\xbb'\xd6M\xed%YM\xf16\x8c\xd3\xb7\xb2\
\x9a\x9a\xa5@\x96RY\xcd\x7f\x10\x9f\xb55d\xb5\x86\
t\xc3\xf9\xdb#\xab\xf5\x1d\xf3\xed\x8aZ\xe6=?\x19\
\xe8\xbb\x0c\x99\xf7;\xc4\x9b\xe3\x93du<\xcb\x01\x1d\
~TV\xef\x0d\xe2\xcbNoY\x83;\x88K\xdb\x96\
\xc8\x1a^\xc5\xbc\xfe\xd6S\xd6\xb4i\x0e\xf2\xb3x\x99\
o\xa3\x0f@\x1e\x9d\x945?\x80\xba&\xfe\x99,\xa0\
\x22\xe2m?N\xd6\xaa\x14\xfa+\xdf/\x0b\x5cp\x1d\
\xf5!#k\xed5\x1b\x08;^\xd6Z?\x05h$\
\x95\xb5\xed\xb1\x03\xe8n\x83\xac\xed0\xe4\xc3z\x0fY\
\x08\x83\xf5=~\xbd,\xa4&\xd6\x99\xa3-e\xed\xaa\
{\xa1\xce\xbd*\xeb\xb2\x0c\xfb\xb3\x22S\xd6\xab\xca=\
\xa0\xce\x8fda\xd3\x90\xd74\xec%\x0b\xf7\xbd\x030\
r\x96\xccP\x04\xf5Z\xe3\xe2\xb2\xc4\xafm1\xff\xfd\
e\x83*\xa3>\xfcK/\x1bb\xc4<,\xd7H6\
\xa2m\x05\xb4\xd3T6o\x03\xf2\xfa\xea\x03e\x8bN\
\x9a\xea\xe6\x0d\xd9\x92H\xe4\xe5'\xab\xcaV\x0cm\x87\
\xe3Me\xab\xa6\xa0\xbe\xf0\xe8([W\xad\x0b\x10\xc5\
d\xd9\xba:\x18\x0f\xdbn\xc8\xd6wO\x07h\x15\x22\
\xfb'\xbc\x05\xd0\x8d\xd3d\x9bo\x7fF\x9e\x9e&\xdb\
Zg3\xd0\x09+e[w\x9d\x05\xaa\xd9&\xdb\xd1\
\x0f\xf1\xbc^\x8el\xe7X\xe4\x9f\x0d\xa6\xc9\xf6N2\
\x02T\xa8';4`/\xd0\xd5\x1fd'\x94\xc8\xd7\
\xfe\x99-;Q\xda\x00t@\x09\xd9\x89\xdbXg\xdb\
\x5c\x94\x9d\x11\x1c\x05\xaao);_\x05\xeb\xfb\xa0d\
\xd9\xe5\xa9\xaf\x81._ \xbb\xb2w\x13\xd6\xbb{\xb2\
\xabA\xa87\xcb\xc9d\xd7*.\x02\xe2\xb2Kv\xed\
\xf5T\xc4\xe7\xb9\xb2\x9b\xf1\xae@k\x88ew\x94\xed\
\x804\xd2\xc9\xeex\xdc\xc5\xf8\xfa!\xbb\xdb\x10\xc7\xeb\
\xd9r\xd9]}Y\xa0]{\xca\xee\xbe\xf9\x0a\xf4\xfa\
7\xd9\xbd5\xc9\xc0\xb8\xd6\x96\xdd\xdf\x84\xfad\xadP\
\xf6\xe0\xdc\x12\x80\x8en\xb2\x07oq^\xd7\x1e\x96=\
\xde:\x19@SM\x96\xde\x04\xfb\xd1j\x8e,\xbb\xd7\
  Ej\xca\x9e.G\x1d\xbet\x8b\xec\x85\x0b\xc6\
\xc7\x8aR\xb2\x17\xfb\xb0\xfd\xe57do\x86\x8cB\xdd\
QX\xf6\xb6\xdb\x22\xa0Srd_k6\x06\xba\xc4\
C\xf6m\x81\x00 \xd9]\xf6c\x1d\xea\xeazi\xb2\
\x1fW\xb0\x0e\xebv\xc9\xe11\xea\xb61w\xe5\xcc\xb1\
\xad\x88w\x8b\xe5\xc2 \xf4/\xb1\x89\x5c\xf8=\x13q\
9@.\xd5!~ns\x92\xcbG?\x00*\xae#\
\xe7V`}\xbe\xc5\xc8\x8b\x84\x98\xf4[=y\xd1\xd0\
\xf7\xc0p\x1e\xf2\x92N\xa5p\xbe\x96\xcaK>F\x5c\
<\x19)/\x9d\x8e\xfc\xe0\x9aT\xee\xdc\x07yoD\
]y9g\x8c\xdf\x93\x17\xe5\xe5\xdf \x0f\xac\xa1\x94\
\xabz\x1fA]\xb3E^!\x14\xf5\xd9'/\xb9\x0b\
[\x06\x98jc\xe5\x15\xd7\x22\x1f\x08|#\xf7\xea=\
\x0a\xf5\xd0A\xb9\xd7_X7\x9c\xa7\xcb\xbd\x9e#\xae\
\x16\xaf$\xaf\x9d\x88u_\xbe\x5c^;u5\xd05\
c\xe5\xde\x9e\x1f\xb0\xff=\xe5\xdeC\xe6!\x8f}$\
\xafs\xb7*~~A^\xb71\xe6\x95\x93R^\xbf\
\xcfg \xcf\x1b\xc9\x1b\x1cM\x00r\xa5\x97\xdc\xa7\xf4\
* WG\xcb}\xd6\xc4\xe1\xfbW\xf2F.\xce\xc0\
\xb0W\xe4\x8d\xe2p\xfc\xd6~\x947\x16&`}\xf8\
(oV\xd4\x1fyP\x03y\xf38\xe4\x99s\x07\xca\
[\xa6\xa5\x00S\xe3\x88<p\x81\xe9\xfc\xc7\x11y\x9b\
 \xcc\xbf\xf1/\xe5m\xfa\xa5\xa0~S\xc8CV\xe1\
x>\x9c(o\x17\x8b<\xfa\xe9Cy\xfb\xcd\x89\x00\
\xa7\x8f\xc8\xdb_\xdd\x05dx\x05y/\xd4-p\xf1\
\x8c\x5cS\x0ey\xc0|\x22\x8f\xea\x8f\xe3;\xd4]\x1e\
w\x1b\xf5\xcb\x90\x0b\xf2\x01S\xb1\xce\x88\xef\xc9\x0d\xc3\
p\x1e\x12\xb7\xc9\x07\x1d\xba\x08\xc4w\xaa<i\x89\x09\
\x87+\xc8\x07\x9fG\x1e\x97TH\x9e\xdc3\x0c\xf3\xba\
\xbc|L\x0d\xac\x0buJ\xc9g|n\x00Pk\xaa\
|\x96\x1c\xeb\x80z\x9e|\xe1N\xcc\xa3\xf3\x8b\xe5\xcb\
\xd6#\x9f)\xf2L\xbe<&\x1bu]\x17\xf9\xea\x93\
\xa5\x90\xff-\x91\xaf\xcdP\x03\xa9\xdfK\xbe\x0e\xcb.\
-\xac\x95ok\x86q\xb4\xc6_\xbe\xe3\x0d\xe2U\xed\
\x99\xf2\xb4\xd6\xb5P\x7f\x82\xfc\xa0\xd3\x0b\x80.]\xe5\
\x87\x9b\xd6\x022\x14\xe4\xc7<\x11\xcf\x97F\xc9\x8f\xcb\
\x91\x17\xffx#?\x1d\xbe\x02 I)?C1\xdf\
\x0f\x1d\x91\x9f?,\x05\xe2\xff^~\xfeB_\xa0\xb7\
#\xe5\x97\x96\xc5\x00i\xd7@~\xe99\xce\xc38\xb1\
\xfcr\x0a\xe2\xd2\xd6x\xf9\x95\xcfX\xa7\xb7\x9c\x90_\
\xef\x13\x888\x16-\xbf\xd1\x17\xf9\xe7\xe0\x14\xf9\x8d\xc9\
o\x01\xbe\x16\x93\xdfX[\x17\xe8\x8fz\xf2\x9b\xa3\xea\
\x01}\xddL~\xab\x12\xbe\xbf|Q~\xf7\x00\xe2U\
\xce#\xf9\xbd\xc3\xc8o:&\xc9\x1f4\x1c\x06t\xd4\
\x1a\xf9\xc3\xe1%\xf0\xfd^\xf9\xa3\x03\x88oo\x89\xfc\
q\xad\x10`\x8a\xae\x97?\xde\x87<\xb6\x9eV\xfed\
\xc8~\xd4\x03'\xe5O\xd2p\xbc\x5cw\xc8\x9f\xbcA\
\xbe\xbd\xe1\x86<\xfd\xc2\x0d 3\x5c\xe5\xe9\x97\x90\xbf\
^,&O\x7f\x8dxY%Y\x9e\xd96\x0c \xd3\
M\xfe\xd4\x13\xf1\xe4\xef\x8b\xf2\x97\x1e\xa8'D\x87\xe5\
\xef\xc2Z\xa1\xfe<\x22\x7f\xbfm?\xc0\x99s\xf2\xf7\
\xc7\x11'&v\x96\x7f\xf0\xfc\x09\xf0\xa4\xba\xfc\xd3\xa8\
( mV\xca?-\xfd\x08\xe4\xe6%\xf9\xa7\x1b\x0b\
Qo\x0b\xe5_\xfd\x1b\x01\x1d\xf8X\xfe\xbd\xd0;\xa0\
\xf0F\xfe\xbdt}\xe4AE\xe5?Gb\xfd\xd8#\
Q\xd0w'\x11\x0fN+\x98\x1e\xd5\x016VT\x88\
\xca#.\xf5\xfbS!\x9f\xa6F\xde\xf5\xb7B~\x0e\
\xf5\xd4|\x0f\x85\x22\x04\xf5\xc7\xbd\xfe\x0anTM`\
$\xfe\x8a\x22/\x1eb]\xc9Q\x14\x1f\x80\xbacY\
\x90\xa2\xf8T\xf4\xe3\xbe\x87\xa2\x84,\x15\xeb\xd6:E\
\xc9%\x1d\x80q\xba\xaa(\xf3\x07\xf2\x86\x14gE\x99\
\x1f\x89@F\x0fS\x94\xd7!\xaex-V\x94\xcfA\
^0g\xabB\xf5\x18\xc7\xc5]\xac\xa8\x18\x868\xd0\
:D\xe1:a#\x90\xf3o\x14\xae\x9bQ\xef\xb5g\
\x15U\xa7_\xc6\xf6/)\xaa\xa5^\x00\x1a\xdd^Q\
\xed\x22\xf2\xff\x9bS\x14\xd5\x05\x22`\x8aWWx\xa4\
!_,\xdfC\xe1y@\x06t^]E\xad*O\
\x80\x5c/\xa3\xa8\x83:\x8c)\x1a\xa5\xa8\xbb\xe58^\
?)\x1az\xe28\x0e\x8eW4*\x85u\xb8SQ\
E\xa32X\x07Bo+\x1a]\xc4y\xf3\x0eP4\
.\x8f\xbc\xebR\x11\x85?\x87\xbc\xecl;E\x8bP\
\xcc\xcf\x98\xd6\x8a\x80I\x97\x80<]\xa8hC\xde`\
\xfb\xf3\x15A\xaf\xaa\x00L\xe9\xaf\x08\x0e^\x80z\xfa\
\x87\x22\xb8\x0f\xe2\x7f\xe5 E\xf7V\x88k\x8d\xf6+\
z\x94s\xc1\xfa\x93\xad\xe8\xf9\x05uf\xb9\x16\x8a\x88\
\xfa\x98O\xae\xc3\x15\x11\xc3Pg\x16\xfd\xa2\x88\xec4\
\x17\xe8\xd9\x91\x8a\xfe!X\xaf\xe2\x9d\x14\xf1\x22\xcc\xa7\
\x9e\x07\x14\x86Y\xc18\x1e\x9e\x0a\xe3K?`T\xa3\
\x15\x03o)\x81\x96\x9f\xa2\x18\xdce;\xd0UM\x15\
\x83\xef\xe2\xf7\xd3\xce)&fWC\x1e\x1c\xa6\x98r\
\xd4\x0f\xe0\x80P1}8\xf2a\xe3X\xc5\x8c\x06\xeb\
\x81\xbe\x1c\xa9\x98u\x1a\xf35d\xb4bn9\xe45\
\x97N*\xe6\xbf\xc6\xba\xb9\xe2\x85bYC\xc4-o\
w\xc5\x8a3\x0a\x00\x97J\x8a\x14\x828rb\xaf\x22\
\xa5\xd11\xa0~\x83\x14\x1b6c>\xde\xbe\xa2\xd8^\
\xb8*\xe20Ul\x0f\xc28\xffxR\xb1\xcf\x05\xf5\
\xea\xc7a\x8aC\xba\x14\xe4\x7f\xcf\x14\x87\x05\x88\xcf\xa3\
\xfc\x15'\x97\xe28\x8e\xbb\xaf8y\x01\xf9\xe7\xe7\xd5\
\x8a\xb3\xc3\x0b\x03\xfdZKq\xee\x04\xc6\xe5\x12P\x5c\
\xfc\xb3\x22\xe2\xfdw\xc5\xd5\x91\x7f\xa2\xee\xee\xac\xb8\xb6\
\x04\xe3\xf6\x9bPqc/\xf2\xcf\x89i\x8a\x9b\xb7\x8b\
\x03\xe9QQqkyw \x9b\xc6+no\x0f\xc5\
\xba\xd7Dq\xff\x02\xea\xa2OS\x14\x0f\xfc\xbb\x02S\
\xfa\x83\xe2\xd1u\xe4[\xaa\xb2\x8a\xc7?Qw\xb6*\
\xaaH_\x84\xba3`\x9b\x22C\x9c\x06\xe0_R\x91\
\x95\x8c\xf5.\xc5]\x91=\xf43\xd6\xc3q\x8ag\x8d\
k\x01m\x5cC\xf1\xec\x1f\xac\xcf\x95G*^{!\
O<\xe9\xabxW\xdc\x0b\xa8\xfc\x8c\xe2\xdd\x16\xd4\xe5\
O\xb4\x8a\xcf\x80x'\xf1P|\xee\xe4\x04\xf4\xdaS\
\xc5\x17\xc3t\xe4s\xfe\x8a/g\xd2\x80\xbe\x1f\xa9\xf8\
f|\x84\xf6\x8e+\xbe]\x00\xd4\xe9\xaf\x94\xf0X\x02\
\xb4\xedh%\x99\x8dq\xea\xd5SI\xcf?@\xbb\xd3\
\x95B\xa8\x8a<\xf3\xaaR\xd8\x1b\xf5AJ\xa2R\x12\
\x86:\xb0R[\xa5\xa2-\xea\x90\xddT\xc9nF\x1e\
\xd7\xf8\x89\x92}\xb0\x11y\x86\xbb\xb2h\xb3\x1e@\xfb\
\xacR\x16\xdb\x8c\xcf\xb9+\x94\xc5W\x8b\x01^\xd7V\
\x16?X\x11\xe3|\xaa\xb2d\x80i\xbd\xb0\x8a\xb2T\
s\x8c\x979\xad\x95\xa5\x86~A^\xf4]Y\xda\x09\
\xe7\xbfdie\x99f\xa8\x0b\x92\xde+\xcb\xb4G\xde\
\x13\xb1X\xe9,\xc7\xfa[7X\xe9\x5c\xf3\x00\xe6W\
9\xa5s\xf7\xc9\xc0PV\xe9\x1a4\x15\xed,UV\
\xce\xa9\x0cdA\x7fe\xd5\xe1W\x81\xaab\x95U\xdf\
d\x01\xdd\xee\xa5t3 n\xb5=\xa4\xf4\xa8\xb0\x1f\
\xc7\xb3\xbd\xd2\xeb$\xea\xc77\xab\x94\xb5:\xaf\x05\xf8\
\x1c\xac\xac\xdd\xe4\x1b~\x9f\xa3\xf4~\x8b<\xf9B'\
e\xddM\x18\xb7\x89\xb7\x95\xf5k\xbf\x01\xc8x\xa2\xac\
\xdf\x04\xe3`\xfd>e}\xdf\xb6@S\x9b(\x1b\x0c\
\xc0\xfaSg\xba\xb2a\xf7\x01\x00\x82\x1d\xca\xc6\x093\
\x80~\xf1W6\x09D\xbfj\xdcP6\xd9\x8b<\xa2\
\xa7\xb3\xb2\xe9v\xd4k\x7f\xd6P6?\x84x\xe2t\
M\xd9\x0ay\x1dS\xa6\x9f2\x90\xab\x00\xf4Uke\
\xe09\x1d\xc0\x96\x87\xca6i\xcfQO\xd5W\x06\xcd\
@=\x1b\xdcL\xd9\xb1\xdf\x15\xaco\x01\xca\xaeo+\
\xa3\xeeb\x94=\xa2\xce\xa2>\x7f\xa7\xecy\x13\xeb@\
\x87\x97\xca>\xddP\xbf7\xfe\xa8\x0c\xab\x87\xb8\xd7P\
\xaa\x0c\xdb\x82\x9f\x0fsSF\xce\x17\x01i\xba@\x19\
]\x18\xe3b\xe5l\xa5\xf6\x06\xd6\xfd\xda'\x94\x03\xc0\
\xc4W\xaf+\x0d%\xdc\x01\xea\xcfP\x1a2\xaa\x00S\
\xd6\xa04&\xbc\x03\xc69V\x99x\xc5t\x9eC\xae\
\x1cT\xf2-\xd0\x80\xab\xca\xe4\xa8K@\x8ftU\x8e\
L\xc7\xcf'TT\x8ez\x82:\xb0\x97\xbfrl\xe8\
A\xa0m\xdc\x95\xe3M\xfal|]\xbc\xd6\x03\x98Y\
X9\xad\x0b\xd6\xabC7\x95\x7f58\x0ft\xe4,\
\xe5\x1c)\xea\xca\xafD9\xe7D1\xa0\x86\xbe\xca\x15\
5\xb1\xde\x95\xbf\xa7\x5c\xb5\x0au\xc4\x923\xca5\x8f\
\x84\xc8\x93\x0c\xca\x7f6U\x06\x9a\xf6A\x99z\x0b?\
\x7f\xd0@\xb9\xa5\xda\x0f\x8c\xcbO\xcamOO\x02L\
\x9a\xae\xdc\xdd\xf5\x13@\xa9\xb9\xca=\xebP/T\xdc\
\xad\xdcw\xd7\x05\x98\xc2\xbd\x95\xfb\xbe\xa1\x8e\xda5_\
yP\x8c\xfaf\xa7\xab\xf2\xd0\xd3\x06@\xfboQ\x1e\
\xbez\x17\xc8\xe1\x1e\xca\xc39r\x1c\x8f\xc1\xca\xa3}\
{\xa2\xbe\xaf\xa2<\xa5D~\x94\x96\xa6<=\x13\xfb\
\x1f\xbcJy\xbe\x1d\xd6\xb7\xd1\xe7\x95\x17\x9e\xa2~\xf1\
{\xa8\xbc\xf8\xfd3\xf2L\x95\xf2Rm\x05\x90\xde5\
\x94\x97\x86?\xc5\xfa\xb9Jyi\xd4E\x8c\xb7\x0f\xca\
kC\xb0\x1f\xab\xde+o>\xaa\x06\xe4\xec\x18\xe5\xed\
d\xd435\x16+\xef\x94\xc2z]$Gy\xff\xd2\
w\xcc\xb7\xf2\xca\x87\xa9M\xb0\xbeTP>\xea\x838\
[Q\xa3L\x1f\x81|\x95\x1b\xa8\xcc\xe8b\xaa\xaf\xf7\
\x94\xd9\x82&@\xdej\x95\xd9\xd3\xb1\x9e\xc4J\x94\xcf\
\xbc\xb3\x80\x08\xab+\x9f\xab\x0a\x03\xec\xef\xae|\xa9\xc6\
~\xd0\xb5\xca\xd7\xef\x1a\x01\xbc\xdb\xa2|\xcf\xe9\x81\x04\
G*\xdf\x97\x9e\x05\xd0u\xb7\xf2\xcb'\xe4\xf5\x92Q\
\xca\xef\x1d\xce\x00\x91LU\xfep.\x8e\xfc\xa0\xb0\xf2\
g\x02\xe2Z\x93U\xca\x9cO\x1d\x90g7aa\x00\
\xea\xf2\x86kX\xd2\x07\xc7Q\xf5\x88\x15:c?\xfa\
\x17f\x85\xad\x90\xafV\x98\xc5\x0a\x1f`\x9c\x9f\x9c\xcf\
*\xd7#O\xee;\x8a\xe5\x9a!\xben\x91\xb1\xdcO\
\xc4\xe7\xa0\x8ela\x0e\xf9|\xb5(\xb6Hk\xf4'\
&\x96-\x92\x82:l\xd4.\xb6\xd8'\xd4\xb3OV\
\xb2e+l\x00R\xaa\x16[\xee\x99\x18\xe7o1[\
\xfe\x1c\xe2k\xca\x1a\xb6\xc28\xe4\xa3k\x9e\xb0.\xc3\
\x83\x00\x9a^c+I\xe6\x00\xdd\xbb\x94\xad\xd4\x01q\
\xfaT\x10\xebZ\x08y\xe1\xabW\xac\xeb`\xe4k\xa3\
\xf7\xb0\xd5\xae!\x0e:\x0d`k\xa0\x1ce*\xabX\
\xafx\xac\xc7\x87\xfef\xeb\xa4\xa1\xbf\xb1\x15\xd8\x06u\
\x9aa\x1d\x1f\xcb6\x98`\xd2%_\xd9F\xf3\xdb!\
p\x0fc\xfd\xae`\x9dJX\xc2\xfaOi\x0f\xb4\xc3\
Q6\xc0\xa3\x17\x90U\xeel@\xdaN\xa0O|\xd9\
V\x82:\x00\xfd%l\xe0)\xac\xbf\xad\x1e\xb0m\xc2\
Ob\xfe\x85\xb0m6v\xc2:\xd3\x98\xedP\x12\xf9\
\xda\xedl\xb6\xe3!\x8c\xf7\x1d}\xd9\xae~\xce\xc8\x83\
W\xb3\xdd\xa6\xa3n\xbf\xd6\x93\xed>\x0cq\xe1b]\
\xb6G\xf2{ \xa1\x1d\xd9^\xb1\x98?w\xae\xb3\xea\
Y=\x01\xaa7e\xe3<\x11?D\xd5XC\x0b\xac\
WwbXC\x86\xe9\xdcR\x14\x9bP\x0f\xf1\xb0\xe5\
Tv\xf0\xd4\x0d\x00M\xce\xb3CzS\xd4\x17q\xec\
\xb0a\x98O=\xde\xb2\xc9u3\x00\x94u\xd9\x11C\
\xa7\xe1\xf3\x7f\xb3#n\x08P\x0f\xb4f\xc7\xec\xc3\xfe\
\x1c)\xce\x8e\xb9\xd2\x19\x18\xe8\xc2\x8e\xed\x8b\xf32c\
9;\xf1dK\x8c\xff[\xect\x0f\xc4\xff\xd9>\xec\
\x8c\xda\x883g\x1a\xb2s\xa2\xe2\x00d\x97\xd9\xb9$\
\x07\xc8:/v\xde\x10\xe4\xa5\xa7\xc6\xb3+\x02\xfb\xa2\
\xffG\xd8\x15\xa98/\x15v\xb0\xab\xd2\x9d\x10/\x5c\
\xd8\xd4\xe6\x9e@2[\xb2\x1b\xdc\x97#\xef\xda\xcfn\
\xd9\x89u\xba\xe1Cv\xfb$\x8c\xaf.\x9f\xd9\x9d\xd5\
p^\x93\x1b\xb3{\xba\xe0Dd~`\xf7ij\x01\
S\xe2\x13{\xcc\x03\xf1z\xbd\x9e=\xdd{\x08\x90w\
\xd3\xd83Ak\xd1\xceR\xf6\xc2Z\xccW7`/\
\xf73\xedc]`/\x0fx\x01d\xca\x9f\xec\x8dA\
\xef\xb0\xfe\xaebo\xf7\xc3|\xbf\xb2\x90\xbd\xbd\x11\xeb\
\xd9\x85\xca\xec\xedMz\x80\x139\xec\xbd\x9f\xc8\x8b:\
\xa4\xb0\xf7\x9bE\xe3\xf8{\xb0\xf7\xdb/\x01r\xf4%\
\xfb \x1eu\xd8\xe5\xc5\xec\x83\x01\xa8?._e\x1f\
\xaa\x90\xaf\x5c\x8bb\x1fV\xc4\xfazm\x06\xfb\xb0]\
\x00\xea\xfd#\xec\xa3e\xfd\x90\xff\x9de\x1f\xbd\xf3F\
~8\x87}\x1c\x8e\xbaq\xc1:\xf6I\xc5\x15\xa8g\
^\xb1O\xfa\x16B\xbc\xde\xc6>y\x8f\xf8\x9b\xbd\x80\
Mo\x82\xd7\x97K\xd8L\xf6\x1a\xe6\xd3\x186\xbb=\
\xe6\x1b*\x90l#~\xfe6\x92\xcdN\xb9\x07P1\
\x9a}\xba\x13u\xfe\x93w\xec3\x17_ \xd2\x9b\xec\
\xb3\xbe8.\xc3\xfb\xe3\x15\xfb\xb5`#\xfbl\xfd\x15\
 \xc5\xaf\xb3\xcf\x1e\xe0\xf3E\xd7\xb0\xcf\x01\xebV\x89\
\xf6\xecs\xcc\x13\xb2\xb8'\xfbj\xd9\x1f\x88w\x13\xd9\
7/\x9b\x02Yr\x9e}7\x15\xf9\xd4\xb2\xd3\xec\xfb\
0\xc4\xe7\x8d\x89\xec\xfbe\xc3Q\xd7\xc5\xb3\x1fjc\
=Z\xdb\x9a\xfdp\x05\xebd\x89\xad\xec'C\x1f\xe4\
\x95\xe3\xd9O\x8b\xd7\xa0\xae-\xcc~\xba0\x16\xf3j\
\x01\xfb\xe9\xd2N \xa5Y\xf6s\x11|\xfe\xa0\x92\xfd\
\xfc\xae(\xf2w%\xfbu1\x01\xa2+\xc9~\xdd\x8c\
:\xf9\xa8\x13\xfb\xf5Ng\xe4_\x0a\xf6{\xe7\x22\x18\
\xef}\xd8\xef\x8b\x90W\xbbL`\x7f\xf4\x8d\x05\xe2\xaa\
c\x7f$a\xfe\xcf\xf4e\x7f\xa4\x16\x02*\x1d\xc6\xfe\
\xd8\x8fz\xf0x\x08\x9b\xd3\x17y\xea\x8dS\x1c0\xe9\
X\xaf\xfe\xe6`%\xc6\xe1\xec)\x1c\xbc\xd8\x8b|r\
\x0cG<\x91\x07\x5c\xdf\xc4\x91\x19\xbe\x00k\xfbqd\
9^\xfff9r\xb0\x19\xea\xd1S\x1cy\x87~g\
\xbd\xe0\xa8/\xfa\x9b}\x81\xa3\xf11@{\x1d\xe1\xe8\
\x19\xe4A\xcd\x96s\x02\xe4\x13\xf0\xdc\x83\x13\xac8\x8a\
\xfc\x7f\x03'x\x8f\xfd\xffY\x8f\x13\xa6c\xbd\xfbG\
\xce\x89*\xaa\x80:\x05q\xa2\xb6\xc3\x11\x7f('\xae\
y\x0b\xc7/\x8c\x137B\xdc\xa9|\x9c\x13\xf7\x0d\x07\
\xe2V\x8f\x13\xc7\x9e\xc0\xebBN\xbc\xa1\x10\xf2\x87@\
N\xbcq0\xe2\xectNz\x00\xe3\xe7X'N\xfa\
\x00\xfdl\xa0\xe6d\xfe\x98\x17.a\x9clW0\xd6\
\x97 N\xf6\x10us\xe3\x1d\x9c<\xb5:\x90\x9aG\
8\xf9&\xbcz\xe6p\x0a\x06\xf9W\xe3\xde\x9c\xb2E\
y\xac\x8b\x9f9\xe5\x90\xf3\x00%8N9o\x13\xc0\
bgN9\x1f\xfdS\xc4q\xca/x\xff\xdf38\
vL<\x02Sa\x8e\xdd\xde\x19\xe8\x88\x1f\x1c{\x1a\
\xf3\xa9Ds\x8e\xd3!\x9eG(\xb9B\xbe\xc8s\x22\
t\x5c!?O\xa0\x9a6\x5ca\xd5,\xac\x1f\xcf\xb9\
\x22\x1d0\x8e\x02~pE\xa6\xb4\x02:\xb5=W\xb4\
\xf0x \xdd2\xb8\xa2}Q\xb7\xf4Y\xc1\x15\x9d\xb6\
\x04h\xcd\xb1\x9c\x93'\xc6\x93z9\xe7\xa4G\x9c\xe9\
[\x8csJA^\x11/\xe7\x9c^}C|3r\
%\xe2\xb1\xbfQ\xc1\x5c\xc9\xd7\x88\x8b\xdf\xafs\xa5 \
\x0a\xdf\xef\xe2J\xfd\xd9\x0du\x9b\x8c+\x95\x8auh\
\xceN\xae\xcc\xf1\x11\x00e^pe]\x91\x97\xaeX\
\xc4\x95\xdd\x88v\xa2U\x5c\xd9\x0b\xf8|\xf4c\xae\xec\
\xe5Q@\xb5\x12\xce\xf9\xcd]\x00\xdf\x8b\x5c9_\xe4\
omns\xe5\xe2\xb0^\xb7Y\xcb\x95\x8b_\x04\xd4\
\xad\x04W>\x06\xf1\xf4\xe6'\xae\xfc\x02\xe4}\x8d\xbf\
r\xaa*\xa8c\x1f>\xe0T\xfb6 \x1e\x9c\xe2T\
\x87\x87!_\xb8\x8f\xd7\xd1\xc8\x17{q\x15\xfcZ\x03\
\xed\xd4\x91\xab\xe0\xef\x0d\xb4\xf3\x0b\xce\xa5[7 \xeb\
kp.F\xe47\xf1C9\x97\x15}P_\xb5\xe3\
*\x12l\xaf\x83\x8e\xab\xd8{\x1c^\xe7r\x15'\xa2\
~*w\x86\xab\xb8\x18\xc7\xa7\xdf\x0e\xae\xe2\x0a|\xbe\
\xdf\x13\xaeR\xef\x99@u\x93\xb8J?\xf1\xf3n\xcf\
8\xd7\xcaI@\x9d\xfbr\xae\xedp\xbc\xe2\x838\xd7\
\x99\xa8gu\xe1\x5c\xe5\x91\xa8#\x936s\x95\xe7\x8e\
\x06\x98_\x93\xab\xbc\x0cu\xf7\xa1H\xaez\xcf\x14\xcc\
\xe3\x83\x5c\xf5\xc3^\xc8\xc3\x7fr5\xda\xb4\x06\xa8z\
\x8a\xab\xb1\xff\x06\xf2\xdf\x0b\x9c[X&\x90]\xc1\x9c\
\xfb\x92\xfe\xa8\x8f\x9es\x1e\xbd\xb0\xee=\xbf\xc7y\x8c\
\x5c\x02\x8c\x0b\xcb\xd5\x5c\x11\x02tH1\xaeV\xc8\x09\
\xd4Wr\xae\x96\x0eq{Fi\xaev\xa2\x00\xeb\xae\
/\xe7\xed\x89\xe3:\xe2\x14\xe7\xad\xc7~\x8d\xae\xcby\
?\x0c\xc0k\x14Wg\x13^G\xcc\xe3\xea\x05\xefC\
]y\x94\xab\xf7\xe7O\xa0S\xfe\xe4\xea\x8dn\x85\xb8\
\xe4\xce\xd5\x17`<\xf9\xbap\x0dF6\x06\x98\xdc\x8a\
k\xf0\x06\xe7m\xfe|\xce\xa7:\xc6\xfb\xd5(\xce\xa7\
\xe9u\xcc\xa3\xb9\x9cO\xdbm\xa8\xd7\xe7q>Q\xc8\
\x83J\x8c\xe7|\x90~\xd1\xado8\x9f\xf3\xc8\xdf\xe7\
\x1f\xe5|.\xa3\x0e_\xdf\x9dkX!\x07\xedv\xe7\
\x1a+\x9a\x02l\xde\xcf5\x0b=\x0aL\xcd\x9b\x9co\
3\xd3\xf9\xb3+\x9c\xef\xe3\x9a@o\xf8s\xfe/;\
\x01\xf9\x0e\x5c\xab\x07\xe8\xf7\xed:\x5c`M\xe4\xafY\
\x81\x5c\xe0\xf0U\x00uns\x81\x9b\xe5\xc8C\x9d\xb9\
\xc0\xb4\x0f\xf8\xfd\xdf\x5c\xe0\xf9\xd1@\xdf\xed\xe0\xdaz\
}\x04\xa6z\x03\xae\xed\x15\xe4\xfdS\xd7q!G\xb0\
\x0e%~\xe6\xba\x0fE\xfc/\xee\xcf\xf5\xbc\xd4\x13\xe8\
\x1f\xf3\xb8\xb0\xb5\x0d\x80t_\xc2\x85gm\xc3zR\
\x8c\x8b6\x9d\xeb\xd2\xdc\xe5\x12\x9b\x14\x01Z\x7f\x177\
\xf8\xbe;\x10C%nx:\xf2<_\x7fnD\xbf\
-\x18\xefN\xdc\xb4\xd6\x87\x80\x9e\x9a\xcf\xcd\x18P\x06\
\x98*\xf1\xdc\xdcj\xa8\xdb\xfe|\xc3\xcdm\xb1\x06\xe8\
\xdb\xe9\xdc\xfc\xaa\xc8\xd7\x9e'r\x0bz!\xbe\xa7\x0e\
\xe2V'\x9f\x06\xaa\x1c\xc3m\xed\x84\xed\x04\xf4\xe5\xf6\
\xd4\xcbA\x9d_\x8c\xdb\x93~\x06\xa0V#\xee\x90\x80\
\x02\xdd\x13\xc4\x1d}\xbf\x1d\xe0\xdc\x01\xee\xb8\xb7\x10\xaf\
\xcd\xb9S\xcb^\x02\x94\xfc\xc8]\xec\x83\xf1\x90]\x8e\
\xbbj\xc4v\x88\x983\xeb\xb3H\xee\xce\x00\xe4\x7f\xfb\
\xfap\xf7\xf6_\x05x/\xe2\xee\xfdX\x07\xd0.\x95\
\xbb?\x0au\xc6\xe9\xa7\x5c\xc6d\x1c?\x9f\xbd\x5c\xc6\
\xd4\xd5ho(\x97Y\xfe\x0a\xc0\xa3\x83\x5c\xa6\x1e\xf9\
\xf8\xa2m\x5c\xe6\x1fQ\xa8\xcb\x13\xb9\xcc\x8d\xd8\xdf\xa1\
;\xb9g3\x91\xf7\x9e|\xc8\xbd\x9c\x8e\xf8rf\x22\
\xf7\x9aC}\x7f0\x9b{\x13\x1f\x00\xa4S\x0c\xf7\xd6\
t\xae#r\x18\xf7\xc1\xb4.\xed\xd1\x86\xfb\xb0l\x10\
\x9013\xb8\x0f\x07PW\xbbds\x1f\xcb\xe2|\x9e\
\x7f\xcc}\xaa\x84\xe3\xd6\xf1\x12\xf7u\xf49\xa0\x8bO\
p\xdf\xba\x22?\x08\x19\xce}\x0f\xb9\x06\xb4\xbd;\xf7\
\xbd\x1f\xf6\xe7\xe5\xdf\xdc\xf7M\xee@\xfd\xfbs?\xdc\
\xdb\x01S\xa9\x0c\x973\xe2#\x90\xb6\xc7\xb5\xc0x\xb5\
E\x85\x0e=A\x06\x81\x10\x0e:\x88\x03\x15$\xe0_\
5\x0c\xc4\xff\xb5\x10\x83\x7f\xc3\xf0\xaf\x06<\xf0\x1b\x7f\
|\xa5\xc5\xfb\xfa\xe3\xeb\x0e\xf8Y$\xe8\xf1\xaf\x01\xa2\
\xf1\xbd\x11\x9f6\xfd\xd5C\x12^\xd5\x88@\xa6\xe7\xe3\
\xc0CbZ\xba\x12\xe1\xffUe\xe9\x0b\xf6e,\x1d\
\x9b\xb1p}\xd6\x86=\xe9Sg\xbf\xda;)s\xc4\
\xae\xf4\xb1{\xd2\xc7\xed\xc8\x98\xbd1{\xec\xe4\xac\x0d\
\x7f=N\x1e!6=\xe0\xdb\xdc/H\x1dFL\xee\
\xd5B\x83;\xf0\xff!\xbc\x8b&\xf7\x8c0\x94oL\
\x8d\xcdE\xa1\x0bF|\x17\x81\xd7\x81\xbc{\xe8R^\
\xa3eT\x87v\xa8\x86\x84\xeb\x12\xe2\x8cCU\xe9S\
7f.HE\x17\xb2R\xf7\xa5\xaf\x1c[\xb0\x9d\x80\
_\xb4c\xeed\x02v\xde\x88W7\xfe\x8eH\xcb\xf0\
h\xb0]\xd3=6\xef\xf3\xda\xaen\xdbv\xf6\xb2]\
Y\xfbg\xa5/X\x8c\xbd\x1e\x12\xa9\xd6\xc6h\x22\xf8\
\x0f\xd3Wn\xca\xda\xba\xaa\xa0+\x95-\xae\x04\xd84\
\xe3c\xdfp^S\xc5LM\x99M\xbd\xda;?\xd7\
~A\xabm\xf3\xac\xea\xd0B\x0c\xfeM\xe4\xe7(\x0a\
?\x8bG\xbb\x09\xd8=\x93]\x15\xea\xf7\x82\x83\x10\x87\
\xdf$\xe25\x86\x7f\xc24 \xd5\xf2Zw\xe7[\xdf\
\xb19c\xfe\x88\xf4\xe1\x0b\xb3v,\xc9\x9e?\xf5\xd5\
\xdeq\xb9]\xcfZ6\x09\xa77c\xce\xaa\xf4\xfds\
^\xed\x1d_\xd0\xab\xba|\xbc\xc4\xf1\xed\xea\xb0\xb5h\
\xb4\xaeG\xfb\x8e\xbc0\xf2w\xa8\xd1\x0bk\xeb\x85T\
\x99)\xe3m\xe7\xb8`\x03E\xc0\xf3\x97\xf1!\xf4t\
\xf0\x04\x01\xf0\xc2'T\x10\x82\xc3\xa2\xe1\x93\xa29\xff\
\xb4\x86\x1f\xb4x\xdeA\x15\xff\xca\x88\x16Mi\x83\xee\
V\x98\x81\x9fu\xc1\xf7z\xfe>\xd3\x10\x19,\xed\x86\
a\x17\xa2\xf0?\xf3`\xcb\xf8\x88VA\xa8\xe5\xbep\
>~\xdb\xf1\x13\xab/\xe0\xa9\x8a\x9f\x22#\x9fb\xed\
1\xe9T\xfc\x80\x98\xee\x90Am\x8b\x95p~\xf8T\
\x96\xa1\xb3\xde\xa1\xc2v5\x96i\xb6\x0eq\x7f\xfcL\
\x83\x9e\x9b\xef\xd7\xf2>\xc6\xf3\x09\xab\xb1\xf4\x09{\x9c\
7>\x13\xbdT\xaa\x8c\xf13\xd3\xf7&?J^\x88\
\x7f\xd3\xa7N\xcfJ\x1e\x9d\x9d<\x1eCW\xf5h\xcc\
\x0cU\xc6\x9c\xa5\x99\xbb\xf7gm\x1c\x89\xb9\xfb(y\
\x91\xac\x96J\x85\xdffL\x5c\x87\xf7?I\xdb\x9f9\
k\xed\x93\xdd\x932\xf7l\xcd\x5c:<{\xf4\xe4\xf4\
\x0d\xbb\xcc\xb9g\xba\xb5\xb6\xc9\xf4\xdf\x19S\xa7>\xd9\
91c\xf6\xae\xbc\xfb0C\x9e\xec_\x941ix\
F\xca\xca\xece\xdb\xb2\x17-7{Pp^\x1f\xfd\
\xff:K*\x0b\x1c&\xf1\x01\xa8\xe7G)\x9a\xffL\
\x937\x83\xfe\xfc':>m\xfe\xfb\x19\xb4\xce\x89\xe1\
Ws\x987\x0f\x09y\xf3\x901~b\xc6\xc2\xdd\x99\
\xf3G\xfd\xcf'\x04\xc7\xdd2\x1f\xb97\x14\x1c\xf1r\
\xe0\x8bc\xec\xf7\xab\x22\x91\xe7\xad\x12\x9fQ=\xd99\
9}\xea\x06l\xaf\xa0\x15\xa7<+\xe1<\x9c\x98\xe6\
\xce\x98\xff\xd9\xf4\xd4\xe5\x19\xe3vd\xfe\xbd\xa1\xe0\xb3\
c\xf2\x9e5G\xee\xef\x8aU4\x9f[\xfdmFU\
\x8ds\x18o)b\xea\xbc\xa8\xb0\x9d\x07S\xcc\xe4\xce\
\x9c[\xde\x93q\x96*\x90W\xf0\xf2\xbc\xad\xc7{\x9b\
63}\xfc\xe4\xbc\xfe\xe28fm\xd8\x91\xb1\x229\
c\xc9\xaa\xcc\xb5\x13\xd3wOM\x9f1)c\xe1\xe4\
\xf4\x09\xcb\xd2\xa7M1\x17;\xfb\x1a\x97\xdb/\x0d\x0c\
\xe2\xfdN\xb0\xf1\xcf\xe4\xc1@>\xb6L\xefc\x0b\x8c\
X!\x93\x0f\x19\xe3\xd7 \xcefN\xd9\x90\xbe|\xa4\
=\xc2\xe6\x1a7\xe2\xa3\xb18\x04:4e*\x9e\xa6\
AK\xfa\xd7\xe9470\x7f\xc4/g\xd4\x1a\x17\xb1\
\x96\xb2o\xe4}4\x8dk\xb8\x8d!\x99\xc9\x10\x86V\
\xc6\x84\x95\x05M$CG\xcb$Y\x83\xc3\xd4\xd98\
\x0b@\xfev(\xf0\xf3hl\xcc\xc0?\x15\xcd7\x1b\
\xc5W2\x0f\x1e \xcdD\xc1h\x01:-\xdfos\
\x8a;\xe2)\xde&'\xb3\xf6/\xce\x98\xb2\xca<\x9c\
X\xd9\xd2\xa7\xce\xcdX\xb0\xd5<\xb1\xc8Sp\x02M\
\xa9\xb7f\xa29\x83\x1cp\x96\x11\x96n\x04\xf1\x83\xa9\
\x02w\x0b}2aEn\xe3U1\x9e\xb4\xfc(\x99\
\x22r\xb0\x05\xaf\x86\xe0\x1dF>:M\xe5x\xa8\x85\
o8b$Z\xec`\x02\xfft\xee'f\xa4\x0a/\
P\x9e}\xcd~\xa9\xdcU\xfe1:\x836.JU\
5R\x1b\xa7\x8e\xd1\x0e\xd6\xe8UC\x0cF\xb51\xc1\
0\xd4-\xaf\x82\xea5\x06mD\x82:\xc6\xf4B\x97\
\xa0\x0f\xd7\x18\xaa\x15\xec]\xf7\xff\xa8w\xff7\xaf\xdd\
\xed\xbd\xfe/<\xac\xfc\xaf\x1ez\x98\xfe\xcbk\xadh\
\xc1\xd6<<<\x0a\xdal\x866\xdbA\x1b\x9e@i\
-\xb5\xc3\xd4\xcf\xeah\xc9\x84,\xfd\xa1\x1a4\xc4\xff\
|yre\x7f\x97\xb5o*\xdfvmT\x01\xc8\xd1\
\x0c\xaa\xaa\xd5=\xd4\xf1\xfd\xab5l\xe8\x1b\x13\x93\xf7\
\x91]w\xea\xe75\xad\xe5\xcb\x98\x99\x03\xc5\xe4'\x9e\
\x16\x868\x90\xff.\x01?\xf1\xb4a\x88eMMj\
\xe3p\xb6\xb1\x1d3?\xf4Q\x0d\x19\xa8\x8eI\xd0x\
\xda\x11E\xb7\xbc\xe6\x0a\x98\xb3s\xc0\x96\xef\x1675\
\x91k2\xb7-M\x84#\xb0\xb0\xf6%\x92\xc7\xa2X\
+\x1c\xdb\x80\x05\x9a{\xb2\x7fY\xc6p\xbb*\xa0@\
\x13\xe1v\x0f\x88|\xc3\x8dZ]\x5c\xc1\x9b\xab\xa3\xb6\
\x89\xb3tC\xcb\xc3\xbco>D\xb1\xf1\xc0&\x1cx\
S\xaa\x8c\xa5{\xd3\xf7N\xc5\x92\x9a\xf1\xd7\xb8\x82v\
\xdb\x15\xb0c.\xe1q<C\xcdE/\xa3\x05]\xac\
\xef\xf5<\xf7\xce\xc5)\x13\x0a\x87\xf3`\xa9\xb7!\xa5\
\xe5\xcc\xad#\xdcf\x8dLK\x9f4:}\xda\xdf\x19\
S\xd6\xa4\x8f\xdb\x9e\x9e2'\xf3\x9f\xd5\x8eb\xdd\xd6\
\x91X\x1e9\x8c\x16\xfeg\x06\xfdA6\x9d+f6\
\x9f\xbe\x7ft\xf6\xb2=\x19s7d\xccFM\xf6O\
A\xab\xa5\xf3\xac\x0e\xe4\xf9K\x92u\xc2\xf2,q&\
K\x03\xb5\xc6\xa4_\xccSk\x076x_\xf8\x8e\x1b\
x\x00\xd6\xf3>\xe6\x0e\x9bIg\xc5[\x0a\x94\xd1\x22\
F\x92L\x0a\xcf&\x90s\xdb4W\xa4\x8cY\x1b\x90\
*\xaa4\x83\x8cz\xb5\xa1\xa0\x03\x95,\x0e\xe4\x02N\
\xa8\x05h\xa5\x08\x06&'b\xa0\x06x\xe5\x99.\x82\
\xa6M\xb0\x12\x8a\xc8(\xf57\xeacjx\x154X\
\xbc\x80A\x83\xd9`\x9e\x09\xb9\xc5\x84\x01M\x14|\xb6\
\xaa\xe3gyt\xb0q\xc7\x06'\x9cl\xac\xa9\xaa\x9a\
=\xaa\xe6\x88NE\xf0\x03\xa5\xe5\xa38*\x9f\xc0\x91\
\xf9FD\xa8\xb4\xb1\xea(\x8d\xc1\x11\xe70?h\xc2\
\xc5p\x8bW6F\x0ax\x16b\xe3Y)\x93\xd9\x18\
]8:g6nq/\xc4!t\x99\xd8\x95)\xf0\
\xcd\xe9\x17\x8a\xc8\xdc\x86\xb7\xed\x8a\xf8\x1c\x82-\xf8\xe2\
\xd5\x04\x0a\xed\xf0\x1b_$\x02\xbe\xf8\x8d\xb5\xad\xf2\xbe\
q\x11z\x9d6B\x15\xda\xbc\x0d\xcaJ\xd7\xa0\x10\x7f\
\xdf \xdfv\xed\x9a\xfbv\xf4uu (\xbd\x7f\xd3\
\xa2/\x8a\xe0\xe6\xc8\xc2C\x10\x14\x9aC\x1fh\x85\xaf\
\x82\xa1\x85Mk\xce\xf9[\xf3m\xdb\xbcCH`\xf3\
>\xadB\x82[8h\xab\xd1\x7f\xd1\x96\xf9\x9b>\xfc\
'!\xd8Kk\x9b\x15\x1c\xb7\x89\xef\xfat\x08\x09\xe9\
\xe8\xa0\xddV\xbfi7\x82g\xaaj\xcb\x8a\x85\x99\x93\
\x85c\x8b\xa163\x9d\x8b\x16V\x1f*\xe6\xf7!V\
\x1d\x1e\x12\xaa\xca\xde37+ue\xe6\x82\xd4\xf4\xb4\
\xbf\x1cx\xe1f\xe7\x85m\xbd\x18\x9a_\x09\xd9\xe0\x8f\
\xa5%s\xad\x18\xeax5\xa6\x92\x9d\xed\xfc\xaa\x8a\xa7\
\xa9y6K\xe4\xda4\x1bKO]\x9c\xbd~Rz\
\xaa\x1d\xcdT\xd9Y5\xf0\xebGF\x0b+\xb0&\x0e\
kc13-\xd5\xbe\xaa\xfc\x8b!\xcbZ\x89\xc1\x06\
\xba\x9c\xf2\x9bL\x1f7'k\x99Cu\x14gA\xca\
\x81\x16zk\x9b\xceqI*\xcd@M\x9c\xd1.\x9d\
\x0b\xe1\x83\xf1\xbc\xb0o\x8bC\x13k3\xe0\x12\xdf\xf8\
xU[u\xac\x1d\x22\xb9\xe4=b\xb0\xa8\xd4p^\
\xa7:j\xb9\xb0\xc9\x88!Qk\x0c\x8f\xfe\x85\x032\
\x8b5\x94\x14\xd6\xf5\x15|*&\xc9~\xa5-\xefN\
\x1buf\xb0Y\x0f1#\x7f\xa4\x85\xda\xa8,j>\
\x96\x1fPC\xae\x9a\xb7\x89]S+*c\xb4Fe\
\xd0\xc4h\xc2\x8d\x9a\x08U$R\x1cU\xbcF\x1f\xab\
5\x18\xb0\xda\x19\x1ceP\xae\x0f\xb9\x9c\xd5\xd4\xfbX\
^y;b>\xf9?\xf3\xc2\xcf\xf2s\xc8J\xbc\x17\
&\xa6\x1a\x1e\x1d\xab\x8b\xb0R!\xcb+\xaf\xa1\x0eH\
\xa5\x04I\xaa)=\xfb\xe7\x99\x11\xf8\xa9\xc3\xfb\xdb\xcf\
\x94\xe5\xb6\xbc\xa5V\xeb\xd8\x14\x0c\xb3\xc2&\x03*\xa3\
\xce<\x041Z\x83\xd1>T\xfc\xf8~X\xf4\x99\x0d\
\x87\x93\xf8\xa9c\xd4q\xe1\xf6\xac\xcd\x09\x1f\xd1\xf1E\
\xda\x04!j>\x19\xf5\xd6\xb0\xf4\xd3\xe9\x8c1:u\
\x84Fo\x8f\x90~|\x92$ZVIr\xb5v,\
\xff*w\xdd)\x7fn\xe7\xf6\xcd\x86\x12\xf9\xe9u\x89\
\x06\x8dJ\x1d\x17\xa1\x8aU\xc7a\xc5QEh\x06j\
\xc35|'\x0d\xf6K~\xfeXL:\xf1\xca\xd6`\
n\xc4\xaaf\xfd\xdbuR\x99WB2F\x8eN\x1f\
\xb3\xcd~tr\x1f.\xc8wd\xfc\xa3\x0e\xa9\x8e*\
\xef!5/f\xa2\xf9t\xd2X\x0a\xbe\xdeV\x04\x9b\
\x8cd,\xde\x9e\xb1x\xd4\xaf[\xb6\x0cr\xfe\x87\xb2\
\xb6.\xc9JK+\xf8P\x13~\xa9#W\xe1F\xf0\
\xe0\xae\xb60NS\x09\x88\xb0\xa1Wa\x96\x80\xc9\x9d\
\xc1\x08\x9b\xf0-\xef\x1f\xad\xd6\x1bU\x11j\xa3Z\x85\
B+&B\x15\xa73\xaa\xc20\x82L\xf3\x1a\xe1a\
\x1f\x92\xf9\x97\xbfL\x8bXz~q1\x8e\xdf\x13\xd0\
\xd9\x86\xa4\x7f\xb4N\x87\xd3g\x08\xd7k4q\x86h\
\x9d]H\xfa\xe4\xdb]hn\x81\x02\xa3%d\xa2\xf2\
x\xb49\xf8\xcdl:\x92\xd7\xf2\xb1\xd6\xd2\xed\x1f\xa3\
\xc5\xc8o\x8e\x10`\xc4P\x89Rk\xe3Li\x10\xae\
\x8b\x8b\xd4\xeac\x1d\x8d\x9b\xb5\xc5\x7fi\xc3\x12\xa2f\
\x9f\xf2\xcb\x8e\xf2\xe6V\x0b6\x87\xf1\x89n8\xd0#\
\xb2<!j\x8d\x09\xa1Iuj\xec)x\xde\x9d<\
\x04\xea-I\xa2\x81D\xebr\x19\xff\xa4*^\x8f\xd9\
\xa0I,h\xc1#\x9f\x85\x5c\xa0\xb5R\xbc_Y-\
a\xb6j\x02T\x9e\xde\xfd\xca~}\x87\xf6\x1d\x82\xb5\
e!\xd4\x94\xfc:\x9b\x96\xcaZ[\xb2\x01kU\xa2\
6.B\x97\xe8(\xadu\xfc\x02VnpX3D\
\xea\xaf\x8b\x8d7M|\x84\xfd\xf2\x97\x7f\x81\xa9t\x10\
\xaa\xbf\x99\xe02\xfe\x96\x19\xb5F\xef/'W\xc1\xb7\
\x15\xcf\x0f\xa7\xd57\x91\xbf.^k\xef\x98\xc4r\xb3\
\xb5\x5c\x0a\xf0\xc6$G\x89\xc6\xdf\x86>\x06\xe6M\x9d\
\xad\x84\xf1\xb7I44\xa0\x0a4\xcd\x99Y\xc1\xf8\x17\
\xb4\xd6\xd3\xc6\x9a\xba\x00\xf7\xb7\xd6\x94\xdc\xed\xbc\xdc\xd5\
h\x13\x84\xe9\xf3\x16\xdb\x0a\xa2\xb5\x8e\x87\x19\xdb\x82\xe0\
\xc1\xfb\xa1\xb6H\x04\xbe\x10aj\x98f9<A\xaf\
G\xf6\x90\x07\xdf\xba\x18\x07E\xa3\x99\x8d\x93\xb6\xd1\x9a\
\x9b\x99\xa6\xbc\x8dG4\xd3\xf1\xb8\x17Q@\xa8\xf8\xdb\
.\xb5\xf0\x8e\x98\x83\xd8\x94\x9c1\xda\xf80\x9dZ\x1f\
a\xd1+\xfe\xd5\xec\xb9\x89\xb5i{F\xa2\xb5,\xa1\
\x1a\x1c\x8c\x9192\x13\xccr\xde\xcaMx\x07\xf2h\
\x89\xd6\xa8\x895\xe4\x8d\x05\x86l\x82\xd1\xbe\xfb\xcdy\
\x1f\x0a\x82wD>Pt\xb42\x93;PU\xf3\xad\
\xa4\xb9\xf8\xe7\xa1y\x84\x19\x1a\xad\x8b4\xa6q\xa9j\
\xbf|&\xb38`\xbb\xcc,\xf47\xad\xbe\xd9\xef)\
\xfa\xf3\x81\xa1\xce\xc3\xea|\x01a)\xa2\xbf\x0e\xa5\x02\
\x82$\xaf\xb5*\xfez\x8d\xda\x84\xe2\x96\x08Q\x99\xc0\
\xd5&|L\x81\xe5(\x01\xbb\xda\xf9c^5\x8e\xe5\
\xb7\x81\x92\xf2\x05\xf9\xff\x9bgn\xb9\x9e\xc5\xa94\xb1\
\xf1\xc6$st\xff\x87\xee\xa9\xf2\xb9\x17\xf1\x9b\x05\xbb\
B\xe6f\x22~\xb9HW\x0bM\xe5\xf78\xdeB\x11\
\xcdA\xf0\xbb\xd5\xc0R\xfe\x16?\xe3\x91*b\x08\xfc\
z)\xd0\xd3\xae\x15\xc7\xe0iFv\x0d\x0c\xcak\xa3\
dn\x1b6\xb0\x89\xa8\xae\x19T\xb0\x89\x92vM\x0c\
\xe6i\x85\xb5\xb0+rM\x0d\xd6\xe9\xec\xea\xb8\x88\x7f\
\xdc\x1a\xa7\x8c\x7f\x82\xd1~\x89\xacy\x1e/\xea\x84\x02\
<\x90G\x0c\xdb\xad\xc1\xfc{\xcaN\xcdM,\xa8S\
\x87@T\xc2\xe9S7d'\x8fw\xa0~Y\x9e\xa6\
\xe4)\xed\xbc\x87\xc5\xcd5\x91\xea\x84\x18\xa3}m\xb0\
\xa15\xd6\xda`\xa6+\xf6\xb5??\x07\x0app\xc0\
@ia:\x01\xfcr\xae}\xd9\xc8o!\xf4w\xfc\
\xccb)\xf4\x97\xfc\xcc\xc9\x8e\x93\xc5@\x8c\x95\x9e\xe6\
r\xae\x98\x18{b\xe7\xe0\xc1\x02$\xd4qPY\xd9\
\xbf\xb3\xd5\xbc\x85\x8d\xda\x04\x95\xe1\xdf:n\xf8\x0f:\
\xfekb\x9a\x9f\x8c\xfe6c\xcd\xb6~\x9d\xb1Um\
L\xe5J\xce\x820\x9e_R:\xf1&M\x922\xd7\
\xa6\x03\x09Y\x9c7k\xb0\x18\xb5\x07,ys\x8d\x01\
m8\xc4\xa3\xb6\x96=\xf3\xdcZ\x9e\x7f\x13P\xcb\x17\
\xda\x5c\xd8\xd4\xf1pn\x85\xcf\xdc=v\xebj\x92u\
\xc6\xaa47\x97w\xf5@\x8cMu\x986\xc6\xb4`\
\x1b\xa9\xd3\x9b\xc1R\x87T\x8fw\xc7n\xee\xca\x16\xf0\
G\x87\xedE\xe6\x1e:\xb1\xae\xcdX\xac\xeb\x22#c\
\xb4qv\xb9\x13\xf1;#\xd0\xd0\xb2\xf1\x94\x7f\x7fQ\
e\xe9^x>M\xa3\xb6\x14\xdfhK-s\xb4\x9c\
U+\xbf3\x0dUz\x0dJ\x808,\xf7*\xeco\
\xb8Y\xf8\xa8\xb1\xfaFc\x153\xb3\x1e{\x90mn\
9\x91\x10\xce\xb3\x0a\xf3!\xaa\xdc\x0c\xc9\x0d\x15Gg\
\x8cJ6\xd7bsF\x9d>\x89O\x0cS\xa4D:\
D\x03\x15\xb4\xe0'5>\xef\x8c\x8f\x91'\x0c\xe6\xe5\
g[\xbaP\xa8E\x8c:\xde\x80al\xd4\xc6jT\
\x0e\xc9A\x8b\xdcrj%\x07-L\xa5\xd0\xd1\x9dz\
^\xfd\xebm\xee\xd4\xebuz{,ma\xb3\xefm\
\x1d\x5cq\x8bA\x9a\xf0\x04{x,\x9b\xff\xfe<x\
3\xd1Bkv\xb3\x96\xa7M\xb8\xa6\x8d7\xdaS\xe1\
\x16y\x9b\x11*\x9b<4\xfcOws*\xb40m\
M\xa8\xd2\x93\xf7\xfe\xa7\x1b:\xa3~\xe3W\xfe\x0d\x12\
\xf3!\x95\x18\x0bY5\xe6\xedl\x9b\x8f\xa9\x99Wl\
bx\xba\x11g\xf9,ws>*\xef\x94U\xee\x82\
L\x04?\x9cf\x12\x19c\xe3\x7f]\xab\xff{F\x9b\
w[\xccn?\xd9\xb9\xf9q\xf2\xf0\xf4\x9d#\xd37\
\xce\xc2\x17\x19\x7fm\xcd\xf8k\xe3\x93\x9dS\xd27N\
\xc5\x17\xf6t\xe5\xd7\x9d\xfa\xb7\x1d\xab\x92y.\xfc\xcb\
\xa6U\xdd|\x8d\xc4\x99\xd7A\x1d\xcc\xa7\xb9\x19\x8d]\
\x18\xe764mr\xe6\x9a\x8d\xe6\xe9z\xb2sw\xe6\
\xba\xdd\xf6;\xe0\xffYC\xff\x97\xc0\xa9d\xef\xcc\xbf\
\xc7N\xb3\xffj\x04\x22\xf8h\xb2\x1e\x88\xc9\x07-\xf6\
\xcdg\x8f\x9d\x9c\xber\xb2=z\xfd\xaa\xc9\x7f\x9b\xd7\
2\xb6M\xfc\xcb\xd4v\xce\xd7\x8a\xa9&\xc5\xff\xa2\x15\
s\x22\xb8\xf1\xef\xcd\x09`\x0d|U^\x153\xa3\xab\
\xd5\x17O\xb3/\x99\x9b\xf6\xa4/\x9e\x98\xe7\x8b\xca`\
\xd4cl\x87\xe9t1x\xd1\x22\x05\xcd\x187[\x15\
\x89X\xeb\x80\xde9\xe2h\x22\xc7\xe4,(\xdf\xd1\xce\
\x5c-iV\x06\x11\x96e\x99\xdc\xfaj\xe4W\x13\x0c\
65\xf8W\x0c\xa4\xb2\xb91\x93\xbcD\xf1\x10\xa1\x8a\
\xd7\x9b*\xadQ\xab1\xf0\xb5\xf7W\xbc\xc4\xd19\xd3\
_P\x9c\x80\x7f99P\x887e\x9a\x01\xf3\xd8[\
\xc7W\x12\xa06\x18q\x1c\x8d\xf69\x1b\xc03\x22\xf3\
\x9ai\xeeB\xfc\xef\x94M~\x8eT&@c\x0c\x8f\
\xe6\x97\xdd\xf3\x8b\x1a\x87\xab\xed\x96C\x19\xd6\x15\x17\xd3\
\x99\x0b{\xf2\x1d\x90\xc7rLQ\x17\xcfG\x8b>\x9f\
\xaeW\x9a\x1eT\xb5\x18\x14\x1f\xa3\xd3\xdb+x\xcf_\
[\xb0\x9cF\xf9\xd5\x10\x97\xccgW\xe5\xfe\x1b6i\
mBc\xd7\x84\xcd!\x22+\x9b\xe4MkrM\x9b\
O\xfe\xd8\xb3I\xabY\x03\x1f\x8f\xfcr\xb6\x95M\xf2\
F\x0c\x1a\xb5><\xda\x9ey\x07\xd8\xac \x99w\xfa\
\x7f\xb5\xc4X\x98\xb7c\xd4\x0c2\xfejq\xb1U\x9e\
\xb5\x5cL)\x88\xa7\x06K^\xdb\x1e\xee\xf8-\xa2\x9a\
\xda\x8cS\xc7\x9aV^\xe2\x8cjm\x9c\x01\x15)\x0e\
\xaf6\x02y\x9aZ\xaf\x0e7j\xf4\x06{}ir\
\xc3F_\x06h\x8d\x8e\xe7\xc2\x98\x97\xc8]\xac+\x9d\
\xf9\x16\xea<m\xe7\xc2h\xca\xd3.\xfcB\xa7y\xad\
\xce\xd3~\x7f5\xbfY\x9b\x05\xd4\x02K^\x9e6\x04\
\xae\xb8\xc5\xb4y\x0d\xd5\xb2\xd0\xe5Y\xcdq\x90\x1b\x1d\
h\x10W\xdb 7\xe6\x05\xa0\xab}\x11\x0c\xe09e\
\x94C\x18\xce=\xf6\x9a\x7f\x95\xa56\x12\x01w^Z\
\x18\xed\xd8\x88\x8a\x9f\xb6\xb8|\xbb5\xae\x011\xea(\
\x83\xca\x0c\xc8\xe9\x0b\xd7\xaaj\xd7R=I\x9bl&\
\x1bY\x93F\xa6/\xd8\x9a>ftA\xcff\xfc\xd6\
3\xb5\x1d\xdb\xb1\xf7\xc4\x0c\xb4j\xfed\xa1)\x90\xd5\
\xff\xfaD\xbc\xe5\x88\xa8\x96'\xa6\x11\xf9\x0e\xfez\xda\
\xac\x8b\xd4\xb3\xed\x11\x96\x98\xf4\xc9\xc3\xb3\xf6/\xc0\x82\
n\xee\x93\xa9\xbex\x0eR\xe1\xa7\xe9\xa3Sl\xbf\xb0\
\x97n\xb6}\xfc\xdf\xd1\x0eg\xde\xbf\xff\x94oT\xfa\
\xedH\x17,\xf8N\xbc\xed\x7f\xa9\xf4M\xf2\x99\xb4_\
\xa6qs0}\xe6\xe9\xc2a\xb6=\xd1\xc07f\xb3\
\x823\xc9:\xd4\xfc ;X\xd3QX~\x1c\x91\x7f\
5[\x14\xe0p\x95\xba\xad\xed\xcd6\xd4\xe7\xff\x0aS\
U\xcc\xcd\xa9\xfe[\xa4by\x7f\xf4\x18w\xfc\xaa\xb8\
UD\x05\xe8\xf4\x89j}\x84}\xb1n\x89Otu\
\xb4\xd1\xd92\xa0\xeb/6:[\xe1C\x1aK\x90\xfd\
\xaeH\xff\xe7G\x13+\xb5\xd4\x18\x0b\xd6\xee\x7f=\xa2\
(C7\xf4\xfc\x1au\xbcUZ\xb6\xd4\xeb\x12\xe2\xed\
Kq+~i\xdet\xc0_o\xf9\x15K\xd5\xbc\xcd\
\x7f\x8d\xe5T\x98\x99\x03\xe7?\x12S\xa6\x95.V\x13\
\xa6\xd7$\x9a\xce\xe4\xc4\xc7c\xb9\x0a\xd5\xc6hqB\
\x1c\x04\x8e\xcaa+\x81\x16\x8c\xb0][,jc5\
0\xce\xa8\x89q`\xad\x1c>\xd9\x8e\xc7\x9f\x08\xfe\x8c\
\x89\xf9g\x0a>\xb9\xba\xcf\xca\xc7\x02\xdb\xa9\xd2\x17n\
L_\x94\xec\x93\xf9\xf7\x86\xf4\xa9+\xecA\xdel\xc8\
\xc1aj\xeb\xce\x19\x1a1\x9fw\xb6\xa7K\x81\xd8|\
>\xba\x14\x18aO\x97\xbc\xf1\xb6(\x1e{\xf4\xbf=\
f\x1fn9\xf6\x17\x9dok\xbft`T\x1c\xf2\x11\
\x95\x1aGXk^5W\x85\xeb\xd5\x86h\xfbm\xfd\
\xba\xffaC\xb9K\x1b:~u\xc0\xe6\xd7`\x0e\x9a\
2\xadr\xe8\x12\xecW\x11\x0bv\xca`Ym\xd0\xe7\
;\xc9\x18\xce\xff\x96\xc6~\xfd+\xb7S\x06\x0d\x06\xb6\
i\xedK3(\x5c\x13\xefp\xc9\xab\xa4\xcd\xa6\x9ey\
\xa2\x0an\x1f*\xf8\xfd<D\x02G\x9b\x88\xa5\xf3=\
\x1e\xc1\xe7\xa69\xef\xac\xde(\xcd\x06\x224\x88$1\
\x06\xfb\x83\xac\xb6\x16rO%\xba\xe5[\xeb\xb3\xfd\xd4\
z\x82C\xc7\xafNE\x9a\xdd\xb5\x8e\xbb\xf5'\x7f\xe6\
vM\xc7\x17\xdd\xcc+\x7f\xe6\x97\xfc)\x0e]\x846\
RkYf\xb2_m\xb6u\xa9\xe0v\x80\xccl\xd6\
\xd1f\xc0,\x9b\x07\xad\xa7\xb3\xe3-\xb2\xc2\xf4\xba\x1f\
\xbe\xb3}\xad\xc9{\x17\xc6/\x07\x98_G\xf1\xfd2\
\xbfN\xe4\x93:\xf7\x1b\xa3\xcd7\xe6\xd7\x91\x05\xce}\
G\xfe\xf2\xdcw\xeb@\xcbY\xc9\xea\x1e\xf1\xa8W\xaa\
{\xf4\x8b7\xff\xd5\x98.a\xb1\xf1\xf87J\x1b\x89\
\x7f\x135a\xa67F\xfe\x0d\xfe\x8d\xb4\x9c\x10\x8f\xfc\
\xd5\x09q\x09\x8f5\xb6\x18.\x08\x8c\x8b\xd4\xd9\xefn\
\x06\xf2\x05)>o\xd93\x9c\xcf\x22\xcb!\x15\x07\xe7\
\xec~\xbf2_10\xce\x10oZ\xea\x0cW\xc7\x1b\
\x13\xf48\x9d\x96}\xdd\xdf\xac\xcf\x17\xb7\xf8`=\xc4\
\xce\x1f\x08\xb7*\x8c@\xcb1u\xdfvm\x1c!@\
\xfeB\x1a\x98\xf7k\x13\xa3EA\x0f\xb0\xac+\x19\xad\
\xeb\x04\xd6\x8d/\x13\xe2b\x991\xfd@g\xd3\x08\xb3\
\xd8w|\xbc\xbb\xa0e\xbb_\x88\xd9d\x97\xc5&\xff\
\x9b+G\xe9\x9d\xdf\xe3\x82\xc7\xf3\x14\x81\x96\xca\xee\xe8\
\x88^Y\x07\x8f'\xe0\xe3a\xf9\x08\x0a\x9bg\x22!\
6\xcc\x11Q)h\xa4\x13t\xc4Xp\x87\xfa6J\
\xad!\x8fi\x11<\xbe\xe5\x0aq\xad\xe5\xd7qZ\xfe\
\x18UX\x81\xc5\x8d*\xb9\xcdv\xea\x18\xe0^\x9f\x17\
s\x0dU\x9a\x08-\xbfc\xa15\xa8\x22\xb4\x06u\x98\
\xc3\xad\xa9\x82\xfeX\x91&\xae\xc0\xe8\x14\xcem\x83\xc7\
\x8f8\x07CT\x15\xda\xe0\x93I\xf9\x8e\x03DZ\x8e\
\x088>\xcb\xe8\xd4F\x93d>\x05\x10\x19\xa3\x8d\xff\
\xc5qF\x0f4\xab\xb5\x04h0\x0f\xef\xfd\xf9fL\
\x00\x18i\xe1l*\xfeo\xfe\x05\xee\x12m\xb4\x18\xbb\
\xc1\xba\xb8\xfe\x9a$\x95:\x12\x89\x9aJ\xe3h\xc9\xbb\
4\xf2\x8e$~&u\x96\x12\x96\xfb\xebZ\x9b\xb3\x80\
A\xda\xb8\xfe\xf6!\x11T`g \x97L\x1aU\x95\
\xad\xd4 \xc8\xb2\x1f`\xe2\x8b\xc6G\xc9\xab\xed\x03\xbc\
\xa0\x99|B\xdd\xc6T\x91\x5cS\x16\xa1\xee\xc0\x98\x8b\
\x9d\xb1\x02l\xcf\xc6\x5c\xd1\x5cs\xb9\xdc\xce\x81\xbd\xe2\
\xbc\xbdD\xdeI\xb5%\x0b\xc3m\x16j\xe5A\xa8l\
\x83\xd4\x98w\xe1v\xbb\x0e~8]\x81\xfc\xa9n[\
A\x92\x90wH\xc9\xbcrX\x93_J\x0f\xcb{\xef\
\xf8\x87 U\x82\x03\x83[X\xb4\x9a\xf9\xcc\xa0\x193\
j\xa6\xa7L\xb3\xa0\x07\xff\x13\x11\xfb\xf5=\xab\x0f\xff\
;iV\xd6\xe4\xcd\x7f\xaa\xcc\x5c\x1c\x0e\x83c]V\
\xd4d\xf8_dY3\x1b{\x8eE\x99\x86/\x9c\x1e\
6\x90R\x93\xa7g\xe6\xae\xda\x1cw7\xb5\x96O\x97\
\xad\x1e\xc1\x83G\xcd\xf8\x18\x94:\x0e\xf8\xb0\x07\xb6\xab\
\xc6r\xad\xcb\xd3Y\xa6(\x8d\xcaG\xfa\x1c%z\x89\
`u?\x9dIH\x0d\xd4F\x99\xe9\x9e\xe3\x5cg\xd1\
\xbey:\xf8c\xf4V\xe5\x14\xac\x8d3\x1d\x88\xb7?\
ebB\x840\x0bh\xb5\xe3\xa7)\xd2\xf2\xebD\xf3\
\x96\xb6\x9b\xa5\x18Ywj\xa2\xf8os7L\xffM\
\x14\xb9\x05\xeb\xc2\x10\xf0\xdai\xf4\x91*M\x5c\x84&\
\xc2M\xa5\xd7\xc4\xeb\xf4FU\x94&\xce\xb4{\xfa;\
q\xd4\xfb\xff\xc1\xbd\xdc\xf8\x8c\xb4\x1c\xfc\x89\xb0\xc8\xc2\
\xdf9Y\xf3\x97N\x9a\x0e\x1bE\xea\x12\x90\xe7i\xe3\
~\xed\xe7\x7f>\x8c\x86\xbc_3D8\xd8)\xb5\xf3\
\xfd\xf7\xc3hH\x881bm\xca\xdd8\xcd\xf3\xb5\xa0\
{\xd3~\xe9\xde \xcbA\xb0\xfc\xab<\xd6\x1fv\x17\
\x5cQkh7\xdc&\x98I\xca\xcbG-\x0fo\xf9\
\x8f6\xfa\xd8\x1f8\xcf\xebV+\xdbn\x0d\xd2\x9a\x0e\
\x1d$j\x8d\xd1(\x11\x22\xac\xa7\xbb\x1a\xe6NF\xac\
:\xc9t\x8eW\x1b\x17n9\x22\xe9\x93w\x22\xdd~\
\xeb\xd1q\x97#\xf3\xedVX\xbb\x9c;\x14\xff\xd6\xf9\
\xb8\xbc\xfd\x0d\xeb\x10$Z~\x03f\x97\x18y\xdd\xf4\
\xb3\xe9\xa6yA\xc0\xdcMS\x97\x0b\xf65N\x97\xdb\
\xddD\xb5\xc1\x9a$\x05;\x18\xf6\x8b\x0ej-\xbb\xab\
\xc6\xbc\x9a\xaf\xe7C).\xef\xe7\xa2\xf9\xff\xfd\x93P\
>\xfc\xe2\xf3m\xdd\x98\xff\xf5\x13\xeb\xce\x84\x97\x8d\xfb\
\xc8\x86\x0cF\x131\xd0'\xc4\xc5\x99~_\xaa2\x1f\
\x1b\x0e5\xea\xe2\xcd\xfb5F}\x92\x87\xfd\x0aMp\
~\x91e\xddN\x09\xb6\xe8'{5\x97\x9f\xacXa\
1\xf7`n\xb8\xe5\xbd\xed\xa1Jc\xde\xa2\xa6\xddb\
\x95U\xcdY8\x0d\x0f\xa1\xa6\xd3\xba\xe1x5\x9f\xab\
4\x9a~\x07\x96\xb7D\xf5\xbft\xc9\xe7\xb7\xeb\xd3\xbf\
w\xc9\xe7\xd7K\xd7\xa9\xff\xa5K\xb9[\xef\xb1y\x13\
n\xe7\x14\x8fU\xb9H\xe4\x85\x9fy\xe2g\x0dm*\
\xbciT\x13\xf2\xf8\x915\x87\xac\xff\x0e\x87\x99g\x9b\
\xb7\xf1\xc3l\xfe\x05\x00kHu\xf9E\x871\xba\x12\
bMq\x94\xd7c7\x1e\xd7\xbc<=]\x1b\xf2k\
\x88\xda\xb8\x04\x13\xe7\xe2\xf3\xc7\x18m&\xe7F\xbd6\
,\xc1T\x16\x1d\x9c)\xca?>\x06^\x01ZcA\
n\xf1\xc3\xa0q\xf4\x03\xdf\xfc\xcf\x9a\xfa\xa7\xe7\xc7\xc5\
\x98o-\x89\xb3\xd80F\xebuF\xa3\xa3e\xa5\xfc\
v\xecO\xbc:\x98)\xeb\x0a\x8c\xc5z\xdeYW\xeb\
`\xd9\xafa\x17\xec\xac1o\xcd\xcd\xcce\x0c\xf9\xb8\
\x92\xd9p\xfa\x94\x89\xe9\x13\x16dl\x9b\xe8@\xf4U\
/`\xd1<\xbd\xb9\xc1\x91\x0fY\xac\xdb6\xb9v\xf9\
\x7fM\xc2\xf4\xaf$\xed\x9f\x96\xb5l\x92=\x0d+\xa8\
\x9d\xf27\x15oq]\x93\xb7&\xab\xb7,K\x17d\
\x93\xa5,\x0df\xcc\xde\x95\xb1\x0c\xc9\xd8\x08\xd3\xee\x83\
C-\x5c\xdcnF\xf3\x0f\x892\xd7\x92\xc3\xc1h\x8b\
\xfa^\xe5\xd8B\xde\xd0\xd8\x83\xad\x15`\xb5\x96\xda\xae\
\xe5\x0f\xacX[\xf5\xc8\xd7jF\xca\x8a\xf4\x85k\xcd\
cf\xfe\x87\x1a\xd2G\x8fK\x1f\xbe0#e\xb9c\
\xb7J;\x98\xf5\x82;\xa6\xb9sm6\x9b9a{\
F\xf2p\xc7\xd1\xa3\xb7\xfbe\x85\xda\xe6G\xd9V\x8b\
E\x82M\xcb\x82\xe6\xf3\xe8\xeap\x87\x0b\x82f\xc7~\
Olq\xc4\x7fCg\xcb\xf2\x16\x06\xfe\xcbyE6\
X7\xf07\xa7\x15%v\x0b\x15\x02G\x0b\x14\xb2\xdc\
\xdb\xfe?\xe2\xde-:\xaa\xe3\x5c\x17\xd5\x1a{m\xc7\
f)\xc6!6\x8b`\x87\xb4\xbd\x08\x06G\xc8\xf8\x12\
bCn\x18\xec\x98\xc4\xc1\x8a\xc0\x97xg\xc5iI\
-\xd4\xb1\xd4\xad\xd5\xdd\x02\x13\xa25\xc4EB\x5c\x05\
\xb6\xb8J\x18dc \xd8\x5clc\x10\x12\x97=\xf6\
\xd8Og\x9c\xa73\xce\xe3\x19\xe7!K\xb3[:/\
y9Og\x9c\x87SU\xff_U\x7fU\xfdsv\
\xe3x\x8d\xb3\xd7\xde{%\xa8gU\xcd\x9au\xf9/\
\xdf\xff}u+l ^\xfepE\x88\x045\xbfd\
v\xf3,\xc5\x9f#\xcf\x8a$\xc3\xe7\xbb\xaae3\xe6\
YM\xe9RG\xbc5\xb3\xa9J\x8f\x1b\xd0\xf7cz\
\x14\x7f\xd5\xc5\xe2\xfe_\x9fN\x1c\xed3d\xb4+\xbd\
\xd1n\xd8\xd2Ml\xafY\xb2\xce\x5c\xff\xd7\xa7\xddw\
y&x\x97\xff\xe7\xff\x9fwQ\x7f\xe5\xcay\xfc\xdf\
>\xab~\xfb\xaa\xb8\xd7\xc0\x96\xf3\xff\xfeC\xf1\xf7\x15\
\xce\xbf,WOx\x06N\xf0\xdc\x8f\xc8|\xf6\xfe\x1d\
\xf39\xab\xc9\x96\x17\xe9\x7f}\xb6w\xd6\xab\x9b\x85\xa1\
\xa8\xff\xfb\x0f{W\xc0\x7fX\xde;K\xdbW\xfao\
?\xea\x0d\x1d\xecu5;\xa2\xdfZW\xcd\x05}@\
\xb4\x06i#\x1f\xa2r\xef\xba\xcc\xe6\x14\x07Sy\x90\
<\x12&-g\xa9\xc7\xd8\xc4\xe5\xcb\xe6\xc1\xaf\x0dY\
!;\xbb\xdb|\xe5\x9c`\x18\xf6\x08\xb9O7\xb8\x22\
\x8c\x05\xac3\xd0\x12\xbe\x16aq]\xb3\xfa(\x1d\xe2\
\xbf\xd9\xa8\xc3?\xaf\x93X\x13R\x8c\xb0\xb89\xbb\xb1\
\xa3\xb4$\x0c\xdd\xacS\x06\x1e\xef'\xb8\xceh\x16\x11\
\x94>\x01\x15\x92V\x10\xc3m\xd1\xba|\x8a\xb8\x03\xe8\
\x84\x0a3\x0c\x11\xd2\x9d\x99\xd4\x96L\xa9\x91\x9b\xa2|\
\x0c\xf0\xf8>\xd1$\x8f'^\x18>\x15V3\xd9+\
\xc9\xb4c\xca\x94\xc2\xb0\xfb:,:\x86\x9bn#\xe6\
^s\x08V\xf3\x13\xbf\xbe\x1b\xfe\xb0\xe8\xa2]\x5c|\
\x1b\x0b*&`\x92\xbc\x9c\xd7\xdd\x88}\xf1\xdf6\x9e\
\xa5\xea\x9fE\x1f\xe4\xeb\x9ay\x0d\xc3\xc5\xd0>]\xda\
\xc9I\x8e\x07E\xcb\xb0\x96\x13\xb2\x1a\xcf\xd1\xc0<\x82\
\xce\xef\xae\xca\xe1\x11\x08\xde\xa7\xf2\xed5\x149\xdc\xab\
i\xef\xec\xed\xfcjw&\x17\xae\x04\xcb\x8eg\xb1Y\
\xaf\xc4\x946\xcd\x91M\xa8\xa3&\xf5JL\x01\xd3|\
\xd2\xa0\xde\x15\xc0{`3O\xdfT\xcd\xc8u\x9e)\
\x95\xf2\xa1Y\x1f\xdb\x022\x88\xa6q\xc1b$\xda9\
\xd5\xe6;m\xa7J\xe2h\xc9\xa4dP:<\xe5\xe6\
\x92\x8e\x9a\xed\xb6\xb5>\x8cj\xaaY\xed\xc4\xa4y\xa3\
\x95\xf6I\xf3\x06\xe5\xf61\xf36\xd7i0<\xada\
0|5\xe4\x0b\xe4Y\x8d\xa3\xea\xc4`\x09\x18\xd1U\
\xcf*\x1b{U\xfd\xc8R\xb5\xcet)S,\x85\x87\
R\x08B\x0b{\xefF\xe2\x9e\x9c\x09\xbb\xf9\xef3\xd7\
\xf4\xd3\x9dV\xc0\x0e\xfe\xd5\x96\x99\xc6)\x11)\xdb\xb4\
\x07\xfb\x9c';PI\x09\xda>\x83\xf9|,\xe8\x22\
!5\xa1\x1bMHMH#\x07+B\xac\xc1\xfb\xaa\
\xac\xee\x083,\xaf*'\x1e\x8aB\x13q\xb5\xaf\xf6\
\x94\xba{JIp\x17cY\x91N\xa5\xed\xe2\xff2\
\xa7\xbc\xad&\xc59c\x19@5%\x09l2`\xb1\
t\xef\x87\xc6\x80\x91\x14`o\xad\xcak\xdf\x12\xf7\x94\
\xa5\xcdkZ\xbb&55\xd9\x1f}\xf6\xc1\xd4\xc4\x81\
h\xff\xe1h\xe8\x0a\x90\xb1\xa076t\x01x(\xa7\
\xc6\xfb\xcc\x9f\xc28|\x13\xbdKl\x1c\xbe\x09n\x8c\
p\x86\x9b\xbc\xbb\xa7\x19\x13\xc0\x10$\xb67\xd0\x03\xd8\
\x82\xd8\xef\xff\xd6\x93-p8\x8a\xa6\xaa\x8b\xfa\x9bM\
Ik\x19\xec\xe8\xa2S\xbf\xf2_\x9b\xd2\xc5\xb0z\xe5\
\x05\xfbK\x8c+\xb5(\xfb\xba\x14\x9f\x18 \xb5\xc7n\
\xb9\xce\xa3\xaa\x87T\xb1\xa7\xa5+[r\xb2\x02\xaa\xd6\
\x98\xa9\xdfY@zO\xf2\x0fg\xab\x96\x93\x1cD\xf4\
\x1b\xec\x15$Mn~Z\x94{A\xa7E\xd8\xe6\xe1\
\x19\xa9\xcf.\x9d\x88s\xe9#\xffI\x9eR\xf9B\x97\
$(\x09O)\xf6\xd9*`\xeb\xb9\xa4\xc5\x04\xa8u\
\x03\xeb\x03Q\xbc>W\x9b5\xd7z\x1c\x00\xc7\xe7+\
\xb3\x96\xc54.+3\xdaL\x1d3[\xfcE:\xe8\
\xe9n\x93E\xc9|\x17sy\x1f\xce\x99\xd88\x9e\x9c\
\x86\x18\xff\xaf\xfa\xc4\x1a2\x87\xf8\x89},\xb6\xf1\xb0\
p\xec[\xb4I\xb6\x88\xec\xe7\xb1\xad\xd1\xb9l\xab\xa1\
\x90\x22E\xfb\x82\xa9mK,\xa1\x90/\x02I\x9c\x8e\
\xba'5`)\xce\x17l\xca\xe6Z;\x9e\x94\xf0\xa5\
\x18_\xf0\x0f\xa25(\xdb*\x22\xbc?g\x00\x07\x1a\
\x18\xa8Mo\xc8\xa6\xb8\xe9\xd7\xa7\xea\x9e\x17\x9e}\xa3\
\xf8\xdf\xcb\x85]*\xffw\xa3\x8aH\xaf\x10^\xb8\xfa\
\x1f[\xf5\xd2\xd4\x99I\x173)1\x0aay\xaem\
R\xd0,\x99EiHe\x1a76\xa6\x9ez\xfe\xe9\
\xc6\xa7\x96?\xd7\xf8T\xe3S\xcbV\xfcP\xfc\x1f\x7f\
\xa8\xcd\x7f\xe7P\xff\x9b\x18\xd4\x0a1\xb8\x7fe\x06\xb7\
\xa4\xca\xe0\xfe\xdb\x8a\x15O\xfd+;\xaa\xe7\x12F\x95\
f<\x16\xed\x7f\xda\xeb\xec\x11\xa7\xef\xb4qY\xa4K\
\xda\x18\xde\xb9\xc9\xdd\xb9x\xa5\x10\xd8\xf9U\xbf\xde\x8f\
\xbcA\x82\x93\x22'\xaa\xadM\x18s\xc5Z?\xe2\x9f\
\xeeb\xfc\xe1\xbdd\xff{\x1c\xe8?m\xe8\xe6a\xfb\
\x19\x98?\x99\xf0\x9f\xb0\xefb\xee2\xf5\xbfU\xf6\x02\
\x99\x16\xd2\x9d\x9d\xf9\xcdbW\x16\xd2\xb9\x8d\xe1\x17)\
$\xbc\x91\x9fh\xfd\xba\xf7\xd4\xf3\xce\x9b\xe8\x9c\xebW\
\xdd\x5c6a\x1c\x161\xe4\x1c\x8f\xb3E\xbd\xcff\xf4\
/S\x8a\x1d]\xbf\xd3r5\xc6g\x9c\xcd\xa5R\xc3\
=E\xc5\xf1\x94N\xe5\xc0\xf9l\xc9\x946\x0b\x9f3\
\xf5\x94\x1a\xec\xf2\x1f\xfe\xf0\x99\x1fr\xc7l\xdc\xa8\xee\
n\x0c)g\x0c5t-\xedC\xae\x98\xe8\x1bM|\
\x09\xd12\xf7\xf7w\x01J\x9f\x87-V\x05\xa2\xbf\x12\
tQ\xc2l\x86)\xa9\xfc\x0a\xc8\xbaE\xba\xfbR\xa1\
'\xd7*\xaf\x9f\x9a\x80u\x8b\xbc\xc1\xc4x<\xd6\xdf\
\xc1n\xa8\xcb\x13\xfa\xeb\xb6\xcd\xbc\xfa\xdc\xf1q\xb7W\
T\x05\x0c\x8d\xba\xcdW=\xe4{\x8aN\xe4\xed\x95L\
{\x89!2m\x0a\xab\x1em8\xb3\xc9\x143\xf2#\
\x0c\xcb%\x8d\x0d\x91\xf8\xa5\xe7\xdb\x86\xc1\xacX\x91P\
r\xc7u\x94\xd4\xf8\x83\xb6\xf1\x15\x89\x86t\x8f\xc3\xa7\
\xf1\x8fM=!\x93\xc6\x1c\xfd3&F|\x9f|\x80\
\x0d\x12/0OU\xb3\xf6{$[s\xec \x17\x99\
vj\xa3\xae\xf8\xb6l\xaf\x0as\x05\xbcx\xd1\xf1 \
z\x8a\x1d\xfc\x8b\x83\xce\xcc\xcbj\xea\x9d\x17/v\xa4\
^\xce\x14b^\x1c\xaa\x0d\xaa\xbcx\xb1#\xe1\xc5\xef\
\xaf\xfb\x0dR\xf6f\x9dZ\xf1o\xfc\xa6'-i-\
\xc2\x97j\x06\xb7\xc0\xbeT\xb3\xb0\xfeC\xb7\x08\x7fF\
Y\x14\xe4\x0f\xb7\x84\x99\x81f\xa4\xab\xd8\xa4^\xde\xfe\
\xfe\xde\xe6Lk~S\xa6\xb0%\x1cs3+W\xf0\
\x8d\xe6L\xbb0\x0c:BT\x0c\xfc\xbe\x87\x10\xb8\xeb\
P\x81\x8e\xfd\xd0\xdc\xa6\x05/\xf4\xa8\x13 \xadbx\
$\x8e\x9f0\xdfO\x891\xf4(B\xf7R^2\x81\
\xe40\x1b\xaa\x90\x09=\xb9b\xba\x1d\xac\xac\xf8\xfd\xf2\
s5Z\x1dZ\xfd{h\xcaR\xcd\x19\x19j\xad\x9d\
\x98l\xae\xea\xbaK\x1dx:\x10F=\xe0\x7fj\xce\
t\xe5K2\xe8\x15:\xc2?7\xcfnr\xe8\xf2B\
\x961w\xe0\x86s\x8c\x0e\xbbK|w\x97\xf0\x14\xc7\
\xad\x08\xc6\xc2\xb2\xb6f[Fk\xcb\xda\x9a3\x1c\x9e\
\xfa9\xfa\xe3\x18\x9boi\xddO\x13\xb2\xb4\x8f@\xc3\
\xc4|[\xfa\xd3\xd8$\xed/18[2Yt=\
1y\x05\x84\xd9hD\x12j'\x84\xfd~s\xa6X\
\x92\x89v9C\xf9Bv\xa3\xd4;\xa8J\x09\xbb\x98\
\x86\x89\x15\xd2\x1e\xee\xb5U\xb19\x87\x07!z\x9cZ\
'.\xb5Uq\x09\x87\xa7U\xb3Pa\x91\x0bx\xe3\
r&\x99\xc5-\xd0\xef4gJ=\x85\x9c&\x8c\xcb\
\xc9\x14\x16\xbf2W$\xf6\xd2\x1d\x5c\xe1\x5co\xdfu\
{\xeb\xd6W7\xdf#,*8\x93JtQ\x89\x13\
\xa9\xc4\x9d\x8a.!\xc0?63d\x00\xf5\xeag\x00\
\xc4\xa0\x0b5_Jsa4\xf2c\x1f\xbf\x8e<\x81\
y\xe5\xe7mV\xeb\xc4\xa7Zo\xa6a4\xe8BC\
\xdcS\xad\x9d\xf9\xd6w6g\x8b\x9aw\xbdy\x09w\
\xc6r8\x9eo4\x03\xc2\xcf\xff\xfd\xffe\x14Nh\
YU7\x16\xb2\xda\x22\xaa\x16\x15l]/\xc6\xd9\xac\
\xe8`\x7f[\xf7\xb6\xd2\x1a\xd8 \xee>m6\xdau\
\xaf\xa5\x8a\x0a\x04_D%d\x5cI\x9c<\x9e\x8f\x94\
\xf1\x08N\xf0\x0c\x96\xcbh(Z\x9c\xce\xca&\xd4\x8d\
\xb1\x99Nm\xdes\x08\xc8\xd6\xf5\xab\x9bW7\xfd\xf6\
\xed\xa6U\x1b^N\x95\xf7\xed\x8a.\x9d\xa8\x9c\xd8Y\
>\xb2kj\xf2\x9aT\x93\xb9x,\x1a=_\x1e<\
\x02\xca2\xa0a\x03\xe1\xe2\xa9;\x97\xca\x17?\x12\x7f\
*\x8f\xf7\xcf\x1c?3}Y\x8b\xb1\x0c\x1d\x9b\xd95\
\x14\x1d<\x10+\x17w\xbf\x98\xbb4\x1e\xb1\xab\xc8\x99\
\xf0\x8d\xf5iqd\xaeb\x12\xef\xce\xefI6`\x16\
>\xc1$\x01\x9e \x0f\xd5\xeaR<\xa4\x9a\xab\xe6O\
\xbcLZ\xd6\xbbW\xfb\x0e\xba\xcaN\x9f\x18\xb51P\
.T\xfd\xca\x0d-=\x08Yq'O\x91*\x14\x94\
\x8f8\xc3\xc8\x1bq-7\x05}?4\x9dO\xada\
\xf3\xd0\xb6\x91D\x1c\x92l\xa4-!\xb4\xb6\x9e\xf56\
^g\xb2\x83\xdf\xb2\x04v\xa9\xd7\xd9\xa4\xe0\xe2\x98\xd6\
\xe8\xcd\xe2^\xe9\x0f\x926\xe1\x06a\xee\xf6E1\xcd\
va=&\xd22[\xeb\x984\xda\x95)\xa5%\xeb\
r\x98\x08'\x9cVw\xb1\xce\xfe\x19\xd8\xae\xaa\xae\xb4\
\xa7\x83\xf6\xb3\xea0\xd3&s\x22\x81\xa4\xee#\x9b\xcb\
J\xeb9\xbe\x97'\xbc^\xf2$%\x16\xc7\x0d\xf2\x10\
\xb6\x9eWY\xb18~\x909*_\xa5\xe9\xb6]\xef\
\xe3\xbe\xf5\x8a\xa0\x84\xf19\x16xY.O\xd3\xc7\xba\
\x05\xeb\x95ae\xa4zBH\x04\xdf\x0e\xad\xfe\x84\x8d\
\xe3(\xe6XH\x04i\x1f\xaa:\xc56B\xd1\x9c\xf0\
nw\xfbZ\xe3)<\xd8\xad\x1a\xf0\xc8\xd9\xbb\x1d\xfb\
Cr\xca\x94\xda\xb9\x86=\x8e\xdb&\xb4\xc7\x97\x82\xb7\
\xf2=\xb7\x07\xb1\xfd\x97\xf4\xbbp\x9e\xdc\x1a\xafY>\
o\xedZa\xf1\xaf\xf4\x18vIR\xd8h\x8f\xc5\xbe\
\xd7O\xbd\x01\xa4\x03k\x1b\xde\xae\xc5\xe1\xac\x0f\xf9\xe8\
\xbf\x87]\xa7\xb5\xd9-^\xb8\x05(\xeaYB\xfa\x7f\
g\xfa-\x11\xcb\x0f\xdaop\xdc\xac\x06sE\x17\x13\
v\x10\x8c\xd77}\xb2(\x8a\xa6\x9ce\xb2/~f\
\xc6\xad.\x019\xd6\x06\xf0\xbf\x1a$[a\xd1\xd9w\
\xe2\x9d\xb49\x94-\xa5:\x84\x8f\xdd\x18R\xc0\xf8\xef\
\x953\xa4tY&_\x0c\x11\xc2vc\xea\xdby\xb6\
,\x87\xfe\x5c/\xd5c\xce\xa5\xf29I\xb1\xa8\xe7\xbc\
%#1E0\xef\x8a\xf9\xb0\x96\x99\xa7h{\xd7\xcb\
\xa2\x11k\x7f\xcci\xf5\x1d\xf4\x5c\xd3Dc\xad\x8c\x98\
z\xe6\x01{\x8f\xbe\x1a\x84\xb2\xf5\xeb\xa4\x0bj\xca!\
%Y\x9d)s\xbd\x1ak'V\x0d\xca\xbb\xbf\x0b\x8d\
1\xdbk\xfd\xfa\x8eLgg*:tkj2\x10\
C)\x91&\x1a\xd42\xdb\x82i\xe1.F\xcf\xa4\x81\
\x84\xc6u\x06\x0d\x99F\x88\x9e\x1e\xd8\x82\x19\x15\x18\x06\
\x8cJ\xdeL]\xde!%\xf8\xa1\x1a\xda\x7f\xf4m\xab\
|1Y\x99<\x05\x9a(\xf2\xbf*\x22\x8b\xe9[\x9f\
FC\x87\xa4p\xe2\xf9\xb1\xf2\xdeS\xd1\xf1\xf3\xd1\xf5\
\x8f\xa3\xfe\xeb!Pg\xbd\xbal7{\x11\x0a\x9e\x08\
a\xce\xfa\x8e\xfcf\x8c7\xc4\xb0!\xd0\x06]\xb0\x9f\
\xa9\xb2\x0d\x1aD4\x9f\xaa\xb4-ru\xbe\xb6\xc1\x1e\
\xb5\xcc\xa4_B\xc5f\xbe\x09\xcd\xf4\xe4R\x9d\xf9\x8d\
\x0c\xd6k\xbd'3\xf5\x8f\xeb\x19}\xa9z\xf1\xb3.\
\x14\xe9\xb0\xe7\xf2=\xeb\xbb\x84\x9f\xc5D|\xd6#_\
I\x92\xf0J1QGB\xc7\x86\xe0\x994\x82FC\
\x0d\xaa\xa7\xd6\xe7\xbb<e\x96\xa2+1!\xc3@\xe2\
/\xe9b\x8cTU\x83\xa3\xe2X\xab!4w}I\
*ZT\xb3\x83:<\x89H\x1eF\xd0\x8a\xa2\xc9\xae\
\x1c%W\xc5c\x85#6*o<\xc4\x8b=\x0b\x03\
\xeb&\xe0\x83\xd6|\xa7\x9c\x1e\x99\xca\xb7%:JJ\
bcO\x81E\x94-\x22\xc3\xd6\xfb\xaf\x8b\xdc\xa7\xf8\
\x22\xc4\xe4\x94\x9d\xcas\xb2K\xdd\x97\xb2\xf70\xbce\
\xcb.8\xc4\xc1?\xa9r5\x1ed\xf0\x04\xffl\x15\
\x97\xc8\xb6\x97\x94b\xa1\xd5v\x1dNu\xc5&\x12\x0d\
\xaa\xe9\xa3\xd9\x14\x0b\x94\xdeu@\x1d\xc6\xa6L\xcc\xe7\
\xe0\xdcE\x18L\xb7\xe7\xf8\xdf+\x1b\xecf<\xff7\
\xfdG\xf8/E\xceO\xb7$R?C\xcb']s\
\xb7AwM\xbe\xad\xca\xa2a\x1d\xa4\xfc\x0bTG2\
\x16q\xbd\x22\x22\xc0\x83\x9f\x9c\x1b[\x8a\xa5L\x17\xe7\
\x8d\xd1[\x22,\xa0#@\x07h\x22e\x0a\xd6\x8aa\
\xcag\x83#\xe2\xeeV_\xcf\xda\x90.l\xcc\x94\xb8\
\x02\xec\xdf\x9b`\x8a{S\x17H\x0cL\x1fK9\x06\
\xcb\xde\xcdBn\xba\xb0\x86\xd5N\xec\x93\x1b\xec\xfd\x5c\
P\xc11yL\xe5\x0c\xb8\xddF\x13%\xa1Mh\x1f\
5\x93q\xe6\x15\x82\xcfE\x04g=\xea\x1f\xfe\xa0m\
\xc3\xf8\x7f\x9b\xb3\x19\x97\xa8\xb1\xe57\xe7\x10-\x9cE\
\x96 r\xae\xb6ed\x95,\x83\x07\xda\xe0\x14Xb\
\xb5\xa2\xdd\xe6\x1b\xa0|RV\x0f\x86v\x87\xfb\xecZ\
\xb6V\xf4~la-_\x11\x9a\xf2\x1a\x89\xaf\xf0|\
`C\x95J\xcey\xaa\xa9\x9e\x04\xe5\xb2\xfa\x0d\xf9\x9e\
X\xd129\x92\x02\xa2AZ\x0c!\x0d\xd7\xcc\x03\x1b\
\x0a\xe9\xd6wZ$1\x0d\xdf\xd4\xbd\xba\x06\xc7^\xd3\
\xb2@%\xe4\x93T\x0a\x04\x96O\xf2\xb5\xe6\xb5a\xe5\
\xb9^6Z\xad\xc0&\xda\x01f$\xe7\xaa\xcd\x00\x01\
|,{\x87\xda\x9d\x19S\x92\x9as\x140t\xa9\x87\
\x8e\xe9Y\xab-g\x97\x19F'\x01\x8bmga\x95\
\x18\xadfcT\x14\x14\xd1\xc1\xc1\xf2\x17\x87\x85\xe7\xd0\
\x91\xe9\xcaH\xe9\xf6\xf1\xe1h\xa0?\xbatc\xe6\xe4\
\x07\x95\xbfLH\x83\xee/\x13\x92$\xe3\xfa\xe7\x95\x9b\
G\x18Q\xf1u\xe4\x1du\x099\x90u\x14\x9d\xf3\x9e\
\x02f(\xa0Co\xf3\x16H\xac\xd8\x1c\x80\x1c\xa9\xb0\
\x1e\xa3\x9bC\xa8{>\xbe\xa7|\xe4\xc6\xf4\xed\xf7\xa3\
\xfe\x8f+'v\x02oZ\xfc\x86\xd5\xa3\xfa\xfa\xe8;\
\x1e\x16#\xaa\x95\xbdcq\xc2\x0a\xe09<\xe6\x88\xd6\
\xabPx\x5cA%\xa4\x9c\xe3\x87\xbe&\x8e\xdd\x17\x82\
\x93\x94\x86uM\x22\x91\xf8\xa4.F(\x17\x83l\x0a\
Q5\x16|\x97F\xfb\xa9\x80\xe6g1\xf0\xca\xec9\
\xfc\xcb\xd7\xd6\xbf\x80\xda\x8e@U\x17\x1d<P\xd9~\
#\xda5\x09z\xea\x7f\xbb9\x82\xc2\xf7\xa0\xff8\xf6\
I4p<e\xd8\xf1\xa2\xa1=\xe0V0\xf1\xe2\x06\
1\x019\x12\xcf\x06'\xcff\x17\xf9\x10\xd5\xdc\xd7r\
\xaahG8l*\x83\x18+\xc0\xc55n\x93\xaa\xb1\
1<\xdb\xbcJ\x91\xc6\x99F?e\xdb\xefFS!\
\xcd\x94\xa5\xf2\xaf\xf3=\xdb\x9fx\x13\x09\xa9O\x16\xfe\
Z\x1c\xd3\xaf\xc6'\x98\x1em|\x88\xf4 \xb1\x0a\xaa\
\xf90>\xc45ka\xb6!\xe5dR\x16\xf01\xdb\
\xa5\xc2\xdf\x1a\x8e\xc9\xf8\x14\xe0\x8f\xab\x0c\x80\x86\x89\xe3\
\xb1*\x0b\xbc\x8e!l\x1c\x8b_\xf9y\xd5N)\xcb\
hR\xc7)\xbfc \x12\x8d\xef\xfa\x11\xd5u\xb6J\
y\xc2\xfd\xaf\xe5\xb2\x09\xc5\x09\x0bD#E4\xbf\xf2\
\xa6N\xab\x15%\xdd\xed\xe8f\xbfV\x14VT^\x16\
g\xb5\xb6f\x8aEnQ%\xb4\x83J\x15=T\xa7\
\xc7k1\xb5\xb8\xd8\xc3$\xea^G\xb1\x03\xd7\x01\xf8\
\xc6\xeb\x99B\x91\xb1\xf0\xef\xd5\xa9\x05{\x8f\xbf\xcel\
\x81\xfb\xeb\xdeP\x1b,\xc8\xff\xbd\x91.p\xf9\xbfY\
\xe2\xf7@\x1eI\xca\x03\xde(d\xc3\xbcf\x93\xfde\
\x0dI\xa0\x16O\x18\x94\x09aY\xbe\x0c\xd5_\x90\x0b\
jA\xc1P\x1b\x8c\xf2\x874P\xf7[\x8c\xb5C\xc2\
0,y\x5c\xa9\x0c\x06\xaa\xdb\x0d\x89\xcc.\xbc ;\
\x90\xb77\x8d\x14j9O\x84\x84\x92\xaaQ\xa8v\x06\
\xafWw\xa1\xaf\xfem&]H\xf5\xe4L\x95\xdf\xca\
TQx7\xe2\x85Z\xb6\x08K<W\xeahH\xb5\
\xa5\xb7(\x1fH\xe9\x98\x00\x11\x1b\x00\xb9\xc5\x19P`\
\xf6\xc2cuo\xe1\x1d\xe6386\xd6\xfdIE_\
\xed\xc2\x9b\xf3\x96\xb8[ \x8f)\xd9\x1c\xff\x94\xed^\
\x12n\xad\xb7\x0c\x0c\x5c\x1a\xc9\x94\x07\xfc'vk\xbd\
%a\xe0ks\xc0\x00\xfe\x93pk\xd9F\xa0\x98\x88\
6\xb3\xd4n-\xd5\xcc\xab=%hgi\xb8Xm\
;Y\xba\x07\xd4sYF\xa7\xcc\xf9\xbd\x978\xff\x09\
\x95\x8b\xc1\x160O\xfe\x93%\xa1\xc3l\x9b\xca;J\
]\xf7\xaaG\xf3\xa1\x5c\xd7c\xfe#^\xffKI\xff\
\xdf\xd2\x8d\xe0\x00\x96.\x09\xe1\x81iG\xaa\xb9\xd1P\
w\xe7\x94#M\x89\x1a\x1a\xc5\xde_[\xf7b\xdd\x1b\
\x16\x1e\x98\x06\xd1\xe6\xc6\xacbyl\x04\xd2\x86\xc6\xd7\
\xd7\xbe\xf8F\x98P\xa3\x02\xc2.eR\xb5\x8a\x83\xef\
\x80f0\xb2\x1c%\x95\x1a,T\xaa\x1d\xd2\x9a\xefP\
[\x12\xe2-\x96\xf8\xd2%\xca\x9b\xd3\xd6\xd3\xd5\xdd\x91\
Iw\xa7\xda\x0b\x99\x7f\xeb\xe1\xf8\xf2\xe6\x07\x0d\xbe\xad\
\x1b\xb4\x01J\xdd\xcc\xdb\xb2\x99\xf0h\x0bi\x10\xff+\
Kz8\x8fa\xcdU\xc1P\xeb\xad\x19\xa6\xdc\xce\xfc\
\xc6\xd0\xed\xb7\x22 .\xdf\xb8o\x97\x17\x11\x86\xdb\xea\
P\x9bR\xd9\x10}\x04\x11)\x1a{Nf\xa4\x18H\
\xd1qt*\x93\xef\x97?\xd8\x19\xed;\x02\xbc\x7fR\
\xe8\xa6\xeff\x08I\x89\x1b`\x0b\x91#\xcc\xaaX=\
\x85g\xa4\xd40\xbb\x9d\x0c\xe4\xf7\x9cA\x08\xa3\x1eP\
\x12\xd1\xd0\xb1\xa8\x7fGerg\xed\x93Ci\xef\xb3\
d\xb5\xa7\x91?\x0dj\x95\xa9rK\xd2\xe4<\xe6\x8f\
KK\xc4\xc8\x09\x11\xdeL\xd4?\x1e\xa6j\xe3W\xe8\
}\xb1\x0bs\xb1\xaa\xe0/)\xcd\xaa\x15uO\xd6=\
\x99ZD\x98\xf9e4\x0d\xff\xd5\xee\xa2\x8eR\xa9\xbb\
\xb8\xe2\xc9'\xff\xdawV)\xb5\xa4\xbb\xbb\xe1\xbf\x85\
!\x10\xe4<\xd7\x94\x8f\xbehZ6\xa7\x82\x81\x5c\x08\
\xf0~eq\xe6\x10hA\x10&]\xd9\x5cO)\xc3\
\xa0\xef\xba,\xd3\x8c\x0d\xb0u)n\x99\xb0\xf1n\xbe\
\x04\xb2\x9b/\x81|D\xed[p\xf1\xdf\xc6\xc4\xc2\xdb\
\x01\x88\xe1\xfe\xee\x8e|.\xf3\xb6\xd8Ros\xf0\x85\
9\x0a\xc3\xb9I5\xe1?z_1\xbd)\xc3>u\
?\x92b\xe7\xbd\xa4\xd37\x8aR\x01\xad\xad\xc8\xf5\x92\
A\xf4P'\x14/\x90^2\x85l\xba3\xd7\xd3\x15\
\xf6\xe2\xd0y\xdb^\x90\xb9;<\xce`\xe7g\x88\xd8\
\x8fR\xb4\xa2\xb8\x95R\xa1'\x03R>\xe9\xcePx\
\xf9~Ll\x05\xa6\xddf\xde\xb4[.\x8euz\x8b\
\xf4\xa2\xa9\x9a\x84\xeb\xa45\x9c\xff\xb2\x15n\x95\xde\xbf\
\xdd\x1c\x9c\xba5*c\x15\x13\x07\xa2\xeb\x9f\xcf\xf4\xed\
\xd6%\xb4\xbbC\xb7u\xab\xca\x9e\xc2N\xedU\x08\x04\
z\xcb\xf1\x06\xe0\xdc\xad-\x05q\xa1\xf5\xa6V\xc1\xad\
\x96\xe2\xebp\xdf\x14\x8d\xebHP\xabj\xfc:\x03;\
X\xecD\x8c\x0aV\x8a>\xd6H\xb4\xaf\xbch\xab\x8c\
L\xb6\xf6\xa6\xfe\xc7\xf5\xd4\xcc\xe4\xb1\xe9Kg\xc4\xbb\
\x97G/DCG\xa2\xdbG\xa3\xc1\xa3\xd3c\xe7\x99\
\xb7\xce\xe1\xc0\x944\xad\x1a\x98;\xa7~\xee\xf9\xba\xba\
r\xfd/\xd1\xcb&\xbd\xd2\x18p\xb2\x01i\xbb\xa4\x7f\
*\x86\xdb\x93+\xf5\xa6L\xe9r4z\xbe2qG\
\x0e\x7f\xab\xcel\xa9\xbf\xc2g\x9b\x1a\x9f(\xbf\xbf_\
~\xcb\x91K\xe5\xd3\xc1\xfc\xbe\x1b\xbc\x06C\xd0\x8f0\
MkE\xacT\xafg\xd5\x08\xbbT\xf0\x04*\x1c\x8a\
\xa8<\x9fIf1\xb4\xd9W\xfaB\x10Q9\xf3\xd9\
\xf4\xd5\x8f%\x1bk\xff\xb5\xa9[\xc7g\x0e\x8fF;\
\x86*\x93\xe7*\x93\x17\x81\xfe\x8a\x89\x9d\xc8u\xd2\xa6\
&\xde\x02\x14\xf4\x16\x98\x85^\xad\xbf\x06\xc0\xd1\xf4\x0a\
_\xc4\xb9S\xc0r-\xf5\xb4\x19\xe7\x0f\xb6\xb6e\x00\
\x95 \xf7\xc7,\xb8\x02\xc5\x06\xf9\xdb\xcd\x13[u\x15\
\xcc\xdb\xc2\xd7-\x8a\xbf\x86\xb0\x99\xad\xce\xf2x[m\
\x8c^\xe4\xaf\xa5\x9a\x90)\x8c7\xea\x18\x82]\xa7\xdf\
\xdd\x0a\x0e\xd1\xdb\xd96\xb9;+g'\xc5W\x9f\xba\
yb\xfa\xf2IfyN\xb0\xc2\xcdp\xeb\x15\x90\x09\
\x8eR\x9f\xeb\x85\xd7\xad\xee\xb8\x14\xa6!\xdcQ\xf7\x22\
v\xb3C\xad\x8dw\x10\xdcQ\x8cY3\xae\x9e\x9fC\
X\xae\xfe\xd6\xa3\xd6\x0f \xab\xffD\x80\x0ave\xac\
\xc17\xee\x95\x5cp_\x1c.\x9f\xfax\xfa\xf2\x87b\
UG\x97vO\x7f\xd4\x1fM\x0c\xab\xd9\x97\x18\xcd\xf2\
G}\xf2\xafj\xf5\x88\xdb\x1f\xf8\xcf\xcb\x07\x06\xcb'\
w\xf8\x13s\x96\x9d\x18\x1b\xe2(\x19h,G0\x03\
\x13\x944=/z\x15\x8b\x96\x1a#\xae\xd43\x19\xb8\
\xba\xca\x9d\x84\xe9\x03\xd7\xe5\xc1\xb4{\xbf\xdc\xe0d\x06\
 \x98\x0c\xfcr\xcaJ\xdco\x90\xa9\xfe\x0c\xf4U]\
\x1a\xf1cfM\x95\xc4\xf9\xd8\x80m\xa6\x157U\xd6\
\xf9\xc0Or\xeff\xde\x01T_\xe0\xf5\xf87\xd9i\
B\xd3%'y\xa7\xbf\x92Kv\xc8-\xf8\xf8q\xfb\
\xca\x00Y'A\xc1}\xa9\x1f\x9a\xb7\x11\x97\x87Z\xa2\
p\xe4\xd2\xcf$\x99\x00a\xf5\xc6}\x9d\xed\x01\x91D\
\xdc\x9c\xb7\xab\x95\xd9\xc5\x8c\x1fr|\x19\xe7\xed\xe1Y\
\xc0'\xa6T!\x91=\x08J1\xdf\xc7\xbc\xd1\xf4\x9d\
\xe1h\xe4\x03\x99\xaa\xd0\x9fE\x1e\x7f\xfbn\xcc\xf4\xef\
7\xdf\xa7|\xe4\x0a|\xc0\xd0M\xf4\xc7\x07\x07\xafc\
\xa7Xp\x80\xeeS\x9e\xabh\x8c\x84lz\x5c\x8bk\
\x99\xef{\x1d\x1d]\x12u\xc3c\xd7\x9a\x15\xbduK\
\xf0\x97\xa50\x05\x8c\xb7v\x9b\xf8\x1e\xbd\xe4\x0e\xb6c\
4\xe7\x91\xba\x807A \xaf7\xb5XY\x15\xbdK\
\xe4\xbf\x96L\xf2X\xdc\xd0m\xef0\x05m[\xf1V\
\x92\x86@o\xdc\xb0m\xacqkg\xba%\xd3\xd9\xeb\
\xf4X\x0d\x15\x9af\xcb\x90 \x10@:\xb7\x0e\x0cv\
23\xda7}v\x1b\x10\xa6\xf0&\xda\xd3\xa2\x85.\
3\x97+q\xc6Z14l\xff\xc5\x90Z\x92^\x1e\
\xde*\x93\xd5b\x1eG\xb6\x16[\xf3\xdd\xf8\x9f\x94\x1c\
`o\xe8(m\xc5\xaf\x07\xc6\xbboQ\xce\xda*\xe6\
\xbd<\xba?\xda3\x16\xea\xebnu\xe8H{\x89A\
\x06t\x84\xf6_\xda\xd5\x0d\xd8\xab\xa0\xa6Mb\x12\xf5\
\xbf\x83R\x9c\xa6\x86\xeeU\x98Q)\xc6B\xd0E[\
\xbb\x0b\x99b\xa6\x04\x1fF\x0a\xcc\xc0\x7fj\xef.\xf6\
\xa6^jZ\xaf\xfeKK\xb6$\xe9\xa0{S\xbfn\
\xe9fr\xc0[]\xeb\x03\xb7\x0azBd\xe2\xbe\xb5\
\x15M\x0d\xb9M\xa4K\xd4\x1b\x06\x00\xf4\xa4\x17\x88\xb1\
\xa9)\x83}\x885\x9d\x11]\xc7\xd2K\xdc\x82\xa2\x84\
\xecH\xc3rz\xd7\x17\xe2\x8d\x10l\x8do*\xebU\
z\xc3\x04\x86\xf7\xd1\x85\x1dF\xd5\xb0W\x04\x07\xd7\xdb\
\xe6\xa8\xb3=\x7fO\xaf\x86Y\xda\xff8a\xec \xe1\
\x173i\xa8U\xca\xb2\xc8\x9b\xc3\xb2\xd53\xb1\xfd+\
\x8bb\x0dI\xd5\xf5\xd6\xa2\x82\x8c\xf4\xa6\xa6\xc6\xf7N\
\xef\xba\x10\xed9\x0f{ \xc4\x9d\xfe]\x1d\xaa\xb3H\
\x8b\x80way\x0b\xa4\xbd\xad\xe9\xb70n0\xd2S\
9p~z\xffA\xc6\x02\x5c&\xba\xd2\xb1\xf9^\x15\
\xf2\xf6-\xfd8\x1a\xbe\x87\xb7\xcaX|\xaf4\xc0\x95\
\x0b\x91\x22\x16\xba\xdf\xcb\x86\xbb$\x00M\xd5\xfd\x19)\
u\xf5\xba`\x88@-\xb1\xae!\xd8\x84P\x97\xfc\xfa\
X\xbc\x97\xfas\x0aXp\xcd\xbf=\xdd\x1b~\x9b\xb0\
^\x10\x06\xc0\x0d\x8c&\xb7\x8a8a.?)\x8b\x09\
6\x95\x85bD\xa6\xb4\x10\xf3]\xc5\x06C\x02\xcac\
\x82\x9fcF\xb8X\xd9\x9ci\xb4#\xdb\xd8i\x5cB\
6\x88\xee\x7f\xb1\xf8Z`\xf3\x92ib\xc46\xc3\x1e\
\x01zk\xe5\xeb\xbei\xda\xec\xc8tv\x87\x99\x00\x8e\
\x11*\x04[\xce\xb6\xf4O,\x94r\xd1]\xf2h\x7f\
\xbb\x06\x02\xed\xa7\x996\xc3/\xcd\xf3W}\xc7\xb4o\
\xbeb\x0co\xd5\x1a,\x11\xf0\xc9\xe2!z\xc9}\xd1\
\xe0\xfbQ\xbe2\xddo\xb4\xfft\xf9\xf2\xb0\xd8\xd3\xba\
\x7f\xb1\xab\x95V\xe4\xe1\xa9[\xfb\xa5\xfa\xf7\xf1\xdb\xd1\
\xe0\x80\xf8\x09\xe3\xff\xd6\xf2Y\xef\xd7\x1dM_\xbeZ\
>v\x80;\xb0\xdd&V0\x1c%mJ\xdd\xf2\xc9\
\xd8\x8a[\xb3\x1e\xb5m\xb4\xaf<x0\xb5\xec\xc9\xf8\
\xa2\xdbZ{\xf5\xe7\xf0\xc9\xd8cc\x11;\x06=\x82\
'\xe3\x8e\x8b\x85\xac\xa9x=\xe6\x06\xfe\xb65\xf6\xe4\
%\xc8\xde\xc1\x0f\xf8\x8c\x156\xca85\xbegj\xbc\
oj\xfcB\x98\x98x\x0d\x15\x94\xddD?\x81\x91\xc9\
go\x9e\x86\xa4_\xa8N\xee\x93dt\x22\xd4J\xbb\
\xed\xf4L\x09\xed\xe2ndds1\xe7v\x97,\x93\
\xe0\xa5O\xc7\xc0\xe3\xae\xec\x1e,\x8f~\xaa\x8e\x1b\x9c\
\x0b)\xa6s` \x1a\xfa\x5c%)F\x99{\xe9\x97\
5\x0d0\xe5\x0dnE\xa2E\xfc\xa83\xa8\x13;\xc3\
qq\xe0\xd9\xcd*N\x04(/\xbbK\xee\x91mM\
\x1e\x0a\x11KP=\x96w\x98'z\x94\x9f\xd9\xad\xc2\
\x19E\xa2\x8d\xaeY\x86x\xc9\x0e*\xd4\xc1WI\xbb\
\xa4\x9a\x08\xd27\x1a\x0e!\xfa\xdbUv\x90\xcf\xd9\xf3\
\xe5e\xf1B\x95;\x93\xe5\xa3\xd7\xca'\xb6G\xdbF\
\xa7\xaf\x9f\x9a91$\x0cm\x84-\x1d< |\xbb\
h\xf0Jy\xb4O\xf8p\xe5\xa3\x1fGw\x8e\x8ac\
gf\xd7\xae\x99\x91\x81\xe8\xdc\xde\xca\xe4 \x04\xdf8\
^v\x17\xf9%V\xf5^~U7\x18\x9d\xd3,\x09\
\x8f\xd2\xa2\xf3N5\x899G\xe2{\x8ehO|\xd7\
\xe8\xe0ea\xf2T\x86O1\x8a\x00\xf3\x08\x09\xb3\xa3\
 H\xb7\x8bl\x84\x7f\xfc-\x13B\xc8\x91f\xe2\x00\
\xf6\x10\x0a(\x9a*\x0a\x1d\x1cp\x1d+\xbf\xa6\xe2q\
\x18\x00N\xe8\x95\x81\xf2\xb1\xdb\x953\x13Q\xff\xf9\x99\
\x1d\xe7\xc1\xaa\x85I\x0f1\xc9t\x8d\x22l\x97\xae\xd3\
\xbd\xcc:](n'\x17\xdf\x9b2\xf6\xa5)\x90q\
\xe6f\xfa\xd6\xad\xe8\xd6\xe1\xe8\xb3\xa10\xa1\x136\xc5\
\x9eF\xb2\x09\xfe4\x9a\xcb\x87^\xe9\x82\xc10*\xcf\
\x1cm+\xb9V\x89\xc1\xbc`@G`!\xd9\xa4\xcd\
\xb7D;\xe5c\x97S\xa2\x81T\xe5\xfc\xdehb(\
t\x0c\xd68\x81\xde\x10e\xd8\xa3f'\xcf\x97\x14\xd9\
B\x01\x89\x9bT%A\xf0\xe9fN}1\xf3a\xf0\
\x15\xfeW\xa7\x92#M\x98O\xb3\x08,\xbd\xbb\xea\x8e\
vS\xbc\xa4\x99:t\xec\xb0\xcd\xad\xec@\xf4\x8b.\
R\xd8\xac~\x9f\x8bm\x17\xbc\x8d\xa2IPY\xf1!\
(\x12\x90G\xb1=I\xde\x9a\x1a?P\xee;7\xbd\
\xe3\x16\xae\xe5\x83\xfb\xc4\xa9\x02\xbbS\x9c\x18\xe5\xcf%\
\xb8\x15\xfe$\xfe}\xe6\xf0\x1dy\xc8\x88{\xe0\xe4\xa9\
\xf2\xe0\x11P\xc00\x7f\x95\xe4\xab7\xae\xc1?2\xf6\
\xcc,\xe1}\xa7!\x98CW\xda\xc73\xbb\xf6\xcf\x0c\
\x1f\x9f\xbe|\x99#\xd9\x81\xcbA\x0b\xc19ae\xba\
\xe2.\x88w\x88\xf6\x1d\x09\xb9\x0e\xc3\xdc\x99\x8d\x91\xe8\
h-\xc43\xdeQ\xf5\xd5\xdd^\x1a\xa4J\x9e\xcd\xba\
5\xc2\x98Km\x95\xc4$\xc2\xd64\x09\xb7\x91\xa9;\
'+\x87\x8f\xcb\xa4\xc7\xe4\x11\x9as\xe3dm4\xba\
\x80Q\xa0\xa3\xaf:\x19]\xbe9=x!\x8c3T\
Q\xb1\xa3s>9}v\x1b\xdf\xcc\xbdZj\x9a\x1e\
J\x933c_\x86\x9b\xf9E\x22k\x14#.D\xfa\
\x9c\xd8+\xce\x12a\xebF\xe3;\xc2\x8c\xa8m\xaaH\
\x88\x5c\xf1\xa1\xf2\xe1+\xe2\xda\x0f\xdd\xac\x17k\x90U\
\xa2\xf2S~!\xc2|l\xfe\xf2\xf0\xd4\xed\xbd\xd1\xc1\
\xc1\xe9Kc\xf2#ru\x09\xaf\xdfug\x9a\xcf\xb8\
\x03\xf3\x0c\x1a$\xe2<k\xa3\x01\xecP\xc09\x98\xba\
!\xef_\xf1\x9f98H\xf5AY\xa0F\xd2\x5c\xa4\
\xc2\x01\xa0.e\xcc\x8c\xbcTS\xe7m\xea\xec\xd5\xf1\
\xea\x9a?\x86\xd4'\xba-\xde\xfd\x0a\xdb\xf5\xd3u\xbf\
\xa9kvD\xe1\xe4-\xdf\x8d`\xef\xa2\x01\x95m5\
\xb9\xfd^\xfa\x9e\xfb*\x93W+\xa7\xb7\x89K;\x1a\
=\x9f\xda*\x13\xfd\xbd)a1M\xdf\xd9U\x1e=\
\x15n\xcc\xa4\xce\x88\xce\x81m\xf8\xfa\xe7|So\x1a\
\xbb\xc4o\xb2\x03\xd3\xc3N\xd3\xca\xc4\xfc\x85'_\xa7\
\xa9\x19\xa1\x10\x1b\x16Y#\xb1J\x82A\xd0X\xbe4\
\x97\x06\x0f2'\xf3\x5c\xa5P\xd9\xaa\xda\xce\xa8\xdc\xa5\
:\xf0\xe8F<T\xbe\xbc_\xd8Z\xc2\xfe\xf7\x1f\xfe\
3y\xb8\xe0\x10d\xcbWzC}\x8c6\xac\xc3\x96\
\xdf\xfd)\xcc!u\x98\x9b\x89\x96|Y\x9b;\x8d\x98\
O]z\xa2\xa1\xa84{g_\xfd\xa7t\x88\x10\xe0\
N\xbd\x91\xcd\xb5\xe57\x17SO=%]n\xa5|\
\x05\xe5\xc0P\xb2\x11]\xfa`z\xf7\xe7\xd3;\xf6\x95\
\x8f\x07W\xcfh`Z\xd8Z\x91n\xbc\x86iqf\
\x86\xa9\x1a\x89O\x0e\xfaW\x7f2\xb7X\x0f\x06\xc75\
\xfc\xc0\xa2|\x9e\x9f\x9a\xec\x17\x1b\x141\x03\xf0\x82\xc3\
\xe7\xcb\x83\xd7\xc5\x1d,\xfe\x03$\x101ux\xf9\x86\
LZ\x9d\xd8\x09\xa9+\xef}\xff\xe1\x89\xbaW\xa1\xed\
X\x87e\xab\xfa\x10@$\xde\xcb\xf2g\x81\x8d\x9c2\
yo\x8a\x1a(\x98\x8a\xe9\x9cA\x1bX&\xaeN\xcc\
\xf3\x97\xbc'\xba\x88\xd0\x945{\xec\xf8\xf4x\xac\xd0\
WF\xcdy\x87\xd9?/\xaa\x1d\xa5\x8bC4\x0e\xa9\
\x980\xf7`\x0d\xd3\xefH\x9df\xea\x84\xb5\xcb\xd9W\
\xf7\xbbp\xb3\xa6\xef\x1cJm\xed\xccveK\xbd\xa9\
\xe9\xb1}\xd1\x81S\xc2\xcd2\x8e\xd7\xf4\xb5\xfeh\xd7\
\x84,+979s\xfc\x8ct\xcb\x8e\x9e\x9b\xbet\
E\x18\xe9\xc2H\x107\xb1\xf8\xabhJR\x16\xc1W\
\xbc8\x22L\x05\xf0\xb7y\x968m\xfb\x87\x8b\xe2>\
\xc9\x93/\x8c\xff\xc1k!\x86\x8f}R\xc5E\xf5r\
\xd6\x88\xd8\xbc'k\x90\xf6 !Ti\x10\xf77q\
\xdd\xf5\x08T\xc9\xd6\xfe\xf2\xee\xf7\xa3\x9b}\x88\xf9\xb8\
p4\x1a\xfa(\xd4\x9f\xf2]\xc9\x12\xca\xb4H\xf6\xfa\
\x22\x01\xf7\x95B>\x02\xf2&+\x8d\x13j\xcf\x91\x1c\
\x9a@\x9a\x84I\xfa\x1c\x0d\x18\xd9k75+\xedh\
i\x02(\xa6\x18P]\x81\xfd\xd8@\xf2\xc50\x97\x16\
8Qp\x88\xe6\x8a\x06\x10Q%\x8b`f\xed\x0fj\
\xd6>\x8b\xde\x97i~\xe1\x9a\x03\xad\x82\x5c\x1e7\xfb\
\x84=\x8eg\xd6\x81S\xe2\x14W8\x9a/f\x8e^\
\x9c\xbayL\xa6\x9f\xef|2\xd3wJ\xf9\xf7\xf2\x98\
\x97!\x93/\xf7\x96\xb7}\x18\x9d\xd9\x9f\x94\xe6\xf8?\
\xc5d\x98\xb3^\x0dX\xef\xf8B\x8d\x93\xfc\x13LB\
\xe7\x90\xc3\xd2\x9dl:\xc9\xe1/\xed4/6\x06B\
8aKTo_e\xaa\xed>\xedI\x9e\xd8\xbf\xdd\
<Y\xde\xbdW\xcc\x927\xb7\xf6\xdfqz\x07\xc5R\
\xae\x5c\xdc=5q\x00f\x15B\xb9qs\x1e\x82T\
^\x22\xa7\xbe\xbe\xfa2N\x890\x9da\x1bF\xd2s\
\x08[\x22|S\x88Xl\xf1\x16\x17lY\x1dt\x85\
\xdf\xb6\x18\x22\x98v#\xd2P0DRr\xf3[\x83\
\xe6Wb\xd6\xca\xa3\x9f\x96?\x1dC}B\x15k\x91\
\xb3\xa6fG\x1aLdmE\xfd7\xa3K7\xa6\xc6\
\x87\xcb#W\xc5|I\x1e6\xc5\xb7V>r\x83\x11\
0\xffi\xc0\xcahQJ\x16\x02\x91&\x97~\x0f\x22\
\xd1]\x1a\xa5\x87\xa7&\x0f\x88\x9boj\x12C\x150\
\xff\xec\x0dW\xb7\x07\x8b\x91\x5c\x08\xc8\xd7{\xab\xeb\x91\
\xd7\xea4.\x13\xe3/\xef\xee3^a\xb4\x7f|\xfa\
\xd6\xad\xda\xafmaE\xadV'\xf5\x16t\xc1\xe4\xa0\
\xe4f*\x9a\xf3F\xc7\x19\xbf\xca\xf0\x1e\xf5\x87'\xe6\
v\xf0\xda\xf4\xe5=\xe5#\x17\xf9\xf0\xd6b'F\x92\
\xc58G\x8f\x09\xb2\x19\x163\x12{\x99\xfc8\xea?\
\x1f}6\x04\xd5\xb4\x10y\x08C\x07\x1b\xd4\x82}\xc7\
\x09RMNF{\x84\x9ft1\xba\xb3\x83#\xb0q\
\xf7\x16\xa7\xc0Y\x0fX;^z3l\x82\xc3\xbcb\
\x13\xbcW\xdf\x98\xd4DB\xb6\xf6!\xda(\x84\x0d\x98\
\xf3\xbb\x01\xd3\xd4\x1d\x86\xc8\xa9G\xadbm\xed8^\
\x06i\xfb\xd6\xe8t_\x7fy\xf8ry\xdf6\xe3/\
\x84E2n\xdb\x8b\xd52\xb3\xd0\xfeNZ\xae\x04-\
\xca4\xc1\xd0e1T&A\xf0yP\x1b\xbcI\xad\
V[\x1f\x9c6h<\x1dg\xe7A\x86\xf9X&\xa5\
\xb8\xea\xe1\xb8:\xe0\x10\xbeHk\x8b\xed\xf5\xb1\x1en\
\xde\x94*\x12\x060\xeb\x8dkQ\xff\xb6\xe9K\xe3\xf0\
\x81d,\xfe\xc4N\x0aP\x94\x81\xb3\xc1#\x88\xdf\x83\
\xcaa\xf5W\xa8\x17f\x1c\xb0\x0b\xa68\xd1\xf7\x97\xb4\
o\xd5\xe0\x1cN\xe9\x18\x7f(\x85\xf9\x02\xcdE\x95&\
\xdc\xaf\x9d\xa6\xcd\x92A\xd8\xe9R~\x17\xd8)\xf7\x99\
\x8d6\xc2\x17\xe9VG$\xa5C|\x01\xe7E{Y\
\xe8\x80\x9d<8}UF\x0e\xa3\x89\xc3\xc2\xbb\x9a9\
1$\xc3G\x1f\x1e\x93dKc\xfbfN~\x18}\
\xb4\xad21.\xebL\xc2p\xdd#f\x1a\x18\xa3\xcd\
\x16\x85QSH\x86\x87\xc3\xd0\x94\xbf\xdaZ\x10\xafH\
\xbe0]\xbe\xaa9\xf5m\xe0\x03\x87\x86\xb3\x0b\xbc\xd2\
\xc1\x9d<\xde\x9e\xfa\x16\xf3\xe1\xe2.\xe3\xb5\xf67\xb4\
\x1d#9\x05\xdeu\x0e\xdc\xe58\x943\xfb\xe5\x8e\x1f\
\x1b\xa0\x9aV2\xdcz\xe6\x84A\x88\xe3\xf5\xaa`\xe0\
\xfep;\xcd4\xf2\x8cc\xbe\xd9\xd1\xe2\xac\x9f\xbcc\
\xa2\xc4\xc5\xb4\xbb\xf1\x02\xb4\xfb\xe4\x19\x1c<(L\x93\
\x90\xf2\xcc\xd8\x97\x95\xc9C\xc0\xce\x8a;F\x1do\xcc\
>x\xdd\x8c|\x8b\x1a\x13\x94$\xeb\x0a\x94\xc7\xd5\x88\
j\xdb\xcdEC\xad\xe0\xb0\x95\xc2\x18\x85]W\x1e\x9d\
\x90F\x0a\xd9\x9c\xe5\xdd\x9f\x94\x87\x86\xa2\xe3\xe7\xc3\x9c\
\xcd\xab8Mi\x14\xd1\xa2<\x81\xf5\xd0de\xf8\xcb\
\xf2g\xa7\xc3\xa0\xac~\x9fn\xe5\xfcZ\xbf\xc9?\x96\
gC33\xfd\xf2\xcag\x0e\xe4\xe5\xc1\x9avO\x83\
j\xed?\xe4\xb5\xcf/\xf4?\x04+\xc7\xa9X`m\
\x87Z\xb8\xedB\x02\x8d\xa58\x9e\xb1k6cvz\
H^\xe6{oK\xd7W|\x9b\x84\x12\x87{5+\
%\x89R+\xf7\x99\xe3G\xd3\xf4\x95q\x02\x8b\xf5\xf0\
\xe8\xd4\xad\xfd\x95[\x97\x92\xa8j\x93rn\xe8\xbcs\
9\xb7\xb9\xa4\x09\x82X\xf4\x1f\x06\xa5\xf4p\x05Q\xaa\
\x5c\x8b\xe1\x0e\x9b\x99\x83\xcd\x80`9\xdbX\x8d#\x99\
\xf9P\xeeS.uY2\x15\xd6\xf2^x\xc7\xb1\x83\
\xee\x9c\x14\x06E4|ff\xe0\xbdp\x12\xd7\x22\x0a\
\x90^\xf4\xfe\x92\x98\x0d0\xe4hh\x8f\xb0\x09\xc5\xa5\
\xea\xb7\xd2\xad\xea\x14\xb4\xb8\x8f\xbb\xe4h\xe5\x90\xcbh\
\xd0\xee\xd0\x5cz\xf2\xa8\x1e\xfc\xdb\xf9\xb8\xe4\x5c~B\
\x12F\x0f\xdf(\x0f^\x88Fn\xffG\xdf6\xf8\xce\
\xc2\x17\x84\xe2\xa2\xa4\xf5s\xaf\xa6\xe7\xb2+\x15\x12d\
I\xech\xbff*\xfa\xbe\x09\x8f\xa5~\xcd\x16\xf6\xc5\
\x13\x87\xdd\x07\xcf\x89\x9d\x15\xffL\xca\xa3\x8f\xad\x87g\
 \x9d\x1d\xa6\x1d\xecc\x5cDH\xbb\xa9mu\x7f4\
\xa9\x07\x8f\xee\xd1rY`G\x07\x0f\x08\xd3Q\x1c\xc3\
\xe5\xc3W!L\x04\x84\x8dw\xcb \xa7\xc7\xad\x8a\x8d\
B\xf2\x1d\xfb0]\x0c\xfc[\xd0\x8a\xf0\xf5\xea6\x94\
\x0c\x02?px\xf0\xad\x09\xbc\x04;\xfel(\xbaq\
\x18\xde@\x98\xc3\xaad|}G\xb6\xbd\xf4\x03\xe0\xbe\
g,\xe3?8\x1f!\x87D$\x9d\xca\x87\xcb$\x84\
)5\xe5\xe5\xe3\x0c\xdb\xa8s\xbf\xdbE\x8cc\x94\xc6\
\xab\xf2\xe0\xd5E\x1d\xed9%.j\xeff\x0ew\x9e\
\x1d\xa4\x8e\xf2\xf2\xc9g\xfd\x0a6\x99JU]7z\
\xa6fV\xb1@u\xaaC\x05.\x13\x1fg\xf1c\x1c\
4\x18\x15\xca\xe7\x04\xa3BF\x16U\xecUX\x17\xc2\
\xaa\x94\xf5\xc1\xd7?\x07\x14\x86\xba\xd79\xef\xf4\x11\xf2\
\x1a\x09g\xb9\xee\x92;\xcb_\x22M\xc0\xb9b\xcbF\
\xe2\xb6\x03C\x09k]l\xe8L\x18wP:R\xbe\
x\x06>\x84x\x09XGa\xde3\xe4+t\xeb\xf0\
\x9c\xf3\xc3^\x1b\x16\xf9\x8d}^\xfc(\x1a=\x8f\xc1\
\x9d\x13;\xf1`I\xc1\xfd\x91\xb4\xe9\xe3\x96\xa4\xbb\xa9\
\xe2'\xf8Q\xb7\xff\x11\xe8\x1f\xf6\x0e\x1f\xb8\x9e\xe3\xf4\
\xee\xbe\x0d~.~\xd8\x8f8\x0ff\x8d\xe6\x88[\xec\
\x8bML_\xeb/\x1f\xbd\xc6Qz\xeb&\x92\x18\x1f\
\xeb)\x18\x22\xacj\x0aI\x1a\x83\xf1\x98\xbc\x98\xb6\xbb\
\x8a&\xd8\xd9\x85\xa9\x93\xa2q\xf3u\xb5D\xd1\xa4S\
6\xab\xdfP\x0e\xacVT\xa9\xcb\xa9'\x08O3\x1d\
*\xbc\xb5\x84*@8er\x7f4t\xb42r\xa8\
r\xf2#\xc8\x1d\x8ak.\xba\xdd_\x1e\xef\xaf\x1c\x1c\
\x00\xd8e\xd2,\x07[ \x98 vU\xdf\xef\xe6\xdb\
\x9c\xcb\x92\x89{=\x11\xa4\xe7\xb8\x8a\xdbn\xa7\x94c\
\x1e4e\xc2)\xb1A\xb5\xb9A\xe3\xaa)\xe7Ed\
C\xec\xc3\xa9j#\xf3\x9b\x81\x00[\x88a\xfbO\xcb\
?:\xfb\xf0\xae\xb2\x84\xaa\x12\xc3\x86g\x18Bj'\
@\x93t\xea\xa9\xf0\x89\xecM\x1d\xec\xd5]\xda\xaf\xab\
\xe7\x87\xa0g\xe8\xc4\x1c\xb6\xa1e\xb4\x1a\x99\xf66\x06\
\xd6T\x7f\xbfp\xf5\x18k\xaa\xc5\x8b\x11\xf8\xb1\x80v\
\x87[\x22d\xc4\xa6v\xa8\x95\x80\xa2\xe0%\xbb\x94\x9f\
\x8f\xfa\x07i\xf9\x96\x0c\xb7\x0c\xec\x87\xf9\x83/g\x98\
\xafe\x1c\xea\xceh\xe5\xfc^~^\xe7\x8a\x1b-)\
<{\x0f\xc4f9_\xc0M5P\xf3Q>\xc4\xac\
\xe9'\xbc\x87\x9e4\xe1\xa6\xf8\xa6\xe6@S\xa9'S\
\xe2?L\x8d\xefg\x9a\xdd\xa4\x96\xc6feD\x14]\
\xd0)C\xf3\xd8\x22NY\xc8\xeb\xc1\xf9\x98\xc5m\xd3\
\x80\xb0\x8aM\xe86X\xe7\x22KDm\x8a(\xf9C\
\x9d\xa6e`&C\xe0:\x95nki\xcc\xbc\x9bI\
E\x97\xc4\xa5~\xbd\xf2\xc9eH\x81b\x90`\xe4\xaa\
\xf0\xbb\xc3\xd5\xb6\x0a\xbf\x80\x7fd\xd5c\xd3\xecf\xb4\
\x8f\xf9F\x13>\xc6\x1bA\xf3\xccc\xb4\x92+\x13>\
\xceG\xc5\x1f$\xbd\xc2lu2\x8f^\xdc]\x998\
\x17\xde\xe2\xabL\xd6\x05\x99r\x82\x07UIPHj\
\xfa\xaaL\x81YRSa\xc0\x86\x19\x82U\x18\xc7*\
\xd1u\xf8\xc5\xd4\xc4\x81\xf0\xa7\xab\xb5\x81\xed\xfcT\xd8\
\xc4\xd5\xaf\x82ub\xc3\xac\xb6\xf5\x89\xf0Xj\xddK\
\xab\xc3\xc8\x83\xff\xa8\x0c\xed.\x95b\x17\x96\x07\x06\x1f\
\x7f#\xfbR6|~5q\x03x\x93\xbe^g\x81\
9\xa3}!s\x8d\xe5\xb0\xaa'<R\xb0)\x85\xc9\
\x9e\x0cm\xa0\x0dA6\x92;-t#\xca\x94\x0b\x89\
\x08\xe9\x0bY_G\xc7\x14;\xdd\xa0\x84\xfa\x1b\x00:\
|S\xeba\xecFx2CG\xca\xd7\x06\xa3\xc1\x91\
hr\x82\x8fZ<\xe6\xf5\xda\x8dVJZ]\x87\x1b\
\x9d\xe8\xe0\x1clWm\xb7\xca\xa51a\xf0\x84t_\
\xb4\xb98\xa7,\xee{\xcd\x0b=/\xfe\xdb-\x0a\xbe\
\x1d\xa5\xf4N\x05\x8a?8\xf1\xe5\xc3W\xca\xfb/q\
\xe1p;fK2\x998\x09\x90P\xe5'\xc1\x9dS\
\xed\x10\xf2\xaf\xac\x9bSg\x11\xff\xb2\x8f\x05/\xfb\x02\
\x16\x00\x95\x02\xc1\x01|\xd1\xe9\xf7OVv\x1f\x0f\x13\
b\xe12\xf5=\xe3p\xd1\xe2\x081\xd9\xc6.\xddY\
\xe2\x00BH0=1$\xa87<^_%\xe8a\
\x961\x1a\x1e\x04\xbcc\xc8\xe6\xf4k\xbc\xffi\x8c\xf9\
\x1eIz\x1c\x067\x17\xd2\x1f\xc7\xb1\x0a\x90~U#\
\x10d\x0bM\xf8_\xa9!\xe7p#nbI-e\
\x13\xe5\xd3\xe3P\x8a\x13^\xef\x94X\xd2\xe7\x0br\x22\
@\xc4\x1c\x1b8.\x8cOJ\x18\xc4\x86}h\xcb\xa6\
>\x8c\x18e\xaa\x15\x861\xed%\x96\xec\x92\x13\xc6\xab\
m\xbc\x0fCO 6We\xd4\x8b\x9d\xbe\x13\xe4O\
\xc8JT\xadS\xc9\x12N\xad\xd6\xd2\xef\xfa\xb6\xe9\xae\
\x01\x95\x8e\xbc\x18N\x03}\xca%\xf9(\xc4r\xbd\xc4\
;\xcc\x0fAO\xca\xb6\x94i\x04\xdes\xde\x19\xdb+\
\xef\xfaR\x16\x1a*;\x17\x8e,N?0\x89\xcac\
\x19\x8cY\xbb\xbb>\xc5\x0c\x0a\x00&H\xff=+\xb6\
\x88.\x17r\x03,\x94]4\x8d\x03\xf4\x19\x0b\xe7F\
\xbb&f\x86\x8f+\x04\x92\xac\x9e\x88\x89\xe3.\xc2\xfa\
\xa0\x12R\xcek\xbeh\xcd|\x15\x88\x99E\x83\xbb\xca\
\xfb?\x9c\x1a\x9f\x00V\xab\xe9s\x03\xd1\xc8\xed\xdaZ\
\xcd\xe2\xec&\xb6:r\xbb|z\x17\xdfj#\xdb\xea\
V\x92V\xee\xa5If2\x15\xaa\xf5h\xf0\xca\xd6\x92\
\xe4u\xef\x85\x0c1'\x06\xc15\xcf1[\xd8&\xff\
\xda7\x8a,\x17\x7f\xed;\xc9\x09tq\xb3\xab1n\
\xad\x98\xe4\xd6\xe8V\x0dg\xf7\x8f\xd2\x87Lw\xe5\xf3\
\x17$t\xe5\xc8\x8d\xe8\xe0\xa1\xb0\xf8\x96\xebM\xe33\
\x0a&\x5cSk_\x95O\x8e\xc4\xf6\xb5\xc6\xeb\xabE\
\xed\x80\xcd&\x1ag\xbf\xb5\xde#\xc1\x9a\xa2\x5c\xf2\xd8\
\xa7\xfa\xf82\xf1\x9c\xb0\xb6\xdeR\x12\x092\xf5\xaa\x8d\
\xccN4\xe58\x11\x8c\x90D\xa1\xe8\xa4\x10\xb3\xe8\xc2\
e\x9d\x18\xdfB\x18\x8f\xf0\xd7a$2@\x01.\xce\
\xc9\x1d3\xc7\x0f\xf2\xf0\x98\x05\xde\x94\xc0nmQe\
o\x05\x12\x87\x99\x0d\x8d#Z\xe3\x8b\xc3\x5c\x06\xce\xb6\
\xe3*\x89\xb9Z\x98\xf5\xd8\xd2\x9d]\xe5P\x0f\xeb\x81\
\xbaW\xcc\x8c\xfb\xd9\x96\xc1\xa3\x12\x1d\xccf[\x1a\xc9\
c\x05\xe3\x9f\x16\x09\x8c\x9c\xafi\x9b\x83\x8d\x0e\xed\x17\
\xab\x05\x8a\xdbBW\xce6\xcd\xd4\x00B\x03|\x0d\xe0\
b\xf2h\xa2l\x97?\x1e\xaa\xbf\x95\xd4h\xa2ZX\
\xd0h\xc2\x85\xb9\x904*\x1f\xd7\xcav\x04\xf2H\xf9\
\x0d\xa0\xc1\xd8\xb5P/.)\xed\x93P\xe7Q9 \
\xa19J~\xec\xaco\xed\x86p9\xd8\x87\xa01\xb9\
\xd6\x95\x1f\xc2\xbb5\xf3\xbd\xb6\xd9ln\x92_T\xaf\
\x88[\xb0\x16\x9f\xbe\xc9\xe9\x99\xe3g\xc27!?f\
\x83\xadlB\x1a\x1a\x83\x00'\x9f\x90~\xddk\xd8\x0d\
\xb0;)\xa1\xaf\x84`|\x9c\x0e\x81\xa2\xb5d\xb2h\
\xf8\x9a*[\xe4\x82$q\x12\xf7\xf7\x80 Dx\xd4\
8?\x8f\xc5\xde\xcd\x86\xc7cQw\xef\x06\xed\x00\xec\
\xbd\xc7\xd43\xac5\xd0\x0f\xca\xc0\xe8\x9a q\xf9\x19\
\xb7\xe2\xd72\x05Q\xb0\xdbr\x18\xa1\xa2\x1dyo\xe6\
\x98BC\xabB)\xed\xb3\x9e\x96\xa5\xc5*\x0b L\
\x19\x8882\xb6\xd2\xcb\xc1\x8bX\x80oh\xa4\x85\x92\
\xd3\xfa\xba\x22\x9c,80\xb5'\xe0\x16\x10\xfe?&\
\xcdF/L_\x9e\x8c\x86\x8e\xc8\x0f\xab\xee\xac\xea\x1f\
\x88_/\xf5\xd0K\x5cT\xd8\xab\x9d&\x8f\x89\xa9\xb9\
\xdd\x07U\xd3\xe1\xb1\xf6\xaaQ\xe4p\xbd\xd1<\x9e\xe6\
\xbe\xf95\x07\x9a\xc3\xa8\xf8\xd9\xed\xd3\xe7\x06\xb9\x88L\
\xde\xa8\xc2\xc0)\xb0\xd1X\x12\xf4\x85T\x94!\x1a\x1c\
\xa8|6\x19b\x13^\xf1^\xe4\x1e\xf8\xc0\xa1\x03\xf6\
\x8a\xa7X\xe2\x9f4\xea1\xfe\xa4\x19\x08b\xc5E\x82\
`\xb4\xc6\x11\xe5i\xf3\xabQ\x8a\xcc\x0d,\xa3\xb8Y\
D:\xc3\xbf$\xa1\xdc\x88V& \x8c$\x89\xea\xee\
\x1b3\xbb\x86(\xce\x08\x82\xb5h\xfd\x88=\xa0\x0aW\
\xaa$\xc7\xff\xb7@\x034\xef\xe1X\xef:]\xa1\xb6\
\xfa\x1a/4\xae\xdfR\xa7\xd6\x8bdKg0\x96\xc6\
K/\x15\x99\xdc#\xa2\xa9\xd5\xaf|\x12U{\x1c\xfc\
\x01\xe6J\xe23t\xc6\xc6$Mh\xbaF\x96\x05@\
(\x0e\xe6vR)\xae\x9f\xfa\xb82\xbaW\x92\xb5\xc0\
\xa9\xa1\x84\x9b\xa2\xf7\xf6! E\xa5\x1bC\xb9\xc4\xd5\
\x1e\xed\x85\x85=\xd9\x92#\xbf\x12,\xbc\x0eB\x22x\
\x98\xf2V<\x15\x1b\xc9\xc1\xa2_qf\xdb.ie\
\x8f\x8c\x8bC&\xba\xb9=\x1a\x1f\x17\xef\x014\x19\x90\
]f\x0e\xba\xab\x8c\x00,w\xf6&\x89\xd6\xf2\xc2\xaf\
\xdaFp2@ja\xbc\x92\xf8\xd1\xfdtq\xd2\xe7\
\xfd\x0d\xbe;\x9c\xed\x8as\x18\xc3`\x0a\x90C\x13J\
\xfa;\xef\xf3\xbe'\xfd\xd4\xcc\xfc\xfc\x8eK\x14%\xce\
G\xd1\x1c\x11\xe1\xb6\x89#P~\x02\xdeC\x5c\xf3\xe5\
\xd1\xdd\xf4=\xc4\x90\xab\x90%\xdf\xefrs\x92\x93P\
%DC\xa7\xd4\xcd\xaa>)\xbe\xc8*\xa3\x16)\x8f\
(\x1b\xb5{\x00\x9ax\xb2q\x95\x94\x80\xcc\x96\xb6\x84\
\x87\xf8\xda@9\x90\x1bK=4$\x19UC\xb6\x93\
\xed\xc9\x8d\x90\x0a\x15\x8e\xca\xb6\x96\xe7\xa8\xcc\x96\x95\xde\
\xb2-Q\xeb\x01\x06z\xfafts\x08\x86\xebP\xd9\
\x8e\xee\x16\xffb\xa8l\xcb\xfbv\xa7^\xcc\x952\x85\
P\x92\xb3)f(+1\xef\xa4A\x8c-\xe8\xbc\xbf\
\xe3$X\xf9\xac\xd8\xa3\xd0\xb1\xe4\xaf8|\x5c\xca\xc6\
\x11\xca\x16\xde\x0a\xdc)>-E\xb1\x01\xd1~\x9eH\
\xd7Q\xa9\x9c\xac\x81\xbd\xd8b\xd1\x86@\xd5\xc9\xeah\
\x17\xbd,\x88a\xb9qU\xb8mAV\xb4\xff\x8b\xf2\
\xd1k\x80\x92\xc3%\xad\x0aD\xff\xa3o\x1bxi\xf2\
\xfe=7(NXDv\x88I\xdf%\xd1P\x12\xc1\
qI\x96HI\xfd\x843\xe7\xa2+A>\xb7\xcd{\
S\xfbV\x9aLS\xebJd\xb0\xce\xa8\xa4\xb65\x94\
\xaa\xc9\x9a\xee\x14\xea\x87\xdbB\xdc\x80\xfd\xd0V\x0e8\
or\xf1#925,)\xb4\xa6\xb8\x0fSO=\
\x95\xea.\xc1i#\xb7\xb4\x18\xf7\xd0u@\x98*v\
\x99ca\x5c4\xa8\xee\x22[Y\x95U\xf1\xeai~\
AX-8\x12\xd5\x5cu\x1c\xc9|\xb6\x03\x1fK\x02\
\x8d\xb1\x0d,\xace\x84~S<\x9e\xa4^\xc9TA\
a\x09\xcda\x1c\xd8\x1e\x1d\x1e\x08\xc3\x85\x1b\x0c\xd2\xd8\
U\xa9\xee@\x8b\xcbMO\xcc\x01z0\xb8$\xf9\xa2\
\xe5\xfb\x85K\xc0=Z\x0f\x8fB)thvZ\xcd\
\x11>\xee?\xb4\xbd|\xf8\x0a\x13\xf7\x7f\xd0y\xd2\x07\
\xbe\xd4\xe3sJY$\xac\xfc\xdf@\x10\x8b\x05<x\
J\x0e\x9a\xb8\x0b\x0bk\xe0\xc0!2&\xa4~\xdd\x15\
\x85\x85\xf8\xb6\x8f\x97s5\xd0S*^W\xc0\x03/\
Od\xc1\x01\xf1\xdc\xe6\x9c\xb4\xea\x15\xf0\xa4\x1d<\x02\
\xd3`\x8e\x5c\x03\xab\xa9\xdc\xba$\xbc\xa3\xf2\xc8\xd5\xf2\
\xf0\x0d\xe6z~O\xb94=h\x18,ED\x84\x1b\
\x82w\x8d\x15{)\xc0\xcb\xd3\x138\x8d!\x09[\xbd\
\xed\x16\xcdPL\x9a[\x08K\xaeu\x02r\x19\xda\x17\
\xed\x9a\xd4\x06\x89\xfcV\xe2E\xc5\xc1]9~+:\
\xb3\x136\x9f\x04c+\xc33\xe9\x8e\xff0\xe1-\xd3\
1\xe6X\xb5\xb1\xcb\xab~\xa5\xa93\xb7\xb4\xf9@~\
S2&\xa7\xaf\xc9\x18\xf6\xe5\x0a\xd7\xaf\xa3o-\xac\
/xM\x19\x83\x0d^S~\xe7\xa1/\xa6n\x9f\x13\
\x17\xe9\xcc{\x97\xc0Y\x99\xbe\xfc\xb1.\x1b\xe4\x14\xed\
\xe7\x89\xab5\x8b\xe0\x18@\xe0\xfc\x09\xc4\xb0\xe8\xe6\xd8\
W\xde\xb7\xabr\xf3/\xe5a&\xec\xd4\xec\xc5 \x0b\
\xealp]N\x889\x9e\xdb\x19\x0d\x1e\x0f\xfb\xf7\x1b\
\xc0\xf0a\xf08\x1b\x22l\x0c\x1egb\x8eL\x00y\
\x0em\x14\xa2\x07\x9cP\xb5\xbe\xaa\x0a\xf4\x889$n\
\xd6\xa9\x89\x890\x1a\xd0\x8cK$\xed\xe1g\xe43\xd1\
\xf8\x0e\x863\xe9YBs\xd0\xea\xd8\xb5\x10\xfe\xe81\
\x1b\xae\xc4\x1c\xf0\xe2%\x0eU\x0e\xe8\x10\x88rPB\
4\xb9\xa3F\x18\xc3\x08\x99\x8dq\x0c\x80\x18\xd3}\xad\
6\xa4t\xf6\xe9\xa3\x97\xc2`$\xab\x8c\xca\x06\xa7\x1c\
\xeaL\x98\x81\xa9\x89\x03\xa9\xadm\x1c\x91\xf4\x11t\xf3\
\xdaq*\xa8\x0f\x9fE\xa6\xf1M\x86\xcd\xde\xb5\xa9\xe8\
1\xd9n\x99`\xaa\x92\xe5\xf8\xa4;I\xc9\xc2\x9f\xc1\
\xdb\xc1]&\x0b{F\xcfG\x03\x9fW.l\x0b\xe9\
t,\xe5\x8e\xf0\x99\x06br\x87\x8dfqi^\x1b\
M\x02\xb8\x14K\xdb7\xe2\x8d\xeb\xf2\x1c\xce\x13\xe3\x98\
\x11G\xdc\xc1C\xc0`\x19\xed9\xaf8\x09\xee\x84\x9c\
H\xf1\x1dhq\xf0Z:\xd9\x9b\xd4\xc9\xb3\x09\x9d\x00\
\x19L\x87:-\xabu#N\xad\xaf\xfa.\x9d*\x8c\
WS'\xd7\xcf&u\xf2\x08\xe9\xa4E\xc5\x95\xa5K\
\xdd\x0a\xb4\x08\xf40R\xcd\xdd\xb8S~\x8f\xad\x9f\xc9\
\x90z\x87-\xfec\xf2\x5c\x1e\xbe\x94\xd4s p\xef\
lv\xd3\x04\x8f\x15y\x22\xa9!\xc3\x0d\xde\xe6l\xdb\
\xef\x84\xcd\xa6@\xd6\x80\xc3\xdcgLQ\xa8\xcb\x09\xaa\
\xdf\x8f\xd5\x81\xde\x19>\xa8\xfc\xa0\xd0\xc7)xe\x02\
~\x91V\x83\xa3\x15\x975\xa4W\x05B\xe5\x13S\xd8\
e\xabR\xe9P\xa5\xa7\xa4j\xb8\xa0\xb8C\x96iC\
\x8c\xea\xc65,\x9eS\x7f\xe5\xd1\xae:\x96\x86\x8b1\
\x98\x0c\xb5\xd8B\x13\x9ey4v\xf5\xce\xa1M\xf1\xeb\
\xf6\x01gv\xd3\x8e+\xa1\x1e\x06\x06X.?l\x1f\
\xe3\xf1\xe2>\x04&~[,\x80\xae\x8c\xda\xb9A\xc2\
\xf0\x1bEf\xcd\x0c\xca\x8f8\x1f\xca\xa2\xe1\x10v\x14\
\x12h\x0b!\xb62\x11!T]\x22\x99k\xd5(\x04\
\x17S[\xa52\xb1R\xd9\x93\x0aK\xa1-\xb2\xa6\x0a\
\xfa\xb8\x1e\x83\x9a,\x9c\xf9\x11o\xa0V\x98\xa1\xc7\xfd\
*\xaa\x09\x96\xd6\xe2O\x0aHg\xcda\x1a\x02\xe7\xe4\
\x066+\x83\x19\xaej\x1d\x06\xfe{\xc3\xe1\xcf\x87\x86\
%D\xd3L\x85U\xad\x81p\x7fBt\xb5\xb4\xe4\x9f\
)\xf9\x13\x02\xd42!\x88\xde\xff\xf8\xb6\x0e\xdd\x8d\x08\
Qm\xa30[\xa0\xbf\x04S\x10e\xa5=\xe8@\x8c\
\x08\x0e(R!h\xfb\xe6\x09Du\xf3`\x9dy\xde\
h\xcd\x98\xfc\x97\xe5Et\xfe\xe8\xd1q\xe9\xc4\x01\x0d\
\x19\xf9\xaf\xe6\xd6\xcc\xf9\xdc\x02\xb4\xf8\x86\xa7\xe6z<\
\x1a\xba\x005V\x102B\x82.\x15\x0aK\x22\xe8\xfa\
\xb3\x93\x01\xf2\xfdb\x9f\x1d\xaaXE\xa6\xa6E\xdd\xe2\
y\xa2(\xe7~.[|\xee\xd6z\x89\xc3\xfc\x82\x8c\
\x96\xf4\x7f\x0c\xee\xaf\x18}e\xf8\xb3\xf2\xf6\xf3\xb4\x18\
B\xdaa7\xfb$\xfb\x1a[\x12\xf6\xfb\xba\xdf\xaa\xd9\
\xd4\xd0\xe3\x90h[\xd3E\xf8\xd83Kx\xa6\xcb\xee\
s\x09\xb4!\x8fFC\x97e\x1ds@.\x01\x19\x05\
\xc6H|D\xad\x07\xd9\xde\x16\xe2\x86\xe2\xdcP\xef\xe2\
2\x7f\x9alPg|X+\x14z\x1b\x1a\xb2\xdbn\
\x08S\xec\xaai3L}\x9d\xce\xfb<!\xfb\x1d\xc5\
Z\x04\x84\xf3\x8e_\xc4\xfb\xb3\xff\xfa\xd4\xad\xf7\x81\xc4\
\x97y\xb1\xdfk\xcd\xf3\xa0y\xcb\xd8Bi\xfa8&\
#\x0b\x13Z\xef\x85Mh*G\x0d\x11\xc2\x1efp\
\xd3\x97\xcf\x96w\xf4K\x0fZ\xd1\xec\x01}\x113\xca\
\xb7\x82T\x0e=\x8e\xfd\x14\xc5Wc=\xc0I\x8cc\
=H\x0ab\xec\xf3\x86\xd7\x85\x0eQ\x16%\x15\xfc!\
6*W\xce\xad\x0b\xf5\xee\x00\xa6N7\x8b<\x93>\
\xb7\xa3\xd76\xbd=.GgN\x88\xb1\x8b\x19\xf5*\
J\x91\x5cI-wC\xd9\x02/\xcd\xc2+W\xb1\x19\
/\x1bQK\xcad\xcdc\xd3U,\x09\xb5\xd9d\xce\
\x96\xe2\xcb\xa3~\xa9\x84\x1b\xda\x08\x84'\x1f\xe3S\xd7\
\xee9?.{\x1b\xb9*a\x06Rw\xc9Q\x9cP\
\xce2z\xcf!\x0em\x15\xe3\xb1w1p\xf1z\xa0\
_\xe7A\xe3\x8f\xb1\xcd\xe8\xc8\xac\x9fx\x82\x86\x84\x03\
\xbc\xfd<W\x8co\x0dZ\xe3\xffQ\xfb\xee\x0b\x86\xcc\
\xfe`\xdd\x8b\xc8\xd1\xe9o\x1b\x17\xfc\xa37Y\x9bZ\
\x9f:2#\xcfiy\xcb4\xe2A\xe0\xde2\x05L\
\xb8\xc3g\xb2.\x83M\xb3\xc0I_@\xe4\x84<\xc9\
\xa9\xd3\x7f\x10\xed\x9b\xca\xdeO+\x9f\xec5\x85\xe6`\
RO\x8d\xf7\xc9|\xb7v\x18`\xc1\x98p\x1b\xb3\xd4\
\x80\xb2%\xac\x91\xa7uW\xfa\xae\xe1k\x15\xf5x`\
$|A\xd6\x1c\x85\x04\x81\xf4\x80T\xd4XZ\xb7\x94\
\xd4\x17)&\xe7\xbf\xdd<\xb1t)\x8f \xb1\xcfm\
%\xf4\xcc\xbd\x84\x98\xf9[\xa6\x8d\xad\xa5|)\xdd\xd9\
\xfb}\x8e\xcd\x0fPH>,:\xa4\xc8O\xaa\xa0\xfe\
6p\xcf\xc3\xf9\x11kr\xf9\xd9\xce0\xb8\x0f\xa1b\
6Y\xda\x87\x8c\xf2Y\xe5\x18\xbb\xe4\x89\x05\x0f!\xe4\
^\xff\xbc\x8b\x94|+0\x0c]\xe4\xae\x92)\xf6+\
\xd1\xa5\x13\xe5\xd1S\x06t\x85\x16\x02\xf1\xa8x(\xd2\
\xb5\xba\x17X\xf6/\x18=0'\xb5z\x09\x09*\xdc\
\xeb#B\xe4v\xf2\xcd\xa2\x82\x12\xc5\xee&P\x8b\xac\
\x89h\xc3\xf6\xa1J\x04\xb4\xd2\x5cG\x18}\xc5\x1f\xbb\
\xd5Z\xe1\xed\xa7\xbf\xdcY\x9e8(!\x04\xe2N\xec\
\xeb\x13\xb7\xb3\xd8F\x06]&\xd9\xe4\x80\x5cSy\x1f\
\x12\x11\xa9\xc0L\xd68?\xa3\xe8\x8e\xd5\xad\x03E<\
\x925A\xf1A0\xdb\xf1\x97\x81\xfe\xe7*\xb1\x1a~\
E\xc1\xaf\x06\x95S+\xbe0\x15\x1d<\xe40$\x82\
l\xe4\xaa\xa6_\xa5x\xe0\xec?J\x09\x0cR\xc8x\
\xf0,_L\xaf)\x14\xe3\xb0\x05\xb3\xd11\x89\x83\x16\
<@Z\xf1\xabD\xd4\x93L\x95\xc8<\xa7g\x9e_\
E=\xcb\xf3\xabH8\xb1\xad\xbc\x0d\x13\x9d\xf0(\x9b\
\xe8|\xcb\xe99\x8er\x0c\x042\xba\x89T\x8f=\xd7\
;\x880\x07\xd8,[\xd4\xa9C\xd3\xffj\x00\x86\x98\
\xac|\xfa\xba$\x0d\x19\xb9-\x91\x84\x83\x03\xe5\x0f\x0e\
\x86\x0b\xc6\xbda|=\xf2$&Vz\xd2S\xeb}\
)\x8e\xe2\xe8\xb5\xf2>\x5c3\x12\x9e\xb7g\x84\x92\xa9\
Vn\x1e\x91\xf1\xe4\x90\x89\xcc\xb7\x017\xe1\xb9\x9a'\
\x81\xedV2/\xfe\x88[\x88i\xc2\xf1QB\x88.\
\x8d\x85\x86Y\xf5V\xfa\x10)\xc5\x868~\x5c\xcb;\
M\x9f\x1b\x98\xf9\xf0\x10\xbc\x99\x98\xf7\xd8WL\xc5\x88\
\x0a\x85S9\xdbt\xcb\xcb\x00\xbd\xec,\xaa\xf8\xa0\x97\
\xb3\xc1\x8cG\xb2\xd6\x82\xaa\x08q\x8a\xea\x91\x84\xbdp\
\xf7\xa5\x84w\x91Z\x9b+er\xa5pi\xeb\xcb\xd1\
\xe2\x98\xd3\xa8\xc3\x02^B\x87\xc9fP\x10ok\x82\
\xe9P\xf0\x88\xc8\x9f\x81qi\x01\x97\x032I\xa1.\
QSu\x89X\x17i\x9c\x1f\x9f\xd9\xc5!v\xeb\x15\
\xa0'\xa4\xdf8\xc8\x09\xf9<H\x7f\xcc\x14E\xab\x87\
\xf8\xa2h\xf7A\xc9_\xdbT\xf7\xa4\x98\xed&Bt\
\x05\x8foX\xdd\xf4\xe4\xda\xa6\xf0\x90r[\xe0\x8a\xaa\
\xe1y\xae\xa8\xfa1\xef\xe9\xe4\x8ah\xd5\x0e_\x11\xbd\
\xd8k\xa8\x16\xd8\x084W\x156\xf2`0F\xff\x1c\
\x8d%\x1fY\x90<*\xbf\x11\x1e*\xb2\xd0k\xa4Z\
\xe514\xc5V\x1e\xa7\xbc\xa6\x92\xeazU3|]\
\xef\x9b^3\xff\x19T(\xd0}\xedT(kb\xc6\
\xe4\xf7\x1cWs\x22O\x985$lM\xfa\x97aV\
]\x80\x92Z\xbb&\xf4`_@-Q\x8a\xdb~\x7f\
[e\xf7\xbep)\xbd\x014}\x86\xfd\xf0\x1d'O\
\xad\xc8\xfaf\x86\xb7\x85]\x18t\x1f\xe9b\xe4\x83\xe9\
[g\xc3.\xc4\xdeS|\x1a\xbaj\xd6]h#\x13\
\x92\xf8\xf3\xdc\xfe\xe8bp\xbf~*\x0e_0\xbe\xbc\
\xc7\xd1\xf8\xec\xc6\xfa\x96\x22+\x92E3]T \xa0\
\x15a\x82v\x91\xb4\xaa\xfb*m\xc0S\xfa\xc3\x14I\
\x1a\x89\x12Yr\xd0\xa7\x22\xc1\xcc\x92W\x02\x13U\xda\
\xa1#\xe3\xc2{A\x91\xa3\x89\xa1h\xf0\xa8\x84D_\
\xfa`\xe6x?\xfcR\x1c\xc2\xc8\x119z\x9e\x02\xa5\
\x18;\xec\xc7u\xbfP\x1f\xb8[\x99\xdc\xad\x06P\x87\
\xd8\x04R$\x91T\xee=G\xa5\xb9>,\x8f\x7f^\
>\xf5>_\xf4}\xafX\x83\xad\xceC\xf7\xf0\xe5\x13\
)\xfdC\x05xI\x12\x7f\x9b\x8d5\x83\xba\x22\x83K\
\x05i[\xad\xe8t\xcb@2\xce\xd0\x1f\x13Of\xa3\
\x97\xe7o\xab\xe9\xee\xd4\xbah\xd2\xd7\xb1\xf1H{+\
\xd3\xe4\x0a\xdf\x82\xc66\xd2\xa0\x1a\x0d\x1f\x80-9\x8a\
\x171\xd4\xf9\xca\x82_\x85\x13\x10\xeb\x01/\xe5\xd1S\
3G\xaf\x1a\xd04\xdc\xd1\xcc\x8d\xbcF\xf1\x0e\xda\x80\
F\x0f\xda\xd5\xdd**\x9a\x8d\xa9%\x88c9X \
}$En \x91\x04\xca\x1c\x98>w\xb6|h\x9c\
\xa7\xad\xfc))ZY\x1f\xc3\x9c\xe9Wm\xf2\xf9\x06\
]:45>\x09\xa9\x05\xf4\xe6T\xa6\x15\xf6\x00\x83\
\x94i\x22\xfd\xc7\x1d\xad\xaf\x09\xd3\xea\x95\xbbv\xd9\xbe\
/7\xa0[\x0f\x86\xc8)c\xd6\xbd\xd6\xfc\x0a'w\
\x95s*\xac\xb43\xac\x81\xb2w7\x8a\x85\xe1(\xa0\
\x7fa\xa0\x95/}\xc9g\xd6\xa7\x94U\x0a6Ou\
\x06d\x18\x10\xc7\xa3\xdc\x10\xa4h\x9a\x90=\xd8w\x08\
\xec\xcd\x1a\xc3/\x1c\x80\xca)\xd7R\x1b\x81\x8b\xd3\x10\
\x5c\x1b\xae\xd2\x0e\x03L)\x19+\xd8\xee\xa7N5E\
\x92\xa8\xf9\xaf}\xa3\x94\xa8\xf9\xaf}'\xc5\xa9\x09V\
\x94\xf8\x93Gl\x0c\xff\x01fU\xfcR\x82\xe4\xc6>\
Q\xc4\x0a\xd7\xc4S\xf2>W\xb9\x18\x89\x92\xd6\x8f0\
\x9b\xaf\xd9\xbb\xdeC\xd2i-^\xe9o\xbd\x90Z\xc2\
G\xb8}O\xbe\x98b\x90\x80jX\xb4\xa0\xd4\x1br\
t\xe6o2{\x01z\x7fE\x8dP\x0bh\xfe\xd1|\
\xce\x0e\x90\xf03{\xd4.\x82\x16\x8c\x91\x16\x9d\xbb}\
\x89\xba\x94\x86$x\xfc\xb8\x8c\x0c\xc0\x86H\xc1\x18R\
3c7*#\x97x\x15\xc0?\x90\xa3\xb4\xe0\x84\xbf\
5\x865\xe3|\xfe6O}\xb4X\xf3\x18\x97\xf9c\
\x84@\xac\x0a\x95\x83\xf8\xb5\xf8\xa4I\xba\xa5\xf5(q\
\xa5\x8aN\xc8\xd5\xa3\xcaE\xc2(\x0c\xa0gz\xd4\xd2\
\xeeu+V\xc8\x1d\xab\x1e\x96\x08\x9a\x9e\x5cI\x06\xee\
\xafpt[\xad\x84\xca\xbe\x14\xeaX\xa8\xe0\xd70_\
\x0f\xf5K\xf2\xed\xd3x\xde@U\xbd\xce\xcc\xb8!G\
\x7f%\x10.d\xe7*\x80o*\xfeot\xeb0|\
mP\xc5\x11\xf7S\x88\x06_\x15\xb3\x97y4\xf8l\
\xd8`2\xb8\xa2\xb0\xdd\xa1q\xf9k<\x03(\x16\xe4\
\x03\xf1)\xaf\x87\xae\xc8\xcbj=u\xa3(j\x17\x06\
\x17\xf5q\xb3\xc9\xd1\x12\x9d\x1d\x9d\x1e\x90\xda3\xfd\xe7\
\xc4\xfd:sb8\xc4\xa0\xbfd\x02\xa0Y\xc7\xe8\x11\
\x07D\x7f\x10\xcfjw\x7f^\x95\x94\xc4?\xf1\xb6z\
\xff\x12\xa3=J\xaeJ5\x0c-\x22*\xbd\x00P\x9b\
P\xd3\x99\xda\x9ank+d\x8a\xc5\x00\xc6r\x8c=\
\x7f\x85G\x9dp\x0aSI4{\x0a\xc7\xdf\x18\x8f\x1b\
-\xbf\xea\xf7N\xa8\x0c\xb0\x02N`8\xcc\xe9I\x0e\
g\x0aTd\xa7\xd66\xa5\xcc\xd1\x0c\x07#s.\xb7\
\x07\x15L\xd4\x1c\xdad\xce<\xa8\x87U\xd5I\xe2_\
~T\xf74\x9e\x8a=\x88V\x80\xdb\xfb\xd9\xbag\xc4\
_\x96!r\x22\xa7\xdc\xb4\x8c\x97R\x86\xa1_\xfcH\
\x96\xaaH\xc4\xc1\xc8\x8f\x9eNEW\x86\x94\xdc\xedD\
\xea\xd9g\x9e^\x96\x8a\x06\x07f\xde;\xc5\x8c\xf6\xe7\
\x0aa\xd4\xaa\xecdW\x00\xd4\xe5\xc5(*\xc2\xe9\x02\
&&-\x96b\x09\x89\x1e|tE\x1cq\xc0w\xa1\
\x94V\xa4\x81\xcd\xf0I\xdfo2\x03\x9e\x04:\xe8$\
\x85\x18B\xe7\xe75F2TS\xd5#\x19\xa9j\x8d\
\x933\x10T\x9c\xd8\x80\xc4|\xd3\x8cV\x81\x0a\xcf4\
l\x00\x0e\xb4p\x1cV%\xc9\xaa\x11\x11\xf7\x8e\x1c\xe8\
J\xe2H\xa6 \x0e_\xe5+Y:Hc:\x91\xe0\
V{v\xe2\xdf\xc2,\xab\x0f~h\x0f\x14\xc1\xb8<\
\xe0R\x18\x94)\xbc\xc5r\xcd\xeb\x9f\x03\xac\xc8\x90\xa1\
\x00\xd0\x81\x03)Y\x89(\xd2?\x9d;\xd0u\xe2\x1e\
?\xa6B\xce\x96\xc2)c\xc0\xa6\x9b\x11\xb8Tt\xec\
\xc4\xa2\xcaGg\xd1\x83\xb2E\xab\xbf6\xb5\xde\x16\xa3\
o\xe3\xa1\x05\xe3\xdckg\x1cR\xb8a\x19o#>\
g\xb7\xe8/\xa23'\xa6\xc6/\xc8\x04\xd0\xf0\xa5\xe8\
\xe2Q\xc5\x0f .\x9e\xebr[\x9e\x18\x96~\xb8\xb8\
\xda\xc65\x05\x1d8\xe1\x83WR\x99w[3\xdd\x12\
\x1b\xd8\xd8\x99\xdf\xc8l\xde\xff\xc9\xbc\xb9k\x1d\x83\xac\
ZG\x8d3\xf0\x12\xc92\xe97nU\x9f&\xeb\xbc\
\xb3%\xf5\xa6\x95W\xae\xa8A\xad\x1a\xe0\x8d\xa4zP\
\xcd\x12\x86\xe7\xaf_\x8en\xef\x0c'\xcas\x5cq3\
\x0c\x22\x0e\x1e6\x173S\xb7\x99\x99\x02C\xa4\x15o\
\x8aL\x8dsd\xb9Z,\xa4M\xcbb\xbb-B\xe0\
\xa8\x80\xbf\xb6\xf3\x01\xc5-\x9d\xa8\xfc\xae}\x15\xf0\xec\
\xdb\xd8q\xd1rh\x98\xa3;#\x95\xf3{\x99e$\
\xe3\x82\x9fD\x17\x0f\xc2\x0f\x80F,\xba2 \xe5\xb4\
\xe1_\x86oK\x83\xf0\xd3O\xa7\xc6\xfb\x84\x81\xc5\xcc\
T\x8b\x81hi\xe2\x8e.\xdc\x92\x18W%\x87\x82\x8b\
1)\x22\xa7!\x07\xfc\xe1\x8b\xa2\x1f\x15o\x03P\x22\
\xa8\xd0\x98>\xb7\x0d\x02\x10Q\xff\x0e>\x5c[\xaf\x04\
\xda\xfd\xa4\xdf=|\xba\xefi\xfacD\x10\xb8\x163\
\xdd,\x8b\xc5\x0b,\xa1\xc7\xacl2\xc9n~\xb0n\
\x83\x22\x89\xcd\xab\x0c7\x04\xc3(!\xe2\xc5\xa3S\xb7\
\xde\xe7jxJ\x0c/\x9e8\x14>=;5\xfey\
xY\xaegq/\xf7\xf0\x88\x97\xf9\x042\x11\x0f\x99\
Q\x8f\x96\xfb&gv1J0k\xabT\x83\xaa\xfc\
1\x7f\x9b\xde\xab\xaa\xd8\x5c\xdf\x85\xa5c\x7f@\x1d5\
\x96\xdf\x85^\xb3\xea\x01\xb1r\x85\x85\xcc\x91|h\x13\
\xea\x155\xef\x0a4H\xf22\x97>\x10O\xa6^\xc9\
olM\x97B\x8a \xf6i\x05H\x01\xc4\x94.\x92\
\x5cFl\xdeyN\x9b\xa9\xa5\xa9\xad\x9b\xd2\x9d=\x99\
e\xbd\x5c\xdc\xd0\x905\x93/\xabY\x96\xfd\xdf/\x0b\
8E-)\xbe[\x85\xd9\xe3\xf9\x99\x0f\x19Vr*\
\xa5\x1c\xaa0\xb0\x1c\xf1w\xd1\xcf\xc3^?\x95\xb3\xdb\
b\xf3:/\x9b$\xa2\xf6\x82\x8aHv\xed+I\x87\
\xd6[\xd1P\xccP\x9b\xe2\xbb\x92\xc9\x03\x88\x99F\xf7\
\x0b\xbf\x13A7m=]\xdd\xc5-E.9\xf8n\
\x10\xc7\xb8\x07\x00\x95\x5c\x12\x8a\xa29=\x14\x08Y\x8c\
\xeaq~\x0d\xcf\xf5\x1a\x09)\xae\xd5\xc3|\xdd\xfe|\
\xefa\xce\xd2\xc3\x06x\x1bo\xa1\xd7\x00\x0bH\xf5\x9b\
\x02`ix\x8e\xadSV\x8dD\xc7\x85Az9\x85\
\xd3\x83\x17\xf8\x0a(\x1b\x9e#\xee\xa2C\xa0\xc3\x95\xcd\
~W\xdcH\xda\x87\x14\xb7}\x15\xfa\x8b7\x03\xc1/\
\x8d\x9a\x0b\xa3\x97\xb6\xe7\x5cuv\x0e\x02y\xbd2\x80\
\xf2-*bc\x8a\x08\x90\x83'apm\x8e\xf6U\
\x9c\x0e\x8e\xd5\xc4\xe2`\xe9v\xb2\xf4\x14\xc6\x91\x18\x91\
\x81\xaa\xfc\x0c@\xccQ\xdbi|B\x18\x91\x92\xda\x82\
\xa51\xfb}\xd5\x81v\xa2\xf3\xe1k\x8b[#\xd8\xa2\
\xffmL\xd9\xd7\xbb]n\x86\x08\x02\xe1\x92D\xc3\x95\
\xbc1\xc3\x85\x082\x1f\x09\xebc\x87\xebb\xb5\xc2\xaa\
\xcb\xbb\x13\xad\xb7\xaf\xa3e\xd7:\x99\x17z\xc6\xbc\x90\
Q\xbd\xa1\xbe\x971\xd6\xc5\xabD\xa3W\xf8\xb7\xd9N\
\x1c\x9c\xff\xdc\xb7\xb1\xbf\xedT\xd6W\xc8%\xb9,\xf9\
}\x8cA\x1d\xed\xbe0}\xf5j\xf9\xe4\x1d\x8e3\xd4\
\x16\xb6\xc5x\xe2\xce\xb2\xe6\x96\xf2B1\x0c8\xdd)\
_\x9aY\x1b<O\x17\xa8\xc3\xb7`j\xbej*\xc3\
\x04Z\xf2U\xc2\xdf]\x1e\x09\x9e\x1d\x9c\x06\xb7\xee\x97\
\xf8\x15\xf1\x91UL\x1cd\x80\xfd\xc1\xad0\xda\x01\xee\
\x87\xa1\xe9;\x1d\xackq\xd3\x0b\xe4\xc6\x15\x1d\x13\xd2\
\x17\xc4\xdf\xb3W\xc8\xffD\xb5n]X\x0es\xdd\x81\
\xe7?\x0d\xa0\xf9K#~\x195\x22D\xbc\x0b\x8b\x9b\
-i@X\xbb\xa5\xcb\xea]7'\x8b:\xe0\x1d\xb4\
r\xdeD\xb34\xbb\x95v(\xa9\xf3'\xde\x5c\x9c\x06\
\xa3\x0e\xff\xa6\x5c\x87d\xadJb\x1c\xc8G\x5c\xff<\
\xda\x7fZ\xa5$\xaeE\xfd\x83\x95s\x933\xc7\xcfH\
\xe8>[\xd1\xbf\x86\x9d)\xba\xe9\xe3\xe6\x8a\x8bu,\
\x88\x1b)\x8f\x83\xfd%\xdb\xb9\xef\xa5\xc7}*8#\
z<\xa0\x83\x1c\x02\xee^w\x08\x95\xe1/\xa7w\x1e\
\xe2\xa9\x0ei\x15WX\x8b\x95\x09\x8a[\x99j/g\
\x00X\x8b5<)\x15sU\xbd\x96\xdc \xec\xf9w\
?\x06\x19\x01\xc7Dc\xeaW\x86\xc4\x05\x16N\x99\xf3\
s\x5c}@\x95RD\xf7\xb2\x88\xa2\xb9\x19\xc2\x15Y\
\xc2\x9c\x8e\xb4?[\xe0z5]=\x06]\xa5^|\
\xb7TH\xa7\xa2;\xfd3c\x93\xe5c\x97\xcb\xa3\xbb\
g\x8e\x1f\x94\xd4$\x17\x8f\x86\x9e\xf0\x06\xb2\x0c\xf8\xe1\
\xd8\xf8O\x06\xe3L6\xfd\xe5\xe2\xb0\xdb1\xa1\x04\xd6\
\x1e\x12\xa6\x98\xe1-v\x867}\xad_Xk\x06`\
\xdd\xde\x99\x17\x9e\xc7\xf4\xbe\x1d\xd1\xc8UN\x99\x80\x0e\
\xaeA\x0d\xa9\x11\x01\xd3\xcb\xc4\xff\xffC\xc2\xf6\xa5:\
\x91!\x81\xb3\xdbS\xcb\x1a\x7f\xe87vBB\x7f\xe3\
\x01&*\xf2\x9e1T\xe8\xee\xfd\xd5\xc6\x80\xebs$\
\x9c\x1c\x82eu/\xee\xd1\xc8#\x0fi,\xed\xca\x09\
\x89\x9c'\x00\x15\xf9B\xcaD7\x02q\x83G\x00D\
\x8bf\xd2\xc1\x03!\xc00,\xeeY\x87\xcb\x9d\x0f\x8a\
\xfaBI.V\xfea9\xaa\xd1\x0bH\x7f\xa1ku\
\xf8\x13\xe1-\xec)\xb6U3\xbfTK7\xcdps\
\x16\xfc\x9a\x00\x92\xa9!\xe31\x0aL\x92\xe6L%l\
\x14a6G\x13\xbb(flqQ\xf19\xd0\x0f-\
n\xac\xa5\x9cIl\xfc\xcf*\x93\x17\xc2\x9f\xaeG.\
\xaf\x15\xc4\x81\xbe2\x11]\x1e\xff\xdb\xcd\x13\x5c(\x85\
\x93\x83b\xf51\x1eq0\x22)\xac\xd4)z\x98\xf5\
z\x94\xf8\xbb<\x10M\x9c\xe5\x84\x15\x13\xe5\x03\x09o\
I\xa7I\x95l\xf1\xf18$\xb2@\xf4\x04\xe5\x8d\xa6\
\x0b\xd38z\xefD1P\x7f\xfc\xbc\x80]\xbbq\xa4\
\xaai\x8b6\x98\x08:\xcd\xc89\x84\x00\x04\xd3\xa3\xa5\
\xc6\xbb\xbd8\xd33t0\xff\xa1\x19\x1d\xa4\xca\xba\xa2\
\x0d\x90\xb0\x9b\x83\xfbT\x1cR\x96C\xf0\xd5mm\xd5\
^]\x8d\xd5\xdd\x17\xd5F\xee\x17YQ\x92Fw\xc4\
h~\x01\x13\xc5\xf8\x01\x18w\xf9\xc09F\xff1\x85\
\xfe\xb8\xee\xf2:\xd6+e\x95gE\x93\xa8\xdf\x8a>\
;,\xa1\x0b\xb2\x98\xae\x94-u\x86\xbc\x16\xcd\x04V\
\x95\xc7cPW'\xe5I\xa2!\x8d%\x22><\x9c\
q3\x09\xb6H\xf5.O\xc8\xe1k\xd3_^\xb7\x00\
q\x09\x14\x14\xd6\xb8r)C\xdb\xd6}\xbb\xbc\x03b\
K+\x8b_\x83V\xe3\x02\x09\xf3\xbc\x9e\xa7\xc6'\xf9\
\xd0BG\x8d\x9d\xe9\x9b\xd6g\xcd\xd1e\xc9=\xea&\
\xc9{\xe8z(\x89\xe8pH\xe6\x16\xfaC\x13Gw\
_\x7fy\xf8\xb2$\xf3\x8bc\xc2nO\xf8J\xb5;\
yyc/gyFQ\xba8\x9dA\x02+\x00\x06\
'\x5c'.\x84\xaa\xd5>\xa3!\xd3\xaf\xd5\xef\x0d\x13\
s\x8f\xfb\x83\x22\xe2\xb0\xd3\x97\xcfV&\x07x\x5c\xe7\
\xcb5\x8e(,\xbf\xf4P\x0d\xc4$uG\x82i$\
\xc0'\xec\x9b\x08+\x1fk\x1b@\x1c\xaf\xff\xc3aw\
\x95[\x97\xc4\x06\x9a\x19\xbb\xf1U\xa7\x9f\xd3\xe6M\x8e\
\xeb=\xea\x8d\x02\x95\xa9U\x98/.\xd7jW-\xbd\
\xc0h\xacP\xb5\xc9\xf3\x1d.\x22\x8f\xbb\xdf\x86_\x1f\
stc\xea =v@,\x88\xb8`\xac\xa5\x82\xe6\
g\xdc\x8c\x8b\xd3P\x98\xe7l\xc6n\xb6VB=\xce\
\x7f\xa1\xc5\xde\x18\x00\x17\x06!\x82\xd6\x98\xd2\x0bl\xee\
D\xe5\xd4\xc7\xd5\x8eK}\x1c\xc45\x0b\xa1\x80\xb4G\
\xc4O:(\x9f\x1e\x0a\xa7\xed\x0d\xf5\xe9\xde\xf1\xb8^\
}\xb6\xbe\xd9\xd1\xf5\x8f\xc5\x09!\xb6\x00\x94&r\xcc\
A\xb6F\x1a\xc9\xab\x885\xa58\xaa8\xb5\x85\x02\x96\
g\xea2r'}\x82\x04w9\x07Q:W\x189\
S\xe3\x1fF7w\x98$J\x8a1w^7\x01\xa6\
6_o/\xf5\x88\xdfQ\xea\xbbN\xd6\x96\xfe\xf5)\
\x0cEC@\xaa\x91\x14\x83\x89a\xa8@\x13D\x99\xa4\
\x1e\x0f\x0e\x07\xd1\x98*\x8b\x8ac|\xaa7%S\xf7\
(Y\xba=.?\x873A\xccVa\xd0)\x16q\
\x8e\xa3\x9f\xe6e\x82gX\x9eV\xad\x81\xba\x85\xd4\x12\
n\x0c\x9f\xee\xef/O\x06\x08\xbd\x02.\x9565U\
\x05\x83VsF\x81\xac(\xadh\x14ub,\xa9\xa0\
\x0c\xf2<*\xff\xe8\x11\xf8\xd5\xeb\x16\xb2\xe2gA\x9e\
W\xa3R\xeau\xaa\xd4N\x8a\xcf\x8c\xedS\xbc\x90\x97\
\xa52\xd1\xc1C\xe5\xc9\x13\xf2\xdf\x01+\xa9.1>\
\xde\xb5\xc0c\x15\x8fK\xd8\xcd1\xf4\xdf\xb1\xa9\xba\xc5\
\xc9M1\x80\xa2G\xc2F\xed\xb2\x08\xc9\xa1kl^\
\xcd\xb9v\x14('\x929HS\x8b\xcc\x10\x9eM\x1a\
\x82\xe4\x09\x03j\x0bU\xd3\x00g\xff_\xfb\xce\x861\
\x0dwh\xd5w\xd7J6\xceZ\xeb>\xa3\xaa\x0b\xc1\
>S\xe9\x95\x8b\xb5\xed\xb3\x9f\x06\xb9\xfbd\xf2\x938\
\x87\xf5Q9(\xc5dBS\xfbI)\x9e9\x0e\x85\
\x12\xb3cY\x8e\xb0\xc5\xbeb.\xa3$\xecF@\x17\
\x98\xb6\xa8\xa4\xae\xe6\x90\xdd\xce\x09\xe6\xb9\x15cl\xb1\
\x8d\xc7C\xd5\x1a\xfb*\xb6{\xc0la\xe8D\x93N\
\x85\xe7\x1eE\x9f{3\xc2Vd\xfe1`\x17\xb6\xf9\
\xe8\xac\x1e\x0e\xbe\x06W\xec\x0f\xb4\xde%'\xba\x1c\xc3\
\x22O\x92\x1db4\x0a\xb3\x8a\x884\xbdY$k\x88\
b}\xa9\xdc<2}\xfb\x10\xd4\xd3\xb15\xa7\xab-\
\xfe\xc9}I\x95(\x09\xc3\x0c.|\x82\x87'\xce\x96\
\xcf'\xe0(\xe6\x84\xd15\xb7o6!\xfd\x07\x1fT\
\xc1\xeeS\x8b\xef\x8d;\x94t\x12\xc02M\xa8\xa3\x89\
\x1cE?3c`\x8e\x22a\xf9\xeb\x1dm\x14\x19\x90\
\x00A\x85\x9c\x98S\xe9\x056\x9aH\x15@j\x8f\x0f\
>n\xc6&\xf9}\x14b\xbd\xa6\xea\xe2\x07\x9c\x84z\
0\xe3,\x8e\xe01\xf6b\xcd\xb0\x1b\xe3!\xd9\xca\xcd\
>\xb17\xe8E\x18\x82BxB\x16\xf8j\xad\x8a`\
\xb4\xc8\x1a\x1c\xd0\xfe\x84\x0c%)\xb3\x03\x80r!B\
\x07\xc1\xfa\xce\xdb\x01\xbc\xde\xffm\x8e\x08\xaf\xbbH\xbf\
\x22\xce\x7f+\xae3\xa0\xba\x01\xfb\x9bV\xdf\xb8J/\
\x94\x05\x84b\xe7\x00s\xd9H\xb8\xf7\xc5\x88\x0e\x8eV\
\xae~H}ZC\x19\x8e\x9fr\xdf\x8d\x99\xfe\xfdP\
\x196s|\xe7\xf4\x9dC\xd2\x07Vz\x1f\xcc\xc7\x9d\
\x876W@\x98\xe2N\xc3\x91\x8b\xcc44\xa9\x1a\x16\
\x1b\x12\x87\xcd\xadC\xc3nEI\xa3\xaa4\xcf#\x98\
\xd8\x922\xe50A\xe0\x9e\xf8\x0be\x9f2\x07\xd1'\
\x19D\xc4\x16\xb99T\xd9-\xb9\xd1\xcbGO\xcf\x88\
\x7fT\x0cL\xa1\x5c\xc9\x9a@\x8aD\xb3\x95Z\xc1\x92\
\x90\xe2\xceA\xe0\x19\x13\xce#\x96s\x0e\xce\xf2\xa8\xa6\
\x0cQ%$\x92\xd3\xe4\xd6\x00\x8d\xf7&\xdd\x9aMD\
+U\x1fE\xf1\xd8\xbb\x22F\xcc^\x0f\x00\x85f\x81\
\x98\xa1\xfd@\x0e\xed\xb4\xd4\xf9\xa178\x8cT\x06\xd5\
\x00J(\xa9\x90v]\xe5\xc8\x1b\xbf\x8eQ\xc1\x11\xba\
^|\x8a_\xe1\xcd\x9eUb\xce4I\xf7|M\xe3\
\x94\xb4\x0c\xeb\xd7\xfc*\x85\x0c\xce\xd7/E7\x19\x1f\
\xc3rp\x06kv\xbc\xbf\xf2\x97\x890\x82\xf8\x8a\xc9\
:\xb7\xd2g\xd5\xc2H;\xe5><<\xd7g\x1c\xa4\
2g\xbaW\xb0\xd3M\xd5(\xd4\xae\xc1\xb9#\x8e\x5c\
\xb8_C+\xfe\x17Lil\xa8\xed(\xafH\xa8J\
\xe5S\x8a\xcf\xb2\xed@Mv\x9e\x94\xe3\xe6(\x86\x85\
Dot\xeb\x12\x96\xb2\xe7\xe3\xe8\xd0\x1e\x19\x97\x8e\x11\
\xda{U}[\xbf\xb2J\xce~\xe5\xec$S\x99\xb5\
\x0c\x0fY\x17yDk\xcdh\xe4\xc5?\xc4!\xf0\xa2\
\xb9\xbbd\xd5X\x88\xbd\x8ag\xed\xca\xab+\xa8`\xaa\
\xcd\x8b\xde9\xa7z\xb8|\xbd\xfc\xd9\xf6\xa4k\xe2=\
e\x5c\x86P%*\xe6e\x93T\x90\xff\xef\xaa\x19\xaa\
R\x8d[\x93[\x91\x8d\xce\xbe\xf2\x186\xc5\x0bU\xc6\
.M_:C\xc1\x02\x86d\x13^\x91\xb9\x15.\x89\
\xb7\x04i\x88\x9c\x81\x8f\xf4x_\x0d\xbc3z\xd1\xbd\
\x81\xaa\xb8Vf5\x9fP\xd2\xad\x8b\x044W\xb8{\
\xfd\xd1\xf5\xaa\x7f\xdb\x12S@\xee:V\xd3\xb7o+\
\xc8\xc1X4\xf8\x9e\x04\xcb\x1e\x96\xe7\xb3T\xd1\xb9\xdd\
O!\xf22k\xa1\x967\xacvf\x12\xe6x\x99F\
\xff\x80\x81\x08j\xb8\xc4\xb7:\x1f\xf5m\xef\x18\x8d\xbf\
h\x1f1m\xa6\xb6\xb6e6e[3o\xc7C\xac\
\x1f\x0b\x07\x17[\xaf<\xdb4\x1c\xa7\x8d\xb8>\xc6'\
\xbc\x07\xea\x84\xc2\xc8\xd8\xb2\xc4z \xf5PjY\x8a\
\x89'\x86\xf7J|\x02\x15\x9a\xd9\x9a4\x09\xa1\xad\x1e\
\xd7\xdc\xb7us\xda,g\x06\x17?\x11\xf7\x99\x82\xa9\
\xd0y{\x95\x15\x86\x0b\xdcY\x02 *1\xb96\xaa\
\xbeT\x8dFv\x99\x19\x8d\xb8\xcc\xcd\xd5\x09\xce\xdb\xd4\
\xe4\xc7\xc8ttgT\x965\xb09\xb9\xe5\xa6h\x5c\
\xdf|\xad\xe6\xf6w\xcd\xd4\xb8\x94\x82\x18\x80\xaa\xc06\
.\x0c\x1c3\xfc\x9e\xf89\xd3\x1dW\x85i\x85s\xe8\
\xe1\xe9\xfb\xe2\xa6cLa(\xbb\x0b\xba\xf7;\xfe\x7f\
\x9d\x8e\x1b\x8c\xc4K\xb5rP\xf8\x14\xb1\xc3\x89-\x9c\
\xaf\xad\xb8\xd4J\xe1\x86\x852\xb5\x95irh$\xdf\
.\xb1\xa7\xe2\x86\xe4I\x93\xb4}C\x97\xb1V\x92\x14\
x\xce\x9c=23\xf6\xa5W\xca\x1aK\x80\x5cR\x84\
0\xad\x08@\x82\xd7\xd3e\xf6\x0e\x8c\xdda\x18\x84i\
\xdd\x88\xf9\xe76\xa3\xca\xa3_4\x87W\xce&$\x91\
xWMmO\xb0 \x9f\x86W\x14.\x8f\xf4!/\
\x9d\x98\xba\xb1[V\xc0\xa7\x00 o\xd9\xd0\x0f\x9c\x92\
\xc7\xbd\xe2\x9a\xe5\x8a/!E\xa0\xc8\x10\xc9\x198\xbe\
#\xba2\x1c\xe6\xe9\x9c\x9fW\x85b\x95\x14\xd6\xc1\xa2\
S\xda\xd5\xb9U$f\xd3\xf7\xa1#\x1f\x88\x95*\x15\
z2\x8a\xa4\xac=\xddY\xccp\x1c>\x05C\xacS\
\x08\xd4\xad\xc7\xcfU\x0e\xec\x0a\x11\xfa\xbf\x11\x83\xb1b\
Q~j\xa4>\x1a\x1fW|W\x9c\x0c\xd1\xfd\x8e\x81\
I1k\xe3\xe3\xd3\xe7v\x86\x13\xb5\xc1Pjz\x9a\
\x04$G\xafmk\xb09\xf2d\xe2\x90\x83\x9e`Q\
\xe6\x83R\x81J\xd0\xe7s\xa9\xa9\xf1\xfd\xd3;nM\
\x8dO0\xe6\xfeb\xc5\xb7\xe4v*\xbf\xce\x22\x97%\
\x8e\xbc\xfa\x03\xd0\xb80\x0fbH\xe1\x9ac\x9a\xf4\xd3\
\xea\xba\x0e\xd8\x7fG\xcb\xefg\x96\x0b\x89\xc1B\xe7\x93\
\x98b\xd7\xaf(L\xf0TF.\x8b\xa0\xba\xe3\x1e\xa0\
\xdc#\x1f\x81\x8d\x9b=\x86\xcc|\xfa\xdd}\xfaC\x97\
|H5!f\x00\xe21\xd1\xbe#a\x8d\x85\xdb\xdc\
\x9a\xc4\x5c\xecl\xdb [f1\xc7\xb0G\xc3y\xe8\
2\xc2\xe2\xb3\x933\x1f\x1e\x0b\xd7\xbe~\x90h\x0c\xfb\
\x8f\x82 p\x18\x8ed\x1e\xc5cg\x85?rh\x82\
\x01Zu\x22p\xa8\x8dX\xbb\xdd*3\xd4\xa5\xae\xec\
-\x81\xa8XC\x8c:D\xda\xd1\x821\xe0tlW\
\x1d\xab\x04>\x84\xa3\xba\x22\xab\x17\xcfn\x03\x09\xb1\xff\
\xe8\xdb\x06i\x03\xa0\x1a\x96\x1c)\xc3\x97*#\xc7*\
;\xcfV\xb6\xdf\x0831\xe1\xc8\x19\x8c\x8a\x1a\xaf&\
\x05p\xb9@\xb2\xc8\x11\xbc\xd1\x81\x09\xe9\x91\x01\x80E\
\x8eIa\x98$\xa1\xc4\xe5\x1b\xd3\x97O\x96\xc7\x06@\
\xcb2n\x85ZW\xca\x8ac`\xea\xdf_\xa1\x98B\
Q\xcc\xf5afO7\xe7\xc6\xc2\xe1\x0bP8fC\
p\x9f\xfab7\xee;\xbb\xab\x9c;=\x97\xe1\xf0\xf6\
\xf5\x8b\xf7\x07\xe0\xa5\x94\xba\x03\x04\x15\x04\x01\xf4V\xe0\
O\xd8\xb9\xfc\xe0\x83\x95\xcd\xaa\xdcn\xfa\xca\x9a\xb2\xda\
\x1a\xb19\xcb\xea\xaa\xb2F\x80\x8bx\xa1dpqj\
\xb2\x10\xbf4j\xb2 \x05\x1fw\xca\x84\xe3 \xb58\
\xc1\xa2PmN\xdf\xd9U\x9e<\x13\xe2\xa7\xfc\xcc\x90\
KW\xdf\x10 u)\x127y\x198\x01\x163\xa8\
F3(Mj\xbfM#qU\x16\xc9,\x04\xf0E\
\xfd\x01\xefI\x5c\xc5I\xab\xb6\x81\x85a~\xf5\x17\xb4\
\xaf\xf4\xa3\xf0\x95\xa8.S\xec\x1br\xe4:\xec\xbb\x05\
\xa7\xef\xbe\xfe\xca\xa5\xb1\xca\xc1\x81\xd0]\xd3-\x84<\
\xe2\xf0$+\x12\xfa\x9c1Ht\x9a-k\x08\xf2l\
%w\xd6T\xc9\x98\xadD\x00{\xd0<\xd0\xe5\xa9r\
l\x9e\xb2|\x85Sg\xad-u\xca\x07\x18\x12bf\
=Z?\xb73\xc5\x08\xc8\x17u7\xb3\x9d\x95\x10S\
_\x84 l|\x87\x04\x94\x07\xb8\xd5\x9c#\x1aE\x06\
Q\x99\xdc)e\x15o\x9e\x96{\x99\x1d\xca\x0b\x09S\
\x1ctb&\xdb\xf2\xaa\xb8`\xe0\xa0\xeb\xca\xcd\x09\xd1\
o\x98\xf7\x8d\xef4\xae\x16\xc1*$w\xaaK;\x1b\
\xf7\xce\xd3\xd7\xfa\xc5\x99\x02J\xc73\xc7\x0f\xb2\x09N\
k\xc5h\x92\xf5V\x1d!\x0bN)u\xeeWn\xbe\
\xcf\x88<\xec\x0c\xde#\xcf\xb0\xbb\xf9\xde\x13\x0d\xcdu\
\xa0\x0f\xe2\x09\xd0\x06\xd9\xcbp-\xa0\xf6\xa6#V\x0b\
\x9a\x1c\x83G\xb0\xe2KyY*%~LX\x86p\
\xa8#\x07>\xa9W\x0bC\x00\x9a\x1azKb\xc5\xf3\
\xbf\x11\xbf\xc4\xc1\xbb\xf9\xeb\x01K\xe4\xee|R\xde\x7f\
\x9dG\xbe-\x8c\x15\xec\xd4h\xb3\xd6\xf0\xc8(\x0f\x1d\
\xac\x9c\x99\x08\xd5y\xd6\xc4\x06wxe\x08+h\xae\
?\xa1\x1f\xf7\xa6V?\x91=\xa1%\xb6\x92\x9f\x87\xd5\
\x8dx!f6\xb3H0a\xe3\xfe-F\xc9\x0b\xac\
\xd1P\x88Y\xcf\xe7\xf9\xb1\xf2^\xe1\x1d\x7fY\xfe\xec\
4\xaf\xcb\xdc`\x16\xb8\xcbn\xb1\x82SU\xf1\x9b\x87\
\x9c\x8e\x14\xa2\xd0\x9a)\xf1FO\x17\xf2\xc0o\xf4X\
\x82\xa0!\xf6*X\xee\xa5\x22uS\xbf\xa6M9\x09\
\x1e\xb7\xbca\x01m\xbc<\xda7}\xe7\x10D\x09\xf8\
<\xc3B~\xac\xee*\xf0\xf7<4\xce\x7fP\x19|\
\x80\x0c\xb0O\xda\xaf\x1e\x95\x8e\xd8\xf8Y\x8e\x837\x97\
\xa0\x14Eui7\xe3\x91\xe0\xe5W<B\xd5,\xf1\
e\xbb\x88\x0f\xf3u\x0a=\xbd\x88\xaf\xa4\x929S\x13\
\x03 \x86\x8b\xe7H \x00U>tLz8U\x05\
\xa0\xe6;;\x82?9\xf4d\xb2\xa7Ec\xeciQ\
\x8d@\x00\x1aem\x9c\x03*J\xdf\x83\xf459S\
\x9c\xab\xab\x84\xf99\x84\xfc\x91\x8e\xc7\xc6\xb3\x8e\xf9e\
\xd0\xc8R\xe1\x981\x94z(\xfc\x06\x00\x87\x86\xb4\xda\
\xe8\x05\x19EQ\xe8O\xf8\x18\xe5\x8f\xfa\xe47P\x04\
\x17`\xe4 \xe5\xa0\xe21c\xbe\x81\xdd\xc1q\x5cU\
\xd8+\x07\xbf\xee4\x0f\xd3B\xfb\x10\xdfBa\x96\x16\
=\xac\x8b\xee\xb9T\xd3\x8a\x04H\xe4\xd38$\xe5.\
\xc8\xfa\xef\xd1\xf3RG\xf7\xd31\xf0\xd3\x8c>\x81:\
\xb8x\xc8\xe4\xb31\x03\xb7\x81\xfc\xa4\x01\xa4\x9c\x01\x88\
[U\x95\x7f%t\xf7\x8abt\xfc\xa3\x89.R*\
mX(\xad\xf8\xdf\xad\xd3\xaeg\xcb\xf2\xdf<%\x06\
\xb1\x8c\x08\x05-\x89&'\xa6/]\x92\x84H\x8a\x06\
\xbb|yx\xea\xf6\xde\xe9+;\x84\x97&\xf9\x13\x94\
\x8cP\xea\xa9e\xcb\xbe\x1f\x8a\xa2\xbcJ\x8c\xd5\xff\xc2\
\xc0Dj\xd3\x0dP\x00\xa0\x18\xdd\x80=uo\x18\x0c\
\x91\x96%\xb2\xe5\xe3+\x03\xc8\xae\xcd\x9c\xd4\x0a\xda\xed\
@\x0c\xceF\xa3\x1e\xe4\x16\xa7\x84\x90\xed\x97a\xc4\xd2\
y=|\x07\xf2\xe3.\x8ew\x04\xc0\xbd\xa0\x85\x13\x07\
\xe8e\xe2\xd0\xb3\xac\xf4\x05\x89\xea\xa9|\xad\xf7\xd3\x7f\
\xa8\xab\x19\xe9\x985\xf6 \x85xh\xdbXKz\xb9\
\xc0\xd1\xe4d40~e\x02.\x8a\xf8\x90\x81\x09\xe4\
\x9a\xef\xd3\x83\xe5\x1d\x19VT\xecqr\xc8e<\xad\
$8\x0b\xec\x81\x96\x85\x09\x92T\xd57O\x00\xb6\xa4\
|y(\x1a\xba\x02\x18\x1c\xc3\xd3,A\x0d.|S\
f?T\xc8\x00\x02\xc8R\xc3J\x01\x85\x8d~\x97\x04\
G\x0e]\x89\x85\xdf\xbe\xe4(\x95T\xab\x1f\x94T\x91\
\xab\x95O\xd6Y\xf7\x03\x12|YB\xca\xb1\xe1MH\
\xbd\xdd\xdfn\x0e\xae.\x15:\x7f\xf0b\xae\x94)0\
\xb4\x91\xbfs\x86\xc0\x15_2\xe4\xe2w\xcdz\xbd\x00\
\x07\x06\x02\xa4T7\x89-+]\x90<(r)\x98\
f?\x1b\x0a\xcb\xae\xd7\x07\x18\x88M\xc8\xa3\xdfnD\
f\xbak\xda\x04\x0df\x1er\xa6\xf0\xb4\xc8\x0aP\xf8\
\x18\x0d\x8e\x9c\x86R\xc7\x83`\xa9X8\xb0\xff\xd5\xea\
3\xebK\xa1\xb9OH\xdf\xf1\xe0\x01\x149\x04\xc0\xad\
\x82h0\x0b\xeaAO\xfa&\xe3\x89\x9a'\xc8\xa3n\
\x0a\xe6\xdc\x87\xcf\x87\xe4\x1b+Y\x0a\x0b\x1f\xa3\xe8\x13\
t\xb4\xb2\xb0\xab\xe7ap\xb8\x81\x5c*\x15\x0d\x89\xda\
\x07\xf89\x00$\xca\xcd\xca\xc2\xb4R\xce\x9b$\x09\xcf\
\xd5S(K\xf2\x22L\xaa\x0e\x86F\xd8\xea\xe0N\x95\
\xd9\xe4\xb6\x95+\xf5\xeb\xceO\x01\x0502\x88\x81\xed\
H8\x13\x882\x10q\x0a\xc9\x90$\x99\xc7\xe0\x88\xb8\
\xa3a\x9b\xf0\xc0/ \xber\x197S\x18\x01h\xd3\
\xc2[\xf4\x95\xa5\xdd\x1d\x9d\xd9\xc9\xb8S\x0dlSZ\
y\xd6\xa3\x10%\x08*\xd5$|iC\xe9\x19R\xd5\
\xbcd \xbb\x9a\x99\x05r\x1d\x9b\x0d`\xd3\xd7\xbeZ\
\xacv\xb2\x86\xe9\xf7\x98\x0a\xc4\x12\xe6V\xac\xb2\xc6\x12\
\x92%Q\x98_`\x98\xaf\x8c}\xaa\xe2F(\x5c\xa5\
Hx/K-\xb1\xbe\xd3R\xafn\xff\xd8\xcc\xd8\x1d\
\xe6d}\xd0\x19+\xa2\xc8\xe8\x14ZT\xb1\xff\xe8\xbb\
\xdc\xa3^\xe0\xbc\xc8h\x5c}}\xba8\xcb\xe9\xf0\xa2\
\x1b\xd7@\x8f\x8f\xca`\xd5$\x96\xf3\x87\x98\x17\xf9\xfa\
\x07\xfc8\x1d\xf0]\x8c\xf0\x91\xd8\xa9\xa6\x99\xd19\xa2\
uy\xfa\xc2t\xb0\x0d\x01\xdf{\xab9\xf54\xc3i\
\x81\xe0\x80D#WvL\xef\x0e\xe8(/\xa8\xa8]\
\xd6\x91\x17h\xb5\xb4\x87H\x9f\x9fq\x80%~\xca8\
\x14*p\x95\x1bx\xe1\xd4\x1cR\xbe\x15\x82\x1e\xab\xb9\
\xe2\xbf\x863Z!%\xa4\x92\xb8\xca9\x03\x04\xc4\xe2\
E\x5c\xaf\x1c\xf9,n\xef\x10KI\xd5V#\x87#\
s\x91\x0d\x9a8\xa6\x7f\xa1\xf2\xf3\x03s\xc7J\xd4\x04\
.\xb1\xcb\xe6U\xeb\xfb\xae\x22\xefkF.^\x1c\x94\
r\x99\x10\x84\xf2\x80\x93\xde1\x15\x94\xee\xc4\x8b>b\
\xdf\xbc\xe8\xe3?\xfcI\x1c\xb9\xd5=9\x8e\x98\x8e\xfa\
u\x9e\x10,\xa6\x81\xd2F\xa3\x03f\x0e\xf0*\xe8\x03\
\x8a\xb9\x9d\xe5%\x85ta\x11U\x1d\x05\x83\x89\x83P\
Q\x0f\xb4\x0d\xed\x08\xb9b[,N\x07\x03e[\x5c\
@\xb8\x03\x85\xb2\xcc\xf5\x10f\x82\x15N\xc2\xa5j\x9c\
\xb3<\xef\xd7z\x1d\xfc|\x15I\x9c`\x0b\xef\x03\x93\
\xf5q\x0e\xd5n\x88\x0b\x0c\x9e\xafd\x8b\xd7\x0a\xba\xa0\
`*\x819\xd2\x1d\x16kb\x16\xe6\xbb\xa6&\xa5\xf3\
\x01\x88o(\x09@I\xa9\xc1\x01\x89\xecQ\xf7\x8dx\
\xb2\xf2\xe9Y\xd1\xe8\xcc\x87;\xcb\xa3\x92v~\xd6,\
p\xbd\xc1\xd7\x16^\xc7\xcc\xd8\x0d\xe8Z\xb5q\x07\x06\
\x00\xa0V\xddcx\xf6|\xfdk\xc7og%\x02\xd9\
\xfc\xb9\xef2\xde\x9cf;\xe9@/\xcd%\xcdo\xf5\
2J\xbfN\x98\xeb\xcaq\xf1\xb6\x03S7\xf6\xeaI\
\x97f#\x99%\xfa\x93\xa9\xf1>\xf1\x9f\xc3\xa0\xccj\
\xe6m\xe3\x91e\xeaD\x22\xe5\xd806\xad{^\x19\
>\xc5i\xbb,\x8b=\xe0l\x06\x88rW\xe4\x88\xa5\
\x04>\x80\xaa;\x8f-3j&WJ\xd6I[Y\
l\x91\xab\x0a\x1fr~\xc6i}=\xaa\xbd\x90\x0b\xb2\
\x98\xe5\xceq\x00\x92\x82\xea{\x1c]\xdb*O\xdb=\
)4\x97X=\x12\x8c\xe2\xca\x00$?\xc2z\x90\x90\
\xb1NW?v\x04\xa1\x87\xceZ\xab\x91H\xb5\x83\xa6\
\xe3\x0f\xab\x8d\xc2\xe8&[\xa5I\xacARH\x19z\
f\xabYh\xa8\x9b4\xca;\x14\x81\xee\xa7\xf4\x05\xbb\
\xe2\x85v\xc9\x82 \xa5)P!\xa6\x05t\xa1\x10E\
|k\x93nB\xf5j6;\xf1t\xf0\xea~\xcd\xd4\
u\xff\x93\xfb\x9f\x98VD)\x82\x9fxTw\xfb\xd7\
>W\xdaq\xe1\xe7\xe6q\x1c\xa1\xd6[5;\xc0@\
_\xf9Yi\xaa\x82\xf4\xaf\xa67\x1e\xbf9\x9f\xc2\x11\
\x8d\xeef*\x01<uq\xb0]\xc2|\x92N\xea\xf8\
^\x1fa\xf3\x0d\xf9K\xdd,g5\x9aU~:\x1f\
\xf6\x08\x83\x93\xce\x94\xff\x83!U\xb3Ta\xbc\x11\xe8\
\x92\xbf1To\xdeA\xcf/\x91\x16,\x93M+\xac\
\xdd&D\xcc\xd8\xf8P10\xb39R\xd9$\x89u\
kV\xb4\xe3\x8c|>&\x03\x1f\xea{\xc1t\x88\xab\
\x5cX\x9c\xa8\x816v\xcd\xd2\x9a\x9e\x1e\xf2\xd8\xe8\x80\
\x13@X\xde2\x9c\xbc\xff\x0b\x19Qvu\xd5\x19\xab\
\xe0\xbf\xc70\xd6\xa5\x0d\xac\xed\xabO0\xc7&\x9b\xf2\
\x96O\x1eCu\x9a\x0c\xc3\x9d`n\xea\xda1f\xd2\
\xe3U.\xffk\xf2\x04\xcaS\xf7\xb6f\xd29\xbb}\
\xfa\xdc\xa07{\xb6>b`\x7f\xf5y\xfb9\xce[\
\xf5\xfd[`@\xff4\x1e\xf6\xb83n]\x84\xa3\xc4\
\xa7\x9d=\x1cn\xc4u$\x7fQ\x9dU\x8fg\xd1{\
\x94\xf6\x8e\x1c\x18\xca8\x95~\x1b\x1bn]\x87\xfdv\
\x7f\x05\xfe\x84\xa4\x918\xf30}g\xc4\x94D\x9a(\
\xa98-\xa6/\x7fX\xfd\xdeqQ\x06I\xb8\x03\xb4\
\xe1\x00w\x90\x8aE\x1d\xfc\xe9\xee\xbb\x10N\x08uE\
\xfdS\xf2\xee\xad\x90\xa7\xf9\xa1\xce\xaal\xbf\x11\xed\x9a\
\x04'\xb4\x8aqr\xe9+\xbc\x06\xdc\xdaV\xa2\xae\x88\
\x1e\x98\x5c\xdf\xb3\x12W\xbf\x0b{\xe8\xc2>\x1b<\x92\
\xebZ\xc0\x84\xbf\xe3_]Z\x08r\x97N\x1c\x04\xad\
\xbbY\xee~\x01$\x85\xc4\xd4\x12\xe0\x0c\xc5\xd4JZ\
\xa7\xd0\xb0hF\xdb\xb1\xc0L\x8f\xbes:\x88\x8eW\
{\xf0\xfd\xe2\x97\xdbb\xfa\x223\x1f\x0eD\xfd\x83S\
\x13\x07\xcc\xf7\x8a_\x80\x7f\xae:(\x1a\xdf\xb1\xde\xbb\
\xf5|{\xd4\xf0\x00\x85\x9aT\x82\x9f4\xfc\x1f8\xc3\
\xff\xe4\x98\x18{\xd4\xff\xa9:(\xab\xbe\xc1\xef\x88\x9b\
b\x91w4\xce\x95e\x98?\xaa\x19\x17\xbe\xe4\xc6\x02\
\xaa\xb7!\x09\x5c\x15K\x88<\xc7Y\x83\xbb\x0f\x8f2\
\xcb1n\x09\x15\x5c\xd3\x10\xc2\x17\x9d\xea\xf2\xe3\x83\x0b\
\xf67\xfa:\xdc\x8c\x95\xae\x14;\xefJ\x12S\xfen\
$\xfd\xdf]\x998'\xc1\x05p\x1b(\x96\x06'/\
2t\x19\xbc[\xf8\xa5\xb8\xbc\xa0hUn\xfb8\x99\
\xe1\xf0\x80t\xb7)\x98\xe5\xf4\xdf(0\x8b$h\x94\
I\x0e\xa6fo\x08~\xdbPS\xf1rX\xbf\xa8'\
'\x09\xfc\xf6\xb0S\x99,\xed\x1a\x99#\xe39O\x9b\
\xab\xbc.\xf5\x10\x18\xd0\x85\xfa\xc4\x1e\xef\x8b\xbf\x81\xf1\
\x80Q\x06?Aa\x88\xb9\xd7\xd4-!s\xc2\x9aj\
T\x8c\x81\xf3\x926i\xec\x90R9i\xb2\x9e\xf0\x92\
j\xd4=\x91\x05\xcdP\x1a\xff\xe5\xce\xf2\xe9\x00\xbd\xf7\
\x81\xf9\x8a\x05\xa7\x0a59\x80\x905\xbe\x96)\xf3\xc7\
(\xb4\x9f\x06\xf0\xdb\xd1\x08\x0c\xd7\x8c\x86\x13\xa1\xc3\xc0\
\x94B\x12\xf9\x17\xf0\x15U\xf5*\xf5\x1d\x0c\xa9\x80\xdc\
+*\x88\x0f\x7f\x05\x80\x05$7\xf8\x12\xddg\xbd/\
\xe4\xaa\xa4\xe4\x03\xc7\xda-\xb6\xc0\x05\x8a\x5c\xbc\xae\x0c\
\x0aW\x95M\x17\xa8V\xd6\xb2Aj\xcav\xab\xda\x95\
\x8b\xac\xb53\x9b\x11\xde]X\x17\xd5\x1c\x9b6\xbf\x0f\
\xf2\xf0\x8c\x02\xfd|\x8f\xd3\x9e\x13\x14\xafGje6\
s\xbf(\xec\xd6\x01\xad\xa1r\x1eI\xac(c\x12\xa0\
c\xa0NW\x0b\xd3\xf5}\xa6 ?\xcc\xe7\xfc&\x0e\
\x05\xec\xa0\xc9\x12\xb0\xbf\xbfWXx\x8d\x90\xf2\xaaF\
c\xb3\x0c+\xf9\xb8\xa0)sI\xe3\x0eh#\xa7\xc6\
\x9dOf\xfa\xb0\xa2\x94f\x12h\xbd)\x17;\xfcS\
\xe2\x00W\x98Pz\xabq\xa3\xb6\x04g\xb9\x94\xa5m\
@\x82\xa1\x0cF\xe2\xb4\xb1WK\xf4\xedgt\xf0b\
\x1d\xea3X2\xa3\xeb\xdb\xa0(c\xaf\xeb;2\x9d\
\x9d\xd5cs\xcf\xd6\xadEC\xaf`\x8e\x04\xb824\
\xffr(\x09IQ\xb2wnU\x0e\x7f,\xee\xf5\xa8\
\xff<d\x929\x0e1\xdaA+V\xdbv8\xafU\
\x8f\x0d]\xfdKybG\x98$w\x9b\xd0\x06\x0b\xdf\
\x94\x1e\x13\x00\xdb\xd9\x06\x17x\x0d\x96\x14\x08;\xa3\xa6\
\xbf\xe4\x14\xb3\xa8\xa6\xcaGOG\xef\xcb \xe1Wm\
\x07\xdfn\xfaZ\x7f\xf9\xe8\xb50F\xd9\xc4\x85\x05-\
\x8e\x0c\x02\x80\xe1\xa44\xc5D\x13IU\x93\x1d\x01*\
\x08\xb0\x15K\x0d\xb1Mu\xa9\xef\x9dE\xe1=/,\
\x05MVF\x0e\x95\x0f\x9c\x0b\x91\xb9qMVA\xe6\
B\xa3<27~\x9c\x89`\x13\x1a@\x0d+\xe0\xef\
\xa2I\xfc\xd7\x10\x1a\xac\x11\x01q\x19O\xad=\xe9+\
\xa9>C\x87\x06I~\xa8\xcdA0\xaf\xba\xb8\xc0\xff\
\x8f5'W\xc4\xbe\x01\xac\xc2n\xcc\xfciK\x80\xab\
\x9a\x99G\xc7!\x93\xf8\xbbd\xd6\x9daN\xbf_\xdd\
\x09Z\x88\x91\xae\xd1m\x1fFg\xf6\x87{\xdf\xf99\
\x86\xf0PX\x98| \xf50\xaf\x97\xdc\x194\x01\xe1\
Q\xd0\xb5o\xa0\xf5\xc7\xf8\xdf\x02\x11K\x8f:\xdf\x14\
\xc1'\xdcSKaH\x95\x0bG\x95*\xf66(e\
\x96\xce\xab\x92\xc1\x8c\xde\xdb\x07u\xf3<\xffr*\x18\
s\x9b\x0a\xc5\xa55S\xba=\xab\xa0\x9f\x99\xc9c\x92\
\x87\x83\xbd\x15\xe7\x88\xab\xa2\x07\x11\x0e\x19\x8f`\xe9\x1e\
\x89\x83\xd9s*,\x96\x0b\x1e\xb9[\xbdPh8)\
\xe2\xdf'\x9a+\x06\xdd\xf4\x22B\xc2\xfdW\xed\xd4\xb4\
\x93Z\xb7^\xe4S\xb0\xb5o:\x1f\xe1qz\xaa_\
\xf6`\xdd\x14'\xb2\xf9K=\xd8bOkk&\xd3\
\x96i\x83\x98\xbb\x8cG\xa0\xeci{:\xdbI\xfeY\
\xb9\xa2@\xf8\xd8\x9a\xce\xb5\x8a\x8b\x12\xff\x18\x02\xb7W\
{u\xc5_\x07*s\x9e\xac\xbd\x1c:R\x1d\x8f\xf9\
\xa0\xa3\x17\x01\x02[%\xfa\xf5e\x09gH\x9f\xc0<\
d\xaa\xfe9\x91\x91\xd9\xd0\x90\xac\xf7f\x87\xf1D0\
\x0b\x8b\xaa\x1e\xe4\xb6M\xfe,\x8f\x1f\xa5[\x13\xdb\xe6\
\xb7\x18K\x18\xda\x11\xd3\x22_U[$\xa1\xaf\xf8\xba\
\x18\x0a\xfc\x0a\x0b\x85\x9f\xf0jhi\x81\x86\xa1\xaa*\
\x0f_c\xee\x9d\x7f\x0f\xa6\xd4\xc6\xecCi+\xba\xd8\
\x1a\x82\xe1f\xd8\x18\x9e{\x7f\xd5\xfa\x0a\x18\x8d\x03\xdb\
\xe9\xc65\x18<o5\xcc\xe5\xe7\x9b\x1c\xeb\xaai^\
\xc3\xe1\x11\xc2p\x9f5\x9c\xa0\x81\xc8\xbc\xd8\x22\x92\xa6\
\x88\x15\x99\x9fo8\x89\xdb\x89\xd0\xf7b\xb1Z\xed9\
\xf6\x80h@\x06\xd2\x15\xf62\xb5\xf8\x89%\xa1\x87\xbd\
\xbe\xaa\xea^\x87S\xfa\xa3q0:\x9a\x91\x84u/\
\xc6\x96\xeb\xc7#\xeeKT\xb3\xcaz\xd8\xf4\xb0\x90A\
x\x02p\x17.\x0c\xf0C\xd2b}Y\x80\x05\xa2R\
*b\xcfp\x0e,\xc4B\xbb\x1e\xbc\x0b]'\xca\x17\
\x11\xacWr1\x08\xac\x08/<\xb7\xa9v\xe3&\xc5\
5\xa3\x9c\x98\x10\x9b\xf1\x8b@\x94\x87\xaaLd\x0d<\
\xc6\xb7\xf1f\x83\x98\x8d\xdctGnD\x07\x0f\x85f\
\x9e\x9f\x22\xb3\xd0\xa5n\xb5\x10s\x0eC\x82'U\x17\
\x14/\x15\xcd\xe7\xa2\xba{9eMlF!\x03B\
\xe2+FW\x1e\x9d\x10\xa3\x03E;\xe4fRrA\
\xd1g}\xd1\xa9S\x95[\x87\x18\xd3n\x94\x84\x99\xe9\
(5,\xab\x83(WZ\x89\x01\xba\xc4\x5c\x18\x225\
Mk\xe3\xac\x82{\x8d\x9b\xabF\xba4\xe5\xdb\x01V\
\xca\x8a\x11(,\x22\x94\xa9A\xa0Tld\xcaTe\
\xaa\x05\x99\x17\x7f\xaen9\xee\xb6\x8d\xa4\xbc\x11\xe5%\
\x93\x86e\x03@0(#\xd6\x9aZ\x9e\x9a\xba\xb5\x9f\
W\xc6\x9bO\xf2)\xda\x96\x06\xb30O\x17\x98LA\
\xa6\x9a2\x85\xf6L\xa9\x94\x0f\xd9\x85_MH+'\
\xa5\xa9}TF\xde\xc9\x14\xf8\xec\xb8~\xa0k)\x8c\
\x0b\xe2i4\xa7*C_\x84\xd6\x96w\xfe\xff\xe8\x8d\
:\xe3\x15\x1f\xda\x9a\x824\xda^~i\x8a\x7fv\xba\
\x14\x90p\xa7)\xaf\xc7\x1f1ja\xc3\x159x\x04\
\xdc\x1b<\xeeO\xec\x84\x03;:\x13\x98\xd6\xdd_\xfb\
\x889YeN\xbf\xfa\x09g\xdc\x80\x8cQW[\xf5\
A_`\x06\x1d\x0e\x84\x9e$P\xff\x0d\x05V]\x0e\
\x98/\xa5\xfe{Q\xed\xf8\x8d\xe4\xea\x87\xc2\x8e\xa2\xd1\
,\x85L\x87&\x15h!\xe5MysRX\x8a\x82\
\x90\x98\xfdg\xce\xeb*5\xe0\x99\xe3\x92\xc7\xe1o7\
G\xf0E\xaf\x7f^97)\x8bgd\xca\xfe\xf4\xcc\
\xf13\xe5\xa3\xd7dq\x08[\x8d\xffrMs\x10\xbb\
|\x18\xd5\xce\x85t\x84\x86\xf8\xd6\xae%\xb6\xdeb]\
M\xc3\xa8\xb2&\x98\xc1<\xea\x0f\x86.\x10v$m\
_\xfbJf\x16\x0d?>\xf8\x90r\x94\xea\xbb\xf2\xe6\
\xd5\x1c2>\xffm\xeb\xb15\xf6\xc5\xe6:\x0f\x86F\
\xddl\xfa0\xb3[\xe8\xf3\xac\x90<<\xcf\xdb\x95t\
VCfq+\xc9\x14\x7f\xfe\xd2\x1cgU\x113\x18\
\x8a9qe\xc1\x06\x1c\xbaT\xcd\x8ce\x14_\xe4\xbd\
e\x0c\xc5(\xf1\xc8\xa1\xab\x04\x82P\xfa\xc5 \xda\xf3\
\x8e?i3\xef\xdff\xa8>\x17\x90\x07\x93\x16\x91n\
D-\x9f\x90\xd4\xaeYZ\xbf\xc4;e\x19\x1b\xe7\xc0\
\xcfh\x04\x9c\xb6/\x1fI\xa9\xd05\x17z\xe2p*\
\xf7\xe98\xfe\xc5\xd0\xc7x\x91\xc9\x220\x16\xa9J^\
\xb2*\xd8s\x95\xf1\xbeI\xd9J\xf2qfF\xe4\xc3\
\x95\x03\x97\xa3\x0fw\x84\x88 \xae\xff\x0c\xd7`\x98\x89\
\xb5\xb0c\xda\x85)6\x0f\xa7u\x03\xc6\x9e\xdbt\xe4\
\xcf\x1f$\x1f}^a\xbeG\x5c\x05\x10\xcdT\x80]\
\x0cAFB\x82\x8c\x1d(\xc7C\x1a[\x90{\x88\x0e\
\xdd\x9a\x0a\xf9\xbc\xfe\x17\x15\x1c\xb3bK\xddj&6\
\x12\xaaU\xdf\x08\x8f\x97\x1b\x04\xcf\xd1\xcf/3\xc9X\
F\xe3\xd7\x07\x91\x00\x85e\x0f\xc6\x9e\xf4yj\xa7\xc5\
\x92\x91gU\xc59\xe5\xdb\xf9W\x9c\x80;\xbbd\xfe\
s\xfc\x80#A/\xcc^r\x1a\x88u\x1a\x8d| \
\xcc^#\xf3+\xf9\xae\xa1\xd8t\xe8\x8b\xa9\xf1=\xd3\
\xe7\xdeC\x954u\x8f\xb2\xda\x1e\xeb\x0d\xe9f\xb0\x17\
>)\x0f\x0d1{a\x8e\xff\x0c\xd1?\xa97O1\
b&\x7f6\x0f\xde\xadD%\xa4\xe1^Q\x89:\xed\
Tg\xd4m\xdeM\x96\xbd\xfe\xd8\x9aM\xb7\x84\x82#\
n\x0e\xe4I\x1c\xa2V\xaf\xd4L\x9bj\x9c)\xe9\xe2\
\x0a\x1bx\xe8\x90\xf4\xb0&\xaf\x96\xf7\x9c\x093\x07\xf6\
-Zk\xe6\xe0~\x08z\xad\xc2\xc4}?i[\xcc\
\x0c=\x00?a\x846\x9fs&4\x1f\x0c\x88\xd6\x87\
\xf1\xd9\xf6\x87\xa0a\xc4K\x1e\xb9\x12\x97\xd6\xd64\xca\
\xb4\xcc\xcf\xf9t\xce\x0a\x10-\x82\xcf\x16\xbaG/\x10\
\x14\x8e\x03\x0b\xa2\x0d\xdc\x98\xd95\x04\xf8\x9e0\xd0\x10\
\xdb\x80Z&MRv\x82\x86llS\xa9UM\xbf\
\xf2\x9b\xfb\xdf\x9d\xe6\xd2^}C\x8f'\xa7\xea_\xef\
\x9c\xd9\xa4\xd1\xc4@\x8f`\xadp\x18\x1aa\x8b$\xda\
'\x90\xfeqW\x8e>d\xac\x0e\xa66\xda\xdeQO\
u\xa3\xe8\xb8v[\xe5_!\xc6`\x8f\x92\x0c\xbc>\
\x1e\x16\x04e\x0c2_\xc6\xb4\xd4\xf0\xd8\x11\xb0\xe1\xe4\
D\xa5\x80\xa0\x0c\xe4V\x0c\xd6\x16\x95L\x85i\xae\xb2\
\xdbpH\x87\x8br\x0d#\xdf]0\x5cT0\xd7I\
(\x979t\xdc\xfc\x8al\xaf[\xab\x5c\x93-\x8e\x14\
\x96\xce\xa2\xb5cZ\xc7\x8dzj9\x83\x82\xf2\xa1{\
L\xb4\xd3\x0fo\xd8\xe3\x88f\xd7v\xdf\x96\xe9\xfd\xc1\
+\xb8\x8f\xa5\xc6\xc2Gb&\x0c\xe9:\xce\xafZ\xf6\
b\xfd3g-d\xb0\xa8\x08\xc7\x22F\x80c6\xf8\
\x1e2\xfc\xc4\x8an\xbc\xeb\xe0x\xec\x11\xe9\xa3\xaf\x5c\
b'-\x8cX\x22\x22-\xf9\xc0g\xf0\xefD\x9e<\
\xe8y\x94\x05\xd1B!(Y\x08\xac&#\xb7\xa7\xc7\
\xa4\x17G\x0dkp\x0a\x98\x19i\xc0P\x9a&-\xcf\
#<\xcaGu\xb5:\x84\xdcs\xc4q]\x99\xbc\x08\
\x1f\x22.\x18\xb1^Y\xbd\x19\x15[\xa3(\xc0\x90{\
=\x19\xd4\xa6\xef\x14\x97\xdb\xa7\x053\x81\xb4\xfe\xe7\x19\
\x18VH~`\x10~p\xd3P\xc2\x1f\x7f\xdc\xff\xb7\
\x11\x22\xb7n\x5cV\xf9\xe2%\x16-\xb6\x02\xcb1\x0d\
qX]\xea\xd1\xf7\xcc}\xf9\xb68sV\x89\xe5\xf2\
\xb2\xf9W\x17\xd2\x0b*=\xf0\xb7\xa2\x12\x06/aA\
\x9f~n\xa5\x09\x22u\xa9\xd3\xf1U\xf1L\x83C$\
\xe3\xd6W\xd8\xbc\xa4i\xdd\xcc\xe0\xcbj\xde3\x8a\x05\
\x5cc%\xd3N`z\xa8\xbcow\x8a\x12\x9e\xa5\xfe\
:\xf0^\x0a\xad\xd5\xa1c\xe2H\x90\xb7\xf4\xdbM\xab\
6\xbc\xac\xfe\xa2A\xc1R%H\xfd\xf2\x8b\xc9\xca\xe4\
\xa9\x94\xfa;\x96\xfd\x7f*\xe5\x8e\xa4\x00\x9b\xc2\xe5\xcc\
\x8c\xdd\x10\xa7\x5cW\xba\xf5\xd5\xf5\xa9\xf2\xa8\x8ct\x01\
\xb8\x1ar\xa6\xa06\xf4\xde\xbe\xd4\xcb\xf9\xaeLK!\
\xb39D\xfa\xbd\x14\xb7\x0a\x980|\x9e0qe\x90\
\xaf\xb5\xc7\xdc4r->]\xb7L\xfc\xbf\xe5uK\
\xc5\xff~^\xfd\xff\xcb-&\x5c\xcc\x85C\xa4\xabb\
\x11\xe5\xd1S\x95\x8b#\xe2\xec\x96\x08\xa3\xdb{\xa3\xb3\
\xdbSO/{z\xf9\xd2e\xcf/]\xb6\x9cS\x88\
\xb7\xfc\x02\xe9X\xea\xd7Z(Pb\xd9&\xcd\x80\xff\
E\x0e\x18\x90r\xc0\x10\xa9 \x08)\x87\x0b\xd6\x1f\xe1\
Y\x15F\xcec\xe6\xa9\x88\x1cM\x9bc\x8bv4;\
%\xf5\xbf\xadC\xa1\x91\x11-\x88w\xb6\xe0>H\x03\
\xcaM\x93Um\x94\x9cD~\x0b\xd2Mt \xe1\xdd\
;\xfeIh\xdeq\xadxGP\x14\x90\xe1\xe9=#\
\xf2\x90\xfer\xefL\xdf)8\xe7\xb06\x1e\x92\xb0\x8a\
\x05S\xb2\xc8\x83\x03#/[p\x0e\x8f\xdc`\x9c\xc3\
\x97\xc8Y\xddI\xd0g\xee\x86\xa5\xc7\x98\xa6\x97\xe4\xed\
\xba\x85b\xa4x\xfa \xdb\xd4\x07\xe2\xb22;\x86\xbf\
Z\x1e\x13\xfb5\xa3\xce\x01\x17\xe5@\xb2(\xe4\x9a\xda\
\xb7{f\xf8\x92\x9c\x01\x95.\xf1\xdb\xda^\xbd-\xb5\
\xf0\xf28\xe1Yd\xc4\xed6\xdc\xb8\xbal\xb7\x81,\
\xd0<\x02PBe\xa4\x90V\x85P\x98zc\x95\x87\
\xc1\xdeO+\x9f\xec\x85C\xc2\xc8\xca\xc1\x92\x05\xc6\x15\
\xe6\xb6\xbaW\xb3\x90\x11\xb3\x9c\x95*|\x80\xd0\x95)\
\xe8,\xb1m\xd5\x03\xa0\xfc\x1b\x1a\xff\xf4\xb1\x1c\xf7P\
X#\x9c\xaa\xfb\x05\x12\xfc\x96x\xa6@\xd2\xcc\x81\xc1\
\xa9\x89A`\xef\x0b\xcbji3\x5c0\xb5\x07\xef\xe9\
.Ro\xefQ\x12Z\xac>t\x85t\xf4\x12\xa6\x0c\
\xb0\xa3k|\xe7\x8f$u\xee\x8c_<\x0fa\xc7P\
\x8d\xf47\x0a\xd1\xdd\xe3\xaa\xf6\x94\x0f\xbc7s\xec\x14\
\xe3\xc3\xfe\x94\xfe^]\xa3\xcb\x105\xb2\x9e@w\xf5\
\xbfQ^e\xf5\xef\x967\x0fz\xf8\xdb\xcd\x13\xcb\x14\
FD\xd2\xe2\x1e\x9aQ\xd0\xf1e\x164\x22\xff[x\
:\xfb#\xd8\x8a\xf5T=\x06\xa9\xe2\x8fg\xab\x9a\x1c\
\x0d\xb9\xe1F\xe6\xe1b\xac0\x96\x19\xe7\xd6\x7f\xeb\xc9\
\xf4H\x88\x8a7\xdc\xadE\x09Av\xc6\xac\xa1.!\
\x94\xe4E\x87\x09tU\xdd:\xe2\xab\xce*\x0f\x1d\x14\
\x16Pj\xd5\xba\xe6\x10\xbf\xef>\xc8\x13\x97.E;\
~)\x1e\x13@\x15m\x91\xc8<\xfa\xe0a\xe8\x16+\
\x824\xca2\x0en\xe0\x8e\xc3\xb7\xc1\xeb\xa1-\xfe\x94\
\xacW\x9f\x04E>\xc9Q\xa0t99`\x83U\x04\
\x0d\xf5n\xebQ\xce\x93\xadaY\xe1=\xec\xda\x1b6\
\xcd\xafu'8\xa9\x80\x87i\x07\xc0\x87.s,1\
Y|n\xb0\x9e%CB\x07\xa4ec\x9e\x84\xf1`\
\x08\xd1\xe5\x95\xd9\x91\xb4\xbb\xdf;33\xdc\xc7\xef\xee\
\xc7\xbcF\x92\x8f9h\x88=i^J\x1e\xcdW8\
\xe8Tg\xb5\x1et\xf7\xa2\xac\xde\x16\xb2l\xde\xbbX\
\x1e\xbe\x1d\xee0\xfca\xdd\x93*\xf4\xd2\xe3\xd4\x0b~\
\x13\x1ez\xb2|BJ\x15\xfa\xcf~\xc8h,\x16\x89\
y\xa4\xf5Ft\x14\xd6\xa5\x84t\x01+@\x19NB\
\xe5\x9e\xf8\xb0\x8eEh\x83-\x8b\x8ee\x01\xd3\xed9\
\x8c~\xb8\x91\x13R\x1b\x85\xb1\x89\x9b'\xe0\x1c\x92\xc2\
! \xf1\xad\xb5\xc8MlBE\xce\x94\x98&(\x17\
\xdf9)}\xa9\x03\xa7 %\xc2\x123rZ\x93\xf4\
x\xd4tJ\x19\xf2V\x1ew-\xd5\xa4\x85\xb1\x86\xa0\
Z\x18\x10\xcfj\xbb\x88\x1dD\xbc\xd6\xf8l\xec$N\
<=\xae\xbd8Ml\xd2\x1e\x0bt\xfbw\x13M\xe0\
\xf2\x94:\xe5\xabM2\xcb!\x0fF\x9c\x8d;jd\
E\xb7q\x7f\xe0\xdfml\x9e\x8b1P\x13M\x8f\x13\
\xd4\x19\xb1\x1e\xee\xcep4\xf2\x01\x14j;\xf57\xca\
\xdcf\xbe\xf9\x9bw\xf9:\xd4\xf5\xc9\x19\xb0\xd4\xbb\x18\
\xfa\xb7\x90\xe7p\x15\x90\x81J\xe9\x87#\xbb\xca\xa3\x9f\
\x02\xda\x99\x19V\xf2,s8\xf0\x16\x93\xbes\xb5\xbf\
\xdd%\xdb\xe1-\xddv\x92\x86\xe7\x96\xf02\x18\xbc\x81\
\xac\x86\xabxjb`\xfa\xdcGb[E#\xa7Y\
\xba+n\xf9\x91\xddM\x8e\xe1\x84\x84e\x9f\x98\x0f\x1f\
\xa9RHD\xb2\x85J\x06\xbf!\xb5\xe7\xb5\xd6\xab\xa7\
\x95\xb4Q\x96\xdc\x16?\xa3\xc34\x17\xa3\xe4\x83\x19\xbe\
\x11\x0d!\x116\xd4\x96M\x1f\xb8.\xf7\xa4\xcb\x1e\x1b\
N\x90\xfbf+byQ\xe6\xd3\x9eU\x11X,<\
z\x11\xd6\xb2V\x89?\x13L\xb0\xdb\xb4\x91\xa5\xae\xed\
s\xf2\x89r\x02B\x08}\xbdf/p\xe8J\xd1g\
I\x901\x8b,\xf9\xb6\xd4\x5c\xd7\x09\x85ZX\x96\xce\
\x8d\x16\x16\xb2)9\xffF\xb1\xf9\xb2\x93\x1f\x97'\x0e\
\x22\xd1\xd2\xe0@\xb4\x0fq\x5c2\x80r\xe3\x14B\xc9\
\xb8\x9c\x1a\xb3\xfa\x9f\xa86]\xf6\xfc \xc1J\x8a\xde\
\xb8\xf8\x918)B\xeb&\xae\xd9\xd6\x80b\xb3^\x07\
\xc5\xaf00\x8bG\x9c\xc5\x17\x97\x89\xaaO\x8a\xab/\
Kj\x22\x91\xe7\xe7a\xdal\x15\x86\x9f\x1f\xd7\xd0\xcb\
:\x03Q\x8c[\xe6\xdf\xf1{\x8c]\xe7\x8db\x11\x81\
\xf9\xd2YE\xa9\xd5\xb5%\xe7\xd1\x1e\xa2\xfd\x87\xa5\xe0\
\x08\xabn\xf2\x5c\xc2\x0b\xf1j!\x18\xca\x8a\xe9\xea\xcc\
\x89\xd8\xae^\xaa2w\x8bQ\x02Dv\xd5\x8d\xef\x1b\
\x0e`\x091a\x9d\x1c\xd0 \x06\xa9\xd5\x08\x18F\xd4\
\x9f\xb2\x8b\x95K\xbc\xbbH2(\xf9\xcd\x04\xcbE\xa5\
\xb9\x81x\xbf|\xf1\x0c\xecM\xae\xec/g\x8a\x8f\xb2\
\x06S\xb0\xc9\x91\x9f\xc4u=s\xf4\xea\xcc\x89aN\
~\xa6d\xf8\x8c\xe9\x1e\x03\xc1\x99Bp\xbbV1\x03\
eZ\xec\xec\xb6\xf2\x17\xe7\xcb;\x87\x9c\x0a+\xd6\x0c\
\x5c\xa8\xaah\xba\x1dEk\xcd\x9e\xda\x83\x91-\x0aU\
W\xdf@NO_?GI\xab\x0dk\xc9e\xefg\
\xed\x87\xafEWn3\x11\x8f\x85^:\xd1\xd2\x03\x94\
\x94\x09\xd4\xe9\x90\x03|\x0bR}j\x1f\x97\xb2\xa5\xce\
\x90\x15`^\xdd\xcb**\x99\x89\xcd\x04\xcf\x866L\
\xa2=\xa9\x85\xb8\xd3N\xb5\xc0\x9fv\x8b\xc8\xe3\xee~\
\xe3\xd5'\xe6\xe8\xc6TT\xf4\xd8\x81\xca\xe4\x00/\xaa\
\xed\xceQl\xf9\xb1i\x8e)\xb4J9cK\xaam\
\xd1\xa3\x02%\x0ev\xf1\xcc\xf3^\x94\x11\xd6\xd0\x8dp\
\x8f/ \x8f'i:\xebFX\x05\xe7\x06ff\xb4\
\x8aR\xbb\x17\xbf\x09\xc6\x05\x18\x94\xf0$\x09\x9b\xb4\x82\
\x1e|\xd3\x10\xf0Os\xcb\x0c\x81.\xa7\x87\xc2[\xdb\
\xbe\xbf|r\x93q\xbe4<\x93\xcb@C\x9b\x9f\x1c\
\xabL\x9c\x03\xa6\xf6\xf0\xc8_\xedU\xc5\x00\x0e\xc3\x8f\
\xd9\x03\x0c\x9e\xab\xa3\x9d\x07\x151&(\xdf\xd2\xb3\xb1\
\x90\xe9\xce\x17Ja\xf5\xfc\xeb\x81j\xd3=\xbcF\xd3\
\xfdF\xd5\xd6\x15O\x12?\xbf\xca\xbc\xc4\xef\xdc\x9fW\
\x151~\xa6\xee\xe9\xba\xa5*\x8d\xa2\xaf\x9eV\xd4:\
\xed$'3\xb4eg\xb3\x01:\x0f\x84\x8d\x9fyZ\
\x02\xe9\xa3\xfd\xdb\xa6\xef\x8cHM\x01v\x88\x0b\xbc!\
6\xa8A6b\x19\xc23\xa6\x93\xfb\xe1q\xe98\x9e\
\xdd\x9ez&\x9c\xc3\x97te\x0f\x99\x14\x16t\xfa\x96\
\xf1\xd6,\xbf{\x08~\xa6e\x12\xd6`\xe5\x15\xdcu\
\xa6\x9d\xde\x22\x1a\xf7l\x14w,\xa7[\x5c)\xc3|\
\xf3\x0e\x9a$\xb7\x13\x0b\x86(\x22V5\x5c\xferh\
\xfa\xdc`t\xfc|-\xf3P\x0f\xcf\xf0\xcaZ\xf3\xc5\
lh\x97xQ\x0c\x9d\xc4l\xf0\x7fc\x8b\xfe^ \
m\xf8\x05V\x8d\xe2_\xe5_\x96\xd4\xad\x14\xffS\xbd\
\x0ck\x11\xf4e\xca\xb0\x1aK\xef\x96\x96\xac\x5cY\xad\
8\xebA\xa5Q\x5ctO@\xba\x12.2\xc9\x95\xdf\
s\x0f9\xfc\xd5!\xd5\x0b\xcd\xce\xd5Z\xc4\xf9/\xd0\
\xbd\x17\xf4R<qk^H\xf1'\xf2\xf2\x98\xb1\xd5\
\xda\xe7\x1c\xe8\x93\xd6\x82\x85\xd7!\xdf\x05\x97p\xac\x87\
\xe6\xf8\x86\x92'_?\xca\xbe\xe6\x83\xc2\x11\xb0\xe0\xce\
\x0c\x5c\xc7\xf4\xd1+\xd1\xe4\xc4\xcc\x87\x92\x8f%\xbc7\
_\xe5\x0a\xbd\x88\xbc\xf3}P\xe1\xc5\x08;\xbfY\xd7\
d\xbb#\x91\x08\xf7PtQ\xf5\x92QZ\xef\xf8\xe7\
T\xeeH\xa3n\xd2\xf85\xe8\xa1\xf8}\xd1wyl\
\x10B\xf2\xd1\xc4\xb0\xa4\x98~*%I\x9e\x9f[\x96\
\x92\x88\x85\x8bG+\x9f\x9e\x0d\xfd3\x08\x05pE\x1d\
\xc9\x9c\xa2\xb3eN\x04P\x10,\xe6\xfa\xa5\xba\xd7\x1c\
\x95&M\xe3\xeb2(9\x9f!\xe0X\xa2|J\xdf\
\x93a\xb1/\x0ek\x02%\xf8D\x86Q)\xa4QZ\
\xa8\xaaXs\x8cH\x1a\xf7\xe1\xe7@\xebpx\xc2L\
\x86|\xc5\xdc\x0biq\xe9`\xe0d\xdb\x06\xb4Q\xe4\
\xd8V\xdd\x82\xf0tJ\xbf\x9bL\xee\xeb\xd7b+\xd0\
\x92\x07R]\x83\xf3a\xda-U\xd9dz[^\xa5\
\xb74'\xd1\x96\xdc\x17\xd8\x95L_\x1d5\xf5U\x8c\
\xe5\xb2\xe0\xa1V%\x8c\xea\x99h\x9d\x13\xc1\x0cFG\
\xc5\xea\xd0}\xd6\x82\xd25\x0f9I\x88#\x8c75\
*\x84\x14%\xd6K\x1a\xf2\xe38d\xa0\xe4\x80*[\
\x15k5\xc1E~\xa4\xbf\xbf\xeb\x91Z:\xceF\x15\
\x88\xf4\xc7d\xb9))\x9c\xef\x89p|\xc0\xc6\x09\xe3\
\xab\x9c\x8f\x17\xe8\xee\x88\x917\x0c\x87h-)_\x8f\
\xf8\xef\x98L\xb8\xedA\x87\xb8\xcad\xfe\xae\xe6\xc9\xd4\
%b:\xaa\xfe\x95\xa7\x12\xf9\xa4\xc9\xa7N\x9a\xcaQ\
\xef\xf8K\x06g\xda\x09\xe5\xb6V\xda\x00\xbet\x02\x01\
\xd6\xae~\xf9$\xbdP\x8e\xac\xd1\xbe\xe0\xcb\xf0\x82\x14\
\xdc\x09\x1f\xc1Q\x8cT0<a\xe0G\x07\xcf\x02\xf4\
Z\xaa|\x82\x84\xcb\xf9\xbd\xd1\xc4\x10+z\xe5\xbe~\
\xc1\xa9\xff\xa9\xd7\xddrU@Gb*\x9b\xe3\xd3*\
>\xb3\x966\xe2{\xd4\xb2\xd0)\x83V#\x10H\x97\
\x00e\x96\xae\x0d:\xbc\x1c\x06\x0f\xe2`@\xae\x05\x05\
\xc5\xa87r\xe5\xa4\xac`\xae\x8a\x1e~W8\x81>\
;(\x9f\xe5\x88\x7fq\x1de\xd9\x88\xdc'T\x00\xb6\
\x88N]\xb3\xc3\x19Jo\x86\xa5\xf8\x22\x97\x07\xa2\xc1\
O\x80)\xd4H\x9c\x99\xf8\x97x\xc1h|\xc7\xcc\xd8\
\x97aZz\x83\x13\xf2\xa2\x13\xcd\x93\x9dQ\xf4G\xd1\
\x11\xb1\xb5\xab\x84\xbe\xcf\x9f\xbc\x0c%\x95\xae\xbd;\xb4\
\xf7\xcf\xe8\x9b\xd2\x0f\x07K\x9e\x9e5\xe5\xc1#\xd5\xbf\
]\x83\xb7\xba\xed\x0d\xc9H\xcb\xf96\x8e\xbc\xe8$\xda\
\x9c\x0bB,Lh8\xd6h\x82\x06y\xa3\xe9C\xaf\
A+\xb6\xe7\xcbv\xb7\x1a\xb6\x11\xce\x0b\xf2\x8f%[\
\xa8\xe0\x02\x8d[\xb1T\xf9\x1d\xf3\xa5\x5c\xe2\x83 \xfe\
\x16~\xa5\x99\x0b\xe2kl\x03\xda8\xf0!\x98\xc3\xe8\
\xe8\xb5\x99\xa3W%\xa5\xea\xadC\x95\xc9Q>h\xf7\
\x80Od@\xdcCE6\x10\x82\xe6jc>\xf0\x17\
\x1c\x1f.}\x982\x1a\xc0j\x8a\x0d\x9d>\xc8Q\xbb\
\x13\xb7\xe6\xe8i\xde\x11\xbbW\xd5\xa4lt_\x8d\x03\
9\xbd\x89?\xa4\xd9e\xad\xf9\x97S\xa1\xec\x10J\xa1\
\x8fH-\xc0\xd5M\x0eJ\xd6\x92\xb3\xf7\xa3\x14\x01<\
8@\xa1\x15\xb0\xbb\x80\xe7\x93'\x83\x1d\xd4\xef\x12\xe4\
\x1b1\xd7\xc0\xcae\xe5\x02\x5c\x93\xbe\xf0-\xcb\xafO\
\xb1\x90(D\xe8\xe4\x1e\xb5\x84\x04\xe41\x14\xe1\xfa\xf1\
\x99]\xfb\xa4\xc6\xe8\xd0e$\xf0'x)\xf1c \
\xfb\x95\x9c\x0bD\xc6\x909B\x1e3\x1f\xc4U\xe1&\
\x1f\x81\xees\xa5\xc0\xa7\x14\xb3aR\xc3\x8c\x98\x9d<\
\xda\xa0\xc5\x11\xf2r\xc5\xf3\xb1\xe9\xeb\x9fC\xeb\x09B\
\xc5\x0f\x9a\x11\xcb\xfd\x80T7\xf4JW\xaf\x7f\xf3}\
\xe1\xc0\xf9\x8f\x0e\x9bGy\xe6<\x97\xeb\xcb\xb7\xe5j\
\xf36x\x9a\xdeZ|\x90\xe7a\xe8\xb1L{\xc4\x13\
\xd1\xec,1F_C\x95\xf7\xb4;\x89~\xde\x87\x9c\
\xfe\xc5\x97`\xf5\x07\x8fTi\x9b\x82`zPA\xbb\
\x9b\xc4\x8d\xb4\xe1\xf3\xf7\xce\xa4\xabs\xe8\x9c\xde\xf6-\
\xca;\x87\xa23G\x0c\xa2&a\x16e\xc0\x87\xd3B\
\xae{\xa2\x86\xb9D\x02f\x7f\xa3\xc0\x18x\x91\x97{\
\x84uI\xcf\xd6\xff\x22\xec\xda\x90\x8fB\x13P\xe9\x03\
o\xab\x9a\x9e\xa2\xb1\xb9{\x0d\x9f\xbc/\xb2\xc5\x17\x1a\
,\x84\x03$\xb5uS\xb6\x98m\xe9\xcc\xf4\xa6\x9e\xd4\
RX\xa9\xf2\xc91\x1e\x861\x8f\xf0`\xc5e\xe4T\
\xb3\xb1\xd7\xcas\x1e\x93\x96\xcf\xd9\x9e%iX\xb0X\
:T\x0f\x14\x85\x0b'\x9f\xc4\x9bI\xcb_b\x22U\
\x95\xa0\xb8\xa8\xc3\x04\x90\xed\xad\xddXA)\xac:i\
#\xa2\x9e\xf6\xebe\x99\x14\x9a\xees\xfc\x5cy\xfc\xf3\
\xf2\xa9\xf7\xc5}/e\xc4X|\xce\x06\xd2\xa7_\xe3\
R\xc0\x0b\xa0\x80\xb6\x22=d\xe5\x7f\xda\x8c2\xa5\x16\
\x87\xdc\xe3\x05\xd2\xf1\xb3ii-\xe1\xed\x1d\xaa|r\
9\x1a\xfah\xfa\xd6\xa7\xc2\x80\x9c>\xb73\x1a<~\
7Cr;\xfe\xbb\x87$\xc9\xfck\x19\xd2\x8f\xc9\x90\
\xf2x\xa5\xea\x14Z\xbef\xac\x0a~\x17y\xd5A\xdd\
h\x02te\x1d\xe9\xd1\xb7\xf8\x5c\x00\x11\x17\xe1\xb6\xd1\
Y@\x82e\xfc\xd7\x87(wt\xe8\x96\x0c\xb7\xfee\
B\xd8\x82\x88\xd7e\x0d\xc17\xc9`\x928v\xac*\
\x80\xad<\xa7\xdc\xc7\xda\xbb\x0c\x01\xe6\x8f\xd3a\xa1\x09\
0\xb4\xa7<\x22\x86\xf5\xb18\xe4\x8c,\x80?\xb2\x01\
g\xcbd\x11\x10\xa79\xc5z\x10\xcd\x1bR?\x85\x05\
\x95\x94\x02P\x1b\xfb!SY\x17\x96dZ\xa9My\
\x11\xd8\xf7xQ\xbf\xc7\xde\xf2\xbe]\xa0\x9ci\x08(\
Am}\xfa\xdc\xd9\xca\xf6\x1bZ3Q1h)\xde\
\xb2\x99\x9b\xa7\xcb\xa7w\x81\xc2I\x18\xc2\xb4o)\xbd\
\x996\xe5\x9a\xc2bK\x13\xbd9\xafb\x9b@Z`\
T\xa3\x17\xa2\xcf\x0e\xcb@\x85\x16\x8e\xe5\x0d\xc9\xe7\x9c\
\xeeZ\x09q]\xb7\xfa\xd7\x8c\x91|x\x87\xd0\xb4\xbd\
\xc3txUR\x18\x89\xde\xc4+J\xd0\xd9\xf0\x99\x99\
\x81\xf7f\x86\xb7\x85A|\xdba\x0b\x86\xf2\xb5\xd3\x9b\
\x8c\x16\x98g\xa6\xb0\xfc\xd9i$\x87d\xcf\xb9\x05\x98\
q\xe9F\x18\xb9\xae\xa2\x0dT\xa0\xb1\xc1\x9b\x7faP\
\xe8+\xc88}\xb7\xac\x87\xb0F%\x1d\xcez\xc4\xca\
\xef\x92n\xf2\xae!8\x9f\x93n/g1\xfbc\x85\
\x15\x15\x7f\x07{\x22D\x06\x9d\xd4\x8a>Z\x95\xfd\xe1\
\x1f\x1d\xb0\xa4\xc5b\xf6\x14\x94\xa6\xef\x8cT\xce\xefM\
:9\xf9\xcd\xf7\x8e\xfa\xd49<8\x1c=\x16\x7f\xd2\
p7\x0d\xf4\x97O\x8fC\xbc%\xe9\x0b\xb9\xdd\xb8\xef\
\xcc\xc0\x82\xfdcZ#\xcf\xa4\x1cxt\xfc<\x8f%\
y\xd39\xa6\xa9#\xefJw\x15\x03\x0e\x8f\x0c\x82!\
\xb6T\x99\xf5G\xe9h\x00\x07%7\x94\xf2\xe2+\xbb\
o\x94\xfb\xce\x85\xe80\xf0\x85;p\xfd\xe5q'm\
\xf1b\x1f'\xb6\xcb\x0c\xd8\x81\x81h\xe8s\xfe\x0eZ\
`rk\xf4\x0c0\xe5\x0eAS\xa3\xe7g\xfa\x86\xc1\
\x7f\x8d\x13\xf0\xa2\xc9\xb2\xa2\x1e\x13\xfa\xa5:\xbd\xa5\xe3\
\x95\xa6\xd2\x9b|\x19\xd5\x11Dj0Z\xd8?\x089\
\xaf\xd0\xfc\x85\x1e\xe1*v\xcbv\xbd\x04\xb5\xff\x22\x9a\
\x90\x84\x9b\x93el\xdc\xdcO\x08\x97P/\xcd\xd1P\
U\x8d_\xc3\x90\x93\xea\x82\xd3A\xb8W\x15%\xbb\xfc\
\xdf#W\xa33'8^P\x9f\xb4?\x1d\xf3Z\xaa\
\x81\xa4#\xff1\xd2\x98MM$6\x87\xb8\x0a\xb6\xb9\
E\xa49?\xa7\x95\xd0$.r\xb6\xc9y\xa4I\x1e\
\xa3T\x0f\x8d\xc4\xd1\x86\xaf&\x88\xf9$\x8c\xabl\xa6\
<|\x83\x07\xce\xbe)>\x7f\xb7\xa9a\x87f\x0a\xe4\
\xf5\xe2\xc5\xbakO\x99\x88\xee\x8f\x5c\x81\xaaj\xb1d\
<5\xee\xa4\x94\xc9\x1e\x13Q\xeeI\x1cd5]\xf1\
\xe4\xa1j\x0bxSM1\xf2\x1f\xd7\xfe:\xd2.N\
\x0e\x99?\x1b\xcc\xbe+o\xb4\xce\xd8m\xa4\x86\x8b\x9c\
\x1ej(F\xca(\xba\x22\x0b\x01\xc0\xaf\xe6\xf6\x03\x10\
\x03JpC\x17\x17\x15#\x8bw\xb4o\xea\xd6\x01\x1a\
\xbe\x0a\xab\x1e\x9b\x9dc\xc8\xafz\xbcG41}\xe7\
P\x18\xcdn\xbe\x8b\xd3\xab\x1e\x1a\xe1a#\xf3\x9c\xc9\
\x01\xbc\xb4\x8f\x94\x15\xe6a\x7f\xbf0\xa5\xe2\x9f\x8dC\
\x9e\xabg\x15R'\xdcw\xbc\xe6f\xbb\xe6s&\xbe\
\xb8hC%\x15\xf8P\xed\x03\x98\x13\xd1+\xd5\xeb\xfd\
 \xa7\xfa\xba'F\xbf\xb1\x88\x91\x1d\x00T\xdaxm\
\x07\x91y\xe5Y\xa7S&Z\x94\xc6\xa2P\xf7|\xb3\
\x12\xd06\xc3\x94vR\x86\xcf\xc8\xd1\x8e}\x12\x0d\x1c\
\x87\xda\x1a\x89t\xbb2\x80,)\x07QG\x89RP\
\xb3\xba\x14k\x15d\xd3\xad\x86\xba;\x19\x82\x87(Q\
\x7fleB\xb3\xc1v\xf9\xb9&\xf3\x05\x15)\x0aG\
\x80\xe2FLB\x86\x8c\xef\xcb\xed\xb7[\xe9\xb8\x8b\x1e\
i\x98\x0bc%,\xf3\xdf\x7fGw\xadU\xbc\xf9\x96\
\xc4qA&\x1d\x90\xa6iOb\xc0\x0a\x92S\xba\x18\
\x8e\xa1\xb2\x1b\xc7\xae3\x8b\xfa\xfc\xf3\xb9\xb6\xdcQ\xe5\
=\x0f\xdd\x9a\x86\x8dD[\xc1\xbc\x7f\xb1\xb5\xd0\xda\xbd\
\x05M\x9a]\x03r\x05@\xcc\xe4\xc6\x17r\x1d(\xee\
)\xb1\x5cdA\x16L\x0d0\xbb\xc0cl]\x1a,\
|\xab\xf1\x17\xb7\xed\x1e2\x83\x00\x05>a]G\x97\
n\x84\xa1)m\x0a\x86\xfal~\x85\xb0\x9d\xda\xb0\xb7\
\x05\xb67u\x0b\x98\x12axE\x8e\x86^\x17w{\
_\xd797\xb0I\xb6h<e\x86\x0e-\x05{\xdf\
mI\xb8\xed\x97N\xf0-\xad!&\xa5\x05\x1e\x80\x09\
\xbb\x92\x14\x14\xb7\xe1~lM\xac\xb4[\x88\x97\xcf\x97\
{\xc5\xd0M\x1e\xd5(\xb7A\xae\x95\x97M\xf7\x93\xd9\
\x19\x22s\x99EAb\xbd\xf4B\x1e\x90\xf8\x04\xa5\x0b\
;)\x98\xa41\x85\x9b\x8c^\x90\x85c\x93\x13\x95O\
\xf6\x021\x08M1\xc6\xc2M\xba\x0da\x1e%-\xb0\
\x93\x98\x5c\xf2\x99C_\xa0\xcb\x1c\xd5|*\x95cP\
_\x0a#\xae\x8c]\x9a\xbet\x06s\xd2$i\x8db\
\xb2\x0a\x7f\xc0\x8c\xfb\xcf\xec|\x17\x8c&j\x1c=\x10\
,6_\xa0 \x9dX\xd2iE*\xfcY\xff1\xbc\
\x03e\xd2r\xa0^\x8a\xf6\x1f\xc2\xca\x86\x1c)\xf6S\
\xfc\x98X\x02.\x87\x11%\xae\xb6N\x80-\xf5\xa7\xd6\
\xc2\xc3rH*X(\xcd6\xc0\x1d\x09\xd3\xee\xe21\
\xe1\x05\x86\xe4cI=\xaepN[\xb7\x102\xc9R\
\x0d\x85\x0a\x9b\xeaV;\xbb\x0b\xc6\xa7\xea=?\x95|\
\xf5\xa8\xb6||j\xbc\x0f\xaa \xe3\xeaJ\x93\xd29\
\xfe\x81\x91\xc4^\xb9<\xcep\xaaQ\x0a\xf4!(\xe0\
\x9b\x1a\x9fH*\x1e\xae\xcd<\xe3\xfd\x99\x05\xc1\xe1\xc8\
\xb70\xdb\xb4\xc0\x1f\x8d\xcb\xab\x08\x91\xe6\xaa\x8c\xf0!\
\xdb>!\x8a\x0b\xd3\x83\xda\x9c\x0b9(j\x19;O\
B\xb1\x90\xfd\xea\xd5[\xe3\xc7\xd8\x12\xfb\xcdW\x04\xf4\
\x8c\x10P\xcd\xe2\x8c\x95\xf0K\xe4\xd0\xf9jS\xdc\xae\
T\x0b\xd1\x870\xff\xd0\x8cE\xba3\xe2B\x15\x0e\xce\
\x81\x8f\xe1\x0a\x9b\x9a\x9c,\xef\x1cJ\xa5\xdbZRV\
D\x96-\xef\xb8\xbb\xf7\xaf\x87>\xf9\x97\x7f\xc1sX\
\xf2,\xf1F\xd6\xdb\xb7E\xd6\x0f\x7fH\x92oB\x81\
\xb2\xf2k\xf8\xb0\xc0|\xa2\xb5\xec\x85\xeb\xa9w%\xf7\
\x7f\x88\x97\xd8@ \x8e\x96\x97\x14\xcc\xdd\xbbq\x9aW\
\x9a8\x93\xbd\x95\xeci\xce\x81*\x9d\xd6\xcd@W\xc2\
@U\x91\x03x\xcc\xd4]6\xa6\x01X\x0dp\xc6\x0b\
\xbf\x07~\xe9\xbf\xdd\xbe\xbbz;\x88\x8e\x96\xd4/\xf3\
X\xbb\xa4?\x15\x87\x99\x5c\xe9!\xff\x5c}\x9b@\xbf\
\x93\xaeX\xef\x0d\xa3\xfdC\xd3\x97.\xc9\xf7\xec\xbf)\
\x0cOO)\x94G8\xbeyW\xefV\xf2\xc9\xbb\xd5\
\xe85\xa0\xa1\x99~7\xc2\x89\x1c\x8cS\xd1'\x01\xcf\
w\xf81Bp\xe2jd\xf3\xeeQQ\x04\x17W\x1a\
\xd2\x0b\xd6\xf2\x1e\x14\xe4\xf1U\xde`\xa6\xef\xc4\xd4\x9d\
1\x10\x12\xad\xfe\x06\x0f:l\xbd\xa1\xe4\xa5j\x1d2\
\xa7\xa1^\x8b\xef\x85\xc2A\xdd\x83N\x88\xa7\x1d\x1b\x9c\
\x05\xf6P_I\x22OES_\xe1\x8at\xf4\x12\x1c\
\x8a\xe2-\x80\xf5c\x9c\xda\xf2I|\xe7\xf2\xa1c\xd3\
g\xb7)V_y\x9eH\xa4NW\xa6XLo\xcc\
\xb0\xb5\x17Uy\xcf\xdd\xc9\xd0|\x09\xa1\x22\xf9K\xa4\
t\xcbe[\xad&\x810\xc7!b\x988W\xd9\xfd\
\x17\x8e\x9f\xc0j\xcd\x97\xd0\xc7\xecv\x04J\xe2P3\
\xa4\xf1X\xd4\xcc\x0b\x9eT4\xc7\x88[\xab\xa2\xc3\xc3\
\x8er\x83\x96\x8c\x8e\xd30\xd3\xd4\xf9\xc9\x88P\xd5\x22\
\xba\x90,\x22\xf4u\xc7\xc2\xe11\xde\xee\xd2\xd4\x89\xfb\
\xc4\xa5I\x0dM2\x84+'d\x22\x04\x0aR\xd4\xa2\
\xe3\xb3\x08\x07qP\xd5\xb4P\x8a\x09{\xc3RQ\x81\
c\xe1&\x9c\xa8\xdex\x86\xf0\x11\xb9n\x97\x01\x06\x12\
\xc1\xa9\xe0u(a\x87d\xf7QG2\x12\x88\x1c<\
 \xa9\xaa\x08U\x01\xe3p\xdc&K\xb4\x9b\xb0\xc1\xda\
W\xe72\x90\xc9,\xc4\xf2\xb7\x16\x89\xdea(q\xe0\
\xf6\xd5\x85\xa9\x9d\x04@Q]\x94\x84\xb2q[Vr\
\x0a\xd0\x1a\xfdtf\xec\xcb\xa9\xc9~\xdc3\xc4R\x15\
\xa7\xca\xd4\xf8^Y=\x07L\xe2\xc3\xe7\xa7&\x0e \
\xd9\xba\x9a)f^\xb46q\x1c\x97\xda=\xbc\xb9:\
\xdf#\xa5\xe3\xd9i\xa4O\x1b#\x0f\xf8\xa6\xd7@\xbb\
z\xb8\xd3[\x1c+I\xb6\xae\x18\x08\xed\xe5\x1dR\xf1\
\x9c\xc7\xf1\xb2\x98v/\x97\xcc\xbe\xdd\xa9\x17s\xa5L\
!\x05\x7f\x10S%\xd5\xd9\xce\xec\x0cQ/\x9a\xf5\xb5\
\x81\x89\xb0iPI\x0f\xa6\xb2\xe9\xdf\xfc,\x93\x1b_\
_\xa8K\x88\xb7A\xf8Lj\xcc\xee\x1f\x9f\xbeu\x0b\
\xa3\xad\xacO3\x87P\xd0b\xd2\xd3\x99`\xc3\x11\x15\
V\x01\xd9\x07cr\xa7\x08\xa9\xcd\x18\xf6^\xf8\x18\xf0\
;_O\x87:9<<n\xb9C\xbcvg$\x9a\
8+\xde\x15\xa9\x99n\xbdW\x1e\xfbHr\xbd\xd2\xd3\
\x97]\x19?v\x06n\xb5#r\x0e\x91\x94\x0f\x82\xf3\
'{\x19fq4\xe4\xcd\x84*\xa0\x9eZ\x13\x01_\
4(\x940j\x1f\x0e\xa3Ht\x22\xe3\xa0;V\x96\
t%s\x8e\xc2\xb0\xb7\xc4\x041\xd3\xaa\x9d<.v\
}L\x15I\xd4\x1e^\xea\xc65H7c\xaaR\xa9\
pJcjPI\x14\x89\xe3P\x19\x1f\xfc\xf4\xb60\
\xef\xd5\xaa\x0e\xc2-\x9e\xb4\xa0{\xdf\xc9\xb1\xe7\x90\x14\
\xa2\x83\xc4A\xdd{\xd7\xad\x10z\xc2\x8cW\xaa?\x0f\
^\xa3\xc7\xba\x9cxuWFw>\xa9\xf4\x07\xc9\xaa\
?9\xc3\x84\xb8\x00_Z\xd3\x10\xac\x8f\x0cI\x8e\xb7\
y\x19\xba\x06\x87b:\x8d~R\x0f&\xae\xf95\x04\
\xd5\x81\x0a\xd1#\x164. \x95\xea\x814\x9e\xac\xb0\
g\xa5\xad\x87\x83\x97\x08\xaf~\xbb7}\x06\xec\x8c\x09\
\x99\xc2Z\xe2\xc8\xee)\xdc-\x8f\x9ab\x9d\x06ro\
!\x1d\x04uD`b\xe4\xf54\xcf\xd6\x01j1 \
\xff\xc1>\x85\x84\x1b\xfc\x04H\xcee\xa8m\xbc\xbf\xf2\
\x97\x09\x9e\x16\xe8\xbd\x04\x94b)\xb8\x82\x1f\xe7\xad5\
\x86\xbch\xa5i\x89\x02\x882\xc6A\xc9\x18;%\x9e\
\xb9\xe6g\xf0\xc6\x16\xfb\xa8\xeeR\xcay\xa4\xf4\x00\xe4\
\x9f\xcc.\x82\x99\xe0\x13\x12/\x90\xef\xebV\xee\xba{\
#N\xcd\x8d\x0a\x15<\x8cc\x03L\xa4\xfa&\xd2:\
e\x01?o\x91~a\xe6\x96z\xd0\x22\x19\x9cn\xaa\
{\xcd)>\xba;\x09\xeb%t<\xba\x82\x17\xf1U\
\x92\x03au\xd3k\xa9\xe9\xab\xa7\xc4\xf5\x15\xa6\x07^\
\x0f\xf8%\xf9l&\x15z\xb7\xeb~U\xb0#\xeen\
\xe4\xcb\x98\x91C\xb8Z\xe53A\xf2]r\xc0\xafj\
-e7eK[\x92>\xab\x8fZ\xe3\x83I\x8b=\
gs\x09I/\xe2`P\xc2\xcc\xc8\xbb\xfc\xed\xe6 \
:\x87\x0c\x9fW\xa3C<\x1f\xea\xd5t\xe1b\x03\x14\
B\x9a\x14\x82@oD1\xa6\x7f\x878c\xcb\xfb/\
\x85\xc9\x90\xf0+q\x17\xeb&\xaf\xbe\xd1\xd6bP\xbe\
3-+\x91\x90\x976\x83l\xc4A^\x1e\x12_\xc3\
\xea\x1dCJQ\x01\xea\x84e\x04Qf)\xfe\x10F\
\x9a\xe9\xd7\xe1\x0c\x91z\xcaG\x1az\xd5\xfc\xe3\xbc\x94\
\xe1\x1c\xda\x14/\xa3\xf8\xbaw\x08P\x1cN7\xc9H\
Z#\x82\x22\xf4hY\xfe&\x5cY\xee\xa5\xbf\x14)\
\xcc`!\xdf\xec\x93I\x84\xa3\xd7f\x0eK-d\xc8\
\xc0\xca\xfc\xec\xc9]\xfcf\x9cOF\x17O\x9a\xa5{\
`I\xb3\xe8\xeb%\x93f!\xd7Z\x12iV\xcc\x81\
\x19\x8c\x85}\x9c\x9e,](\xa9h\x0b\x80\xf5\xf5\xef\
\x9f\xbc\xda|\x08\x03^\xbe\x10^LZ,\xf8\x14$\
\xc9\x05\x15\xd4\xe6\xbc\x96\xf7\xc4\xc5c\x80\xa8\xf5G\xff\
\x07'a\xc8\xb3\xd44\x04\x8eb[\x8c\xc6%-E\
G7\xd1?\x01!+\xa4\xa1F\xfb\x1c!\x8c\x1b\xd7\
PW\x98My\xcf\xb2D\xae\xc4\x13T\xfc\x03a:\
\x84r\xbej\xee\x95\x8c\x91>(\xa8\xea\xe1\xac\xb7\xaf\
\x1e\x82\xc6\xe0Z-\x0f\x1d\x9c\xba=\xc2\xb0\xea\xcds\
\xda\xe6\x8a\xea\xea\xb1\x1d\xb6\x9cn.\x92\xf2\xb5\x91\x92\
Gz\xe5\xea\x87Y\xfb\x7f\xb1\xd3\xb7\xbbi\xf9\xc0\xf9\
\x1ch\x0ek[\xd9x\xf8+N\xa3q\xcbp\xb57\
\x89M\xee$\x8a\x7fy\xad\xae\xb9n\xad\xe3X\x8a\x8e\
\xad:\xe3\xea\xbc\xf0ss\xa5TS!\xbf)\xdb&\
<\xde\xd7\x9a\xd7\xf2\xbaW\x10\xbe\xd5\xd3\xf3o\xc1G\
\xc7)\xe2\xa1~9d@\xcb\x124\x9c\xddtm\x8a\
p\x8d\x93|\x0cA\xaa\xfa\xa9\xcdl\xe5\xae?\xd1\x8f\
\x97O\x8f\xc9\xfab\xd8\x86\xa3W\xa2\x93}b=\xa3\
Z\x1e\x94\xeb\xb2\x89\xa1\x9f\x07u\xa7\xdd\xa8\xd8\xe6\xf3\
\x07P\x1a1\xaef{a\xf9\xf4\x0dq\xa7\x1a\xa20\
1\xe9@\xa5\x93\x94\x9e|]\xdc\x91\xa0on\x0f\xfd\
\xac\xa1\xbe\xa6\x0e\xcbfS\xe6\x0a\x09:\x17I\x99\x8d\
\x01\xd1,D\xd8\xd2\xe0\x15\x090\x84\x8b\x94\xa8\x86O\
\x8d\xefe\xee\x07I\x02\x967(\x9d\x1cnb\x1b\xc3\
\xba\x1b\xd4\xe8\x02\x1c\xc0\xd0\xd1\x99\xe3\x07\xffv\xf3D\
\x15\xa4\xe8\xeb\xceyh%\xb5V\xaa\xcf\x1e\xceT\xfb\
]\xce\xc7\x138\x9c\x83\x07\xa4U/i\xc8pV\xc4\
\xf5YeV\xfe\xe8\x0d\xcd\x95\xf3\x00Nr\xbf\xf6\x22\
\x0e\xcfR\xeb\xec-\xc7\xe1j\x9d\x0f,\x8aW\xab\xfa\
.\xf0\xb7\xed\x89C\xa7\x7fs\xcf4k\xa8\xd4T\xf1\
Ob\x12\xee\xb0\xbfJ\x8d\xff\x86\x9a\xc7la6\xfe\
\xf8hek\xc99\xc3\x1e\x8f\x1d\xa1\x1aR\xecL.\
 =\xdb\x0al=O\xbd\xe4.\x03\xf8\x8ezS\x99\
\xd0)e\xbb\xc2l\xce\x8f\xbdw\xb4JQ9c\x9e\
\x95\x1c@\x1bA3\x93B\x0c\xe8K\xd1\xb8\xe0\x9a\x16\
\x1e\xc5\xc5\x8f\xa2\x9bC|1\xcacl\xbft\x07Q\
\xe3\x0bZW\x10\xe5\x10\x84\xc9\x03\xbb[c>\xdd\xdd\
\xac\xfd\x85\xb4cZ\xb6\x9d\xb4\xd2\xdf\xaca@a\xda\
\xf5+\x0f\xcbd]\xab\x0c\xeb\xe7^q\xb6?\x80\x15\
\xd5\x06\xe0\x9f\xa7\xba\xe3j\xe7\xe9\x1c\x95%\xb3\x98?\
\x17W\xad\xf2\xab\x0c\x03\xf1sd\xb8\xa8\x1b\xac\x1cZ\
\x94\x01\xc4U\xdf\x8du\xb8Y,=t]\x5c\xdd\xf6\
_\xfb\xce\x0a\xb7VVe}:&7Bw!\xb3\
)\x9b\xef)r..\x94R\xb4\x19\xc40\xaav\x93\
}5\x1b\x14\xbbU\x8a4\xdf\x16\xee\xa8\x17\xe2Z0\
\x1c\xcaE\x8cl\xba\xfff\x83\x81\xbd\x84\xbf\xd2\xedK\
Q,\x17[\xf3\xdd\xfa?\x96\xd2%\xf1\x1e\xe1\x10\xd6\
#:\xbf\xd3,\xbf\xb4\xa1\x01\x02\xcc\x82Uh\xd1d\
\x9bN\xea\x98\x04\x80\xce\x8f\x95\xf7\x9eR\xb8\xb01I\
\x18=(\xb7v\xe5\x94\xac%\x0c7u\xd8\xaf\x8e\x13\
\x84\xa5$\xd0\xee\xad\xfd,\xbb\xca\x8b\xa4\x19Jw}\
\x1f<\xc6\x90\x95\xceg:o\x0d\xe4\x82\xd5\xd3\xe5\x93\
\x1f3P\xfe\xe6\xbb\x98\xb5V\x93\x5c\xc9{\x1a\xe6\xfc\
\xb0q\x16\xcd\xe0a\x22\xf9q\xccc\xc6\xb1^,\xaa\
\xf5\xfek\xf0\x1fa\x8e\x92\xbe\x96\xb7N\x11\xb5\x0ci\
\xb9\xd4\xf9\x0b\xd1gC\x1cW\xac[;\x1e\xd6\x86\xd7\
C=8_\x03>/h \x04E\xc0\xe3\xaa\x90<\
D\x92\xbe\xc4V\xa8\xf7\x98\x0a\xcc\xb4as\xd6\xdeH\
\x07:\xfb\xb6\xce=dp\x91+\x1b\x02\xd9\x9d&`\
\xe7\xa7Ih\x0e\x93\x0c\x11x\x9a\x00\xc9\x11\xf5\x7f6\
5\xf1\x09\xe09\x10\x86>\x84\xd82\x99\xaa\x1b\x8a)\
\xcaX\xa0$5]r\x1b\x22\xaai\xfa\xfd6\x14\x8b\
\x02\xc6\x00509\x19u\xa7-\x22\xa3>\x9b>\xcf\
(\xa9/d\xc6A\x03\xd1\xee\x91<\x87\xb6&C\xcc\
\xe1rY\xcc4\xc8\xf0h\x90!>D\x1b\x05\x06\x0d\
f\xa0\x9bjk\xd7\x13\x89\xcc\x91\xc0\xa7>\xd2B\xcd\
\xe3\x10\xc2\xbdY]q%\x87e(\x18\xa5p\xe0@\
\xb7\x18\xb4\xe1\xec5\xdbw\x9c\xa5\xee\xf2_\xa0\x96n\
\x1f\xa6\xddV\xe9\xe1~q-v\xaa\x95\xef\x97fC\
\x1b\xfd_\xcc\x1c\xbd\x18\x86m\x9d\x87\xd4}\x03\xf9\xbd\
\x0c\x12\x8b\xf0\xf0\x8d\xef\xd0F\xb7v\xa6[2\x9d\xbd\
S\xf2\xbe?\xc9\xd9\xa4n\x0f|\x8bsh\x8b|S\
\x8f9e)\xc9,X\xba9U\x14\xc2\xab\xde\xbf\xcc\
6\xc7B\x0dc\xc3\x01\xeeT?\xeat\x0a\xf8\xb7\x1b\
\xd7\x00\xf5\xcf\xd7\x97\xad \xf5\x95N\xc8\xc7\xcb\x9e%\
q)\xfd\x0b\xf6:\xb8\xab\xbc\xffC\xaa\x0a\x9d@\xaa\
\x044Pir\xa0z\xad\x93\x1d:\x0f\xdbw\xc9j\
\x99M\xda\x184\x9a\x90\xf7&\x1d,\xa0\x1dx\xf9o\
\xa6\x9b\xdf\x11\x16\xe8M\x0e\xbb\x8b\x13yTV\xe1u\
\xa6\xb6\xab\x9d\xe4s\xb4\xcdh\xcc^3\xa8\xff\xaf\xb9\
o}\xae\xea\xb8\xf6\xc4SS\x94\xe3\xd1\xd8\x1e]\x87\
\xcb\x18_\xea\x84\xeb\x8b1\x17\x037N\x9c\x1b\x9bJ\
\x8c\x8d\x1d;&\x0e\xe1a\xcf\xb8r\x1d\x1ft\x0e\xa0\
 \xe9(:G\x10\xac\x90\x92\xc0\x80x\xe8\x01\x16\x0f\
\xf3\x08\x8f\xcb+\x06\xc4\xc3\x18IHBSS\xf3a\
>\xcd\x1f\x11\xeb\xbc>\xf9\xeb|\x9c\xddk\xad\xee^\
\xdd\xbd\xf6>G\xd8IM\xa5*e\xe0\xec\xde\xdd\xbd\
\xfb\xb1\x1e\xbf\xf5\xfb\xfd\x0bu\x8a\x95\xd6E}Q\xa6\
\x15Z\x8b\xf8\x0f\xc9\xea4\xeb\x02y\xd9\xba\x81\x8b\xa6\
\x1f\xff@\xfd@.P\x1f\x9c\x18\x96o\xbfO\xfe\xe5\
\xcc\x0f\x19(\xd9\xafq\xc8\xbcI\x12M\x05\xa70\xc6\
\x9a8\x1e\x80\x95\x22E\xdb R\xa2\xfeL\x1c\xd3\xfe\
\xda*\xf5\x5c(^\xec\xc3\x94\x93\x5c\xbe\xb6\x0a\x08\x05\
\xdb\x09\xa8e\x8f\x12\x09\xc6\x10;\xe8\xe0\xb5\x1a\x87`\
\x86\x1cbRVz\x10')\xf3\xcb\x90\x04&\xf1\xa6\
:\xf1>\xcd\xb5\xf5b\x9bY\x08q\x13\x95\xca\xaa\x8e\
\xf3\xc2\x1b\xec\x1a\x22\xcf\x01\x0a\xa5\xd3o\xd0\xcd\x1b\xfb\
\x8b\x0f\xf6`\x01\xa2\xf0}V{2\x8bK\x9dlH\
(\xaf\x83\x8e\xdcz\xc3\xcd\xf7:\x0b\xed\x06\xb7\x1f\xf6\
\x09S\xec\xd1\x1fI\xe9m\xf4Fqj\xb7\x0e\xdf#\
\x84fWx\xd4\x86\xdd\x92\x97e\x98\x0c\x91\x85\xfe\xbe\
\xe7u\xc9LM\xac\xa6\xdf\x93\xd1vl\x22RJ\xf1\
\x86\x8cn\x89\xd2\xc0\x80D\xb2\xe2<&hs\xc8Y\
\xddy\xbcY\xa3\xce!\x1b\x84\xab\x84\xb7\x04\x054u\
\xbf\xf99\xfef\x10\xbc\x84\xb4\x8a\xd2\x01H\xec\xc5\xd2\
\x80\x80L\xc6\x89\xf94Dt\x80\x13E\x14\x08o\x12\
\xd0Gd\x1fz\x09\xee\x89\x9c9\xa4\xec7\x9f\xd9\xc4\
\x02(\xae\xc6\x90>\xf2\x83\x053\x90\xf9\xc3\xffO*\
\x0d\xe6\xb7\xd8K\xd4\xabs\xa3\xc5\x9bc\xfc^0\xcc\
/*\xee\xe5\xca\xfe\x09\xb7\xdb\x1f\x89\x9f\x17\xb9R\xb9\
+\xae]\x9az:\xaf6\xd8\x7f\xf7\x8af\xb8Z(\
G\xb6\xb4\xd0\xc7P1\xa9\xa5\xf2p\xbcn\xd3\x11\x00\
\xca\xa2\x84\x90\x02QCa\xd75\x86\xc1\x1a\xdf;\xc1\
\x98\x910\x15+\x84o\xf7\xf0W\x0cU,\xc6_1\
\x8b\x85\xd7\x89\xd1\xc7\xd0{\xe1Q7a ?\x11Z\
\x96\xd9\x0eg0\x14\xda\xd41\xb7\xe5\x9b\x10XCp\
\xa4oz\xa4\xd9r\xaa/\x84\x8b\x94E(\x5cy\xba\
[\x15?\xe8\xf8\xadL\x1bu\x80e\x0dg\xb6\xeb\xe4\
k\xd3-\xd9\xb7\xfb\xb3C\x5c\xd6Y11\xb8\xc2\x19\
E\xb0\xa0\xbd\xbbU\x95\x8c\xc3\xfa\xc6\xdf\x87G\xd8\xcf\
\x9c\xecB-\xdc\x10\x18\xbdl\xdd8S\x1ar\x17\x08\
k\xe8\xb50V\x1acG\x8ak\xc8Y\xb5)z;\
\xd4Jk\xe8MdS\xe2b\x12^\xde\xf6\xcd_.\
T\xf1Y\xd5\xe7&\xb8vB\xdfuY\xad\x8e\xaa\x1c\
\xd3\xf8\x95\xf2\xf8\x0d\xb9Ns9\x98\xab\xdc#I\xac\
<fS4O\xbf\xd9\xaf\x1d\x16f\xe7\xad\x99\xbd\xa5\
\x0e\xfbtq\xdc\xdb\xc3\x85*\xd7\x12\xf2\xce\xf88?\
_\x96dY\xac\xf6\xca\xb3\xbc\x1b\x08p1\xfe\xdf\xb2\
8\x01\x96\xef\x07J\xdf#\xb5n\xd1`[\x00\xde\xd6\
\x13\xff\x94\xef\xf7\xc7\xdd\x0ay\xdf\xa6\xc3\xca\xf5p9\
\xbf\xee\xc5\x8eTG1\x8b\xdbak~D\xdd\x1aK\
h\x83uX\xba\xbcQ\x03\x1d\xb6\xc0\xeco#\xac+\
\xb8\xc3\xa6S?\xa2NA\xfc\xe8\xeb\x89S\xd5k'\
\x10\x035=\xaap\xdf\xd3\xa3\x17\x8a\x13\xbb\xad\x1c\x0c\
H\xc0K\x06\xd4z\x879HO\xb3DY\x80\xc6\xb3\
\xad\x0dG\xbcN{\xe2\xe2{V\xf7\xf2@i\xe8\x01\
\x91\x15|\xf9I\xe9\xfe`\x92\xa34(\x98\x8e)\x96\
\x84\xc9\x12\xbcv\x13\xfdK\x0b\x9c\x0f>\xa3\xc1R\xc2\
\x92\xb43\xca}\x97\xa7\x1a]'\x0d\xe2\xb3\x87\xae\xae\
\xc5\xd09\x0b\xae5\x01j\xb9\x95\x07\xbb\xabG\xa7\x94\
\xe5\x02\xdbiz\x14\xd4\x9e\xae\xf4*Ix\x84zG\
'>2]\x0f\xdc\xc4sYm\xb0\xa3wc\x1d\x8a\
c\xac@\xc7\x92w\xb4\xc1\xa1\x961\xa1\xe9\xb0<\xd8\
\xadE\xf2\x01\x1e\xfe\x13\xae\xf2\x9b\xf6 \xfdZ\xe0v\
8RUKv\xe0\x1f\x95n\x5c$\xcds\x10\x19\x9d\
\x1e\xed\x9e\x1e\xfd\xbc|\xf5\x8b\xe2\xf0ISF\x86\x91\
\xb6ht\x84\x03\x19\xecW\xac: U@\xaa\xe9c\
\xf7Tp\x00&M\x09\xa7\x9f\x99B\x18\x960!k\
k\x88Jm7<\xa6\x1c\xad\x22A\xf2M\x04\x9a\x9f\
\xc7\x17\x11\xd8\x8c|\x04\x88b\x91%\xa8\x8e8\xc5}\
.\xaaG\xd77iJX]=\x8ePAb\x17\x17\
\xab\xa7\xe2H\xac\xe3h\xab\xf9{y\xa1X4\x0e\xe4\
\xa1\x06\x18\x90)0\xc1\x93J\xfb\x0a\xd1\xfa\xec\xae\xec\
\xbbKD\x15`\x83\xe3\xef\x85i\xdfd\x94\x0dI\xca\
\x96\x86Y\x80\x09\xb7*\x83\xda\x80\xca\xc7\x10l\xe4\x88\
\x97LW\xdd\xb82\x8c\x9cj\xed\xe6\x80\xea\xf0\xbe}\
\xa5s#\x0aG\x04J\xb9jg\x01=\x93\xdan \
\xa1(\xf2\xeb\xac\xa5@*VsZ\xd8\xad\x1f~k\
\xa0\x97\x9c\x1c\x10J\xd0\xd7\x044=\x12=\x0a\x8es\
e\xf4\xb2\xdf\x1a\xa55WG\x88\xea\x22\x9d\xe8\x0b\xac\
.\xe4\xf4Q\xc9L\xc6yR\xb9\xb5[\x1d\x07XR\
p\xe6\xbc\xb0\xf0\xe6P\xbf\xf2\xc6\x97W\xed\xff\x94y\
\x0b\xd0:\x86\xa3A\x8c\xe3\xdf\xbf\x9e8\x1bG\xfa\xe8\
\xb5\x02 \xba\x9a\xea#\xec\x14\x97\xde\xe5i\x8c\x84\xde\
Z o\xcc\x12\x84 R\x1c\x02/W\x03/\xc9\x16\
G\x06\xf1\xcb=\x95\xfdw\xa4\xa2\xdb\x19\xb9\xb1\xccS\
t\xed\xf5\xb0j\x7fM\x9d>\xbdZyY\x87\xf8\xaa\
\xd5\xa9_\x94\xed6\xb7\xf6q)d\x1d,*\xb2\x99\
\x8en\x9f\xaa\xe8\xc7^\xaf\xcd^G\xa8\xb8\x82H\xc1\
:3$@\x0a\xb3!\xba\x1bKcgN\x83\x1d\xf8\
\xdfq\xa0\x8f\xee\x01\x80\x1b\xd2M[\xa5\xb2\xedA\xaf\
u\xafl\xd8\x90\xdf!\x09\xa4\x96\xb7\xb6\xec\x0c\x1c\x13\
\x82\xe7\xa9,\xf7\xe2\xcf\xaaOk\x13~\xf7\x15\xd4\x7f\
,\xbb\x1a\xb9S\x1a\x1a+\x0e\x9c\xe0\xf3\x85$\xfe\xd3\
\xe3\x97(P\xa1\xcfR\x0190\xc7\x19\xa6$\x02\x09\
/\x93\x05m\xf8\xc3l5\xf8\x0f\xcbT3\x8d\xce\xc3\
;\x9c\xbc\xbb~\xf0\xf6x\xf1O\x07\xc3\xe4\xb9}0\
\xaer\x00\x1f\x97*\x07\x1eYh\xf0F\x05\xa7\x19\x9d\
\xde\xd5&V\xbb\xa3Q\x19O*e\xafm\xff2\xdc\
\x0e\x9f\xbb`j\x02mU\x8f\x0b\x97\xed\xa4,GJ\
\x17\x82\xb8U\x0cN\xb5FX\x17\xe5\xca\x95\xe9\xb1\xa1\
\xbd\xbb\xd9\xa8\x99'\xeb\xed\xfa5X\x9cc\xb0\x13'\
\x93\xec\x0cE\xd0\xa4\x96\x02\xb2H\x19}]\x0b\xc6S\
\xf2+#X\xab\x82\x85\x16P!xS\xdd\x81P\x82\
\x5c<r\x88\x9a\x22m\xb3S\xc5\xfe\xb3\x5c\xb0\xb7|\
T\xca\xb1\xb4E>\x5c\x07\x98\xd2\xaa\x97K\x04\xad\xbb\
\xb82S\xaev[wY8\xbb\xfb@\xec\xf7\xab\xee\
\x1e\x94\xc2S5-X9\xc8*\xb6U\x0cS\xa4\xc3\
Y\xe3\xf4\xda\xb7by\xcf\xb86\x8a;*\x07\x8b\xcf\
\x9cB\xe8\x17E\x94q\xfa\xc6H\xaeO\xaer{t\
\xd6*\xd8\xa2[\xd9\x8d4r[\xb8\x91\x1a\x22\xdf}\
G\xb48\xd4\x02\xca\xf0\x1f\x8f\x14\x07{\xc3\x14\xfeJ\
0\xeaB\x85\x07AD\x81%\xa2G\xc6\x8b\x07\xce\xa1\
\x8a\x83\x8cq\xc9\x98\x86\xd3\xf6\x80\xa0z\xcf\x0e\xca\xa8\
6\x99D\xa5U\xd6^b\xea@5iA3\xfc\x9b\
^\xea\xf8\xb1Q\xba\x96\x17=c\x87F/\xe3\x99\xa3\
\x16\xed\xd8T\xe9\xc8\x8d\xc8\x98\x86\x8e\xeeB\xf9\xeb\xd2\
\xe9n\xc5~\xdc\x17\x19\x0f7\x04f\xe0\x85\xa6\xd3\x89\
\x9d\x0c\xe6\x01^%sN\xd8&\x13\xf5)\xfc&\xb9\
\x0eEX3\xf0z\xbc\xda\x14;D\x99n\x94\x04G\
\xb5\x05\xaa\xc9\x89\x10jH\xf6\xda\x17\xb0\xbe\xd4j\xa8\
\x11\x1bJ\xca\xa2<f\xfb\xc5V.\xd4\xb9\x86\x13\xcb\
\x87\xe0\xaf\xde\x10\xd0\xd5\x88\xcd\xd0\x9a\x15a]\x7fp\
\x9ad\xcaL\x9e\x94\xb9S\xc8k\x14/P2\xea\x95\
\xa0\xd0_\x86\xf4\xe8c\xa1\x19>b\xd6)\x8f\xc5\x8e\
\x8e\xdcQ\x02P{\xefDG\x16\xe9\x04h\xe5\x0b\xb5\
\x90]\xc2}R\xe9\x81\xa8\xa1\x0cV\xd1\xa3J\x22\xbb\
\x86\xf7\xcaA\xc7\xb8\x0fS\xfd\xecb\xfc\xf2\xecp$\
u\xdd\x1a\xc9F|\x98\xca\x9e\xc5\xda\xc8\x9f8\x0d%\
\x87\x1f\x93\x066\x97^\xc5B\x8e\xf2 \x17x3%\
\xe4\xe1\xfd\xfec\xb6]\xaeq|\xca\xdbd\xee\x044\
P\x03\xe2\xd0W\x10$!K\xf9\x0c\x17\x1f\x99\x11\xb4\
1lH/\xef\x0f\x9c\xd0\x93\xa0\x8b\xa1L\xce\xee\x09\
I\x831\xee8\x88\x9fW\x9a\x02\xdc\xcf\xf2\x8c\xfeA\
\x9a\x02\x07x\x94&\xa0\xf8_\xb3`p9u4\xbe\
`\x10\xbf\x82*\xe5\x145\xd7\x1a\x00\xc8\x18:\x8f\xe3\
\x87\x8b\x07\xae\x86\xeb\x7f\x1d\xf4\xb9\x1d\xfa\xb2\x99\x8cT\
\xd2~`\x9f\x1f\x1e\x06\xbe\xce\xa9\x10\x91\xf2\xba\x11\x94\
\xe1\xc8\x8a\x16\xa2c\x0b\x831\xe82\xb9\x7fg]\xa6\
\xf9\xa8%\xa3b\x19\xbaTK\xf9N\xe9L\xa6#\x9b\
\x0f\xf1\xd4\xeb\x9d\xd7\xaf\xab\xa1\xf1\xa7;h\x99P\x93\
\xaf\x81\x17\xa83L\xd3\x0f,P\x9b\x16H\xba!\xde\
\x14\x0b)\x1e>\x0f8\x0f{C\xc9N7\x0f\xe8\xbf\
\xfb\x7f\x99`\x85\xda\x9d\x9bh\xa2\xb7\x90)\x9ew\x08\
\x16\xb2\xc2<4\x1bw)'\xcb\xe8E\x7fz\x1b\xa2\
\xc9m\x22Qz\xda\xa82\xe8$\xdc\x12\x81WPg\
\xadp\x99\xac\x8b\x95\x08\xcd\xe0\xc8)Q\x07L,\xa5\
\xe3JP\xa4\x189\x00\xd1,\x1c\xda_=2\x8c5\
\x0e\x91\x95_9xiz\xbc\x8f4\x9c\x19~\xcc \
g\xb0\xa6hz\xf4\x062\x11\xaa\x94\x96\xe0\x07\xac!\
|b\xde\xe1\x89\xe0ZB\x00\x16f\x93\x94\x03\xb9\xd0\
\x16gb\xd9\xd1lcC\xd1p\x14G\x06\xc8\x0bU\
\x87\x86\x91\x89E\xa1\x07AqI-\xb7=_\x84\x99\
\x96\xf7D\x91\x99\xd9r\x15\xcf\xd5@g\xb8\xcb\xab\xcc\
\xd7\x15\x0e\xbf4\xb1m\x9e\xa9x,\x11\x0c\xe2z>\
:\xc8\xbc\x84\x1d\x85\x96\x8a\xca5F\xe2\xab\xc1\xdf\xc3\
\x81\xa4\xba\xb6e;\xf2\xcd\xb96\xa8\xa3P\xe5\xeb\xd1\
\x1c\x9d\x1f\x8b<\xbc\xc7\x5c\xa8\x09:G\x8a\x1c\xc9\xe5\
#\xc1r\xf2\xe2\xc8%Ev\x15\xc2\x02?\x80p\xed\
6S\x87\xea\xed\xb6\xc4\xccx\xdde@\x5cV\xd9P\
\x17\xd6\xa8\xc6Y\x1e|1K\xb2,\x12x\xda\xdbM\
\xd7n\xf6)rn\xa8\x8d\x0e\xaf\x85u\x82p\xe2l\
Y,q!\xff1\x9d\xd76\xd9\xac\x15\x9a\xed\x99\xfd\
\x94\x11\xa7\xe8j\xc95\xa5[\x9a?\xcefvJ\xb5\
\x13n\xa3o#}\xbd\x8d2\x9af@\xdb\xedN\x08\
n\x7fC\xccn\xebs\xe47\xd1\x86]\x19}\xa3\xb7\
l\xfc\x0d\x13\xd5\xc5\x81\x13\xd5}\x03j\x9b\xfff\xcd\
\xca\xf5o\x85(\xfc\x9f9`\xf5,Y\xd4\x9b9L\
\xdd\xb4\xf9$\xa2\xceS\xafun\xee\xc8\xb6\xe7:\x0a\
a\x90=l.F\xc7\x11\x9b\x8a\xd5ql\xa9#\xb3\
\x80\xf9N4[;!\xc7\xf0M\xf3\x0b/`\xaf\x8a\
\xe7\xf6\x22\xd1\xd2\x8cR\x0c\x8f<i\x10\xaax\xc8\xe7\
cP\xb7?\x8c\xd6\xfb\x8b\xb3~$ \xbdC#*\
\xe4q\xd1\x17\x07\x8a\xd9\xe12x\xc5\xc9\xce\x15\x88\x0d\
\x09)5\xf2\xb1\xe1O\x9fO\xc15\xf8\xf2\xe6:r\
\xc5\x84]\xda\xdc|\x92\xec\xbc\x99\xd7\xed\x8a]\x11\xf3\
x`\x80\x02\x1ep\xd5k\xa9\xe2\xf0\x85R\xefH\xe4\
Ek^\x5c\xc0\x18\xffp\xf9\x8b?\x22\x90\xb1b\xe9\
\x9b8\x19]W\xeaXC\xab\x83j|\xfbK\x07T\
\x15\x88\xfa0\x00F\x88\xce\x16\xcc\x1d&Q\xa4>J\
\xa6\x01\xf3\x8e0\x94\x16\x86M7\x98p\xa1\xcft\xd5\
\x80\x8f\xc8u\xeb\x8fG\xdf\x86\x99\xfc\xfc=\xca\xb0\x0f\
\x0f\xbe\xd7<\x0fa!!\x88\x9aM\xe1\xb1\x5cJ\xfc\
]lP\x91PM]+\xf5\x8d\xc8\xc5\xc2\x0b\x83\xf6\
\x93\xb3\x1d\x0d\xd4\xaa\x98\xeax,:d\xc8\x02p\xc7\
\x15\xf2\xb2\xcf\x8d~\xba\xc5T6\xb5\xc1\xf6\xdc\xe8\xaa\
'+\x11\xc5\x9bg\x8a\x03#\xc2\xee_\x10t\xbb\xcb\
s\xa5v\xf2C\xe9Ku\xc4umL\x17\x0a\xd9\x8e\
\x1d;eV\x17u\x85\xe7hn\xf1(/p\xea\x86\
\xf2\xd0x\xe5\xeeUy\x12\x9f\x8a\xce\xa2V\xa6D\x03\
\xb7\x80\xf3h\xf5\xcc\x85\xe2\xad\xfb\xc5\x9b\xa3\xe1@\xf8\
\xa39\x8a\x88\xb5\x19\xb5Ao\xeeUC\x8a\x92r\xf0\
p\xb8\xae6DM\xa1Q\xc9#\x94\x0d\xe5\xa3\x87\xd4\
\xdbo\x1c\x9f\x9e\xfc4|\xbb\xf3\x90\xed<\x14\xad\xaa\
\xc3\xe1yv\x91\xe9\x86\xa2O\xf2\xf5Do{A\xa8\
Cm\x00(|+\x9e\xefl\x0d\x9c\x1a\x15R\xa5\xaa\
h\x95\xd3\xfe\x1a\x84\x04\xeb<\xd4\x0a\xca\x91\xd4'\xa3\
5\xd0Ly\x03\xb8K\xd8\xfb\xce\xf5\x94\xfb\x85T\x87\
\xf7\xc0\xac\x97m\x81&>\x12\xdd\xaf\xe1k\xde\xa2\x08\
\x1fF\xfa\xf8k\xce_\x17\xa2\xcd\x0b\xfc\x07B\xc5\x19\
6@h\x025a\xeai(K5\x9d~\xbc\x91\x1a\
*O\x1c\x13v\xcb\x7f\x8c\xec\xd8wx\xb7\x87\x8b\xc3\
'\xa5\x1a-\xa6\xcb\xe1\xfc\xbc2|1\x04/\xaf\x8d\
!B\xaf\x87\xf8:\x1d\xbd\xa6\xe0D\xd6\xb5\x1cH\xb8\
\xecS\xd8\x01\xb4\x0d\xed%\x10_h2\x87\x8ap8\
\x15\xa4\xc3TS\xbe\xdc\xa3\xee\x1b\xf1|~Zx\xb8\
\x13\xa6;\xe77P=\xfbE\xf5\x82\xb0\x11\x7f\x09\xf1\
F\x02a\xb1y\xbc<^\xbe?\x15\x9e\x1d\xeb\x08\x95\
\xc3\x82?lY^\xe9+\xde\x18\x14b=1\xb1\x8c\
\xf2\x95q!\x96\xd1\x00\x1f\xab\x15\x8b\x92\x9c\x1f\x8b\x81\
?\xf6c?&\xcb\xe6\x00\x1e\xc68\xac\x84\xb3\x8bm\
\xa2V\xe4\x9c7,G\xce;\xbc\xe6\xd3\x8c\xec\xb6\xc6\
kxL\xd9!\xef\xae\x97\x0f\xef\x05\xec\x1e\xe7\xc3S\
\xbe6\x14\x16\xf0>\xcb\xa1\xe9\x96\x98\x9eo\x8a+d\
\x86Ka\xbbaUw\xc5E\xbf\x8d>\xf3\xeaa\xb9\
\xcf\xfezp\xfa\xea\xaf\x07l.\x84$\xbbMX<\
U}\x09\x9a\xef\xea\xc6/&\xe5h\x96xo\xa93\
S\x83m'ej>\x14\xba/\x050\x1fR]\xdd\
\xd6\xc6`W\x0c\xf5T\xbd\xf2\xea\xf5\xf6\xef!\xa5\xd6\
c\xfbW\xaf\xd6\xfa\xa3\x81;;[\xf6b\x1bf\xbd\
oI,\xd9\x8f\x81d2ty\xdf\x17\x19/\xe3\x8b\
\xc4\x9f0l\x95\xaaB\xbc\xf7\x9e\xa4M\xd6\x02\xb3\xb0\
\xc3\xc9S\xe7\x9c\xcb\x03\xda\x88\xac\xc0\xea\xf9{\xa1\xad\
\xb0\x86\xa6\xb4\xc3\x03\xae\xce._;&\xd4\xa4\xcf7\
\x0f$/\xd2\x86\xa4\xe5\xb9(\xb9\x11\x1b\xb3dk\x9e\
5\x871\xc30H*\xc9d\xfd\xce\x81\x16\xc5\x16\xd0\
\x9a\xb9s\xe3b]\xf4\xbd\xd4\x06\xdf\x19\xe04\x9a\x8d\
/*\x83\x16\xdb\xcc\x09\x87\x01\x08^\x95\xdc\x09k\x1e\
\xcd\xe7\x8f\x05\x1b\xe2W\xe5\xeb\xd7S]\xcdm\x99\xec\
\xef\x19`\x1b\xc3\xa0\xc4[\x17p[\x1b0\x85\xf1(\
+\xb7v+\x10N\x7fo\xe9LP\xd6r\xabNY\
\xb1z\x94(k\xcd\x9a\x1f\xbf\x88\xaf\xc0\xb2Q\xb2x\
F\xa7w\x13\xe6\x86\xc0\xc6\xac\xfc\x83\xf0\x86p\x04\x18\
\x04\x97\xca\xc4\xc4K\xd8\xd6ZH3- \xabw\x9a\
\x82\x88\xa4\xc5n\xd5\x1c\xb2X\x84#\x0f\xb0\x9f!\x99\
8\x8b\xab%\xda\xe6\x90>i\xd7\xd47\x9c\xb7=~\
|\x0d\xed\x8b\xfb\xae\xaf\xc9\x83T\x12\xa1@\x0e\x0bp\
0\xfeQ\x8b{zi\x0b\xc4}\xcb\xfa\xb1\x8c\xd6\xb0\
J\x1aV2\xe6\xb1^,\xa3<P\x84\x88\xab[\xd4\
b\x1c\xeb\x065\xee\x12\x0a\xbdB&\xe5\x168y\xda\
\x08\xa0)\x17\x82\xb9\xdfGE\xd9\xda\x0c\xa4\x98S\x11\
\xc4\x87\x5c\xfe\x05Kj\x0c\xc1r\x0a\xeb\xed)\xaa\xa5\
\xa8\x1a\xd5@+\xdd\xc7K\xc7\xef\xc9q\x99\xa5\xc2h\
\xdc\xbe\xcb\x00\xbeF*\xe6\x81\xf7\xc9\xc9\xf1\x0fg\xd6\
4|_\x0dx\xdeh\x00\xc3\xafQBD\x03PB\
G\xe8\xd9\xb0+\xc5\xa9=\xd5\xf3\xe3\x8a\xbcmtw\
\xf1\xd6\x90\xe0#\xcd7\x9d\xf3k&}\x87\x10\x1b\x17\
\x1d\xc2\x15\xb1\x8dH*\x95\x16\xef\x04\x00i\x7f*Q\
\x95R\xe6\xfcX\x1f\xbcH+\xd1\x87\xc0\xfe\x87(5\
\xd5\x1d\xb0E\xa6r\x08tQ\xc2\xa4\xc9\xe0<\x1a[\
\x92\x84^\xcaT~\xedp\x12\xcd&\xf9\x1a4\x06\x9b\
\x13\xa3\xed\x12\xac\xdbW\xec\x9e-\xabt?MRM\
\xfa\xb6\x5c\x0dyH \xf62\x8f\xfeg\x84\xcd\xa7V\
\xe767\xa5\x0ba\x02\xe4MA)\xc0f\xf2\x5c\xc4\
l#\xb6E\x80\x04\x117;'r\xdc902\x8c\
\x1e#\xb0Q\x5c\x8cs\xbd\x87\x0dv\xd1\x7f\x5c\x06B\
>\x1a-2\xb7\xc3\xb3\xe5N\xaa\x94\x98\xe1\xb3d?\
\x06\x16\xcapD\xeb\x1c\xf2K?\xd3\xf4\x9fH\xdaX\
\xca/-\xf2\x9e]X3\x15\xfa\x04\xb6f\x92\x99\xa1\
N\x9b\xdbb\x13\xa9\xb6ir\xb1%\x224\x86\xe7\xd6\
\x97$\x10bzLi\x22a\xf4KD$~xr\
z\xfc\xe2W\xdd=\x84\xac\x01\xe0\xb7\x92\xbc\x00\xa2L\
\x95\xa00\xb4j\xa2\xcc\xd8\x87\xdfx \xb6\xdb\xeep\
\x5c\xdfbqBw\x15\x94\x06\xba+wq\xae\xd7\xc5\
p.\x1a\xa8q\x91\x18\xdb_8\xe1V\xc0\x87\xa5\xad\
\xf0\x88UCt\xa9W\xf1XA0w\x86\x1d\xa2\xb1\
X6:V\xd1\x1c\xdf\x0cw\x16\x86-\xd1A\x91\x04\
@\xf4s\xad\x04\xde\xa4tV\xa0\x06\x97\x15\xf4V\x5c\
\xc5\xac\xb68\xb5c\x83!)\x00P\x5c\x0b\xd6\xf9\xc4\
.i\x80\x11\xe4\x18~\xa4\x03\x96\x03\x06\x84\x960\x84\
b\x9a\xca\xf8\xec\xdb|\x81\xa5\x0c\x99$\xcd\xd4\x8e]\
\xe39B\xd2\xf1y\xde\x06\x17L\x06\xfe\xcd&HO\
\x10Q\xed\xc1#\xe5\xf13\xd5\xee\x93\x95\xa9}\x18\xa9\
\x0d`\x82_u\xefR6\xa7\xa2\x02Qw\xa2\x91\x0e\
B\x13F)\x89\x80\x062>\x88\xc8\x15,\x15\x9a\x1e\
;\xabI\x91\xc1\x15\xe9\x19\x8a\xde\xc9a\x0f\xc5\xc3'\
\x14E.\xae\x9d\xfe]\xc5\xa3{E\xa9.w\xed!\
^%X{\x0a>34\x1c\xe2$V%\x83\xeb<\
\x9d\x1c{\x87\xbas\x98$A\xf8=\xea\x80+\xadG\
\xe9Q\x11\x9a\xf0\x8c7$\x99\xb4\xa9!\x89R}i\
R\x13\xf0g\xcc@\x93\xfc<\xbb\xf7X\xa32Fg\
qb\xd3\xa8\xfb\x91\x8f\xfe\xdc\xc4rNs\xc3fS\
\x8b\xf2\xdb\x9a\x9e\x9f\xe9\xd7\xfc\x0e6$|J\x7f\xd2\
2p|\xa4}\xf55z~\xfc\x84\x90\x0aY\x0c\xab\
\xc1<\x14|eQ\x0a\x837(Ka<\x09\x8c\x98\
\x05\x98\xefN\x07\x1b1\xbb|\xffz\xf1\xfee\x89\xcf\
\x04]\x10<C\xda\x9c\xf8\xd3\xb8T\x8e\xfa!\x93\xda\
\xf3\x1e5d\x08m\x8e\xd2w\xc1\x80{\xf4\x9f;\xa8\
\xba\xb8\x89\x88.\xd3t\xfcpU\xc7\xf9\xf8\xfa\xc8\x03\
S\x12\x83*`p\xad\xd4\x7f\xa5\xd8{\xafx\xe3x\
\xf9\xfa\xe5\xb0lt\x83\x09\xa1r\x7fs\x99\xe0\x845\
\x11Q\x9a\xdde\xadt^\xfa\xa8\xc2\xa6\xd8\xd9Y\x8a\
\xddC\x8f\x02\xeb\x101\xaa\xb1\xcc8]\xcaN\x1a\xec\
+\x9d\x9b(N\x04Q\xbc\x1f$\xce\xa2\xef\xf0\xf8I\
\xce\xef\xf2\x97G\xeeLd\xba\x09\x98\xb5w\xc3\x8fK\
IZw\x82\x96\x06S\xf4\xbc9\xc0W\x0a\xe8\xdf\x85\
\xf8\xf6\xaf'zi\xc4K\xf5\x90\xbf\x9eP\xeaT\xe0\
v\xe6\xda\xc2\xc5\xb9\xde(\x1dBi\x13_i\xbd\xe5\
k7%~\xd7\x1cq\x09\x86\xeby|@X\xcfO\
\xcez\xc7\x80e\xd7D\xb7\xe1*\xf3\xc0c\xca\x03<\
\x13Y\x94o\xaf\xaa\xa5n\xaa\x01\xfd\xda\x10h7\xe5\
\xf8\x16\xc0\xefy\xed|\xd5\xaa\xd7\x14\x07\xfbK\x07\xf7\
\x17\x07\x8e\x99SX\xc6\xb4\xbe\x07\x81\xb9\x8c\x93\xa0i\
\x87[\xa1\x19\x0cu\xb4G`$\x0fU\x04\xb5\x80\xba\
\xc3\xc0\xb5\xc4\xdc\x04\xf2\xe0\xd2l\xfc\xc0t\x09/\x1a\
\xbbA\xdah~\x04(0;\xa4\xe0\x85\xa5\xee+\xaa\
P\x1f \xbe!?\xb7\xbb\x0e\x0a\x89\x09\x08_V\x8b\
\x7f\xd3\xb9\xf82\x93\x5c@q\xacT8\xa69lL\
\xac9vVcC\xf0\xbc\x04\xd5h\xf3>:\x07\x9d\
AdA\x05\x8a\x80_!\xf4-\xdep\x18\x1f|\x86\
v\x1f\xd3lK\x07%}{n\xa0K\x02\x86y\xda\
\xdc\x8e\x98+\xc5>\x90\x0d\x82q\xbbS\xdd\x1f\x04\xf5\
\xf0>1\x85~(v\x00\x19\x97\xbb\x82%\xd4A\x99\
|\x1b\xa2\xd9b\x94\x19mm\x22b\xd2\xb9I\xad?\
\xf2:\x91\xe8\x10]9\xfeo\xd6\xf0\xe5x:\x1c\xce\
\xc8\x1dU\x7f\xb5\xe7\xd2_\xbaOc)\x86\xca\xd1\x00\
\xe0\xf7/\xddg\x22[\xb0z\xe6\x82\xd0\xf3_\x07=\
\xd70\x09i:\xdd\x0d\x17\xd7\xeb\xb0\x8f\x8b\xe3\xfa\x88\
\x7f\x9f\xd4\xc1\xf9N\x07]\xbe\x10^\xe4\xf5\x84}\x05\
|X\xbf\x9d\xffm.\x18_dK\x17\x93&i\xd9\
\xbb%\x99;b>\xb0N\x1f\xda\xd2\xdb\x0cY\xb5\x05\
q}\x17bK\x5c\x91\x99\xbf\x1d\xfe\xdf\xdd\x07KY\
B\x06F\x8ca\x0a.\xc8\xa1\x18Nv+\xa6\xd5\xca\
\x85k\x08fP\xe4'\xbd\xe7\xc0\x09\xb0\x0b\xbd\xd8\x0f\
'\xc5\xbe\xfb\xb8\xd6\x85\xb9\xffI\xcd9\x0b\x0bpY\
\x11\xb1{.\xe9\x9e\x1a\x8d\x1a\xe1\x85O{\x1f;/\
\x80\x8a\x1bH\xfb,\xc6~_+Hq\xfb\x96cC\
\x92|\x9a\xdf\x07\xf6)\xfc\x06p\xfa\xc2p\x97\xdb\x80\
\xc8\x97\xe27%S\x9d,4\xd2K\xba8.\x99\xa1\
\xb8\x01\xeb\xded2b\x05\x9b\xb4u|\x1c\xb7\x05\xc5\
u\x02n\xebU\xe7\x09M\x99\xe42=-#\xf86\
\x06\xe3\x0bD\xa2D\xe4I\xe6\x1d\xcf`5\x91!|\
Z\x96\xeajinm.\x00\x0b\x92\x84\x80C\xe5\x84\
&\xb7\x9b\x0a\x98%t\xf3\xa9\xc8 h6\xc1\xf2\x8f\
!\x80\xc2#n\x13\x7f.\x0d=\x08\xbf\xd2\xbb\x81\xa0\
\x8cF\x0c\x86\x11\xb3\x06\x0c\xe1D\xeeFe\xf8|\xf8\
\x95V\xb9\x04\x070%\x19\xef\xef,\x9a\xf2\xbf`\xa2\
!\xd5\x95\xe9\xecH+\xcbpg\x18d\x5c\x89x_\
;\x0a\x04\xde\x86\xc4\xe9+\x03`\xb0\xae\xca\xb4\x04\xca\
;b\x85G\xac\xe4V\xcaP!\xd6$!a;\xfb\
\xc7\xd8-,\x83)~\xaaj\x0a\xb9,\x09\xa6\xc0\xa2\
\xd3\xc7#&\x11\x99$\xdf74\x00\xdba\xe2Xr\
\x01\xdfR\xea\xbb \xac\x96\xe5\xe2\x14lcp\xd48\
\xc0_#\x11!]\xd9[\xbdpX\x86\xfd-\x14\x1b\
O\xa8\x1c%|\xb4X\x02\xb8Tll\x91A[\xb4\
\xd2\xf1\x806\x02s\xe1y\xa3\x91\x97Q\xea\xbfZ\xe9\
\x1b\x14\xa0\xa3K\xcc\x0bT\xb3\x19\xc6\xe9\x97r\x22*\
\x1d\x0e*u\x1e6\xaf\xdc\x17d\xa1>~\x0f\xd3\x1a\
1\xe0\xd4N\x22\x88\xb6[\xec;\xaa\x85\xe1\x93\xd3c\
\xfb\xa5\xc2O\xf3{2\x816\xda\xb4\x81y.\x95\xce\
l\x94\xaau\xf9\xb3#\x86\x0bE\xdd\x9bv;\xfd\x9d\
mEQ\xca\xb5\xa7\x0b[\x84\xea\x10\xbd\xd2\x9b)\xef\
\xa1\x5c\xb9wg\xad\xb5\xfe\x10f1S+\xdf]+\
\x17p\x14\x92\x91\x07lU\x05\x09\xff\xb0A\x9e\x93\x8d\
\xc9\xd8[\xcb\x86\x1a\x8cc\xc7\x99o\xba'\x16\x04\x07\
\x1dc\xc5\xbf!\xe7\xd9\xaf\xea\x06\x15\xd8<zZ\xc8\
\xd5\xfa*\xad\xc90\x84zQx+\x08Y\xc0Px\
\x1e\xf1.%\xe6\xb5\x0c6/\x94\x0ayq\xbemT\
\xc5L9\xc4\xe2`\x07/\x89\x00\x8a\xd0U!\xa6\xb1\
8\xa8\xc1\xafk\x0e\xb0\xfea\xc5\x03A\x9e\xab\xd9Y\
\xb9wK\xcc\xb2u\x83\xe8\xc9\x99\xfcF\xce\xa9*\x7f\
\xd7?\x9a\x86\xeb\x01\x0c=g\x5c\x16>\x11i\xe77\
-\x0c;\xe1:n\x9a.\x92\x11\x8e\xf9\x8b5\xa4\x7f\
E@EqP\x81(\x14\xff\x1e\xfc\xa5\x12\x05\x82\x90\
\x08\x8a;\x84I\xbe\xf0\x00\xab\xc11\xc1_/G[\
\x1e\x85\xea\x81\xc8\xb0df\xc6\xc0\xe9b\xdfQY&\
W\xdf\xa7\x8c\x0e\x82]|t\x8b*SR\xd2\xe5\x8c\
\xbd\x8e\x8d\xe7%\x09\x92\xc7\x14=\x09\x91IQ\x97\x93\
_\xed\xe5\xa1\xdb\x84j\x89|\xa3\x03\xa7\x92.\xea9\
\x04\x14j7\xb7'\xe8\x5c\xb3\xbb\xe2\xca\xbf\x97\xfe4\
\xa8\xf4\xac\xc3\xc4\xfazXbM,\x1f?\xbbr\xe5\
r\xe9\xb0P\xb7\xf2>\xdc\xc5m\x0c\x84\xa7W\xddF\
\x0fg\xfeD\xe5\xc6\xe5\xe2\xe1\x03\xc5\x81\x03\xd3\xe3\x97\
\xa2#/\xf4\xd4\xde1l\xbb\x98y[\x0d\xad\xb0\xb6\
\xe0\xb0\xc5\xd9\xea\xf0\xa4\xce\xed\xa2YX\x19\xfes\x0a\
\xdbME^Z\xe9P\x0f\x88\xb6\xdc\x9b\x1e?\xa6\x81\
\x9f\x07J\xc7\xc6B\xdc\x85}\xbd\xfe \x9c\xaf4T\
V\x9fI\xa7\x16G\x9dB\xa2R\xeaC\xfd\x1d{\x0c\
\xc8\xf6\x5cQ\xc1\xd9\xc8\xda\x14\x9a6\xab\x84%4[\
\x06cl\xf1B\xa4\xeb`\x08jm\xbe\x1c\xf8H\xcb\
\xe0\xcf\x5c\xb8q\xa7\xa7\xf0j\xcf\xa9\xb4\xa1\xf1B\x1b\
\xddv\xe4\x07\xd8\x91\xd4\xba-\xd9\x96\x16\xedG-\xeb\
j\xda\x92m\xda\x9a\xcd\x00h\x8b\xa2\xeeS\xd7\xaa\xdd\
g\xab\xdd'\xab=\x9f\x86E\x05~\xd2\x8dw\xdbf\
)XgM\x07\xe68\x1dP\x95\xc0p\x07\x85\x1e\xf8\
\xaax\xb4\x9ai\xecqj\x8c g!v,\xa1\x11\
*\xee\x0d1\x80#1U\xe8\x8b\xe8\x83\xa0\x16\xdf\xf3\
\xf4KY/^\xe9\xf1e\xa2\x91\xdb\xae\xaer\xbb\x1a\
\xf9\x9f\x06\xe7\x0a\xf6\xa6)'_\x14}\x94Lv\xe7\
\xf3\xeao\x0b\xe9\x8e\xcd\xd9\x82R\x8bOu\xe53[\
w\x866\x9b?@V\xbf\xc7%\x07\xf5\xcb\xdb:[\
7f;v\x86W\xbc\xe5Bu\xaf\x83\x10\x15\x98\x87\
bU\x1by\xed\xf0\x88\xa4m\x96\xbd\xc9\xcf\xa3\x1a\xde\
\xd2\xd2\xd0\xcdh\xeb\x11C\x05\xde[\xa7\x1e\x08\x94x\
\x8b\x9d\xf1\xe9P\xa6X\x12\xeb\x8fU\xa1R\xc4\xf8\xc5\
\xd2 -\xd1l\x04!\xdb\xe8\x86\xd0\x96}t\x02Z\
1+\xce\xeb\xa0>_\xff\xd9\xf2\xd0Yu\xca\x85\xae\
d\xfc\x1b\xec\xde\xcc\x90&t\x13\x0b\x08\xcd\xf3\xdf\x01\
\x9b\xb0|\xean4\x94Z\xdf~\x13|\x07\x81\x17\x85\
\xda\x04\x8e\xdf\x10F\xba\xc1\xa9\xd0\x91\x9d\xfe\x1c\xab\x0e\
\xf3\xcdO\x0c\xa3\x03M\x0e\xd56?tU\xb3\x0d\xad\
S\x97!\x1c\x10\xb9\xfdd\xa0\x02C\x81\x82V\xc2\x01\
\xa5\xac\x9e[{\x8b\x93\xb7U\xbc\x80%b\xe4\xaf^\
2\x03\xb5\x22\xd43\x1bj\x9ee\x19\xfe?-\xe2f\
\x11\x95\xa6\xfa\xa6\xf0[-\xd9\xfe8\x90\xdc\xdaA\xf7\
\x98\xcb\xbb\xb2\x93H\xd4\xe5+\xa4\xbe{\xcfr\x876\
;\xd7\xcb\x9b|\xdc\x8a\xea!\x93\xdd\xd6\xdc\x94UR\
\xad\xa7j_}\xd1\x91\xac\x04\xd8o\xf6H\x85\x8c\xbc\
\xbb>!\x92\xded\x83}\xe5+\xb7\xa4BF\xfep\
\x0e\x04\xc0\xdd\x9aD\xdd\xc0\xe9\xabBe\xa2\x7f\x19:\
\xacDa\x13\x8a\x8d\xa8V\x1f$\xc2\x17\xdd\x00d{\
B\xdc\xa8\xdb\x80\x0exn\x02\x8fa{x\x00#\xb5\
I\xe9\xcb\x9e\x10\xe9\xe0O\x07+\xd2\x145ipk\
\xe0\xe2\xb04\xf1\x96\xea\x8a\xd7\xbb0m\x1a\xdd\x8f;\
X\xef\x19-\xe6\xe9q\x95\xde@\x19*\x0c%\x1b\xb0\
\x13\x9e\xb9BD\xf1\x83\xc4\xee\xbeBk\x97s\xda\x87\
r\x00\xb5\xba\xfa\x83\xb0\xab\xc8Pgi\xfe\x15);\
\xf4\x18\xbb+t\xf4\xb75\xe7u-E\x08\xedQ\x84\
)\x17\xed\xd8\xf2\xc0^\x92~&\xd3\xfc\x0a;n\xf1\
\xfc:\xac\xc0\x89\xa9j-\xab@\xce*\x5cVw\xe4\
\x13~\x93\xd7RG0X\x9d;\xf3\xb9\xa6\xd0\x17w\
\xc5\xb6}\xcc\xa0\xbe\xc3\xa5\xe5\xc5\x87\x0b$I\x8a\xed\
I\xad3\x94\xfdN^^\xe1\xde\x96nD\xda\x9a2\
\xf6s\x81\x08\xb4\x90SN\x8d\xdc\x91\x97\x13O~s\
\xe8rc\xf6\x08\x8f\xdb\x8e\xa0_\xe7\xf6Un\xee\x0d\
3E\xab\xc4\xf0\x9b~\xe8\xf2\xae\xca\x95\xdeoh\xd6\
\x94\xf7\x8f\x95\xba\xaf\x84\x5c\xa9\xebE\xc60K,\xac\
3\x8e!gu\xb8:j\xad\x84\x17\xa8+\xc85\x12\
Y\xf5\xc0\x92E\x95<\xb8\x18\xd8\x1a\xa8\xb5\x00rb\
\xcd\xba\x1e\xaeX\xb9\xee\xdfN\x81v2=\x0c\xa5\x86\
\xb5n\x86N\xc2\xb6\xf2\xeb\xadQ\x9bV\x83\xa06r\
\xafz\xfcn\x18\x8c~]\xb4\x0f\xb7\xd0t\xe5\x9c\xd0\
d#\xb7\xd5\x8a\xfd{\x8b\x03w\x92O\x86\xd0\x8e\xe0\
\x890\x22N\xd3\xb7\xfdNI\xd5O\xe6f\x99-\xf3\
\x88<N\x0f(\x96\xa45L8\xfb1\xfcy\xeag\
k\xd6I\xf2\xe1\xae\xd8\x93@\x22\x80\x8f\x0b\x052\x0f\
\x18\xe7\xc3fZ\xec2m\xd2\x12B/4A\xa0\xc4\
N4\x02-\xb7S\xf6+O4gm\xf1\xfc\x81F\
G\x05\x83\xef\xed,\x92\xe0\xd3_[z\xa4\xbc\x08o\
\xb7{\xe1\x1d\x1a\xa1\xa6eR\xc4g`t*\xc9\xde\
\xa1aE~\x129f\xec\x0c\x8a\xec\xb2\xd2\xd0\xbd\xca\
\x97#P3\xa5\xc8\xae5<\x7f\x97\x04\x10\xf5a\xf5\
\x06'\xe0\xdc\x13\xaa\x07\x1a\x1f i\xdbg\x09\x03\xe2\
W\x10xZ\xf3t\x1f\xd9\x02\xe6\xb4\x17\x03\x9a\x87\xef\
2\xe5\x03(F_<3(\xf8\xb2\x0b\xcc{}\xa6\
Q\x9d1v\xf7[\xd4\x102\xfc\xc8\x10\x85\x94iN\
uLC<\x90\x90_\x99#\xc1\x84P\xa1\xe8\x17\x81\
e\xd7..=\xab\x05\x229%\xd6\x0aC=S\x8e\
\xee\xe3\x09\x09\x17\xcb\x84\xe9\xff\xa5,\xb4\x0d=C\x8d\
\x90\xca\xf0\xf9b\xef\x11uj\xc2)\xa3\xec\x86\xd3W\
K7.\xa2\xb5\x86\x8bE\xa5b\xe2\x84v\xe6\x04\xfb\
\xcfUI\xa7\xbd'\x00\x8f\x7f\x0b\xc1\xd6\x9c\xa9\x22\xd8\
A\x9d\xff\x1d\xb9\xb5Z\xcd!\x99WO\xfb\x8e\xdb\xe0\
\xc0C\xefp\xad\xc3\xd9\xe7\x19\xa7S\xd5\xe3\xc3\x95\xa9\
}\xd3\xf7\xfbUpy\xac'\xe4\xdeS\xe4\xf20z\
U\x1b>\xba\xbbz\xfe\xcb\x10U\xe8J\xae\xe9\x92O\
\x0b\x86\xc3\x83\xb3\x83:\xe1\x22\x08\xfe\x1e%\xd3t\x92\
\xe5dWG6\x9d\x17p\x04\x0b\xc5\xb7pI\xbd\x16\
o\x0bb\xbb\xd1U\x08\xeaxr\xd8\xb3 D\x120\
\x9e\xb6\xd5\x11\x8fk#\xee7\xbb\xb2t\xa0\xbf\xe01\
\xb8z\xca\xb5L\xa8\xedY\xec\x11\x22&\x8c\xc8\x93r\
\x07\x22\x87\x0b\xc0.\xa2\xb2\xa4\xd4\xcd\x10\x01\xf1\x8a\xc4\
=\xca\xd2\xee\xf8j\x8dg\x88\x0cC9\x93\xf5,\xb8\
\xcf~\xb9\x95[l\xc2\xed\x1f\xa8\xb9\xaav\xef\x17h\
\xd7\xff\xc0\xe2y\xf1R\xc4|\x02;\xfe\x0a\x82\xc0?\
\xae\xdc\xbcD|\x970\xd1\x0f\xaf\x0c\xbc\xed[\x1dO\
<^\xce\xdd\xf5\xdc\xc2\x8b\x1f\x09\xed\xd0\xfe\xb3*\x9f\
z{\x97\xd0\xfbo\xe3k\xd4\xd2A\xae-\x19\xbd\xd8\
\x8cAS\x9d\x9f\xf2D\x91c\xf5\xa2\x1f\xa7\x8d@\xea\
\x80\xccx\x02\xb5\xbf\x90\x90j\x95'&h5\xbd8\
%\x88\xb6\xb8\xfd/\xd3Z\xf7\x0a{\x01;\xa0|B\
H\xc6$\xac\xad\x19\x0c+\xdaZ\x97\xcb\xe3{\xe5\xb4\
\xf0\x02\xe2?\xdd\x08{4[#\xdd\x06\x0d\xc5\xa6\xdb\
\xb0\xae\xa4\x0dn]H\x19\xf3\x99\xbdQ\xb9\x1aDq\
\x0a\xc6\xafiq\x1f\x0cl2}\x90\xa2\xed\x96\xa5D\
\xab\x96\x8f\xb3\x94_.\xd7\xb1\x9fIr\x91\x1f\xcfa\
\xa7\xc8\xbe\xba\xb5\x17\xe4\xff\x14\x0f\x18\xb97\x83\xfd\xaa\
J\xf8\xa8 \x89\xb1\x0a\xde\xd2\x04\xfb\x8d\xdb\xac\x8b\x9c\
\xc3M\xed\xc1\xe7\x99\x0dt\xf3n\xe9D\xbf\xc2\x13E\
'f\xf7~\x01F\xb4\xd1\xd3\xc5Sf1\xfa\xcf-\
\x14\xccm\x13\x9c@\x9f\x5c;\x91\x07\x9fo\x9f\x91\xe9\
q*\xad\x9e\x1e\xed\xb6\xec\x06\x81\xfcf(\xb7\xeev\
\xd3M\x19\x85\x9c\xd4\x1cs\x00\x947\xd0]_>\xeb\
{\xd0\xa1\xfe\xe2\xc0\x17\xd1\xca\xaa\x5c9\x82=\xc3\x1d\
.g\x1b\xef\x02\xb7m\xceI\xaf\x86\x1aV\x1a\xab\x82\
4py\x22L\xb6\xa6\x9f_\x04\xef\xf6\xd7\x15\x09\x92\
u\xa244\xdc\xc3\xfe;\xb0\x1f\xcd{l\xf7\xfa\x1b\
\xc4\x8b\xd1\x13\x9d_\x17p\xba\x11,\x82\xf0\x07\xe2\x1b\
\x07-\x1e$\xa5R|\x04\x83\x97\xb1|@i\x9c\x1d\
\xed\x15!\xf7\xbe\xb4\xa2\x8e\xc8\xbba\xb2BL~\xec\
!\xc2gfD/\xd2\x88\x0e>P\x85\xea\x8a>\x02\
\xbca\x96\xcbPC\xdb\xdb\x97\x14?\xfb\xf8[\xed\xff\
\xe6\x18\xb9\xe2\xe4\xad\xf1\xe3:\xc7Q\x1b8\xf6\x13\x8f\
P\xa7\x8d\xc5]\xe2\x09u\xccJ\xe56\x97\xea\x11\xe9\
\x13\xe0\xe9\x04P\x19I\xa7\xc1\x9d\xa8\xb4\xa8J\xe46\
\xdfH\xcd\xc38\xe5\xbd\xb6\xca\xfb.]\xa6\xbf;\x13\
\xf6V\x97\x13\xfe\xdb\xe9\xec\xf5\xe8\x85\xd1\xf4FWZ\
\xaa\xab-\xdd\x9a\xdd\x89s\xda\x95n\x12\xa1\xbf\x8b\x84\
ua\xe7\xd2\xbe\x7f)\xf3e\xf5;\xf0\x80\x9b\x1e\xfd\
<6\xd4\xfc\x81\xd7\xba|\xd0\xbak\x8b#\x15:\x88\
$\xad\xc0b\xbeT\xbe\xc8\xefv\xa7?\xe6\xc0\x8dF\
\x8d\xe9\xab\xca\xd4\xe9\xf2\xd5\x83X\xbd\x18\x1a\xd3\xfe\xf8\
5\x1d\x964\xf6\xef\xf2w\xc5\x8e\xfa\xfb\xc19\x9e5\
\xb9\x5c\xf7\x0c\x8f]\x91tH\x93\x80\x98\xb4p\xd6\x07\
/\xd1\x07\xab\x5c\xb6\xa4\xa5nQ%\xab`\xdcPd\
\xc0\xcb\x81\x09\xe0\x18\x81\xb6\x1b\x95\xcb=\xc8\xa0\xa5\xfc\
\xcc#\x17\xabC\xdd\x0a\x02\x09\xb5J\xc2\xe8\x17\xd7\x14\
\xa1\x8d\xdd(I|$\xfex\xfd\xa9\xfcf\x8b\xe8\xb9\
\xb0\x03u-\x9f\xa7\xe3{\xc5\xad\xbb\x11<\xf3\xe4\x91\
\xdd\x02\x10g\x8e\xd9\x89\xb2%bc)!e\x81[\
\xd9\x9bw0OK\x18\x1d\x80\xffa\x5c\x13\xc3\xad\xb7\
\xf2!\x15a\x9dU3\xd2\x01 \x16\xcaT\xbbG~\
\xa6J\x15\x9f\xe8/\x9f\x1f\xa6\x9d\x82\xb70\xa6\xd3N\
~\x82\x9bT\xe5\xaez\x8f\xa1~\x85\x89\xf2+\x15\x8b\
\xc0>\x11\x16\xd9\x7f\xab9g\xe1\x1c\xb9j\xc91\x22\
!\xee\xa5\x1b\x8d\x0d\x14\x8d9\xdc\xc2\x1b\x1b?q\xfc\
^\xfe\xe9\x1b^\xba\xcd\xce\xf7\xf0\x0fM-\x96\xc5\xd7\
\xbdMS\x88&z,t\x14\xc6Z=\x7fOQ\xa2\
\xc6_\xcf*\xd6\x86\xca\x1ep\xf4\xc9\xd0\xd1[\x7f\xf3\
A\x87\xd6\xd4\x0cJgy\xa5f\x9d\xd3\xc0\xad-^\
i+\xac\xd3\x0f\x85S\xfaa\x07\xcd\xb5\xbb}\xfe\xec\
\xe7\x84\xae\xbb\x1fNN\x09\xde\xfa\xeb\xf6\x8f4\x93\xeb\
\x11e\x0b3\xf8\x1b\xcd\xc7\xcd\xc1\xdau\x8b\xfc^\xab\
s\xc4J's\xe4Nd\xd7\xe37\xc2\xcc>:\x07\
\x92\xea\xbc<\x19\x0c\x89\xf1W\xd9\xa4\xf2\xa5m\x07\xfb\
S>X\x9dJ\x1d\xe0\xa3F@\x88\x19\xfb\xf4\xd4p\
ih,\xf6\x8e\xfe\xc3\xdfh\xa4\x0ea\x98\x8eR\xb9\
\xfe\xc0LF\x85IRa<\xbb\xfeF\xe3\xb12A\
.\x8a1\xef\xfb\x9f3\x19\x15\x06\x09\xb9\xec\x8f0\xc2\
\xeb\xdf\xfaFm\x958\xcd`\xc3\xae&~\xe7,;\
\xb7\x0b\xc6\xa7Cs*ME9R\xe1\xb6\x9d\x8b\x7f\
\xab9\x17\x09\xb3\x80;\xb7x\xe0\x5cer\x12\xf5\x04\
8,G\xf4\xd1\xb9W\x18\xcb!\x02\x06\xd1J\xe7\xf8\
A\xf3h\xc3\xac\xb5F[\xa1#\x91\xb4\xbb5\xa8L\
\xfcW5R\x90\x93!c\xe7\xea\xf9\xe2\xc4\x00\x8a\xdd\
\x81\xf2\xbb\xaa\xb7\xfd\xaa\xbb\x07\xb99R\x8a\xa6c\xc3\
\xda\xb7\x85A\xbc\x1ap\xc5\xcep\x00\x96\x85\xdft)\
\xe6\xed37\xaa4\x02&\x1f#m\x13F\x89r\x8e\
\x99\xbd\x5c\xc5\xbe\x03\xc3\x10!\xa7hl\x1b\xf3P\xb6\
\xa8>\x22\xee}\x1e\xf8\xd2\xa1_\x1e\xe2VK4\xef\
\x04\x9e\xda\x0cg\xbf\xa5\xd3J\xfb\xf2\xf4\x5c\xf4Ju\
\x15V\x9a\x89\x11+\xaf\x07T\xeb\xa7\xef\x1f\x8c\x8c\x5c\
\xd1\xdf\x95\xea\xb1\x5cq@k\x11\xa1\xc2\xee\x0b\x903\
\xdeL\x91\xf9\xda5\xb0\xcf\xda\x8az@\xf0)\xde\x85\
=7\xa6'\xfb\x92\xca][\x82\x8e\xa5\x85\x92\xa5\xd6\
o9\x14\xb7\xdcv\x157\xfb\xf9\xab\xc5\xbe\xa33\x88\
\xba-\x86\xcc\xa8\xcd\xb4d\x191\x8aw[\xf2\xa8\xbc\
\xca\xaf\xe0\xdd\x17R\x1b\xcb\x09\x12u\xec\xbdiv\xd1\
:Rc\x92\xc0\xb8K\x8c\x06\x00\xd6\x96\xe8_K,\
\xd7>Y\x1c\xdfLK\x19\x14\x15\xb3\xb9\xddJ\xbe\x1b\
wAj\xc3\xba\xd7Rhx\x9a\xe2f\xe3)E\xee\
VqOOex\x14\x7f\x05\x0c\xd7\xc2\xdc-\xf7\x86\
\xca\xe3\xb1bf\xda\xf1\xc61\xbd\x1c\x99\xb9r\xd9E\
\xbf@\x22\x1bw\x08\xfc\x02\xe6A\xab\x0bJ\x89\xad0\
\x1d\xe5_\xbc-t%\xd9k\xd7\x09!\x9b\xae\xff\xd0\
&\xa9`\xc5\xa5~\x91k\xdb\x9a\xdd\x91\x22N6M\
\x0e\xa4\x82\x8c\xd1\xa5\xb2\x87\xe2\xc0\x92\x90\xae\xeb\xac\xc4\
\xf9\xf5I\xa1\xbdMu\xc4\x0c\xedQ\x10\x17\x84s\x03\
\x7f\x82t\xa5\x13\xb3\xe1\xfd\x89|\x17\x1e\xa82h\x01\
a\xad,\xa8\x1d\xa7s\x86\xcd]_\xbf\xad\xffQG\
\xcc\xcf\xe5i\xf4]U\x89\x9bo+\x15|\xe5\x03\x94\
\xaco\x9fXAx}1\xe4M6C\x0a\x93\xc4[\
/\xefz#\xe51\x09e\x9c\x00f\x81~\x10\x00\x86\
\x15\x8b\x0fx\x19x}\x88T3\x89\x812'\xe8X\
;\xd6\xb0Th-!\xe2!\xb5\xceB\x1d~\xebo\
\xd5\x11\xd4K>\x05|S`\xb1y\xef\x8c\x8d\x80\xff\
[\xa7-\x9c\xa6/\xec\x87\xb9tb\xaf\x93L\xa7\x80\
\xd1\x91(\xfb\x7fo\xb89\xec]<3K\x98\x83\x9c\
x\xa6\xde\xae\xce\xfcC9\xbf\x9b\xbc\xc9\xa3\x8bA\x09\
\x86\xde\xa7\xa3\x0e\xb9\xe2\xf1\x08'\x14\x029\xc2\xa1-\
\xad\x02\x1a\xfdg\xc9\xceIp\x90\x17\x19N\xe8T\xa0\
\xa7\xea\xa4\x95\xf9\xea\x1a\x07\x9a\x03\xabu*\xa0(\x9f\
4\xed\xc2\xd3\x0c\x8f\xd3\x80\xcfG\xc6\x97\x80\xbby\x8a\
uG\xc2Pb\xc25\xc4P\xbe\xc5\x9e\xabO\xe4\xa1\
\x96\xce\xf5\x5cz\x17\xab\xba\x96\xf3H\x1f\xb2Wgb\
X\xef\xf4\x92\xd9\x94\xc0b\xcd\xef\x0d]\xe2\xc2\xc5\xef\
^\x8cSuVQ\xd7C\xc4v\x1d\x1dQ\xc8\xc1\x8d\
\x14\xd8!\x88`f\xd3$\x97\xb6\xcbq\xd8X\xf6\x05\
\x1e\xd1\x1a\xf7\xb8\x17T\x0dF\xcd\x19^%\xf4Z\x22\
\xf5\xabo\xfd\xce\xa3^ ]_\xf2*^\xc8\xde\x9c\
\x0f\x88S\xc3\xb6\x1b\xb1m\xa4\x15\x95\x9b<\x06\xa4g\
i:K\xa4\xdbK\xdfu\xa8\xc0T\x1b\xb3\xf1\x0aY\
|;\x08\x93\x86\xdeI\xdaT\xa4\xb9|\x03n\x19\xf5\
v\x98\xaa\x02+5\xff(\xb2>\x95\xfd\xde\x7f\x058\
\xc1\xfaK\xc7\xf6)zP%\xeb~wz\xf2\xd3\xd2\
\xcd\xa1\xe9\x07\xeat\x11\xe1\x1f\xd1\x81\x84\xb5\xd4J\x0d\
\xe0vw\xf5\xe4@qx\xb2x\xff2\xd1\xe4@\xcb\
2\xea\x1f\xed\xecdD\x0d\x98\xc5\xb1\x88\x9a\x06\xb0\xf6\
\xc9\x8agh\x9a\x91\xb3Q7$J\xfa\x1c3\xf9\x99\
\xd69;\xa8\xe0Q\xd41\x0f\x93\x8c\x1b\x0c \xba\xf6\
\xba\xa0\xa6d\xe6\xf6\x13\xd1\xc2\xdd\xc6\x16\xad\xe6\x1b\xcc\
3p#2\xd6\xe4)\xf8\xea\x1e4/8\xf9p\xce\
w\xa8\xd9\xa9\xdbI@\xdb\xa5\x0e\xcc\x83\xf5\x95f\x22\
\xc0.l\xd7\xdeMoUFn\x16\x1f|\xa2n\xa8\
\x9e\xa9\xe2\x9e\xbe\xf2\x9f\xef\x97\xceM\xa8\xb2:\xfc\xae\
S\x93*\xa4\xc3\xca\xe0\x90\x17-\xfaN\xc5C\xf7\x8b\
\xbd{c\x81\xbbW\xa3\xcd\xb0\x15\x80A:\xdf\xd7F\
$gi\xa2\xd4j\xa7\x80c\x96\xec\x0e\xd7\xc6\xe6\xff\
\x9aw\x0bk\x99\x82\xef\x92\x00b\x97%\xf1\xd6\x0e\x9a\
\xe6&\x98$\xb5\xe6\x9a\xb5\xe8\xa8\xe3^\xe5Y(p\
\xe4\x0b\x95$\xf9\xf2`\xb5\xfbl\xb1g\xa0xi\xf2\
\xab\xee\x9e\xe9\x89\x13\xc5=\xbd(\x89\x8b%\xbb\x0ab\
:\xa9B\xd3\xd5\xd3\xdd\xc8\xc0\x8d\xa4\x11r\x8da#\
\x00\x8c\xf1\x94\xdd\x88\xbe(\xbb\xf4&\xa3\x19\x1e+\x0f\
\xee\x96J\x1brp8\x04\xa2\x98\x95\xc9\x9b\x02\x19\xdc\
|\xff\x01\xb7\xf6\x89-Wx\x1c\x8b\x98B\xca\x0f\x0a\
&\xf2\xb7)\xc7+|\x9b\x8e:\x8a!\x08\xfe\xb6I\
 \x15\x97\xe4\xe4\x16\x06\xb1\xb3\xd7=\x93\xcd\x8d\x905\
\x22\xf0#\xf5z\xae\xad\x90m+H1\xb1\x97D\xa4\
I\x06\xb8.x-\xaaC\xf5\xcf\x0c\x98\xa7\xe9\x15\xe9\
\xcc\xc6T\x1e\x0aJ\x91\xb5_0g\xee\x09*\xd7\xb5\
\xb4\xa1\xdaYX\xc9\x0d~\xe6\x1c:\x99W<B}\
W\x89(\xae\x15+#\x82\x83Lf\x80\xf9\x05\xc1h\
\xb4\xb8Tdg\xa4\xde\x88&\xb6#\xa5%\x8bN\x95\
F\xf7D\xc7\x81\xf3o\x04\x8b\x05e\xc3$\xf2\x98\xe5\
\xc1\xecHB\x84\x12_\xf2\xdfQ\xbf@\x870\x86\x1c\
\xf9M\xa7u9[\xde6\x03\x83p\x1eUQ\xf4\x1e\
s\x5cp\xd1b9 |w\x0e\x8e\xd3_\xfd\x15S\
\xc6\xa2\x9d\x08\x1b\x80M\x93\x9e\x8c\xef\xb2\xd8\x15\xc3\xcb\
\x16\xdd\xc8\xa8\x14Gy\x89\xfa\x8f098\xa6\x95\xff\
0x(\xfao,\x97\x89\xbcE\xaa[\x04\xa7B\x0e\
\xa4\xb4\x07C\xdbN\x07i\x0b\x8b\x86\xba\xd1Q\x97\x17\
\xd0\xf2{\xc6\x11\x0b\xc8\x85cz\x00\xc7\xcf\x95\xefO\
a\xa0\x14\x01\x07\xc4Z\xa2\xab~\x80\xb68\xbe\xb8\xec\
\x93:\x06 \xeb\xdb\xfd5\x06\xb5\x82\x0f\x8a,\x9c\x87\
\x1e\xda| 5\x11\x0a\x82<\x96\xe7\x06S\x10$0\
;\xbf\x1a\xdb\x88&\xe1\x08\x8b\xa7d\x04\xce<\xf3\x1a\
Gg%\x06\xb4\xb5\x9a\xe6'\xb6\xaa\xc9\xa93\xd7-\
\xcb\x85\x95\x8b\x83o\x9c1\xecB\x98:\xdcJ7\xc7\
j\xc6N\x83m\x8e\xdc.\xde\xdeU\xfd\xf4A4\xcb\
\xd1\xed\xb1\xba\xd6\xfao\xa3\x09\xc1(\x81\xbfL\x96x\
|\x05a\x85Y\xc6\xd4#\xb8DFd\xff\xb3{g\
1v\xb0\xbak\xb8<|;2:\xd0\x94(\x9f\xeb\
Q\x98\x1b\xe01B\xd2z\xe1\x1eZ<\xeb\x97\x0e\x1d\
\xb0u.\xe2\xa5\xc6\x9f\xc6\x12al3Yp\xfci\
\xafy\x911\x973\x05\x87\xec`\xae\xbe\x93Fh\xef\
`_\x1c\x90)*{x\xebvy\xfc\xf3Z\x1aS\
i\x8bP`]\x806d\xa4\xfa\x9ch1`\xf4h\
\x95\xa9\xb7\xe4\xe2\x15\x8fcmZjUgk{~\
G>,(X\xcb\xc3A\xccz\x83\xc7\xa6GoH\
\x84\x92\x9dD\xfa\x8c\xa5\x08$i\xc3\xc7\x0c\xe5p{\
v\xa3X\x8b\xdf\xc2\xe5\xb8\x16\x8c\xe9\xdf\x1c\xd2\xac\xd3\
\x9d\x93\xa3;\xc4gY\xcc\x09\xa24\xa2\xa6\x19\xfd\x8a\
\x97zX\x93R\xed\xaf6\xd2L\xe6\x90\x07w<\x86\
\xe1]\xb9\x93\xbb\xaf*G\x01\xc8\x16\x15g\x09F\x07\
P!\xed\xf4\xe7\xe5\xb3\x97\xc4\xa2P=\xfed\xf3\x12\
\xdf*\x9a\x97?\x07\xf3\xc2r\xe1\xbb\xber\x071\x91\
4\xd3die%L2\xe9\x8b\xa2\xcd\xe3!\x99G\
/\x04\xb5%\xaa\xf5\xbbp\x0d\xc5x\xe2W]\x1eV\
\x1d:>;\xfc\xce\x97\x0e\x9f\xa8\x5c\xee\x91bwu\
U`\xb2\xd8\x1d\x95q;\x15\x95\xe1\xa4\xac\xf5\x06\x1e\
\x87@]T\x03}\xfa<Kq\xea\x02r\xcc\xe2\x01\
\x09\xad\x03@\x15\xb9b7\x08\x15\xe9\x0d\xb6\x16\xfd\xe8\
T\xe8\x9d\xbc\x86v\x1c\xf3N@\x9a1\xdc\xb0?#\
*B\xf7\xe7O\xe0\xcf\xa7G\x0fL\x8fv\x0be\x97\
s\xf5\x0b\xccj\xf1a\x86\x0d\xd8\x82|3\xbdJ,\
\x8cV\x83\x92/\xb8x5\xdf\xf05\xf3\xe85\xaed\
\xae\xfc\xd6T\xd0\xe9\xb8V\x1b\xa9\xd5\xf8\xc6\x1ey&\
q\x08\xad&\x0b\xf9~]fU\xde\x11'\x88\xd7\xe2\
\xe2\xeao\xf6\xfe\xd5r\xc5o\xcfZ\x93\x90\x95\xd7\x8c\
eX\xc9\xab3\x0b\x96\xc7\xac\x13\xb6\x8ae\x86\xcc\xc0\
mm\xc3\x0aa\xc0\xd3\xcf\xe9\x9b7\x98\x89\xfc=N\
$\xeaj)\xb5\x02f\xe1)\xb5\x82\xcb\xc7\xa2\xc5\xa5\
\xa2\xf4\x00\xe7\x88~\xf0\xf6\x9a\x14Z~*\x86\x0bt\
\x0d\xd1\xcf@\x9f\xeb\x12\xfe\xb1\xda}\xb28:\xaa\xb0\
\x01\xbd'K\xfb\xfb\x22[\x90\xe0\x01\xf0\xaf\xea0\x1d\
<$\x9c\x92\xe1\xb7\xd7\x14M\x84>\xf6\x17\xaeL\xce\
\xb1\xd6\x04\xbc\xec\x1c\xe8\xf9\xd3,8m\x01Z\xc9\x9f\
'T\x15\xc4\xe3j)\x0b\x0cO}V\xddw\x88S\
|\x17'\xc6\xca\x9f\x1f\x8f\xfeR!m`\x80\xc2\xd0\
\xde\x8b\xec\x8evZ9\xab\x82Z*)\x0d\xab\xd7\x12\
\x1eU\xad&\x19-\x93\x05/VU\xa9{(\xf7\x1a\
}.D9Q\xe602\xba.\x9e\x8cMh\xfd\x9f\
hA\x86\xa5\xb3X\x90\x97\xa7#-m\xa2\xe5\xd2\x02\
k!\xdd'\x1dOw\xb9\xe05\x81C\xa8u\xdb\xcc\
\xf4\xbb\x11\x96\xdfjN\x92M\x01\x94\xaa\x03\xacb\xfd\
!\xf1\xd9\xcd0\xa5\x16\xf1\x99q\xefpU\xa8\x1b9\
\xfbX\xb4\x8f\xa7\xf0\xf4\xc4\xad\xf20$\x22\x0e\x5c*\
\x1e>\x80\x8a\xa1\x80\x00\xeb+\x9f\x1f\xae\x0c_\x8c\xad\
/}\x86\xd9\xfd\xae0\x8d\xcb\xf8\x02:2q\x87\xdb\
\x1aO\xd1&\x0fNr\xbb\x96\x14\x09\x9a\x01z\x8ax\
\x15._ '\xc7B\xefx0i\xe8\xb1\x16\xcb\xed\
d\x1a\xd3<\xd2(Y\xa1\xdf\xc3N\xa8{otO\
ypo\xe5\xcbOJ\xf7\x07\x8b\xb7NFvN\xb5\
\xbb[`\xe5i\x80\x03\x97\xea\x1d\xf8\xbdvZ\xd0\xd6\
Y\xcc\x7f,$\x8c%A\x8cFl\x0a\xb3\xc52\xe7\
\xc4\x12\xafY\xd2v#\x8fp3\xadj\x9f\xa9\xe7\xbb\
Th\x01\xfa}\xca\x09Tj\x82S\xb2\xe4F\xadz\
\x8e\x86\xa4\xa2\x8d_'5\xc1\xc2f\xcd&T\x92c\
A\xb0z\xc9\xc3\x9f\xe3]P\x19\xd9\xa1\xab\xd3\xf7\xfb\
1\xd0\xa5\xc8\xa0\xe2\xcaA6\xd5\xe8]\x18\x90\x8e+\
g\xad/\xd1\xf6\x02\xefgq\xe0\xf3\xca\xeeI*a\
\x87\xa3\x0b\xbb\x1a[\x96\xb3\x82$\xeft\x85\x93\xdb\xf7\
\xd7\x83\x99u\x84\xce\xacl\x17\xefC\xe9twe\xea\
0&\xad\xb1\xb67\xac\x05zX1\xc7zj\x81\xbe\
\xc7;S\x97\x8c\xe3\xb6\x1a\x9f\x0c\xf7zX\xaco\xcb\
l\x9bE\x8e5\xab\xdch\xafDi\xa9-\xe7=6\
>\xa4\xb2\x17\xb0\x08v\xb0_\xa5\xf4\xa1rC\xfe\x8a\
\xdf\xf7\x06\xc0\x83*\x88\xbe\xebd\x95\x16\xeey0\x17\
_N\xf1\x86\x13g\xa3sW\x9e\xa5\xc7]<\x14?\
\x9b$\x9e\xb6\x0f\x02\xf8\xd46\xb0\x07,\xe4\xceR=\
\xbb\x96#2R\x87\xec\x98\xa1t\xf5\x22|5\x00\xe9\
\xd4\x19\x0bf\x17\xa8\x9f\xaa,\xe5\xae\xb1\xe2\xbeq\xc4\
\x9cKB\x13\xf1\xba8\xdf\xd1\xf4\x987\xc2\xf4\xdd\xfa\
D\x92~\x0bZ\xd2\xc4c\x96N\xd7\x81\x82\x80\xc9\x9c\
\x8eY7~9L\x9aZ\xd9b\xe2\xdb>\xe4\x85\x83\
\xf2\xb1\xef\x00\x06\xc1\x8b\x06as\xea\xc2>\xb9K\xf9\
d\xc7\xcf\xa9X\x1a\x96\xbf\x1c\xbb\x15\x0bY\x9f/\xe0\
\xdfX?\xf8\x85\x02QJ\x88J\xc9\xeb\xf3\xbdh\xda\
\xb4\x07\x81\xbcgq\x18w\xd7C\xe0FL\x92\x90\xd1\
<\xcbA\xb8\xe7\x8b\xea\xf1\x1bI\x04\x97q\x04fq\
d\x9b\xd8\xb2H\xb6\xb9 \xa6)\xc6\xcb\x134\x04\x1c\
<~C{c\x1a\x0a\x0d;\xab\xc2#{dbQ\
\x9c\x93\x05\x8e\x07\x81q\xc2&\xec\xec\xc8\x1d\xb4\xe8H\
%\x0c<\x06^KWW\xad\xdfR\x11G\xa9\x9d\x85\
\xf8\x8bm\xae\xe9\x04\xb9>\xfa(\xafU\xdc\xadg\xaf\
\x93\x02b\xce\x0cr\xdf\x1f\x9a\x7f\xb0\x07\xc7X\xef\xc7\
\x95\xa8\xb7\xe8\xe3\x96\x8e\x8d\x09Z\xa5\x8bc\x1ajN\
\x92E\xa4\x06O\x7f\x8e\xc6tx\x0e\xd5\xddf 3\
Ro\x06\xc4\x15\xd6t\xf5\xcc\xc3\xc3\x19\x91\xad\xc1\x12\
2#\xe0B$\xdc=6z\xe7\xc9\xf8Vy\xb8\xa2\
\xe0\x1b\xbeX\xbe\xc3\xf6\xced\xa9\x10\xf3\xbb\xd6*\xb0\
\xb4\xaf\xae\xa4YX\x14\xee\xfbw-&\xbf\x99G\xb0\
\xa0\xe9\xec\xab\xbc\xb3f)*Jx\xe4\xc8S\xa5\xb9\
\xd7\xcf#\xcbq\xb4\xfe\x8d Z\xac+\xfaZ\xb0\xd9\
l|\xc5V\xc4\x87\xf0)i\x03\xce\xa7\xce]\xbf\x8e\
\xa6$\xc7O\x09\xaf\xae\x0fu\xdd\x90\x04\xb9\xfey\xd0\
\x84{\xba\xf9\xea\xa6\x99:\xe8\x92\xe9n\xb0*\xa7\x09\
\xec\xc9s\xa2y\xc9P\x85\x90\x95\xa3p\xd6\x96B\xbf\
\xa0\xbaD\x88\xeb\xd0\xb1\x17\x03\xeb\xb16R\xe4\xec\x95\
\xceM\x84\xce\x1eC\xc2\xf2\x1fK2#\x8b\xbd\xf2\x1e\
4\x93\xd0}\xc8\x02^\xb7\xa0\x81\xab6\xaf\x83M\xa1\
I4p\x13\x8dr\x14V\x0c)\xe6\xa4\xe6\xad.\x08\
F\xce-\xcf\xb9\x8a\xebX#\xe0\xef\xed\x8b\x94\x18H\
q\xe2\xbe\xda\xde\xfb\xefH;\x99\xbf\xa5\x8b\xb2d\x0a\
\x92\x08\xc9R\xc6\x86\xf1$\xb6\xd9\xd5\x94.d7\xe7\
:v\xec\xacU\xf0YW\xc0\x07r\x22>\x9c\xd7u\
\x9c\xf3\x0c\xb0\xae\x17_\xb3A\x16\xb8Tb\xb2E\xff\
S\x07w\xeeF\x8f\x10\xc8\x8bf\xbeBJ\x83#N\
\x22%\xfdg\xe5\x8d\x91\xf1\xa6\x8d\x17\xc7\xb5\xd0x\xb5\
\x8f\xd4\x0e}\xa4\xe4\x02\xe9\xef\x14`#\xb5\xc5\x06\xcb\
\x5c\xc4\xc5r\xdd\xfbqE\x1d\x11\xf9\xf3G\x86\x8bG\
\x0e!+\x09iei\x9cw\xf5\xc2i\xe1+\xaf\x08\
\xe0\xe6!\x00%\x1f\xc4\x0f\xfd\xf0\xf4|\xc2^\xe8\xb2\
}\x85\x1fe8\x93\xd0\x0cp_J\xc1~\x8a\xd7|\
@ac\x12#\xf5\x17\xae\x82_\x8fO\xa6>x{\
MJ\xde\x1e\x8b\x12[\x17\x05\xe7y\xcbr*\xf4\xd5\
\xd8\xcf*\x82\xef\x09\xbc\xc6v\x8b5\x96B,\xbeJ\
\xb1\xdd\x1e\x0fI\xaa\xe4W~\xc3j\x00\xe7\xf5}G\
\xb9\x16\x85Y+q\x85\x0fa\xd5\xa263,>2\
|\xe5<\xe7\x95@B\xaf\x00\x88\xa2\xfc\xc5\x1a\xef\x1d\
\xdb\x0dI\xa9\xb5\x8c\xb5>o\x1c\xf7\x80\x9cd{\x8e\
L`F#@j\xb1\xd1\xceF\x18\x87\xf8\xe5\x97\x06\
GW\x87\x97\xedP\xcb\xf5\xe5\x80\xe2\xf9\xbf\xd2\xfbz\
\x8f\x110\xed\xed5/\xcb|\xcf\x8b\xebg#\xf3\x97\
l\x12\xb9\xd8\x5co*i?1\xe8\xc2\x13\xd4\x08l\
#\x01\x9f\xf0t\xd0B\xb8w\x9c6\x8a\x17\xc7j}\
\xd0\x16M\x9b\x06\x96i\xc6 J\xfdB\xe0\xda\xe8\xdd\
\x174u\xcf\x9e\xe8\x5c\xfb\xaa\xbb\xa74r;\xfa\x0f\
5\xdf\x80\xeaM\xbd\xdf\xdc\x96\xc9m\xcf\xc7`\xc8?\
\x8a\xd9]\x1b\xa00\xd9'\xf3{%\x00y\x87|\x1f\
\x1e\x12\xd0V\x08P@\xeb\xe8\xa1\xea\x99\x0bv\x8b\x01\
s_\x1cb\xfba\xbeD\x03\xbd'F\xfc\xb86}\
NCR\xf8q\xb8F]\x92\xebg\xe4L\x02HK\
J#\xe8&!*H\xf5\x9e\x9a\x14\xcaj\xdf\xf8\xfc\
\xab\xf9\x98Z\x87f\xf2\x8e\xd2\x0e!\xe5\xbf9LC\
\x83\xfd@2\xdb_\x1c\xb9<\xfd\xe0J\xf9\xd4]\xe5\
\xf8\xec\xff\xb48\xd1\x8d\x0b8ZF<\xc2\xa7\xb8\xb2\
Q\xd9o\xf8|ypot\xb5\x22\xc7+\x82\x08\xc4\
H\x8c$\x9e`\x0a\x09l\xdc\xaa\xdasI\xbd\x22,\
\xea\xdb\x05`\xe0Vge\xf9\x88\x8e&A\xfdq\xa3\
S\xbdiE\xc9[\xa0/[cE\x16\x92\xea\x1c_\
D\xf8\x07q\xd0\x00\xb1g\xe4%b1E4\x8f<\
l\x17\xeb\x10.\x8cN\x00\x1d#\xb3\xa9\xdc<(\xe9\
5Q\xa5\xb8\x13}\xc1w\xaaD\xd5\x81\xb3\x92\xe1\xa0\
'G\xaa&\x93\x03:\x8d\xd4$\x9c\x95rXg\xed\
L\x1a\xa6\x88r\xd6\xab\x8aw\xbf\x12\xab\x16\x0d_O\
.6+z\x97y[\xef\xb0n\xf9\x16\x99\xd5\xa9\xd7\
K\xa0\x1d\xba\x92'\x8fk\x1d\xc3L\xc7a\xdd^\xf1\
\x08\xbc\x5c\xb5-\xee\xae\xd8\x80\x99=\xa8\xf5a$\xdf\
P?\xc2a\xfb\xe2r\x88\xbaG\x90\x9c\xda\x8b\xe0<\
\xa3r\x17\xfa<\xa1Am\xe7\xc0\xf1\xf5\xc49\x08\x83\
\xb7\xeb\x19\xa7;\xfe\x8b\x0d\x9c\x84K\xfe\x05\xec5\xfa\
\x8d\x18\x94\xc5\xd0>\x95\x86\xef\xedS^>\xfc\x8d\xb8\
\xfd\xd7x\x99\xf5\x98X%e\xd3E\xd76e\x1a\x89\
\xa1tbw/6\xa3\xa9\x93B-1\xbf;\xfe*\
\x8e\x13\xb5\xcd\x18\x09(\x0d x\x18\x08\x88<\xc5o\
`\xaf\x95\xd0 lr'\xde\x04\xb8\x0cT\xda\xb1H\
\x8as=\x18rR\x9a.`K\x09S?7\x18+\
\x8d\x83\x9d\xb9\xba\xb50\x98`g\x5c\xbe\x18\xe1I\xf9\
b\xec\xa8\x8b\xac\x9f\xd37X\xb9$\x89\xa0\xc9M\xa7\
%\x03\xc7\x96\xa32\x03\xd2\xf5\xab\xb4\x01\x91v\x83\xc3\
\xaa\xa5\x92\xb9\xad\xebw\xfe\xb4\xd8y\xb9c\x12_\x85\
{\xeb[\xebH\x93\xdblv\x10\x88R\xd9\xeev\xc8\
\xb9\xb50`_[@_\xb4\xc2\x0c3\x1a\x08\x22\x06\
\x8d\x88\x91\x91'(\x9d>[=~\xd7T\xda\x22\x98\
NdkX\x17\xfbmDs\x83m7\x98g%\x97\
\x01V\x80T\xdb\xef\xb7l\xd5\xe8\xa0n\x96-)h\
+\xeaq\xf5\xe4P\x18\x9fz\x9d\x0a\x05;\xf5zf\
\xab\x18\xd9\xb5\xc2\x8c\xd7&#\x1d\x12\xaf=\x10\xb7\xe7\
]\xcd\x08\x1eS\x8e\xb7\x0e\x96\xd3\xf7\x08n4\x8ef\
L\x8a\x15\xb7\xc7t\xd8\x0f\x8bgL}]\x92\xc7\xe7\
\xc3e\x92\xf8\x06\x9e\xa3\xae\xebx\xb7J\x9f\x008\x06\
\xbdC\x84\xcb\x08=~6\xa6\xc7\xce\xad\xe3\xac\x17\xf5\
\x96\x91;r\x91w\xa1\x9e\xd6h\xec\xe1\xc6\x09\xc5<\
\xf4]\xb8\xd1d\xe5|\xd5\x98\x8cc\x96\xb8\xbd\xc3i\
\xa0\xfbx\xe0\xa62z\xe3\xea\x03\xb7\xd4\xdd\xf1\x9f\x05\
\x98\xa5\xb0\xe3\xfatH\xea\xecr\xb1\xb3\xf8\xcd\x80\xf4\
I\xf5T)'B\xf7ch,\xa5.\xdb\xfaK\x9d\
\xaf\xe3]k\x85\xfa]m\x5c\x8b)\x1ba>M\x16\
\x17\xbb\xa5\xf2q\xbb'\x0d\xaaZD[m\x80Y\xfa\
\xbd\x11\xa6\xce\x9a\xfb4\xe3\x1c\x19\xea\x05 \xde\x13\x9a\
\xd9\xf2\xf8<\x80\x9a\xdf\x98\x8c\xd6]\x10\xd3\x18\x0bL\
\xf8\x0d!\x0b\x82\xe4\xfc'\xcf\xba-\xad\xd2U\xd2\x9d\
pw\xca\xab<\x98m3\xd5\xd3\x93{U\xfe\x1c\x11\
n\xc9\xabw~L\xa7\x08\xdb\xe7\x8f\x0c\x01ua\xb5\
b\xdc|\xfb\x0aY\x8e\xf2 \x0bfR\xe3Z'\x8b\
T\x05\xa5C\x1d\x01\x87h\xdf\xb6$\xd5nz\xd7\xa9\
|\x8d\x8b\x10\x19\xffd\xe4\xd0\x16D!\xf0jP\xd1\
\xcd\x8b\x9bT\x07n\x19L.\xc0\x16Co\x8c\xdf\x7f\
YV\xab\xc7\xf1\x7f!\xf2\x0f\x97\x8e\x16_\x90\xc1\x86\
\xf3\xcd\x8b\x15\x94\x06A~}\xe7P^[\x80\x1f~\
\xec)\x06\xd9p\xb2K\xcc\xe0wF\xcb+\xa1\x93\x8e\
\x94\x12\x96=\xc5F\x89\xebQ\xbb\x7f\xb1\xba\xef@i\
\xe8\x81\xc3\xde2z\xbft\xe3\x22\x91\x91\xc0\x99\xa7B\
\xee\x0a}t\x0b\xc7$\x83\x157\xc2{y\xfe\x0a\x82\
OR\xf9\x83\x1b\xebr\x85\x97\x1f\xc3\xc7$\xa5\xe5g\
\xf8{\x08\x86\xa89\xfc\x1cKJ5\x80\xf5gB\x22\
>\xec\x80\xcbo\xdf\xc0\x83fa\xc0\xd6\xedB\xbd0\
\xc2Fl\x94\xf3`\xf8M\xbf\x1c\xf4\xcbfDr\xc4\
\x1fa\xd3}y\x03\xe7nr\xd2\x18\xf8\x9a\xd3\xd7#\
O\x07\xd2}\xa5\xd3\xd1W=\x1fF\xec\xdca\xc8\x8e\
\x09\xb4\x15/e\x8f\xde\x9b=4lFI\x1b\x0b\xc9\
\xd2;MLjm\xb3\x11Jk\xa2JX_X\xe9\
Y\xf4\xd1\xa6G\x0f\xaa\xd3b\xec\x1e\x86\xd5#\xe7\xbe\
\xb4\x7fL\xb9\xcd\x93J\xc1XF\xc6\xda.\xc6\x17[\
\xb0L1\xbe\x88\x18+\xddR\x0b\xbf\xfd\xc7\x08\x85\xe3\
\xd4\xef\xd0\xf3\xb7\xce\x08\xaaO+L\xc8\xc0\xe7B\x8b\
\x13\x9e\x94\xe6b>\x7f\x05u4\xa1\x14\xe4\xe5\xd8\x97\
\xc6\x05\x01g\xf0J9\xb8\xb4\x9a\x16\xb3&Er\x09\
\x5c5\xf4O\xaf\x18\x19\x8b\x12\xee\xa2e\xa4G\xbd\xff\
Zi`\x00\xe0~j\x97#\x8c\xc4p\xcb\x00-\xab\
\x8c\xfbx\xd5\xebU(\x18\x9b\x08\x89p\x12>\xac'\
F\xa4Va3\x92\xd1\x11s\x1c\x0f)\x9c\xe6\x86$\
\xc5mdJ\xf2\xa0\xfa\xfe\xa3h\xa6\x84K\x80\x8b\x9b\
\xc9G\x8a\x5c\xf3g\xc7\xfc\x0f\x14%\x01\x813U \
z\xfa\x16\x1c1X\xb2'o\x0d\xb7\x1e]]\x09\xb1\
\x94;\xf9\xfa\xf5\x12\xb1\x99$\xbdDic\xce\x96\x85\
\xd8\xe6\xda\x9f\xba\xa5\xf9\xce\xcc*\x8c\x92(0\xf9\x8c\
\xf7\xb8\x13\x08\xf4\x9b\x90}\xb5g\x9d&\xe4=\xea^\
%\xde\x1e\x0cml\xde\xa0\xb8\xc9\x83\xe6\x126\xf3'\
L\x87J\x17R\xbby\xc4f\xf2ht\xb1\xa0&\xce\
\xec\xa037\xcd*.\x9b\xb5\xc7,\xa4\x0d\xea\x09\x0d\
\xac\xc0Bmt\x0a\x94\xe7\x13\xdd\x02\xa7\xaf\x22\xeeW\
\xd9\x92P}\xe9\xc8\xf1&\x84\x09\x86\x82\xaaqM\x1f\
\xccY\x19\x10\xb1\x85beY\xe2\x96\xe947\x15\x9a\
c\x05(\x86\xceG;mY\xf4\xbf\x94\xe1\xdcPs\
\x8f\x7f\xb7DpH\xd0\xa4F\xe0\xbdNr\xdb\xa1\xfe\
\x1c\x87Z=\xdd\x0d\x9c\x13\xd7\x8a}\x03\x95a5\xb6\
\xe2\xe5]\xa9-\x85B{\xfe\xe5e\xcb\x80\x078\xdd\
\xde\x1e\xfd\xa7\xf2UF\x87\xa29Qy\x7fx\xa2\xfc\
\xe7\xfb\xe5\xcf&\x85\x81\xaf\x85\x10Z\x131+\xba\xf5\
x\x1d\x10El\xa3}g\xd5\xbb\x96;d\x22\x9d\xb0\
\xd4[\xe97M\xac\xf0\xf3\x1f\xabC=\xc5\xe1\x93\x08\
\xbcUh\xc8\xc1\xc3_O\xf4.\x8f\x0e\xeb\xfb\xc8\x1e\
$\xd4}>\x16}\x08\x8a\xbe\xb3\x0d;\xf4Y\xe5\xe6\
\xcd\xd0\xc72?Mf\x8f\xc2\xc7c\xd9\xa3\x9e\x8aN\
\xbdN\xa3-\x12\xa8(\xe3\xd3\x18\xae\x09\xed\xa7w\xa0\
\x18f#\xec\xd5\x0e*\xe8R\xbb\x83\xdb\x91C\xc3\xe5\
S'\xcaS\xe3\x95\xc9\xeba\x14\xee\x17,\xdd\xe0G\
\xe1 A D\xe1\x16\x85O\xd5\xaa\x84\xa6d\x83X\
\x09\xfd\x91\xd8\x9c\xb5@\x11\xd4\x92\x13q\xd7\xda#m\
v\x12\x85q@\xd6\xf9\xd4\x8d\xc8\xac>\xa0\xb6j\x0d\
\x5c\xeb[b\xc7t\xde\xd7B\x86\xd2\x22\xa5\x15\xa3;\
\x0b:\x002v\xe5\x83\xd7\xcb\xd7\x0e\x22k\x19&h\
\xc3\x88\xce;\x1e\xf0\xab\x16B};\xe9\xef\xb9^r\
k\xecG~\x16;\x84\x81e\x84}q\xb8zq\xe8\
bu\xaf\x10\x18\x90\xe6\xc5O\xde\x8d\xf8\xe8Tf\xda\
\xc2K)m\xf6?G8\x904\xbc\x94\xe4\xc5!\x0b\
k7\x98\x96\x85\xfb\xbd\x11\xe8EX\xa4z\xd6\xcbl\
\xb1C\x94\xfa\xeb\x89\x93!\xd5\xd5\xafL\xcd\x8a\x8av\
,g.\x22\xd4\xa7D\xcf,\x0f\xcf\x06\xf7\xa1.V\
\xf8\x92\xe1\x22\xe2\xa6\x89\xae\xdfuf;\xb3\x99\x9d\xa1\
s\xbe\x1a\xf0s\xcd\x04\xcc\xe1d\x17\xda\x92\xcd\x1b\xd4\
s\x9a\xfe&c\xd6f\x1b$bZ\x18[\xb2\xfe\xf7\
51\x81f\xad\xcc\x93gW\xddg\x83\xaa\x94J\x19\
\x9aj\x99*J>\x061\xaa\x9e\xff\xd2\xf8\xe7\x95\xa9\
}T\xbe\xb3\xef\xbe\x0a\x90\x87\xbb\xfd\x8f\xce\x80\xb8o\
\xd9f\x8a\xf9R\xd0\xc5\xcd\xc1:v\xc3\xa7\xbe\xcb\x12\
\xf2\xb5\xb6\x1bC\xd3\xc4\x07mi\x0a\x0e\x0a\x17Ly\
h\xbcz\xe6\x82\x1a\xd7\xe9\xee\xea\xd1\xa9\xca\x831\xcc\
\xdb\x9a\xed\x80?@\x0a\xc20\xdb\xb2\x96\x8e\xff\x9cQ\
\x11\xd5\x9f(\x0f6\x84\xe5xpy\xfe\xe6\x02\xc9\x1f\
\x91\xac\x16\xfb\x0f\x16\x0f\x9cB\x95.)X\xc0_\x91\
GT\x01[\xf7\xd0P\xf9Jd\x86\x0c>,5p\
ct\xc1W.\xf7$!d\x14D\x18?F\x9bc\
O\x9f\xf9\xac:~\x22\xfc\xf1{\x10\x01\xeat8\x14\
fW\xcf~Q\xdd7\x10n3\xf6\xe3\xa8\x83\xffl\
\x1ex\x14\x1fH\xfds\x8dG\x164\xb2\x9d\x89\x8f\xfc\
%\x0cj\xa6\xbc\xf7\xe8{\x1b1\xf6\xcd\x9c\x03\x05\x1b\
QU\xef\x9f\x1f\x99\x9e\xfc4t\x17VF\xadd\xe0\
\x12r\x93\x98ND\xc1m\xef\xc2a\xd5\xde\xe4Q\xa1\
\x90t\x91C\x10\xa0c|\xba\xa6\xba\x05\xd2u\x1e\xe7\
g\xb4\xf3\xd4\xaa\x04e]\xac5\x0a\xc5J\xeblT\
\xcc\x0d49q\xd9\x8d\x061\xa1\xf3P~\xb6%\xe8\
\x8e\x09\xad\x16oN(\x0a\x9e\xb8x\xf5\x5c*\xa4\xfe\
\xadY\xa4[\x10\x10\xc1V\xf8\xf9\xb1\xc8\xd6\x9e\x1e\x1d\
\x17\x981\x0eE\xa6XX\xda\x1e*HwQvM\
c\xc7w\xce\xfa'\xba\xa8\xde\x80\xc0x\xbbA\x96t\
\xc1\x8e\xb1\x7f\xa3J+\x96\x91\x222/\x8e\xef\x0a\xca\
\xe3w2\xd8\xf5\x85O*\xc3\xe71\xfe\x9b\xeaj\xcf\
v4e\xa3[\xee\x9f\xd4\x8d\x07\x99\x9d\xab\xa9\xael\
K\xba=\x1f\x1d\xfb\xa9e)\x0c\xc2\xa7\xba2\x9d\x1d\
iQ]\xf1\x88S&n=U?\xf8\xf7\x1b\x8fP\
Nk\x03\xeaHm+\x04\x91\xed\x17M;a\x9e\x1c\
\xd4\xc3Y\x01\x86x\xe2@\x9e\xab\xf8\x11\x8c\xf5A*\
\x9fm\xc96\x15\xb2\x99\xdf\xb4\xa7\x9b\xb6\xa67g\xf3\
\xa9\xe2\xd4\x9e\xea\xf9\xf1\xd2\x89\x9b\xa8\xcb@\x84~\x10\
 \x12\x16\xc2\x1cX\x08\x01]\x1d[\x06\xf0\x1e$\x91\
\x0by\xf7\xdc\x87\xf9\xa0\xbd$\x850\x0d\x9a\x99\xca\x0e\
j\x11\xbd\xec\xc6\xf1\xd2\xf0\x97)\x9d\xbe`#\x02\x82\
*a\x14\x99\x98/e_\xa9AsifB\xfe<\
:\x5c\x7f9\xeb]\xf8\x06\x1b\xd9VH\x93o[\xa0\
\x8b\x1e\xa3\xa5<\x9f\x01\xdd,\x9d\x1b\xab\x1c\xd8\xa5\x00\
k\xba\x7f\xa9\x9f\xaf\xfb\xe5\xbb)\x85\xea\xb8-Q\xc6\
\xffkL/\xdd\xbe\xe9\xb2QI\x9dh\x1e\xbd\xf9\xce\
y\xc5\x04\x8e\xbea\x9c\x8e\xe5\x5c\xef\xe3d\x03?\x8b\
\xbe\xad\xecm=\xee<\xce\x0d7xH0\xdc\x1e\x8d\
\xec\xf7\x9cw\xf5\x00\xf5Ix%\xa8:\x9bm\xc6\x04\
\xca\x90\xa9T\x08\xd5@\xaa\xd7N\x94\xef_\x91\xdd\x98\
\xc5\x10\xdb\xda\x04.i\x8b`\xad\xc9\xa8\xfc\xf1\x13\x95\
\xe1\x8bI\x04e\x8d\xd1\xc5\x80\xf3\xaf\xb9x\xad\x87\xfb\
\x84\xe22:~\x0e9r\x05ov\x05\xa0\xdf\xb8\x14\
FmM\xbb\x90xv\x9e\xe2\xda\xc4C\x1d\xdc$\x02\
\x10\x04\xb1\xc1\xde\xe8\xbf\xff\xc3#\x8f\xfc?4\x852\
(\
\x00\x00\xe4\xf9\
\x00\
\x02_\xccx\xda\xb4\xbb\x05X\x15\xdb\xf7\x06\xbcfN\
\xd7\x0c\xd8\x01rl\xc4\x00l1\x11\x0b\xa5\x04\x14\x93\
> J\x09\x07\xb1\xc5\xba\x06\x22\xd8\x1d\xd8z\xed\xee\
\xd6\xeb\xb5\xb1\xbb\xf0\x10v`\x07\xdf;4\x1e\xf4\xfe\
\xfe\xcf\xf7}\xcf}\xaes\xce\x9c\xbd\xd7\xde\xb3\xf6Z\
\xefz\xdf=\x9bV{\x03+\x9c}\xbdx\xce\x85\xaa\
fG|\x93\x0f\xdd_KD\x92\xe1\x03|\x1c\x5c\xda\
\x13\xd9E\x12u=IT\xc1\x93\xc8YLTm?\
Q\x9f\x10\x22\x9f\x0c\xa2W\x22\xa2E\x83p]Ct\
\xf4\x01\xd1\x1bkb<p}\xdb\x8e\x18q3b\xb6\
k\x89\xb6,#6\xe8\x15Q\xa5\xbfI<i\x11\x91\
\x897\x89\xd7\x0c#*\xb3\x86\xc4\x97k\x12U\xadB\
\xe2o\xb8\xd6\xce&\x89\xf8\x12\x91\xd5A\x92\xd8t#\
\xaa\xaf'I\x97&D\xcd\x97\x92$\xe80Q\x1b|\
\x1f\xb0\x8e\xc8!\x9e$#\xeb\x11u{\x87\xeb|\x22\
\xa7\x0b$\x89\xd7cnSI27\x90\xa8{=\x92\
$K0\xc7~$9\xaa\xc3<O\x91\xe4\xd2?D\
:\x05\xc9V\x9c%\xc2\x9cd\x07\xcf\x12\xb3\xd2\x8e\xe4\
\x9bL\xf0<\xf7H\xf1\xf2=1+<H\xe9\xb7\x9d\
XQ=R\xae\xcc \xa6\xf91\xe2\xc6\xd4\x22\xa6\x8e\
\x88Jiz\xa0_W*=7\x94\xc80\x99\xca\x98\
\x0e%\xfa\x19J\xe5\xd9&\xc4\xc4\x5c\xa7\x8a\xb6\x8f\x88\
i\xb1\x9a*\x99|#f\xf3}\xaa\x14\xdd\x8b\x18\xfd\
W2\xab\xdf\x9c\x98\xe4\x0f\xa4\xf5nC\xb4z\x08i\
';\x10Y\xae\xa5\xaa.\xd5\x88\xf1w\xa7\xea\x01/\
\x89\xf0H\x96\xf5?\x13\x1d\xa9E\x96\xd7\xda\x11[\xf9\
$\xd5\xbd#'&\xac9\xd5\x8b\x8a\x22&\xc4\x87\xea\
\xa5:\xc2\xfe\x10\xb2\xb5\x1bFL\xf5$j\xf8j9\
\x11\xdb\x88\x9ao8N\x94\xb0\x8aZ\x98\x86\x11}N\
\xa2\x163{\x12S-\x92\xda\xac\xf2'ziN\x0e\
!7\x88\xd19\x91Cx)\xa2v\xde\xd4%\xb6\x05\
\x11?\x98\x1c\xa5\xa7\x88\xfe\x1dH\x8e\x16,1?\x92\
\xa9k\xd39D\xa5\xdbQ\xd7P\xacq\xb9\x91\xd4M\
;\x89\xe8A69u\xdeGd\xe6JN\x0b`\xcf\
l0\xb9\xcc=JT\xeb(\xb9\x9c\x9eIl5\x22\
\xcf\x06u\xe0\xef\xa1\xe49r\x1b1^\xfb\xc8s\xfc\
T\xac\xd71\xea9u5Q\xfbS\xb8\x22V\x1c6\
S\xcf\xcd\x98\xa7}C\xea\xf9T\xb8\xce\xa3^{`\
\xd7y\x13\xf5m=\x98\x98\xef\xab\xc8;\x09\xedu\xee\
\xe4\xfd\xfa\x1d\xfa\xcd\xa0\xc0\xcdu\x88Q\xd8a\xc9\x14\
D\xd2\xfe4\xa8L'bf\xb0\x14*\xcc#\xa44\
\x85\xb5\xc4zV\xb3\xa5\xb0\x1b\x1d\x88,<(\xb2\xcc\
M\xa2\x9b\x1b(\xaa\xecvb\xda\x8c\xa4\xa8\xfe\xf0s\
\xafI\x14;u&1Ov\xd0\xd0\xe4c\xc4\xb4\x9f\
D\xc3.\xed!\xba\xbb\x9cF\xe9\x07\x11s\xfc\x0a\x8d\
\xf6\xcb\x22fw\x07\x1a{\x15\xf3X\xab\xa5q{6\
#.\xdb\xd2\xd4\xdaU\x89|\xd5\x94\xe4\x8e8\xfb\xcb\
\x97\x96O\xdbG\xcc\x94\x0cZ]{'1\x83n\xd0\
\xa6\xa9\x07\x89\xb1\xdaN;=\xba\x11\xd3`\x07\xedz\
p\x9fhd+:\x10\xb1\x12\xf1|\x9aN\xba/&\
&\xe8\x1e\x9d\xeaY\x9d\x98\x93\xa1t\x9a\x14\x88\xaf4\
:\x9b\xf0\x05\xe3\xcb\xe9\xe2\x8eq\xc4|\xbeM)C\
w\x11\xd5\xdbG\xb7\xa2\xe0?\x93\xe7t+\xde\x84\x98\
\x8eVtk\xe9\x16\xa2\x9d\xc3\xe9v3<G\xb5\x10\
\xba\xddJGL?\x03\xdd\xf5\xbbE\x946\x97\xee\xfa\
#/\xd3B\xe9^\xd2\x00\xa2[~\xf4 \xc5\x0f\xdf\
\x8f\xd2C\xdf\x89\xc4<\x9dO\x8fL6\x10[\xe96\
=\xfe{-1i\xbb\xe8I\x98\x9a\x98\x8a\x1d(\xb5\
\xe6lb\xb2\x0f\xd2\xd3}\xb0{\xb2!\x19\xf6\xb4&\
Z\xf2\x9e26o'\x9a\x11C\x99{\xb1>\xe7\xba\
R\xe6Q\x8c\x93\xa9\xa7\xe7\xb6\xb8>kN/\xf4\xa3\
\x90\xbf\xe6\xf4\xfe\x1d\xb0\xe0\xc5{\xca\xda\x8e<\xbd\xbe\
\x94>\x89\xf1\xdcU\xf6\xd27\xae\x0f1\x17\xc4\xf4\x83\
\xc78\x03>\xd1\x0fg)\xfa]\xa0\x9f\x8b\xba\x10M\
\xadE\xd9\xce\xa5\x89:\x5c\xa0\xec\xec\x7f\x88i[\x86\
!Q+\xe0B\x0cC\x7fy\x10\x05\xf6a\x18w\xd8\
}\xb9\x86a\xc3:\x12\xf9\xff`\xc4M\xe7\x13\xb3\xbe\
\x14#y2\x97\x98\xbf\xe2\x18i\xdbFD\xf1U\x19\
\x99/\xf0\xe4y]F)\x9eETq\x01\xa3\x0c\xbd\
J\xcc\xa4\x0d\x8cJ\xd9\x9dh\xc5\x5cF\xd5\xbf\x12\xe6\
\xe7\xcc\xa8\xb3\x17\x10S\xbb:\xa3\x19\xbd\x97h\xf4M\
F\x93\x82\xf5\x08=\xc1pm?\x11%~`\xf8\xd2\
\xc0\x81q\xad\x18\x93Q#\x88Y\xd6\x9b)\xbd\xd2\x09\
\xf9\xb6\x92);\xeao\xa2\xdd\xeb\x99\x0a>/\x88v\
\xad`*\xda\xea\x88U\x0ed*&\x01\xef\xde?f\
*%\x9e\x22\xc6\xfe\x19S\xf9\x12\xd6q\xb1\x941?\
+\x8c{\x8d\xa92>\x1c\xeb\xf5\x82\xa9\x9a2\x9c\xe8\
\xf5l\xa6\x9a>\x02X\xb8\x9c\xa96s\x0e1\x0e\xee\
L-\xd7\x15\x88\xb7\xceL\xad\x1d\xeeD\x07dL\xad\
s2b\xcc\xa4L\xedQs\x89\xbe\xafa\xeaX\xf4\
#\xe6\xed{\xa6n\xf0qb\x1c?2\xb6\xfa\x10\xb4\
\x1f\xc24\xb4\xddDL\xd3CL\xc3]\xc0\x97\xa9\xcb\
\x99Fa\xc0\xd9\xcf^L\x93\xee\x17\x88Jm`\x9a\
7\x9eB\xcc(=\xd3n\xa7)\xae+\x19\x87\xc9\xc8\
\xe7;.\x8cc;\xc4\xd5\xbb\xb6\x8cc\x00\xf2\xe3\xc2\
v\xa6k\x80;1\xd3\xee0\xdd\xdaV\x22&\xb1\x0f\
\xe3\xdcRB\x8c\xb7\x92\xe9\xf1\xee_b\xe6\xcb\x98\xbe\
\x165\x89\x19X\x85\xe9;\xac:\x91\xa9)\xe3\xbf\x09\
\xf8\x19\xb9\x87\xf1?\x0e\xbf\xf7\xde\xcd\xe8>.%\x0a\
\xae\xcc\x0c\x98\x8e\xc2\xf0\xd8\x9f\x09\xb9\x03<\xe3S\x99\
\xd0\xad\xc0\xe7\xcaAL\xdc\x1e\xe4\xed\x81\x8b\xccX\x16\
x\xd5j\x113\xbe\x09\xf0|\xfcLfrG\xacW\
\x0d\x13fJ\xd3pb4\xd7\x99\xc4\xd1h\xaf\x1b\xc2\
$\xb9\x22/]b\x99\x19\xcc\x0e\x22//f\x86-\
\xf2p\xe9Hf\xfe?5\xb0\xae\x99\xcc\xc2\x9cks\
f\xe9\xe3\xbf\x89\x09>\xcd,wB\xfb\xf4\x99\xcc\xea\
\x0c\xc4\xe7\xd9\x11\xcc\x9a\x9d\xa3\x89y\xed\xcall\xc7\
\x105\xdb\xcal\xfc\xc7\x9c\x98\xc8\x16\xcc\xa6]\xbd\x89\
\xa6Y1;\x8e\xffE\xd4\x80gvm\xf9\x97h\xc0\
\x06f\xf7B\xe0\x8d\xf5P\xe6\x98-p\xfb\xfa\x19\xe6\
\xb8\xb3\x17p}\x0es\xdc\x03\xb8\xe7S\x859y\xe0\
61\x8f3\x99\x7fC\xd1o\xe0N\xe6\xfc\xe6%\xa8\
wU\x99\x0b#\x1ea\xdd=\x99\x8bS\xe1\xaf\xa1\xc9\
\xcc\xc5\xa3\xeb\x89\xf9\x10\xcb\xdc\x08\x04\xee\x9f~\xc2\xdc\
|\x0f\x1c\xfd\xe1\xc4\xdcm\xf8\x92\x18\xf6\x07sw=\
\x9e/t!s\xdf\xd0\x9f\x98\x05/\x99\x07a\xa8\x85\
\xff\x9a3\x0f\xb6\x00\x9f\xd6\xa60\x0f\xde ~\xac\xac\
\x99\x87W\x9b\x13[\xb6\x03\xf3\xc8\x05\xf8<\xdd\x92y\
\x12\x09\x9c\xab\xdd\x95IU\xda\x11s\xc0\x9dI\xe5Q\
w\xac\xbc\x99\x8c\xb6\xad0\xcf &\xa3\xf34\xac\xa3\
\x9ay\xd1\xd4\x9f\x98z\xb6\xcc+\xab0b2\xbe2\
oRc\x81\xd3}\x99\xb7\xd6\x03Q\xafj2o\x93\
\xf4\xc4\x5c\x9c\xced\xdd\x01\xbe\xf8\x8a\x98O\xb1\x1d\x11\
\xbf+\x99/\x81n\xc4\x18\x9e2_\x8e\xf0\xa8G\xc4\
|{\xdf\x13y\xcf3?\xd7O\x22\x86wc\xe92\
\xf2u\xe4^\x96m\xb1\x85\x98\xaf\x83X\xe9\xcf\xc6D\
\xd7\xee\xb0\xb2\xe5\x9f\x89\xf1\x1b\xc4\xaa$\x88\xaf\x7f\xb5\
\xac*\xcb\x82\x982\xd6,w\xa5!\xb1\x16/X\xd3\
\xf1[\x88-\xf3\x925=6\x8cXY,kz\xb2\
\x16\xae\x0el\xe9+\xd7\x89\x9e\x9egK_\xddM\xd4\
\xf7 [\xa6\xfd\x14|_\xc2\x96\x8d\x83\x9fgwd\
\xcb\x99\x1d'V\xb3\x8c-\x1ft\x88\x98\x11\xael\xf9\
\xd7\xe9\xc4\xf4\x1c\xc7V<Z\x01x\x91\xcaV\xe9\xf1\
\x8eX\xf9s\xb6\xc6\xce=\xc4\xf4\xdf\xc8Z\x9a\x9d\x87\
\xdf[\xb0u\xa6Z\x00\x97\x9e\xb3V\xe3\xe7\xc0\x7f\xd3\
\xd8\xba\xb6\xe7\x88-_\x9fm\x80\xdbl\xf9~\xac\xf5\
\x9c\xaa\x98\xcf\x10\xd6\xf6\x04\xea\xb5c,\xdbp;\xe2\
\xf0\xa9\x94m4\x1b\xf1\xfa4\x9cm\xec\x8c\xa2u\xa1\
7\xdb\xa4\xc9Pb\xae\xffd\x9b^\xecL\xa4\xb7`\
\x9b;;\x13E\x9fe[p\xf0G\x175\xdb\xe2\xf0\
G\xd4U\x9em\x91\x02\x1e\xd3\xe2\x1ak\xe7\x8ex\xd8\
\xbe\x89\xb5\xf3E\xde\xc6g\xb3v\x0f\xf0\x5csV\xb1\
\xad\x1c\xe1\xff\x1e\xa3\xd8\xd6\x9b~\x10\x13\x17\xc3\xb6\xd5\
 \x8f\xed:\xb1\xed\xe7\x81?\xbc=\xc2:l\xebN\
\xcc\xea\xcdl\x87\xd6\xfdP\xb7B\xd9\xce\x1fo\x13\x85\
\xedf\xbb,\xb9\x01\xff\xefg\xbb\x9a \x1e\xba\xb4d\
\xbb\x8d\x02\xbfj8\x96u{\xb3\x94\x98g\xfdY\xf7\
\x05\x18\xbfJo\xb6\xb7\x16\xcf\xbf\xb0\x13\xdbg\xa5\x81\
\xa8\xf5n\xd6\x97\xc3\xba\x87\xebY\xff\xd2\xef\x89bX\
6\xa8t6\xe1_6df\x0aQ\x9c3\x1bf]\
\x97\x98^\xcf\xd8\xc1f\xa8\x0fU\xed\xd9\x187\xd8\xef\
s\x8b\x1d\xde\x18\xf5sJ[v\xdc\xa2^DM\xf7\
\xb0\x13\x0cC\x882\x88\x9dZ\x1d\xf5b\xa7\x94\x9d]\
j\x05\xeaP%v\x9e\x1d\xfc0+\x95\x9d\xb7\x03x\
\xe5\x9e\xca.\xa8\xb7\x17\xb8\xd9\x9a]\xd4\x1f\xfe\xfax\
\x81]\xf4~\x02pg\x08\xbb\xe4\x12\xea\xc5\x91\x7f\xd8\
\xb5\x8d\x97\x13\xb3\xe6\x09\xbb\xf6D*\xea~}v\xfd\
|\xe4G\x8fi\xec\xa6\xc3\x98w\xef\xf3\xec\xd6c\xe0\
\x8b\x1d\xba\xb3\xfbV\xa3\x0eM\x8ce\x8fL\x05\xbe\x04\
4g\x8f?A\xdd\xf0\xa8\xce\x9e\xd2h\x89y\xbe\x81\
=\xe5\x85\xfe5\xb7\xb2gf#N\xb6Ma\xcfq\
\xe0+\x1ea\xec\xf9&\xa8O\xdfk\xb1)\xcf\x80\xaf\
\xa5\xac\xd8+<xS\xcd\xf6\xec\xd5\x04\xe0\xde\x9cJ\
\xec\xed\x97\xc0\xe1\x06\xbd\xd9\xbb\x87\xec\xc0\x9b4\xec\xbd\
\xe9\x09\xa8\xf3\x0e\xec\xbd\xc7\x87\xc1=\x87\xb1\x0f/\xad\
\xc6\xf3WaS\xdf\x82o\xf6\x8c`\x9f.\x80\x1f\x9d\
\xca\xb2O/\x5cA>\x8cg\x9fY\x80g4\xe8\xc1\
\xbe\xb0@|o\xff\xca\xbe,\xd5\x9eX\x93(\xf6M\
\x19S\xccc/\xfb\xf1!\xfa\x8f\x5c\xcf~\xf6n\x80\
\xab\x1b\xfb\xad\xcb;b\x9aTb\xbf-\x07\x0e7\xc8\
d\xbf'\xa1\x9e\x9awc\x7fNH\x03\xe7\x95\xb3?\
\x1f\xc0\x7f;\x0f\xb1?3\x80\x03\xd57\x88\x98+\xa8\
+\xf3\xbb\x8a\xd8K\xdf\x89\xe9\xbbS$:\xbb\x81\x98\
}.\x22\xb1\x06q$\xff.\x92g\xceF\x5c\x5c\x15\
)V\x1e\xc5\xfc\xe7\x884?\xce\xa0\xfe\xd8\x8bL\xcd\
S0o/\x91\xe9\x8e\xf1\xe0\xd7\xd7Eei\x17\xe6\
9AT\xf6\x04\xf0\xeb\xd9'Q\xf9\x9a\xc0\x87\xfa\xa6\
\xa2\xf2q\x87\x895W\x89*\x0d\x8eE\xdc\x1f\x16U\
\xda\x86\xb8\xbag'2\x9f\x8d\xfa<\xa1\xa9\xa8\xcaq\
\xd4\xb7=\x8bD\xda\xef\xb6D\xa7\x8f\x8b,\xb3\xc0\x9b\
\x82\xd3E\xf5\xec\xc1\x87FiE\x0d[\x03w\x16\x9c\
\x175\xde\xdc\x0b\xfd9Q\xe3g\x03a\xcfNd\xd7\
\xf5\x19\xb15$\x22\xbb\xb3\xc8\xcb\xf8HQ\xebY\x88\
\x83muEm\x97\x017\xb7~\x17ul\x8e\xe7\xeb\
4W\xe4\x94\x88\xfaT.U\xe4|a\x13\x91V$\
r]\xa1F^7\x16\xb9\xee\x84\x9f\x0f/\x17\xf5|\
!\x22\xe6\xbd^\xd4\xfb\x00\xf2\xea\xf3PQ\x9f\x13\xe0\
\xbb\xd7\x1dD>3j\x83o^\x11\xf9\x07\x22\xee\xb6\
\x5c\x14\xf9g\x00\xa75\x1e\xa2\xc0\xfa\xc8\xd3\xce\x9c(\
p\xf1\x13\x22\x97\xf9\xa2\xe0\xcd\x8eD\xc3xQ\xd8\xf4\
UD'lE\x91\xe3\xc6 ^n\x8b\x06'\xcaP\
\xdf\xce\x88\x86\xa5\x81\x974O\x17\x0d7\x03\xbf\xf0\xf1\
\x13\x0do]\x9b\x98!b\xd1\xc8+\xd7\x88\xd9qS\
4n9\xf8\xe0\xa3*\xa2\xf1{\x9e\x22\x7fZ\x8a&\
\xa7\xe0y\xd5\xf7ES\xef\x9e@\x1c^\x14\xc5w\xf5\
\xc2\xb8GD\xd3\xbb\x83\xdfIK\x8b\x12\x87\x8c'\xe6\
R\xb0h\x91)\xeap\xf9\xe5\xa2\xe4\xdd\x88\x83\x01\x8f\
E+4,\xb1\xdc\xdf\xa2\xd5\xa5\x90\xa7\x96\x19\xa2\xf5\
\x09\xc8\xef\x8f=E\x9b\xbe\xcd\x03\x9f=$\xda\xdfc\
\x111g|E\x07\x93\x11\x8f\xaam\xa2#!.\xe0\
\xab\xa7E\xc77\x01\xc7\xf8r\xa2\x935\x82\x11\xff\xd5\
E\xa7\xde\x98C\xb7\xf4\x11\x9d\x13\xc7\x11\x99w\x12]\
K\x80~jc-\xba6+\x0e|:It\xcb\x0c\
u8.]t\xbb\xb9\x90GMDw*a\xfe\x0f\
\xe6\x89\xeer7\x81\xabJ\xd1\xc3j\xab\x89\xadZY\
\xf40\x01\xfe\xbc{J\xf4h#\xfc\xb0\xf5\x90\xe8\xf1\
w\xf0\xcb\xf1\xd3EO\x8f\xa0\xeeT\xda+zz\xf6\
1\xfc\xdfPd\x18Y\x8a\x981[Ei\xa3\xa1\xe8\
\xc2\xfcD\x193\xc0\xcf\xaa7\x14e\x1e\x05\xefX>\
W\xf4\xfc1\xf2\xf2I\x17\xd1\xf3O\xd0)\x8a\xdb\xa2\
\xb7\xc7\x91\x9f},EY'\xae\x13+\x0d\x14}l\
\x80\xf9t\xdf*\xfa\x14\xb8\x9e\xe8KO\xd1\xa7\xc8k\
D\xdfF\x8a\xbel\xf2%V\x91,\xfa\xb9\x16\xc0\xfb\
\xb5\xb6(\xdb\x19E\xc5\xa4\xa6(;\x19\xfe\x5cc/\
&\xaf\xbbD6fb\xc9Y\xd4\xf7A\xcd\xc5R[\
\xd4O\xa9^lr\x15\xbce\xfe\x03\xb1\xc9}\xe4U\
\xef\x09b\xd3S\xe0\xa1\x92\xb6b\xd3\xeb\xc8\xf7\xfdV\
\xe2\xd2\xe1\x0d\xc0Co\x89K/\x1e\x87<\x94\x89\xcb\
9\x80\x7f^\xba#.wo\x151u\x1f\x88\xcb\xbb\
\xb7%\xb6\xfa\x0dq\xf9\x8b\xc0\xafI\xb6\xe2\x0a3\xc1\
\xb7-\xab\x89\xcd+!\x8e^\x8b\xc5\xe6\x87\x10ou\
\xdb\x8b\xabl\x89\x01\xbf0\x15k\x03M\x88%\x0b\xb1\
v'\xf0\xafrWq5\x16x\x7f \x0cW\xc4\xd5\
\xfb\xaab\xcb\x87\xe0I+\xb7\x89\xeb\xdd\xf2 f\xd1\
\x01\xb1\xf5q\xf0\x8a\xa1\xb6\xe2F7\xb1\x8e\x7f\xef\x15\
7\x7f\x12\x09=\xd7Q\xdc\xa2)\xf4\xd9\xe6\xce\xe2\xd6\
>\xd0)\xab\xcd\xc5m\xab\xd6\x83\x0eX+\xb6\x9f\x82\
\xfa\xdfI!\xee8\x11\xb80\xfd\x8b\xb8K\xebu\xc4\
|z)v\xea\x08\xfdwe\x93\xd8i\xe9\x0cb6\
%\x89]<\xc1[\x0ev\x11{\xb2-\x88y%\x12\
\xf7:\xb2\x84\x98\xdbvb?\xe1\xbad\x87\xd8\xef%\
\xe2\xcd\xfb\xb98\xb8y\x15\xa2\xc6\xb3\xc4\x11\x15\x1b\x12\
\xf3p\x958\x8aG\xfd}}W\x1c\x15\x07\xbf\x97)\
+\xd6\xdfY\x00^\xdfO\x1c\xdbFF,\xc3\x88\x87\
\xae\x83\xbf\xfa\xff\x10\x0f\xdf\xeaM\xa4\xa8*\x1e\xfb\xcc\
\x0f\xb8xF\xfc\xd7\xb3;\xd0\x81)\xe2I\x03\x81\xff\
\x7f\xd7\x17O\xf9v\x11|\xc1K<\xd5\x03~Y\xfc\
S<\xd3\x0f\xe3x\xad\x16\xcf\x0a\x8d\x22\x1a>K<\
{*\xc6\xff\xf9U\xbc\xf0\x10\xf0\x8b\xb1\x11'\x1f\xc4\
\xb8K\x1b\x8a\xd7D\xec\xc4\xb8c\xc5\xeb\x831\x9fO\
R\xf1\x86j\xe0G\xed2\xc4\x1b\xeb\xc1\x0f\x15R\xc5\
\xdb\x08\xf1?v\x8ex\xfb\x08\xf4s\xa9&\xde1\x09\
\xcf\xd7\xc9 \xde\x91}\x8f\x18\xb7M\xe2\xd3\xbd\x0eb\
^\xe9\xe2\xd3XFF\xec%>\xc3\xc2\x9e\xc5\x03\xf1\
\x99\x09\xfd\x11\x1f]\xc5g\xf6!\xfe\x1a\x8f\x17\x9f\xb9\
\x8b\xb8\xf0\xf8$N1\x07\x1eO\x1b/Nq\x06\x7f\
X\xdaW\x9c\x12\x04\xbe\xdcr\xb7\xf8\x9a\x18\xbaoz\
\x82\xf8\x86\x15\xfcXs\x8a\xf8\xe6\x82eD\x1b\xbf\x88\
\xefT\x85\xbeoj%\xbek2\x0fq\xdf@|\xb7\
\x1ap<\xd9S\xfc\xf0P[\xd8M\x13\xbf\x18\x00\xbc\
)\xdf]\xfc\xca\x03ypu\x83\xf8\xf5\xfc\xbd\xc2\xc6\
\x86\xf8\xad5t\xc6\xc7\xee\xe2\xacw1\xc4\x22\xfe>\
\xce\xaf\x8f\xfa\xaf\x10\x7fr\x83?\x977\x12\x7f\x8d\xf8\
N4\xb1\x96\xf8\xc7v\xdc_\x1e*\xcen\x0b\xbdh\
z]B\xdfQ\x97\xc7\xec\x960\xe1<\xd1\x9d\x10\x89\
xz\x0c\xf4\xd2R\x89\xf8>p\x22\xdeM\xa2lr\
\x06\xb80Q\xa2nW\x1fu\xa8\xa2\xc4\xb4;\xf8\x8d\
E\xb0\xa4T9\xe0\x85igI\xe9\xc9\x88\x93\xae:\
I\xe9\xb4\xf6\xe0\x8b\xed$e:\x81\x97\xfb}\x94T\
\xa8$\xf0\xbe\x87\x92\x0a\xab`w\xcc$I\x85\xd5\x15\
\x11o\xfb$\x15\xb6A\xdf\xdd\x90J*\xdc\x81\x1e8\
\xd1Ob\xb1\xd6\x8cX\x95Xb\xb1\xd9\x80\xf6\xd5%\
Zo\xf0>\xf3\xab\x92\xaaZ\xf8\xe1G\xa2\xa4\xaa\xe7\
G\xc4\xddcI\xd5\x8b\x88\x87%\xf1\x92\xaa\xef\xc1\xb7\
\xae\x8e\x90\xd4H\x81\x0e\xfb\xfb\x9b\xa4\xa6\x0b\xe6\xc7\x7f\
\x94\xd4\xdc\x0e\xbc^l'\xa9=\x0b\xfei\xe1,\xb1\
tE\xfe\xd6\xd8.\xb1\xea\xf7\x89\x98\xc05\x12\xab\xb1\
\xe9h\xdfPRo\x06\xf2\xe0\xb2\xb9\xa4\xfe\xbbu\xe0\
\xc5u%\x0dF\xf5 \xb6\xcay\x89\xb5=\xfc?\xb6\
\x95\xc4\xe6\xf0[\x8c{O\xd2\xb0\x19p\xea\xce%I\
\x93\xc5\xa8\xeb\xb1/$\xad\x07\x01o\xef+$mR\
l\x80\xdf\xb1\x92\xb6\x8f\x80\xbb]\xd3$m\xb3\xc0\x1b\
.\x8e\x91\xb4\xeb\x07\x9c\x88\x1f#i\xff\x0e\xcf\x198\
_\xd2q{K\xa2u\x03$\x9d*\xc2\xffN\xe3%\
\x9d<\x80\x1f\x8bC$\x8eo\x12p\xff\xb9\xa4\xdb\x07\
\xe8\xc4\x1b.\x92\xde\x07\x11?\x1d\xa6KBz\xe0\xda\
\xd5Q\x12n\x0a}u\xf4\xbadp\x0c\xf8\xae\xcd\x1c\
\xc9\xd0\xed\x89D\xe2\x04\xc9\x88\x88P\xe8\x84\x1a\x92\xd1\
\xebPw=~J\xa6L\xe9DT\x7f\x91d\x9a\xb0\
\x9f\xe4\xea+\x99v\x1eu\xb7\xbbL\x92\xe0\x05\xffD\
.\x93$u\xc4w\x93\xb1\x92\xd9\xc3\x87A'\xaf\x96\
\xcc]\x87\xf8\xee\xee!Y\xbe\xf7\x1e\xf8\xfbiI\xf2\
\x85*X\xc7\xef\x92UA\xf0C\x9f1\x92uS\xc0\
\x07\x9d\xabH\xb6\xb8\x81\xbf\xb4\xde'\xd9\x12\xd9\x19\xba\
z\x98d\xcb\xd9,\xa2Fs%[;@gnu\
\x90l\xddp\x08\xf9\x19!\xd9\xfa\x13<)k\x96d\
\xc7r{\xf0X\xa5d\xc7\x0d\xe4]\xc7\xf6\x92\x9df\
h\xef\xed'\xd9{\x17\xd7\xeb\x0a\xc9Q%\xf2\xec\xb1\
\xbf\xe4h&\xe69\xee\x95\xe4\xe4\x8f=\xe0\xc33$\
\xe7\xbc\xff\x02\xaem\x91\x9c;\x06~\xfe\xe1\xa2\xe4\xe2\
\xc0\x1f\xc4\x8a\x86J.\x1dG\x1c\xc4\x1e\x94\xa4\x843\
\xc4\xec\x0f\x96\x5c\xb9\x85\xbc\xf9\xc6J\xae|\x85^\x0d\
\xb6\x97\x5c5\xc3\xba\xaf\xb3\x96\x5c=\x05]\xd6u\x93\
\xe4\xdaO\xf0\x8b\xe3\xa3%w\xda ?\x879H\xee\
\x9c\x01\xcfo\xab\x93\xdc\xad\x02<\xe8\xf7]\xf2\xe8(\
\xea\xfd\x8d,\xc9\xa3\x8f\xa8\x87\xed.I\x1eoq\x06\
\x8e\xc8%\xa9}\x10W\x8d\xe4\x12\x83mY\xe8wg\
I\x1a\x0f~\xd7v\xa4$m7x\xe2\x84f\x92\xf4\
\x18\xf07\xd7\xb2\x92\xf4\x83\xe0\x09[\x0eK\xd2\xdf\x80\
\xdf\x8b\xdbJ2\x1f\xa1\xde\xb4q\x96<\xf3\xb5D]\
\xf6\x95\xbch\x0a\x1d7=R\xf2j\xe7\x12bM\xdf\
H^\xbf\xef\x00=\x1d(y\xb3`\x14pn\x96\xe4\
\xad\x05t\x85j\x82\xe4cK\xe0\x82\xef3\xc9\xa7\xc8\
\xed\xc4\x9ayK~\xf8a]wGJ\x89\xd5\x11S\
\xf5\x9aT\xbc}\x0b\x91\xb2\xbeT\xba\xf25\xfcRZ\
*}\x04\xfe\x9b8^*\xfb\xfb\x0a\xb1\xa5ZI\xe5\
\xb7\x81\xfbl\x15\xa9\xd2\x04\xf1\xdcZ*UiW\x82\
\xb7\xed\x94\xaa\xaaCG7I\x95\xf2J\xe8\xb7\xa3\xbe\
\xd2\xd2m\xc0\xc7\xf6\x9f\x92\x9a\xb3\xd0C\xabFJ\xb5\
\x0e\xae\xc4\x1c\xd1Kk<\x01\xff:\xd8@Z\xd3$\
\x0d\xbfgIk\x1f\x05\x9f\xbe&\x97Z\xd9\x83\x7f[\
eJ\xad\xb2\xa7\x12#[)\xad\xb7\x11x{h\xb0\
\xd4\xe6%t\xcb\xf1\x0aR\xdb\xc6\x91\x88\xff$i\xe3\
\xfa\xe0\x87g\xdaI\x1b\xfb\xa1n\xaaE\xd2\xc6\x87\xeb\
\x83?\x8c\x95\xb6H\x00\x0e=\xda(m\xe3\x9a\x81\xf1\
\xcaH\xdb\x8eB\xfd\xc8\x1a\x22\xb5\x7f\xbc\x13\xf5\xc9T\
j\xff\x16\xeb\xb9\x7f\xae\xd4\xe5pkb*4\x97z\
\x04\xa3\xff\xf0fR\x8fq\xa8\x9f\xa2\x14i\x0f\xc2\xf8\
q\xb5\xa5\xfd\x8eC\xe7/}/\xed\xdf\x03\xbc\xc4\xd4\
W\xea#\xd4\xe5\xe08\xa9\xdf\xe9\xf3\xe0\xb9\x16\xd2\xf0\
\xf7\x13\xa1KR\xa5\x83\xdf\x82'\x18\x5c\xa5\xc3\xcb\xe3\
{\xfb\xc6\xb8\x22\xae\x07\xcd\x91\x8e\x08@\x9d\xefU[\
:\xae+\xe2\x8e3\x95\x8e;\x0a\xbet\xbf\x91t\xbc\
'\xd6\xe7\x9fr\xd2\xbf\x86F\xc0oM\xa4\x93\xda{\
\x80\x07\x1c\x95N\xee\x09\x1c\x08\xea+\x9d\xf6\x10\xf1\xfc\
\xb8\x8atvK\xf0\xf2\xbd&\xd2\xb97\xa0{\x06\xe8\
\xa4\xf3\xa4\x88\x7f\xdb\xbd\xd2\xf9\x9b\x80\xbb\x9e/\xa5K\
<\x91O\xfd\xe4\xd2%}\xa0\xbb\x93\xdbJ\x97\xa5\x81\
Wu\x5c\x22M\xf6\xc1\xfc\xe7~\x94\xae\xea\x04\x1co\
{^\xba\x81P/\xbf\xf4\x97n\xf46'V;V\
\xbaq!\xe6\xd9Z#\xdd6\x11\xbc`\xe80\xe9\xf6\
7\xe0\xb9_\xd7K\xf7\xd5\x03~0#\xa5\xc7M\x90\
\xf7Y'\xa4'\xed\x80\x9b\xa9~\xd2S\xeb\x81\xa3\x95\
WJ\xcf\xb4\x03\x8f\xe2\x1eK\xcf\xb8\xfe\x83\xbc8 \
=\xf3m\x1cQ\xd9s\xd2\xf37\xc0\x0f\xba\xd9J/\
\xce\xd0\x12[\xba\x8c4%ZN\x8cr\x83\xf4\x9a\xc7\
6b\xcb\xf5\x90\xde\x9c\xf0\x0a\xf3\x8c\x93\xde|\x0d;\
\x03\x7fJo3\x8e\xc4\xbc[ \xbd\x13=\x95(\xd5\
Bzg\xba\xb0?\xd6Ez\xb7=p\xff\xd6q\xe9\
\xfd\x0b\xc0\x91\x17\xbb\xa4\xf7\xdf\xe0\xb9\xab\xd8J\x1f\x86\
\x22\xcf\xe27K\x1f\x1e\x04\x0f\xbe\xe2'}\x98\xce!\
\xdf\x0eJS\x93QgV\x88\xa5\x86\x1d\x88{\xa5\x8b\
\xd4p\x1e\xf5\xc6\xe1\x9a\xd4p\x1b\xfc5z\x9e4\xed\
:\xf8G\xc4ii\xc6\x08\xf0\xa7\xdbk\xa5\x19S\x81\
\x9b\x0e\x8e\xd2gb\x09po\xbe\xf4y*\xd61\xfb\
\x81\xf4\xe5K\xacs\xab\x0e\xd2W\xb3P\x9f_\xc8\xa5\
\xaf\xf5\xd0'|\x94\xf4\xcd\xb5[\x88\xd3\x96\xd2\xf7\xa3\
\xc1/\xb6\xaf\x93f\x95\xc3\xfa\x5c\x8a\x92~p8\x8d\
y\xf9J?\xf8c\xde{zJ?D\x82w\xa6\xdb\
J?]\x83\xde\x99\xb0B\xfae\x9d\x12<\xae\x9a\xf4\
\xabm\x19\x22\xdb\xde\xd2\xafGP\x9f\x9a\xbf\x91~\x0b\
\x84\xae\xd8<U\xfas\x09\xfc\xbc\xb4\x9e4{Y,\
\xec\xb02\x99\x0c\xfeSM\x90)\xfa#.\xeeo\x97\
)\x96O\x82Nh-Sl+\x8b\xba\xe0$SF\
C?\xca\xf42\xd5c\xd4\xef\xaeKe\xea\x1dM\xa1\
k\xcce\x1a\xd4C&t\xb6\xacl{\xf0\x14\x8b6\
\xb2\x0aU\xcf\x10[\xe1\xb0\xacr(\xe2\xb5\xda\x11\x99\
\xb9\xf9\x5cbn^\x93\x99\xdbA\x1f\x1d\x18)\xab\x9e\
\xac\x01n\xbc\x93U\xbf\xbc\x0c<\xf1\x98\xac\xc6T\xf0\
\x83\xf2\xb3e5;\x80\x9f\xf1\x9c\xac\xe6\x0b\xc4CK\
\x83\xac\x96eo\xa2Zi2\xabR_\xc1\x13W\xc9\
\xeaE\x82\xc7W\xba-\xabo\xf9\x0c:\xc3T\xd6h\
5\xf4O\x8d\xd9\xb2\xc6<\xf2(z\x80\xac\xf1l\xe8\
\xb6h\x925\xde\x0c\xdd8\xa6\xa3\xcc\xae\x1ex\xe2\xa1\
\xcd2\xbb\x18\xf0\x15\xc7\xef\xb2\x96\xfd\x8f`\xbeN\xb2\
V\x7fCO[\x06\xc8Z\x9f5#z\xe4,k\xfd\
\x04\xcf\x1f^Z\xd6\xd6\x07</\xaa\xa1\xcc~\x22\xd6\
\xb9\xceuY\xfb\xae\xa83\x8c\xa7\xacc\x8d\x8e\xe0\xe7\
\xa9\xb2N\x0c\xd6e\xef$Y'1\xe2-c\x8c\xac\
Sw\xe8\x98A\xde\xb2n\xb3\xc1C_\xda\xca\x5c\xc6\
\x05\x11\xb9\x7f\x94\xb9\xf5\x0bB\x5c5\x97uo\x0d|\
\xfd2M\xe6\xb9\x10z\xf4\xe8O\x99\xb73\xe2n\xef\
K\x99o/\xe0\xb2\xc2E\xe6\xbb\x1c\xcfyp\x97,\
\xe2\xd8I\xf0\xce\x95\xb2\xc1\xa7\xc1kF]\x91E\xb5\
\xac\x83\xfc\xcd\x94E\xbf6'\xe6\xd4DY\xcc|\xc4\
\xe7\xa7V\xb2!\xcd\x8475>\xb2\xd8O\xe0\x1b\x97\
H6\xaazS\x22\xb3\x17\xb2Q\xdd\xc13\xee~\x91\
\x8d\x93\x03\x97\xb8\x85\xb2\xf1.\xd0So;\xc9\xfe\xba\
\x8f|\xba\x9d!\x9bt\x14:\xa2\xc6x\xd9\xb4K\xe0\
o\x8e7d\xd39\xe8\xee\xbd\xfbd\x89\x1d\x8f\x01W\
\xcf\xcb\x92\x86 .*\xa4\xc8\x16\x9eB\xbd\xf3\x0c\x97\
-\x92B7\xfa[\xc9\x96;a=T\xbc,\xb9\x1e\
\xf8L;G\xd9\xcal\xe0\xd8\xcf\xd5\xb2\xd5e\x81\xcb\
\x0d^\xc96\x7f\x86n\xb1\x98+\xdbS\x1a\xf1\xdcW\
-;6\xf5\x061\x93\x8f\xcaN;B\x9fY=\x94\
\x9d>\x0f>\xe0\xbbBv\xf6&\xe2\xaf\xd11\xd9\xb9\
\xd5\xd0\xf5\x8d*\xc9.\x9c<\x87:]Uv\xe9\x93\
\xb0\xff\xa1\x90]y\x08\x1d\xe7\x9d \xbb\xd6\x1f8\xfa\
\xb4\x89\xec\xdag\xd4\x99RN\xb2\xeb\x99/\xa0\x9bN\
\xc8nL\xc5\xb8\xd5D\xb2\x1bK\x1eBo7\x93\xdd\
\x9c\x8d\xfaf\xfdVv\xeb\x8a\x10\x7f#d\xb7g#\
\xafW\xef\x94\xdd\xde\x5c\x8f\xe8\x89\xbf\xec\x9e_y\xa2\
ps\xd9\x83R\x1b\x89\x09Y\x22{pO\x98\xff4\
\xd9\x83\xd7\xc8\xa3\x05\x0dd\x8fVj\x89\x8e\x9d\x96=\
\xba\x0a\xbe\xbal\x97\xec\xb1\x09xE\xb7\x83\xb2'+\
0\xce\xe8\xa5\xb2\xcc\xca\xc3\x89\xe9\xb2@\x96\xd9`)\
x_)Y\xa6\xcd#\xa2\x7fLe\xcf\xb2\xcb\x13\xd3\
\xf9\xaa\xecu&\xea\xe5a3\xd9{\xd7\x8a\xc4\xd4i\
(\xcbRZ\x82?\xa6\xc9>>6!zyY\xf6\
\xb9\xc6;\xa2+\x13e\x9f'!\x9f\xf7\xfc\x94}^\
\x04\xbe\x17\xfeP\xf6S\x89\xf9v9!\xcb><\x80\
\x98\x85\x1b\xe5\xe2\x04\xe0\xc6\x9e\xc7rY\x03\xe0\xa2_\
3\xb9l*\xf2l|\xa6\x5c\xb5\x05<\xe0\xc6g\xb9\
\xea&t\xd2\xf2kru\xbb\xad\xd0\xe9W\xe5\x9a\x17\
\xc0c\xd7Ir\x8e\xc1\xfco\xfc+\xe73\xaaA\x97\
\x9d\x93\x97zm\x83\xba\xddJ^:\xda\x84\x98\xa6\xa5\
\xe4eZc\xdd\x8e\x0d\x90\x97]\x89\xdf+\xda\xc8\xcb\
o{\x0b\x9c\x1e,/\xff\x0d\xf9.\xe3\xe5\x95L\x11\
\x8f\xa7\xa2\xe4f?\x10\xdfY\xbc\x5c\x1b\x0a\x1e\xde\xaf\
\x96\xbc\x9a{0\xd1\xc2-\xf2\xea\xe1\xa5\x81\xf3M\xe5\
5\xcf!\xcf\x0fG\xcak\xb5\xf5\xc3\xfd\x07\xf2Z>\
\xe0AU\xa3\xe5\xb5f\x03\x8f/\x1d\x97[:\x83O\
\x98\xec\x93[\xf6\x1aM\xa4\xbd!\xafs\x05\xfcj\xee\
!\xb9\xd5\xe3\x0a\xc4\xdc\xea \xaf\xcbO\xc78\xc9\xf2\
\xfa\xbe\x8f\x80\x0b\xbc\xbc~Bs\xe4c\x1fy\x83\xf1\
\xe0]\xc33\xe5\xb6\xec\x0c\xc4\xe1Ty\xa3M?\x89\
\xe9\xe5(o\xfc\xf2\x00\xf4\xd3\xbf\xf2&\x8f\xe6\xa3]\
]yS.\x00\xf1\x19&o\xea\x9d\x08\xbe\xea)o\
\xba\x04\xf6{\x1d\x907=|\x09\xeb\xa6\x917k\x87\
\xe7\xd8\xb3]n\xd7\x1azx\xdep\xb9]2\xf0i\
\xe4-y\xab\xa7\xaf\xe0\xe7\x81\xf2\xd6\xd5\x80\x8b7{\
\xca\xdb\xdalD\xfbV\xf2\xb6\xfa\xa1\xc0\xd1u\xf2v\
\xdb\x9dp\xbf\xb6\xbc\xbd#p\xc7?X\xde\xf1\x02\xf2\
\xb5\xceGy\xa7uG\xa1\x97\x9a\xc9;m\x86_\xaa\
$\xca\xbb\xfa\xc1\xfe\xbc\x0br\x97`_\xa2\xb9\xe3\xe5\
nI*\xa2\x93)rw\x05\xf8v\xe7t\xb9W$\
xo\xdb\xef\xf2\xbe\xe7\xa0\xff\xcaZ\xc9\xbd\xc7\xff@\
\xdd|(\xf7~\xdd\x03\xf9\xffD>X\xf5\x84\x18\xa7\
;r\xfd\xd1\xeb\x88\x9bXy\xec\x07\xd8\xbdVC>\
\x0cu\x9cy\xe3&\x1fm\xf6\x9c\xa8\xae\xad|L\x19\
\xf8\xb5\x03+\x1f\xb3\x18yY6R\x1e\x17\x09\xfc~\
sJ\x1ew.\x9a\xa8\xf6\x5c\xf9\x84\x84$\xa2w!\
\xf2\xa9\xca\xc3\xa8\xf3\xfb\xe4\xb3\xba\x80\x7f\xdb\x0d\x95\xcf\
\x976\x22\xda\xe7-_jfN4\xea\xb1|\xc3\xcc\
UX\x87\xb5\xf2]\x0b\x12\xa0\xe33\xe5{z\xf6 \
\x1a\xec(\xdfk\x93\x09\xfe\xea+\xdf\xbf\x1c\xf97\xa2\
\x92\xfc\x80\x1b\xf8h\xf7\x9f\xf2\x83V\xe0K\xa7\x93\xe4\
\x87\xa6\x01\x8f\x9c\xbf\xcb\x0fs\xb8\x1f\x17/?\xaf\xd1\
\x80\xaf\x0e\x91_\xad\x03\x1e86C~u)\xf4\xe4\
\xbc\x8b\xf2\x1bn\xc0\xbf\x8b\xff\xc8o\x1e\xafI\x94\xf0\
P~g\xaf\x0b\xf2\xdeK~o8\xf8\xef\x97\xd3\xf2\
\xfb\xfbQo\xfb$\xc9\x1f\x5c\xc6:x\xb7\x90?|\
\x06\x9epy\xba\xfcq\xc2\x09b\xc6w\x93\xa7ea\
\xbc\xd2\xff\xc8\xd3\xed\xbf\xe0\xf7\x00y\x86iw\xf0\x9a\
#\xf2\x8c\x07\xc0\xaf\x811\xf2L/\xac\xc3\xdf\xc7\xe5\
\x99\xd9\xe0\xcd#\xe5\xf2\xe76\xf3\xd1\xee\x98\xfc\xf9f\
\xe0\xea\xd8A\xf2\x97U0n\xeaN\xf9\xcb\x15\xd03\
#\xbc\xe4o\xcca\xbf\x16\xae\xeb\xef#\x8e\x8f\xcb\xdf\
%#\x0e\xd6\xee\x92\xbfK\xc5\xfc\xfb5\x95\x7f\x0e\x1d\
E\x14\xdaA\xfeE\x85x\xed\xfaA\xfe\xe5\xb5\x0fx\
\xc1\x1d\xf9\x0fg\xf0\xed}\xfb\xe5?&\x83wQU\
\xf9\x8f\x0dm\x88\xf9\xb6PAZ;\xa2\x91\xd3\x15\xcc\
\xa8\xcd\xe01\xa7\x15\xec_\xc0\xa1\x8e\x9f\x14\xec{\xe0\
\xc0\xe2\x7f\x14\xe2Cs\x88*7QH\x93P?\x5c\
\xdf(\xe4c\xa0\x7f\x0f\x07*\xe4\x8fd\xc0\x89\xa3\x0a\
\x855\xe2\x5c\xf5L\xa1\x9a\x05<j\xb7L\xa1\xfa{\
!\xd1\xc3\xfe\x0a\x13{\xe4\xf9v\xbd\xa2\x8c+\xf0\xfc\
\xf0IE\xd9\xed\xc8\xef7\xbd\x14\x15\xbe!.\x9b\x86\
+*v\x07\x8e\x8c\xee\xa9\xa8\x98\x88<\x0c\xec\xa2\xa8\
\xa4\x07\xbf\x9e\xd4Wa\xd1\x1d\xf5\xc3\x96WX\xbc\x84\
\x9fW\x96Rh]{#O{(\xea_\x96\x10+\
OP4:\x1c\x0c={@\xd1(}\x08\xea\x9dL\
\xd1\xb8\x06\xe2N\x9f\xa0h\xdc\x1c\xf8\xbf\xd1J\xd1\xd8\
\x0b\xf5o\xff\x1aE\x93\x19\x07\xd0n\xa8\xa2\x85u\x0c\
1\x11o\x15-\xdea\x1d\x95\xa9\x0a\xbbo\x88\xc3\xfd\
5\x14-\x85\xfd\xbd.\x11\x8a\xb6\xde^\xc4\xe8N+\
\xec\xb7\xae\x85\xfd\x83\x8a\xf6\x8c\xe0\xcf\xde\x8a\xf6\xdf\xb2\
\x80c\x9e\x8a\x0e\xfd\x9b\x10\xab\xae\xa8\xe8\xfc\x0c\xf7#\
\xc2\x14]\xf8Xb5\x12E\x97\xd46\xa8\x83\x9c\xc2\
\x91\x03\xfe^\x1e\xa1\xf0\xf8\x82\xf5\xd9}K\xd1\xe3\x1e\
x\xdf\x99\x05\x8a^\x165\x88\xa9\xdfN\xe1\x93\xd9\x1f\
\xf1\xe6\xa6\xf0\x9f\x8d\xfaP\xe6_E\xd0\xf6\xa1\x18\xc7\
\x5c1\xa03\xe2\xbe\xe7GED\x19\xd4\xfb!\x0f\x14\
\x11\xd7\xa0\x83\xeb\x06(\x22gA\xd7-\x90+\xf4\xcd\
\xba\x12\xb5j\xaa\x88\xa9\x8a\xfa\xd9\xcdW1\xcc\x15y\
\xa9\x8eVL\x18\x81\xbc\x09\xac\xac\x98f\x8d\xfb\xfe{\
\x15\xd3\xf4WQ\x7f/*\x12\x06!\xaf\xa3\xf6)\x12\
\xf6`\x5c\xdb.\x8a\x99\x8f\xc1\x07f1\x8a\xd9.\xa8\
3?++\xe6\xd4E\x1e\xd6HS\xcc\x0dF\x9d\xfb\
\xea\xabX\xb8\x00:t\xd9C\xc5\xa2\x14\xf0\xb4\xeaU\
\x15\xab\x0e\x80\xbf9\xbdQ\xac\x0b}@\x8ck\x98b\
\xddT\x8cgVN\xb1u\xecY\xe8\xad]\x8a\xfd\x81\
\xe0!\xa1Z\xc5)\xd5?\xc4\xfcUOq\xca\x0d\xf5\
\xa6\xfb5\xc5\xe9\xedX\xafc\x99\x8a\x7f\xe31\xaf]\
\x9e\x8a\x0b\x11\x0f\xf1\xddVq\xe1M<\xd1\xa2V\x8a\
\x8b\xdd\xb0\x1enG\x14\x97f\x01\xd7=\x9b+.7\
\xe2\x89I\xba\xa8H\xe1\x10\xa7_\xaf*\xaeG\x80W\
|~\xaf\xb8>\x19\xba$\xf1\xb5\xe2\xfa\x0c\xd4\xf3\xe9\
?\x14\xd7\x97UG]\xad\xab\xb8\xd17\x13\xfa\xe3\xb6\
\xe2F \xfa-8\xac\xb8]\x05\xfcz\xccg\xc5=\
\x0b\xe4\x8dcM\xc5\xc3Q\xad\x88\xf1\x0aU<<\xfb\
\x98\x98U\xb6\x8a\xf4\xde\xa8\x03\xa6\xfd\x14\x99\xcbag\
\xdeRE\xe6a\xe8\xb3\x8c\xcb\x8ag\xf6\xe0\x8d\xf2\x0b\
\x8ag\xf1\xa8\xe3\xfd\x03\x15\xaf\xd4\xd6\xd0;^\x8a7\
\xd6\xd0\xeb)/\x15o5C\x90\x1f\xd6\x8a,?9\
p?N\x91uv7\xea\xbe\x85\xe2C\x0d\xe0\xf2\x0c\
\x8d\xe2\xc3\x1d\x1dQ\xb3\xb6\x8a\xcf\xb6\x18\xbf^\xba\xe2\
\xb3\xefm\xe0\xfce\xc5\xe7\x1d\xd0\x9f\x9fO*\xbe\x5c\
\xc6x\xa7\x1cp\x85?\xe6\xfa(\xber\x88\xffc\xf3\
\x14_\xb7Cw\xbe9\xab\xf81\xf32\xd1\xf7;\xca\
\x9c|\x1b\xadW\x92k\x121s\x12\x95\xf4/\xec\xc8\
\xee*\xc5\xaf{\x11My\xa0\x94\xb4\x83\xfe\xac\xee\xa7\
\x94\x96\x01\xefY\xa4QJ\x9b\x8eB\x1d\x9c\xa1\x94.\
>\x0f?\xb4WJ\x93Q\x0f\xe2/+e\x8f\xdbA\
\x0fz*\x15GQ\xbf\x93\x1e(U\xa6X\x7f\xcf\xc7\
J\x95\xdf@\xe8\xeaRJ\xd5[\xc4\xeb\xa1\x0dJ\xb5\
\xc5%\xac\xfbx\xa5z\x1c\xfc7!K\xa9~\x0c~\
\x9c\xdd_\xa9\x19\x0f\x1e\x9f\x14\xa7\xe4\xdf\x07\x22\xce\xcf\
*\xcb\xbe\x86_>VS\x96\xf3\xa8Gl\xe5V\xca\
J\xdd\x91\x97!\xb5\x94\x95^\xa3\xfe7\x0fS\x9a]\
F\xbeQ\xa4\xd2\xbc'\xf4U\xe7\x1eJ\xf3[u\xc1\
\xaf\xde(-\x92\xc0\x9b\xcb\x8cUV\xa5\xd7\xb0\xb7E\
Y\xfdc\x14t\xce~e\x8d\xcb\xe0iK\xf7)k\
\xb9\x00'?f(k\x1d\x03Obj*\xebT\xc4\
\xbc\xcf\xcfWZ=\xf2\x87\xfe<\xa3\xaco\x83\xba\xb9\
j\xb2\xd2Z\xb6\x0bq\xea\xa9\xb4\xd6-'F\xdbG\
i\xbd\x11\xf8\xec\x92\xael8\x02\xf9\x9f\xd9Z\xd9\xf0\
;\xf2m\xa1B\xd9xa\x1c1?\xd4\xca\xc6\xef\x81\
73:)\x9b\xd8T!f\xc7&e\xb3\xb7\xd0\xeb\
\xd6{\x95-\xee\xc9\xc0\xd3\xca+[^\xf7\x22\x96\x99\
\xabl\xdb6\x1bq\x14\xae\xb4o\xf5\x01ui\x98\xb2\
\xc3Q\xe8\x1a\xd6T\xd9\xa9:\xf0v\xd5\x1ee\x97\x8a\
\x98\xaf\xdaY\xe9\xb8\xe8&1\xf7N(\xbb\xda\xce\x05\
o\x9d\xa4\xec\x1a5\x9d\x98\xe4\xd3J\x97\xbe\xb0{\x1b\
\x0ag4\xf80{Q\xe9*\xc2}\xe6\x89\xd2\xd5\x1a\
u&q\x8f\xd2\xcd\xca\x16:\xf7o\xa5W2\x9e\xe7\
\xec\x05e\xff\xda\xc8\x9f\xc1C\x95\xfeI\xe05u\x9f\
+\x03\xec\xef\x11\xf99)\xa3K!\xce\xeb[)c\
\xbf\xba\x10+\xfb[9\xb4\x16p\x22\xfc\xa0r\x84\x1e\
yXn\xb9r\x9cKU\xd8qP.\xd8\x02^?\
\xec\xa4r\xc9\xbfB\xdd\x9c\xaa\x5c\x16\x04^>\xd3[\
\xb9r\x94\x1b\xfc\xed\xa9\x5c=\x1d\xfa\xa2\xba\x95r}\
\x1d/\xa2#=\x94\xeb\x9b \x1en\xf4Qn\xe8c\
 j2K\xb91\x00\xf3\xbc\xda\x5c\xb9\xfd\xeeg\xe0\
\xd3\x11\xe5\xce&\xa8\x9b\xfb\xc6)w\xee\xbb\x80\xe7\x19\
\xaf\xdc3\x10x^\xc7Q\xb9wRm\xa2{\x1b\x95\
\x07\xa7\xe9\x89*\x1cR\x1e\x1f|\x90\x98\xf3\xd7\x95g\
4\xe0k\x96r\xe5\x99J\xd1\xc4\xac\xef\xa6<s\x17\
u\xb6y\x7f\xe5y\xf1)|\xff\xa2\xbcT\x1b\xf5]\
\xfaFy5\xf1\x0d1\xff\xdeW^;\xb8\x0d\xf5\xee\
\x86\xf2\xba\x13\xf4f\x05Vy\xa3:p\xe0\xa2Jy\
\xe3\x0d\xf8\xcb\xe8\x8b\xca\xdb\x915\xc1{*+\xefi\
\xdc\x88\x1e\xacT\xdekp\x1f\xf15Hy\xbf%\xfc\
\xf5\xd9Ly?\xca\x8c\x98\xf9\xdb\x95\xf7\xdf~%\xe6\
yw\xe5\x83\xb5q\xc4\x9a\xedR>\xdc\x06}ra\
\x91\xf2\xd1\xc5eDm.+\x1f\xbd\xc3\xba\xd6<\xa7\
L\xdd\x99\x00\xbd\xbbIih\x83\xe7hrU\x99\xd9\
\x1f\xba\xee\xf8\x0f\xe5\xb3\x15\xd0\xe1\xb1\xf5\x95/\xab!\
>\xce\xb6T\xbe<\x8c\xf1\xcf\xaa\x95oGL \x92\
/S\xbe\xeb\xbd\x04\xf1\xd6_\xf9\xd5\x1a\xf5\xef\x9fu\
\xcao\x8b\xc4D\xde\xcf\x95?\xd6CW\xd7\xa9\xa8\xfc\
q\x0dx\xb2\xae\xaf\x8aR\xa1\xdb\xf6TV\x89NC\
\x87\x87F\xaa$N\x98\xdf&\xa5J\xf2=\x9dh\xfe\
r\x95\x22\x02\xf8W\x7f\xa7J5\xf1\x111\x01cT\
\xfcJ<_\xa7m\xaaR\xae\x82~\xf3R\x95\xf6\xc8\
\x22\x96sWU(S\x11\xebuPU!\x15\xfe\x98\
9_U\xc9\x00~\xe0\x90\xa92\xf7\x01\xef]\x1e\xae\
\xaab\x8e\xf8\x9d\xf9Ve\xf1\xf6'\xd1\xd5\xda*\xad\
\xf7I\xe0\xed\x01UU\x0f\x8c\xd7\xdb^U\x8d\xab\x0c\
\xfexLU}\x1d\xf0'}\xbd\xca\xd6\x1b\xcf\xf1)\
Ae;\x07u\xa3\x9c\xb9\xca\xf6\x05p\xd5\xe4\x91\xaa\
Q,\xea\xbe\xbc\x93\xaa\xd1\xe65\xf0WkUc\x1b\
\xc4\xf9\xd9\x81\xaa\xc6#\x16\x80\xc7>Q5\xb9\x0f}\
~!T\xd5\xb4\xf5r\xf0\xb8\x00Us\x9f\xcf\xc4\xb8\
\xdb\xa9Z\x9cB]l\x7f@eWi5\xe6\x15\xaf\
\xb2[\x1b\x8ekuU\xabj\xe6\x98\x7f\x15U\xabp\
\xf8\xef\xa2\x8d\xaa\xb5$\x06\xf5a\xa0\xaa]i\x07|\
\xf7Qu\x08\x07\xcf\xac\xacWu>\xb4\x89\xd8\xaa]\
U\x8e\x8b\x84\xf3\x1f\xfbU\xdd\x9c\x90'\xa5\xc4\xaan\
\x037A\xbfuQ\xb9\xae\x86?\xdf\xc6\xaa\xdc\xc2\xc0\
\xa3\xd7G\xa8\xbao\x8f%\x9a\xddA\xd5\xfd:t\x84\
\xba\xb5\xaa\xbf\xa0[\xe6\xbb\xa8tU\xc0\x03N\x1cS\
\x05\x0f\x82\x7f\xfb\xa5\xa8\xc2\xefB\xbfl\xad\xa5\x1a\x9c\
\x08?\x07\xdcPE\x8f\xc6:\xf4\x96\xa8\x86\x1eO\x81\
\xceQ\xa9\x86-\x13pX\xa2\x1a~\x09\xbcj\xb3Z\
\x15\xd7\x0fq\xe4d\xae\xfa\xab.pyl\x0b\xd5\xcc\
\xcf-\x88j\xd6Q\xcdV\xa1\x0e8*T\x8b\xf7\x22\
\x8f\xd2*\xa8\x927\x80\xcfp\xfdU+BQO\xda\
1\xaa5\xffV\x04\xffKQ\xadK\xc3\xfc\xee\xbeT\
\xadG\xd9eB\x0c\xaa]\xed\x10G#\xd3U{\xde\
Bg\xdfn\xa6:\xd4\xb5!\xf4'\xa9\x8e\x95yI\
d\xdfSu\xa2mCb\x14\x1bT\xa7m.\x03\xa7\
\x96\xa9\xfeQ\x81\x17\xefJQ\x9d\x0bX\x89y\xbeV\
\x9dg\x91\xef\xd3+\xa8.\x9d\x80\xeeH\x0dU]\xba\
\xec\x0b\x9d\x1c\xa7\xba\x92\x8c\x01^\xc4\xaa\xae\xbc\x00\xbe\
\x99\xc4\xab\xaen\x02.]\x1f\xa2\xba\xf6\x19u\xfa\xba\
\x89\xea\xa6\x8f#p\xcc_u\xcb\x17\xfcsKG\xd5\
\xad\x04\xe8\xa9\x1d\xf5U\xb7\xd65%\x96}\xa8\xba=\
\xa1\x191_o\xa9\xee\xd4@~f$\xab\xee\x1f\xbd\
I\xacx\x83\xea\xc1\x09\xac\xe3\x5cF\xf5\xa8\xe5hb\
vMQ=\x1e\x0b\xbc\x9ek\xa3zr\x14\xf8\xf6-\
]\x95\xda\xd0\x95XSV\x95z\x18\xfcg\xbcH\xf5\
t\xc4\x11\xe8\x81\xc7\xaa\xa7\x87\xe0\xaf!{TO\xdf\
\x82o\x8fKR\x19.C'\x96\xf7P\x19\xae\x80_\
\xa6\xbdW\x19\xde|@]\xac\xa4Jw\xf1'Z\xf3\
Q\xf5\xcc\x06x2\xc6\xa0z\xd5\x00z\x22\xa0\x99\xea\
\xbd?\xea\xde\x1a\xb9*k\xd7\x11\xac\xeb;U\xd6?\
\xc0\x89\xa0U\xaa\x0f6\x88\xe7UOU\x9f&@W\
e\x96S}Z\x8e\xe7\xe94N\xf5\xe9\xd6b\xe8\xed\
)\xaa\xaf\x0e\xa8\xd7\x1bST\xdfM\xde\x13\xe3\xb3Z\
\xf5\xbd\x12\xf4Q\xcf=\xaa\x9f\xe3Q?\xa6tR\xb3\
\xef\x85\xf3:\x1f\xd4\xa2\xbeV\x98\xd7\x11\xb5\xd4\x02\xb8\
\xb4Z\xa5V%\xf9\x01\xa7\xef\xaaU\x17\x9b\x13c\xb6\
A\xadv\x85\xfep<\xa4\xe6'X\x13\xabl\xa9.\
\xf5\xf21\xea\xca}u\xb9\xc1\xd0\x1dUC\xd5\xe5\x12\
1\x8f\xe4\xc9\xea\xf2\xca\xcd\xa8[\xcb\xd4\x15\x96\xb9\xc3\
\x0f\xc7\xd4\x95G\x22.-}\xd4\x95\x7f\x00_\xb8\x9f\
j\x8b\x08\xf0\xd8[\xa4\xb6\xc8F\xfd\xab\xf4D\xadM\
\x85_F\xc4\xab\xab\xfb\x03\x07\x12\xa7\xa8kN\xddJ\
L\xdb\xbf\xd55\xb7C\xef\xb5\xda\xa0\xb6\x9cq\x95\x18\
\xf3R\xea:\x9b\xb1\xfe+\xa7\xa8\xeb\xa4\x80\xffwr\
Q[\x89\xa5\xc4\x96\x9a\xafnp\x08|\xb1\xc2'\xb5\
\xcdQ%\xe2\xdaR\xdd\xb0\xf6Sb:LT7\x81\
\x0ecM\xae\xaa\x9b\xee\xf8\x07\xf3\xb0U\xb7\xb4\x81\x1f\
\xb7\x94S\xb7\xaa\x88:\xdcv\x96\xbaUe\xd4\x816\
\xf3\xd4\xadR\xb0nq\x9b\xd5\xad-\xce\x12co\xa6\
v\xe0\xc1\xcb\xe6tPw\xf4\x80\x8e\xc9\xae\xa4\xee4\
\x0d:\xa9{\x05u7\x06\xfav\xe5^\xb5\xd3k\xe0\
xH3\xb5\xb3\xf3\x22\xe8\xe9ejg\x1f\xe0\x7f,\
\xa7\xee\xd3\x05\xb8V\xef\xb5\xbao\x95j\xa8?S\xd4\
\xfd\xbe@g\x0e>\xa5\x0el\x8e|\xaa|S\x1d8\
\x1a:\x93o\xa1\x0e\xea\x01\xbd\xf14E=\xc8\x15\xf5\
\xca\xe3\xa4:R\x8a\xf5\xfe`\xa2\x8e\x9e\xed\x0c\x7f\x0c\
Q\xeb_\xb5\x87\x9e\xde\xa2\x1erGCL\xd4B\xf5\
p\xaf\xdd\xc4\x9c;\xa6\x1e~\x1f\xbf\x97\x1b\xaa\x8e\xcf\
\xacC4p\xb2z\xfa\xa9\xf6D\xd3\x02\xd43\xc6\xd6\
#F<C=\xb3\xc5\x06b\xbe\x1cP\xcf>\x87|\
m\x19\xaf\x9e_\x05\xbc\xc6~\x96z\xe1\x1b\xd4\xcda\
\x1f\xd4\xc9-\x81[\xb5|\xd4+\xcf\xab\x89*\x86\xaa\
71\xc0\x91\x96&\xeaM\xad\xc0\xd3\xa6\xf6Ro\x01\
-c^^S\xef6\xb5D\x1d\xcbR\xefvB\x9c\
\xff<\xa7>\x5c\x0dz\xf5\xe7b\xf5\xf1\x08\xe0\x8cc\
o\xf5\x091\xf0rW7\xf5\xbf\xcb\xe1\xc7\xc0T\xf5\
\xbf\x97\xc1?\xb3\xdf\xa8/\x8c5%\x96\xae\xa8/\x9e\
A\x5c\xc6lP\xa7\x8c\xa9N\xe4\x93\xa4\xbe>~\x0c\
\xf4\xb4T}c\x19\xe2v\xc76\xf5\xad\x83\xc0\x87\xd2\
\xa6\xea\xdbw\xcb\x11e\xa9\xd4wV\xf4!\xa6\xee`\
\xf5\xdd\xdd\x1e\xc0\x99,\xf5\xc3\xcb\xd0E\xdb\xfa\xa8\x1f\
9\xf4\x22\xb6\xec\x01\xf5\x93\x9b\xe0[\xe5\x9f\xa8S\x7f\
Bw6\xf1R\x1b\x96\xa0\x1e\x19\xac\xd5i\xb2CD\
\xb6\xe7\xd5\x19q\xa8\x07)\xbc:s\xd4g\xc4\x81\xaf\
\xfayk\xe0\xc5$F\xfd|#\xea\xb3\xd9\x1c\xf5\x1b\
[\xf0\x9d\x96\xc1\xea\xf7\xe5l\x89\x09\xea\xa5~\xbf\xc3\
\x89\x18\xe70\xf5g\x02\xde\x05*\xd5\x9f{\x94!\xe6\
\xd9\x5c\xf5\x97\xe8\x19\xe0s\xeb\xd5_\xce\x1f\x02\xdf\x89\
U\x7f\xd3?\x81\xbdD\xf57\xd0H\xa6J\xb6\x86R\
\x11w3;j\x98\xb9\x88\xd3\xd1\x0b5\xec%\xd4\xa3\
\x96\x8b4\x12\x82\xbf~(4\x12o\xe8\x83\x14\x07\x8d\
\xdc\xdf\x9d\xe8\x12i\xd4.\xd0!\xb7\x0ek\xb8\xed\xe0\
\xb9\x0f7j\xb8G\x88\xebas4\xa5\xdb\xf5%f\
I\x0fM\xd9\xed\xe8w\xed/M\xb95\xc8\x87\x8dk\
5\xe5\x8e\x81\x7f\x9b\xa5j*t2C\xfb\xbb\x9a\x8a\
\x1d\x10/\x91ZM\xc5Q\xd0\xb1+\xc6i*\x95q\
&\xfa\xa7\x9d\xa6r;\xe8\x82>\xab4\x95\xbb\x83\xf7\
,?\xae1W\xa1\xfe\x8ek\xa21\xb7\xc6:qG\
5\xe6}\x12\x88\x95\x9aij:%\x12=\xaa\xa2\xa9\
\x95]\x0b\xf93Fc9\x16y\x1am\xad\xb1|\x9b\
\x01\xfe2KS/\x1a\xb85S\xafiP\x15\xeb\xf2\
\xf4\x9b\xc6\xf6_\xf0\xe7M34\x0d{\xae\x83\xff\xd3\
5\x8d\xda|\xc3\xef+5\x8d\xdf\x81'\xcf\xeb\xabi\
\xba\x0dq\xbb\xc9O\xd3\xbc\xd1[\xe0\xd0qM\xf36\
\x88\x83K\xf35\xcd\xed]\xf0\xdc\xc75-\x06#\xcf\
\xc7.\xd0\xb4\xec3\x98H\x14\xa6i\x1d3\x13\xf1\xe0\
\xa1i\xe3x\x14\xf5v\xa9\xa6\xcdA\xac[\x87O\x9a\
\xb6\xbb\x81\x8b*\x8d\xa6\xc3q\xd8=E\x9a.\xe0u\
l9\xb9\xc6\x91\xaf\x0a\xbcm\xa8q\xbc\x18A4\xb1\
\x87\xa6\xdb\xa1\x17\x18\xff\x8a\xc6i&\xf4\xec\x8c\x91\x1a\
\xcf\x81\xd7P\xdf:hz\xbd\xab\x05\xdd\xd5R\xd37\
\xf8\x02\xf4\xf9\x11M\xbf\xdb\xa8\x03\xad\xb34>\xbd\xa1\
\xdf\xeb_\xd3\xf87[Lt\xff\x88\xc6\x7f\x07\xee\xf7\
\x9f\xad\x09Z(\x85\x1f\x0ei\x06\x98\x22.\xce\xb5\xd7\
\x84\xdcB\xdd\xaf%\xd7\x0c&\x81\xaf\xbe\xd6D\x97\xaf\
\x0f>\xb2N\x13\x9dV\x1b\xf38\xa5\xd1\xc7\xbc'\xb6\
|\xbc&\xf6\x9ap\x9ec\xa2fh\x85w\xc4$\x84\
i\xe2\x82\x81\x03\x0f\xb5\x9a\xf1\x06\xdc\xd7]\xd2Lx\
\x0a\x1d\xd81E3\xc9\xe3\x18\xf4U}\xcd\x14A\x9f\
\xe9\xea\xe1\xda\x0c<\xe6\xae&\xc9\x0bx\xd54]3\
\xa7\x05\xf4\xc0\xce\x1b\x9ay\x0a\xc4G_S\xcd\xbc3\
\xc8\xcb\x0d+4+\xadQ\xef\xce\xcb5\xabWCG\
\x0c\x89\xd2\xac}\x22\x01O\xba\xa9\xd9\xb8\x0d\xebu7\
D\xb3\xf9\x0e\xee\xafp\xd6\xec\xa8\xf3\x83\xa8G}\xcd\
\xaeg\xff\x12\x05\xaf\xd5\xec\xef\x05~_:Ps`\
=\xf4B\x8c\xbf\xe6\xf0\xfdj\xc4\xf2k4\x87\xbfA\
GM\x1e\xa09&\x83\xbe\x99\xb4Is\xfcY\x0b\xe0\
x\xba\xe6\xc4\xf5\xfb\xc44\xeb\xae9\x91\xad\x82?\xce\
kN\xf9\xf6\xc3<^j\xcej\xc0\x8f\x1aM\xd4\x9c\
\x9b\x85\xe7\xb7c4\x97\xdc\xc0\xc7w\xc7h.?\xbb\
\x84\xba\x7fB\x93\xf2\x1d\xbc\xe5r\x1f\xcd\x95F\xc0\x8b\
\x0f{4W\xc6>C\xdd\x5c\xad\xb92!\x05\xf1\xb6\
Msc\x04\x9e\xe3|=\xcd\xed'\x98G\x1b\xa5\xe6\
n\x1c\xf0|x\x94\xe6^E\xd4\xef\x13K4\x0f\xaf\
|\x87\xce\xff\xa0y\xbc\xb9\x0d\xea\xcbx\xcd\x13\x1f\xe0\
lL\x1d\x8da\x1c\xf8\xd9\xb16\x9a4/\xd4\xd7o\
\x8d5\x99b\xfc\xde\xb3\xae&s\x06\xeaI\xf64\xcd\
\xf3\xc6\xc8\xf7\xfd#5/\xb4\xc2\xfb\xef\x17\x9aW~\
x\x0e\xdf\x8d\x9a7\xef\x85\xf3\xbd\x1aM\x16\x1fE\xf4\
\xcc_\x93Ui6Q\xfb>\x9a/\x9f\xc0\xeb%i\
\x9a\xef\xee\xe7\x89\x0e\xc6k~\x98\x03WvU\xd6\xfc\
\x8c\x01\xaeMz\xa9\xc9\xfe\xe4\x8ey\xfar4\x18\xba\
|\xe2C\x8e\xf1\x81\x1f+\x0c\xe1$\xc2y\xa8\xd5c\
8I\x17\xf0\xbc\x8arN\xf2\x08\xf18\xf38\xa7\xd9\
\x00~\xb3\xe4'\xc7\xb7\x03\xbeN8\xcb\xf1?\x81\xcf\
\x99K9S\x1e|~\xe8\x0f\xaeTW\xccg\x8d3\
Wj\x13t\x187\x82+\xfb\x09|\xdfy1gV\
u\x0b\xf2\xf3\x09W\xe59x\xf3]\x1b\xce\xe2\x22\xf0\
\xd5r\x1bWu2\x9ew\x947Wm\xac\x13\x91u\
s\xae\x86|\x1e1w\xa6q5\xdc\x81\xd3\xb3\xdap\
5M\x80\xb3\x9e\xab\xb9\x9a\xc3\xc1\xd7\xfcwpun\
\x00\x07\xf99\x5c]\xc8Q\xd6<\x90\xb3\x8dD=~\
\xd0\x92kr\x08\xf3]\xb3\x83k\xd1\xa4\x1d\xeax_\
\xae\xc5TA\x97L\xe7Z-\x04\xcfg\xdep\xed\x85\
\xf71\x12G\xceazwbf?\xe6:5\x00\xfe\
T?\xc7u:\xb4\x97\x98\xf7\x1d\xb9.\xe2&Dn\
\xed9\xc7\xb3\xc0\x9b\xb4g\x5c\xb7\x00\xf8\xe1\xe4\x12\xae\
\xdb\xd6\x1e\xa83~\x9c{\x05\xf0\xb5e\x838\xcf\xe3\
\x88\xf7\x9b\x9d\xb8^\xed\x81\xe3\xe9\x81\x5c\xef\x19\xd6\xa8\
\xa7\x15\xb8>\xa3\x81\x0b\xf3\xbes}\xe3\xb2\x88^\xcd\
\xe4\xfa\x87y\x11\xf3*\x99\xf3\x9b\xdd\x8f\xc8B\xc4\x85\
\xdb\x00?\xc4^\x5ctG\xd4\xabWN\x5ct\x9ap\
n\xa95\x17\xd3\x0cxh\xb8\xce\x0dO\x84\x7f\x1aL\
\xe4Fx\xb3\xa8\xbf\x1c7z4\xe6\xbb0\x8b\x8bk\
\x9aF\xa4\x98\xc9\x8d\x1b\x95\x84\xfe'\xb8q\xb7\xc4\x88\
\xc3\xe3\xdc_\x87\xf1{\xb3,\xee\xafk=\xc1\xbb>\
q\x93|\xb1.G\x94\x5c\xfc\xbf\x9d\x11\xff\xb3\xb9\x19\
\x0d\x80\xff\x11v\xdc\xccFX\x87\xd4o\xdc\xbc`\xd4\
k\xd9\x0cn>\x03\x9eW\xab<\xb7`\x04x\xe9\xac\
0n\xa5#\xf8`\x07'n\xe5f\xacK\xf4\x0fn\
\xb5\xa1\x0c\xf0\x22\x8a\xdb\xdc\xc1\x86\x18\x97o\xdc\x96\xfa\
\xe0\xf5)\x8e\xdc\x8e\xbd\xa8\xd3\xf5\xbaq\xbb\xa7!\xbe\
\xde\x1e\xe5\xf6\xd6\xc1\xba\xaa\xb6p\x07\xbc\xb0\x10k\x07\
q\x87u\x0d\x89-\xbd\x9e;\xdd\x00\xfe\x1b#\xe5\xce\
y\x8f@\xdc>\xe0\xce;A_\xb86\xe6.\xafC\
\xbej\x83\xb8\xab\x03\x85\xf7X;\xb9\xab\x83_B\xa7\
\xdf\xe7n\x0d}\x8f\xfa\xbb\x83\xbb;\x10z\xbc\xfd3\
\xee\xeeV\xc4\xf7\xbc\xa6\xdc\xddm\x18gf\x0b\xee\xc1\
O\xac\xfb\xab\xda\xdc\xc3v\x03\xa0\xdf3\xb8\x87\xdd\x97\
\x11\xd3\xa29\xf7(\x12:l\xc18\xee\xd1`\xe8\x8f\
\x05k\xb9\xc7Z\xf0\x95E\xf1\xdc\xe3\xeaX\x97E[\
\xb9\xc7n\x9d\xd0~6\xf7$y \xd1\xea\xee\xdc\x93\
\xf7\x8dqM\xe5R\x03\xa0\x1bOfsO\xab\xaf$\
V[\x91{\xeak\x02\xbc^\xc2=\xcd\x12\xce=\xcc\
\xe3\x0cmp\xfd{\x16\x97\xce\x01\x7f6gp\x99\xdd\
1\x9f=\xb6\x5c\xa6\x1e\xf77W\xe327= \xaa\
\xe4\xcb=\xdb\x0b\x9d\xff\xfe.\xf7\xbc\x9a=\xd1\xa1)\
\xdcs\xdf(\xe8\x88Q\xb8\xe2\xb9\xcc7s\xcf7\x5c\
#:\xdd\x9d{\xfe\x08\xfdOj\xb8\x17\x84\xbauz\
\x09\xf7B\xc8\x13\x8b\xf6\xdc\xeb\xe4\x91\xc0\x99\x11\xdc\xdb\
Wm\xc1\xdb\x9bp\xef\x13\xa1w\xaan\xe1\xb2\xfc\xc1\
K\xad\x12\xb8\xac\xe4\xb1\xd0u\xef\xb8\x0f\x8dP\x8f.\
\x9c\xe5>\x5cC\x9d<\xfd\x82\xfb\x14\xed\x03\x5c\x8c\xe6\
>-\x85\xdf/$p\x9f.O\x22:S\x99\xfbt\
\x05\xf1uF\xcf}.\x85\xfeM\x12\xb9\xcf\xefK\x83\
\xbf\xd7\xe1\xbe.e\xc07_p_\xb7C'7_\
\xcc}\xbd\xd7\x13\xfc\x8b\xb8\xef=K!\xdeGp\xdf\
\x97\x80W_H\xe3~\xf8\x86\xa1.\xef\xe2~\x0cC\
\xdc\x871\xdc\x8f\xcd&\xa8\xffO\xb9\x1fG~\x12c\
W\x95\xcb\xf6E\xfd\xeax\x85'\x11x\xc3\xd5a<\
\xadB\x1c\x1e\x1b\xc8\xd3K\xe4_\x87G<c\x834\
\xeb(\xe1\x99\x99\xf0\xc7\xa8\x83<\xb3\x02\xd71\xfe<\
s\x0c\xf9\xd8\xd9\x9dg\xde\xfb \x0e\xde\xf2\xac\xfd$\
b\xdc&\xf3ld(1\x8bK\xf1\xecy\xf0 \xeb\
\x07\xbc\x18|\x826X\xf1\xe2\x95\xa7\xc0\xb3\x07\xf1\xe2\
,<\x7f\x7f\x03/1\xa0\xde\xc5\xf1\xbc\xb4\xba\x96\x98\
A\xe3x\xa9\x0b\xee/\x99\xce\xcb\xac\xef\xc0\x7f=y\
Y+\xf83\xb6//\xf3\x05\x1f\xb8\x9a\xca\xcb\xc2\xce\
\x8074\xe4e[\xb0\xae\xd7v\xf1\xb2\xad\xc3\xc1k\
\x1a\xf1\x8a\xa3\x88\x9f\xa4\xbe\xbc\xe2\x11\xd4\xd3\xbdI\xbc\
\xd2\x01y\xa1\x1f\xc0+\xf7\x817\xc4d\xf1\xca\xc75\
\xc1+&\xf1\xaa\xcd\xe0\xf97V\xf1\xaam\xb8\xde\x9c\
\xc8\xabE}p\xbf9\xaf\xe9h\x81\xba\xd8\x80\xd7\x8c\
\x00\xfe\x9b\xce\xe35\x0b\xb6\x11\xe9Sx\xcdB\xccO\
\xfe\x86\xd7|\xb1\x22\xa6\xf6\x04\x9e\xfb+\x12\xc0\xd4\x9b\
\xe7v\xf7D]\x9b\xc2s\xe7\x90O\xa6gx>\x02\
x\xbe\xdc\x917\xb1\x07\xcfY\xbe\x847i\x8f\xfcJ\
\xb6\xe6M\xb5\xc0\xe9\x8f\xf5\xf8R\xee\xf0\x97!\x80/\
5\xbd\x0b1\x07W\xf2\xa5M\x11\xd7\xef\xbe\xf3\xa5}\
\xa1[>\x9e\xe0K'!\xeeG\xb9\xf2el\x10O\
\x9f\x1b\xf2e\xa2\x803\x9f\xca\xf3e6\x09\xfb\x04\x89\
|\x99\xd7\xe0#\x92\x1a|\xf9H<\xef\x8ac|\x85\
7\x07\xa1\xd3\xe6\xf0\x15)\x18\xbc\xbc,_qLo\
|\xdf\xcfW\xdc\x8c:t\xbc\x1a_\xf9\x1f\xe1}\xbd\
\x8a7\xabi\x0a}\xbe\x807\xdb\x0a;+\x03y\xb3\
\xcb\xe8\xbf2\x9d7\xbb:\x81\x98Uj\xde\xfc\xed}\
\x22\x9bs|\x15{\xd4\xe7\xa4\xf5|\x95p\xd4\xeb\xa4\
\x09|\x95\xc8%\xa8gGx\x8bP\xe0\xe9\x8bE\xbc\
\xc5\x22\xf0\xbeICxmm\xe8\xd8\x95}x\xed\xe1\
-\xc0\x83\x09\xbc\xf6\xc4h\xf0\x85\xfb\xb8N\x04_l\
\xc9Wm\xdf\x15zp>_\xd5\xa111\xf3\xd6\xf3\
\xd5z\xf7\x06\x1e\x1d\xe2\xab\xe9\xc1o\xd6\xa5\xf2\xd5V\
\x22NV\xa5\xf1\xd5\x19\x8c7{\x1e_\xdd{2\xae\
\x07\xf9\xea\xf1\xd0O\xe5>\xf2\xd5\x97\xc2?\xab\x9b\xf0\
\xd5W\xa2\xff\xea>|\x0d\xefY\xe8\xd7\x94\xaf\xf1\x13\
\xf7\x17,\xe0k\xd6\x1a\x06]Q\x8e\xaf\xe9\x06\x7f\xad\
;\xcc\xd7\x9c\x05=\xbb\xce\x94\xaf5\x1e:r\xf3h\
\xbe\xd6\xfc\x89D\x83\x0f\xf1\xb5\x92\xa1\xbb\x9bN\xe7\xad\
\xfa\x81\xb7\xbf\xdf\xc6[\x9d\x00\xff\xed5\x94\xaf\xdb\xad\
+Q\x15\x8e\xaf{\x04\xfa30\x8a\xaf\xe7\x9fN\x8c\
\x8d\x1f_\x7f\xd9 \xe8#=\xdf\xa0?\xea\xde\x86$\
\xbe\xc1\xf8e\xc4V\xda\xc9[\xaft\xc5\xfd\x05|C\
\xd73\xd0W\x22\xbea\x04p\xf9\xf0t\xbeQ\xac\x18\
uw\x17\xdf\xd8\x06~\xdd\x19\xc87\x8e\xc2s\xed\xfa\
\xca7~\xdc\x09\xf8m\xc17\xd9\x86\xeb\xce\xb6|3\
\xe7\xc3D\xe3[\xf2\xcd\xc6 \xcf\x0e*\xf8f\x13\xbb\
\x10k\x11\xcb7\x17#\xfe\x1e\x9f\xe1[\x8coM4\
\xc0\x8do\xf1\x16\xebv\xb2\x1aog\x85x\xcf\xdc\xc4\
\xdb\xb5\x05\x1fq\xf3\xe6\xed\x5cv\x11s\xed9o\x17\
\x0c\x1ed\xfa\x85\xb7\x03\xfdb\xae\xdf\xe6\xed.\x81\xbf\
\x9f\xec\xcc\xdb]\x85\x0e\xbf\xd4\x9eoY5\x1bv\x17\
\xf3\xad\xd5mQ\xb7g\xf0\xed<N\x11[\xc3\x9a\xb7\
o\xf7\x09<\xa4\x02o\x9f\x8a:\xf6|\x22\xef\xf0\x0a\
\xf5\xae\xdf\x04\xbe\xcb#\xcc\xfbe_\xde\xd1\x1a\xfc\xf5\
\xc3\x0f\xdeq\xecj\xa2\xda)\xbc\xe3v\x15x\xa8\x86\
w<\xf4\x01\xbfo\xe1\x1d/\x81'}O\xe7]l\
?\x02O\x9dy\x97k\xe0\xfde\xd7\xf2\xae'Q\x87\
z\xb7\xe2\xfb\x8cB]<\x95\xcd\xf7\xbb\x02^\xb5u\
\x11\xef\xbf\x0eu\xe7\xfd\x02> c\x17Q\xddm\xfc\
\x00\xe1\x5c\x97\x93=\x1f\xdb\xa6\x141\xe3S\xf8\xe1\x0f\
\xeb\x13#\x1a\xc2\x8f5\x80\xe7M\x99\xc1\x8f\x1b\xb8\x03\
q~\x9eO\xea\x0a^\x9c\xaa\xe4g\x0e\xaeLl\x15\
w~~\x1d\xe86\xef=\xfc\xfc\x8ek1~\x0b~\
\xa1%\xe6\xe1\x1e\xc2/\xea\x0f|Oy\xc1\xaf\x89;\
GLpO~g\x0f\x8c\xd3\xb8\x1a\x7f\xa0\x19\xea\xde\
F/\xfe\x80\x01<\xa8F\x1a\x7f\x5c\xcc\x12s{9\
\x7f*k7\xd1\x5cO\xfe\x9f\xc6\x12\xe8\xda\x8f\xfc\xd9\
\xe4WD\xa5\xb2\xf8\x14\x1f\xc4\x83[9\xfe\xba\x1e\xe3\
\xd0.>W\x9fe\xf1\xf7\x06#\xfe\x1b\x19\xf8\x07G\
\xae\x83ou\xe2\x1f\xfcX\x0f\x1d\xee\xcf?\x9c\x00\x9d\
\x91z\x9eOK@\xfb\xfb\x13\xf8\xb4\xc45\xb0[\x93\
O\xb7@\x1dXi\xe0\xd3\xa3\xc0\xc7\xf5a|\xfa\xc8\
`\xe8\xf2\x7f\xf8\xf4\xadx\xdem}\xf8\xe7\xb3\x10\xe7\
-/\xf1\xaff\x00_f\x9f\xe0\xdf\xf0\xc0\x87\xa6\xf6\
\xfc\xdbH\xd4\xaf75\xf8w\xc2\xb9\x8e\x155\xf8\x0f\
\xc2\xbe\xf4\xc81\xfc\x87d\xe8t~3\xff\xe1(t\
\xb5\xfe\x1c\xff\xd1\x0c\xeb9O\xc6\x7f\xaa\x01\x9e\xfa\xfa\
0\xffu\xe2E\xf0d_\xfe[\xaf+D\xcf\xdf\xf2\
\xdf]QWg=\xe4\xbf\x0f\xc4\xf3x\xac\xe6\xbfo\
\x83\x7f\xe3\x19\xfeG}7b\xcdL\xf9\xecq\x1f\xd1\
\xaeG\x08\xb15\x9bC\xa1\xa3J){\xfe\x1c \x0b\
\xb6\x8a\xff\xe6q#[\x1d\xb9\xaf\xfb7\xf7f\xba\xad\
3.\xc4_\xb7a\xe5\xc2\xd6\x13\xf4\x02Y*\x0d\x8b\
\x0e\xa7-\x9f\x94\xb6xC\xc6\x96\x03\x86\xc4\xb9\xaf\x0f\
NK\x1f\xb7\xcf0\xe9\x80a\xf2\x9e\xb4\xb9[3'\
%dl\x99\x93\x1a7N&t\xb0\xef\xd0\xde\xc9\xcf\
\x9f\x11\xcck\xf1\xdf\x1e\xfc?\x82\x02(\x82b(\x9c\
\xf44\x8a\xb4\x1eo\x86\xbc\x1a \x8b?\xdc[V0\
De\xed\xf1=\xda\x11\x01\x111\xe1\xfaQZC\xe2\
\xd6\xf4E\x9b1`\xc6\xe6\xc3\x86U\x93~\xb5\xda\xb4\
d\xab\xf3\x87%^\xeb\xf9 [\x8d\xfbA\xa8y!\
\x14J:\x0a\xcc\xfd\xa5\xb7mB\xcd\x82\xb1\xac\x8a\x8e\
\x95\x99\xbc/\xe3\xc8l\xc3\xa2\xa5x\xa6\x11A~!\
\xa1\xba\xc0\x9c\x9b\x86U\xdb2v\xae\xfeuh\xb3\xdc\
\xa1\x05s\xd9\x95~\x1d\xa8`\x80\xb2\xc2\x00\xb9\x06^\
\x1f\x5c\x98o\xf5W[\xf5rm\xf5\x7f\x174\xce\xad\
_\xc2\xc3\xb9\x89\xd9\xf2_\x1fi\xb2\x93n\xab\xce\xe0\
s3[Q`\xbb~\x8e\xed=\xdb\xd3\x16\x8e3\x8c\
]\x9c\xb1gY\xe6\xc2\xc4\xd7\x07'\xe7?NF\xf2\
4,H\xda\xbc\xd5\x86#\xf3^\x1f\x9c\xf2\xeb\x98\x15\
H;\xc2\xb1\xa4\x05)\xb0o\xa2M\xdf4\xa5\xe8J\
\xfcjBJ6\xc5:HlJj\x15N\xb6\xc2\xea\
\xfb{\xf8\x90\xd6\xcc\x87<R\xe2$I\x8a\xf9\xc3H\
[u&iu\x8fF\x1f\x99&\x8a\xbf\xae5'%\
5\x14\xda%)\xfc3\xb5f\xaecb,]\xa6\x8d\
\xce\x1a\xca\xccp\xee\xfbE\x88\x8f\x9c\x16\x8dr,\x0d\
\x0a\xb8\xe4\xa2\xd2\xed\xcb\xfd=[\xedz?\x80\x19\x14\
8?f\x9e\xbf0F\xc1l\xe2m\xb5\xda\xb4)\xb3\
\x0c\x07\xe3\x9e\xc4-\xc6\xbf\x86\xc4\x19\x19q\x133\xe3\
\xa6`I\xb5O\xfe\x9a\xa9M\x9b\xb7<}\xff\x91\x8c\
\xad\xe3\x11\xb1O\xe2\x96(\x1bj\xb5\xf85-~=\
\xda?=t$}\xf6\xba\xa7\xfb\xa7\xa5\x1f\xd8\x99\xbe\
|l\xe6\xc4\x04\xc3\x96}\xb91(4m$\x98\xfe\
;-1\xf1\xe9\xde\xf8\xb4\xb9\xfb\x0a\xda!r\x9e\x1e\
Y\x926ml\xda\xa6U\x99\xc9\xbb2\x97\xac\xc8\x9d\
\xc1\xaf>\xe9S\xe8\x13\xffn\xc1vC&\xfc\xbf\xf3\
L\xb6:\xc7'9w\x0b\x9e?\xa6\xe0\xf9\xd3\xa6\xc4\
\xa7-\xde\x9f\xbep\xc2\xff\xe7\x8e\xc0\xf3\xe6\xf9!\xbf\
\xc1\xafO\xca\x91=u\xa0\xf6\xa4u\xd1x\xbc\x8e\xb1\
,\x98\x9d\x06m\xb4O\xf7&\x18\x12\xb7\xc0\xfeo{\
\xf5]\xe1\xdfl\xf8\xeb\xe2\xbd\x0c\x9bW\xa4M\xde\x93\
\xfe\xf7\x96_{Y\xe5\xf7\xf2\xf1pw\xce\x1d/[\
\x1d\xffi\xc0\xd1`\xc3p\x95w\xa2\xe7\xb4`\x8d{\
\xb2''\xc0Z\x81\xc5f9\x16\x0f\xcd2LI(\
\x98\x0d\x9e*c\xcb\x9e\xb4\x95qi\xcbV\xa7\xaf\x8b\
7\xecO4\xcc\x9c\x96\xb68\xc105\xd9\x904=\
\x17\xe8~\x1d\xdb$\x7fl\xff\xe0\xc9N\xd1[z\x8d\
/L#a\x84\xb4)k\x91\x8f\xe9\xd3\xb7\x18V\x8c\
\xffm\xd7\xa0q\xbf8)\xb7\xeb\xc2q\xbf\xf5\x93:\
\xbf\xeb\xe8,\xffU\x05\xdd\x94B7,G\xda\xd4U\
\xbfv\xb0\xcc\xef\x90\xf8 `\xb50\xcd\xfe\xef<n\
\x05e\x09n\x9aqA\xb7\xd5\x87z\x9f\x13\xc2\xaa\x08\
\xe27\x16\x8ce\x1cY\x9a6}u\xee\xf4\x818\x86\
\xc4\xf9i\x8bv\xe6\xba\x09\x88\x0fw\x08a\xb56>\
7:J@\xff\x9ey\xc3:\x01$\xfd\x11\xcb\xf5I\
;(\xc0\xcb\xb2{\xf4\x9c\x97\xd9r]\xd3~m\xa2\
v\xfb29`\x14\x0d\x18\xf2\xc3\xff1\xf84*\x07\
\xc1\x7fA\xf6\x84\x0e\xe1I>\x13\xc3%zi\x11(\
\xb4\xcf\x1dK[_\xeb\x10\x1a\x11\x1d\x12\x1e\xac\xb5\x0c\
\x0a\x09\xf7\x0b\x0d\x19\xae\x8b\xd2\x8e\x88\xd6\xfb\xe9c\xa2\
G\xd5+\xc0\xb2(]tH`\x8c_\xa8\xf0!\x22\
&*@\x17]\xe7\xd7\x19\xdb\xfdi\xc6\xff\xe3\xac\xea\
\x1b\xcf\xea\xff0\x03\xb3\xdf\xcf@[\xab`\x8c\xd2\xbf\
\x8e\xd1\xa0A\x83_-\xd9\xc0\x92\x1bu\x03\xa6Lr\
\xf9\x08K\x96\xc8\x94\x06\xb0\x1aI\x83\xa8\x0e\xb5\xa4\x96\
\xfe\xed\x82\x15E~\xabS`]k\xef\xd6M\xdb\x09\
5+Zki\xd5\xc0/rP\x9d\x96-\xedCC\
\x0bn\x19M\xbaZ\xfeP}\xa7L>UP\x1b\x87\
`\xb0P\xb8K\x87\xa9\x14\xd6F3\xc1xH8V\
\x07\x16s+\xa3\x9dv\xc4\x10\xbf\xd0\x18\x9d\x8dQ\x89\
Dq\x14Lb\x86y\x03\xfc\xd6l9\xc1l\xbe\x99\
|\xfb\xba\xc0\x92R'\xc7\x90\xebc\xdf\x88\x22\xa9\x83\
\xceO\x8f$\xa7\x8d\xddRR\x87\x00\xacw\x08V>\
\xbc\xa0\x83\xd4>@\x1f\x12\x11\xfek\xe3rE\x1b\x93\
v@+\x1f^\xf7H\xd7\xa5\xc8\xb2\xe5t\xd3\xa6-\
?h8\x98\x08\x00N\x9b3\xb9\xa4\x00(\xb0\xe1\xa2\
\x89\xfb\xe1!\xf1\xac\x1b\xb0\xd6\xbdi_\xaf\x11\x85\x01\
P%\xd7\x12 \x22c\xfc!\xc3\xb4\x89\x86\xa4\xbf\xd3\
\xa6\xaf5L\xdem\xd84/}\xe3\x9a?N\xcc\xe7\
\xd4\xfc\x11A\xd6\xbaI\xc1\xf5\x0a\x09K\xae9\xc3\x91\
\x89\x99\xc9\x07\xd2\xe6oI\x9b\x0b\xae\xb7\xf1\xf7V\x86\
\xe0\x7f=\x0d\xfb\xc5\x8d\xbc`eH\x88~\xd8o|\
ii\xdc_\x00?\x9du\x80\x80\x02:\x1a\x8a{Q\
X\xdd\xe8\x22\xc1\x92o1\x17\x0f\xd3foA\x99\xd5\
\xea\x86\xea\xa3\xfc\xa2\x8d\xa6\xd7w\xe9\xdc\x8e\xbdk\xf7\
\xe3IA\x0e9\xa6B\xa9.\xd9\x16\x18+\x05cB\
\xf2y\x00\x1f\x14\x0e\xfa\xa8\xd0\xba\xb6\xbf\x9a\x90\xe7\x9b\
(\xe8\xa4\xca\xeb\x14\x8dNFd*\xbf5\xb0\xa1\xc8\
\x80E\xb0\xa0L\x91\xdeZ\xcb\xdc1\x8d\xb2G\x1e\xf6\
\xcd}y\xcf\x9fQ\x9d\x8b\xc4c`\xa06$\xcc/\
Xg\xf4\x90U\x84\xc6\xc1\xf5\xbcl\x84\x0e9\x99[\
8\xb2k\x91\x1c\xae(\x98\x08\x8d\x08\xc0\xe0\xb9\x86\xf2\
\x86w\xadc\xcc\xa6\xed\x11\xac\x81\xb0\x11\x81U\x09\x84\
M\x0f P7<SM\xa0\x90+\xec\xdb\xe3*\xa4\
\x8d\x1b\xee\xdb\x93'\xfe\xafY\xe4\x19-\xec\xc3\x03\xa3\
\x22B\x02\xb5\x1e\x1d\xba\x81\x88\xd6tru\xb0w\xb2\
ws\xeb`\xefi_\xb3\x04\x0a\xda\xf0\xb7\xe3\xd9\x93\
\x0b>\xb9cLG\x5c}\xa8\x0b>9S\xc7\x22c\
\x99\x17\x1f\xcb\xde\xa5\x83\xbb\xabc\x07\x9f.\xae\xce\x1d\
K\x18\xc9\xee\x7f\x1e)\xe7>\xae\xc2\x1dW\xf2,2\
b\xd5\x92G\xc47\x1fwWW\xcf\x12Fm\xf0\xdb\
Q\xc3\x10\xdb\x01\xb0\xefA\xda\xa5\xb7\xe2W\x0dy\xe5\
\xd3\xa3\xc8H\xd5\x8b\x8f\x14\xe6\x17\xe0\xea\xa1\xcd<0\
?c\xf3*\x88!\xc3\xa19%\x8cU\xcdh\xac\xa2\
\xf88\xaa\x98\xc2*\x9bo?\x17%G\x95\xac\xad*\
\xfdjQ\xb0\xd1w\xe9\xc2i}\x0b\x99F\xf9|K\
\xb9&\x0c\x9b\x97fn\x98f\xd8lD;\xca\x18\xdb\
\x1aS\x88\xa1\x5c\x11+\xe9\x876\x1b+\x95\x12:\xbb\
\x97\x9f<\xa0Hr\x153`\x98</#\xd9\x88+\
\xc9]\xbe\xf9\xf1.\xf1.\x1f\x8b$W\xf80\xadn\
\x88.\x5co\x94\x5cr\xef\xd91\x96\x9e\x9aa\x85\xe2\
Fn\x1f\x19\xa9u\xf1\x0b3\xca}\xb5\xd0\xd4]\x16\
\xe0_\xcc\xb6\xa9\xd0<:6D\x1f0\xe07C\x88\
\x85~\x85\xda\x09\xedC\x87\x19QC\xa1\x8d\x7f\xbb\xa4\
\x9c\xea\x1c\xec0\xd7\xadH\x8c\x08\xed\xb5\xfa\x01:m\
\xb4.T\x17\xa0\xd7\x05j\x83PB\xb5\x91\xba\xa8\xb0\
\x90\xe8h`\xb8\xd1\x88\xad\x04\xfe XDt\x04\xd0\
\x00Da\x84Q\xa4\xd8\x08|\xe6\x97{\xb64\xaa\x08\
\xe3\xa8\x913\xb2\xc0f\x02\x06\x84E\x04\x16\x96\xda\xbc\
O\xb6\xa3J\xa0 bA\x90\x17\x98\x10\xb7\xf7\x0b\x18\
d\xe4G\xa1\x89\xf0\x9c\xc5\x96\xd6Th\xaa\xd5G\xe4\
>\x5chH\xb4\xde\xc8\xb4W\xe7\xc9~\x85\xcb\xd4\xde\
/\xd4/<\xa0\x84z\xefS\xb6\xefw\xf7\xe5\x89\xa3\
\x04)P\x18\x02\xed#\x22\xf4\xa1\x11~\x81\xba\xa8_\
;\x94\x0as\x9dr\xc6\x85\x1b\x91\xac\x97\x0a\x91/\xcc\
\xac\xb0\xe8\xb6\x8f\x8a\x88\x8d\xd6i\xfd\xc2\x03\xb5a~\
\xe1@Um\xa0nHH\x80.g\x9a\xd1\xc6\x0c\xdf\
\x01\x90\xd9\x03E\x12\xe2\xcd\xf7T\xf7]\x85\x0c\xdf\xc1\
\xad\x876Wc\xa5\x8d\x9fh\xf8k\x971\xeb\xc8\xef\
Z\x8c\xa6\xe4t\xfb\x0dM\xc9\xeb\x10\xbc;xB\xf1\
\x0eiKw\xa7-\x9d\xf0\xdb\x0e\x09\x16\x89\xa3\x8aw\
\xc8\xd8\xb9,\xe3\xd0!#\xc7\xe8\x1e\x85^\x17<\xd9\
\xf3\xe7\xe4\x01\xba\xc8\x80\xf0\x22j\xc1\xc2a\x80_\x94\
^\x1b\xe8\xa7\xf7\xd3\x82\xea\x86\x06j\xc3#\xf4Z\x7f\
\xac\x9c\xe0\xe3@\xa3\xb8\x90\x0b\xa2\xd6\xdf\xaa\xe7\xcf\xc2\
\x05w\x18\x10\x11\x01\xd7F\x07D\xe9t\xe1\xd1\x03\x22\
\x8c\x16\xbcT\xf7\x84AUs\xf6\xa7\xb4s\x03]\x0c\
C\xc3\xe3\x0b\x01\xc9\xdc!4\x04\xf1\xd2\x01)\xa1\xc7\
\xf2\x04\xfb\x85\x84\x0b\xc1\x13\x10\x11\x1e\x14\x12\x15\xf6[\
K\xb9V\x04{E\x9e$\xc7\xd2\xaf&\xb0\xce0]\
\x02\xe3\x13\x0b\xc4\xbc0\x9d\x056n\x04\x15r\xa1\xcd\
\xfc\x09S\xce\x14\x0a\xda\x9cv\xda\xc8(D\x8f.\xd6\
hi\x84\xf6By/\xd6\xa7|n\x1f!\xf5s\x0a\
\xfa\x1f{\x0b\xa01|\x9eGj!\x91*\xec]\x04\
*\xb4\xb1!\xe1\x81\x11F&\xa4`\xdd\xd3\xfcM\x0a\
:+\x1c\x22\xc2\x22\x05\xd7\x1a\xa7W\xbe\x03\x8b-f\
e\x87<\xaf\x15\xae\xe6\xef\x1d\xd8[\xe3\xde\xb4\x90W\
;DD\x86\x18\x0fS\xbc\x91\x18\x8d\x8c0\xb3\x9c\xd0\
$\x87\x13\x15%\x7f\x0eE\x02\x0c\x9d\xb4\x8e\x82\xe7r\
\xb9\x9f\x83\x11\xf1\xee'\x0d\xae\x17l'd\xbc`\xcb\
\xddF\xd8O\x100@\xa8\xd3\x05v\x1a\xe4\xd8\xf1\xcb\
\xa3V9\xf0\x840\x11\xfc\x1a\x10\x13\x15\x05\xc4/\x80\
\x84\x88\xd0\x12\xe0E\x9b?Mw\x1b\xf7\x81\x09\x8d\x83\
\xc7\x14\xa3\x8e\x0eE\xe8\x806g\xa0\xdc\xa5\x16\x021\
4$\xd2?\xc2/*0\x8f\xc79\x18\xf1\xb82\xfd\
\xa4B\xcd\x98?l\xc8\xab\xdc\xf9\xc74\x19kZX\
9r\xcc\x15\x14\x8d\x10\xbd.,\xba`\xe6X\xde\x18\
\xbd\xf1d\xab\xe5\xa4<V\xb7\xa4j\xe1\xa3-FY\
\xab9\x14\xe4}`n\x1a\x16\x8a1\xe1\x19,\x8d\xa5\
\xae8>Y\x17Y$w\x04\x8dl\xf4P^\x96\xc2\
2\xb8:\xa3\xf6W\xf6\xfe\x9a\xb38-\x0a\xfa\xd4v\
\x88\xd2\xf9\x09\x19\x9f\xe7m\xad\x90\xb4E\x96BX\xa4\
\x92\x82\xee\x17\xab\xc3\x87\x17\x83\xf9z\xf9V\xc3\xb5\xba\
\xb0Hh\x8f\x9cU\xfe\x1fMW\xe8\xffN0\xf9\x07\
\xa5j\x92k>\xf0\xb7\xa2\xb7\x9207\xa1`\xffA\
EWt\xc8\x9bG$\x0a%\xdc\xfb{\x09\xad\x16\xac\
\x09\xe9\xe9\x9d\xe8\xf1\xa9\xa0\x7f\x85\xfc\xfeER\x14X\
\xa0\x1bZb\xf71utm\x06]s\x8d/\xe8\xae\
\xce\xef><\x22\xc2\x08_\xc5\xee\x03\xdd\x0bi\xa7\xc8\
!Fo\xcc\xed:\xe4l\xf7\xf8\xc1M=@\xba\x1d\
\xb3\xe5\x1e\xaf\x93\x14E\x85S\x07\xa1\x96\xf4pw\x04\
\x136$n\xc9\x8c\x9bR\x02\xfb\x15\x0b,\xba\xa0\x8b\
\xac\x83.\xc8/&\xd4\x98)\x14\x03xin\x910\
\xc2h\xa1Q\xb1\x97\x04\x9a\xbcj\xd2)g\x8b\xa2\xc4\
\xf6\xc5+X^{\x8f\xdfV\xb0\x9c>\xdd\x07$e\
\x14\x96\xdb\xfc\x8a\x15\x1aj\xe4\x22\xa1\xb1\xe0{,\xdc\
,\x97\xfaC&\x08\x1d\x8b\x0dh^\xd89\xaf\xce\x16\
Y\xcc\xe8\xff}\xc2\xbf/\xb9B,\x97\x98\xfd\x85\xb1\
\x9ck\xe3\xf7\xb1l&\x90\xcf\x92\x8d\x14!\x97er\
\xcc\x08\xe42\xdfN\x09dR.\xbc3*\x86\xc5\xaa\
\x0e\xbah\xf4*1\x0f+\x09\xc8-lw\x0a{\x8c\
.\x9c\x90\xe0\x81\x17\x5c\xfb%t\x18\xd0\xaa\x10>:\
\xe4B\xb5\xdf\x10\xac\xb1\x9f\x7fH\xa8\xb0\xd1\x10\x14\x11\
\x95\x9b\xf0\x11(\x949\xa6\x8d})\xd8\x1ev`\xf4\
\x91B-\x93g)\x22((4$\xdc(\xbaj\x08\
\x1d\xfa\xbf\x13\xba\xe4\xef\xb9\x0aS\xf3/'\xf0\xa0\xee\
C\x5cn\x14\x13j\x0d\x8b\x1bk\xa9\x8d\xd2\x81\x86\x84\
\x03\xb8\xb5\x98[@.Q\xf2\x03\xd2\x0e\x00\xe2\xe5V\
\x1b\xa3\xac\x15\xfc$\x90\xb5b!]\xa1C\x08L\xe9\
#\xa2\x86\xe5\x04\x8c\xe0\xef\xa0\x12\xa3\x9b\x1b})\xf1\
\x1f\xdd\xc79Y\xd9\xf2aW\x8ad\xa5I\xc7P\xbf\
\xc8h,\xb7>$L\xa7-\x01\xd2\xd9\xe1\xc3\x0b\x01\
\xbd\xa3\x00\x9eF\xd98\xa7b\xfc\xeb\x22m\xa2\xa2\x22\
\x8c\xea\x8eX\xd8M/\xcc\xeb\x8eCu\x011%\xa4\
\xac\xd0jl\xa5\x22\xbbX\x5c^K!\x07C\x22\x8d\
\xc2\xb9\x0au,\xd8b\xd2\xba\xb5\xfa\xed\xdeZ\xd5\x8e\
\xc2\xf6\x92\xd6\x10w\xf0\x7f\xdd^\xab\xf7\x8b\xe5S\xc2\
\x96\x96`\xd3\xa5\xa1\x0d\xe3-\xeaW\xc6\x86A\x96D\
\xbap\xfd\xf8\x22\x15\xafi\xe18\x07&\xe6\xeel\xe5\
\x9a\x7f\xbaw{j\xdcX\xc3\xde\xf1\x86\xad\xb3\xf1!\
m\xce\xce\xb49[\x9f\xee\x9dn\xd8\x9a\x88\x0f\xc6`\
Zl\xf0\x12v\xf7*\x14\x0c\xf4\x1f\x1b|\xc5L\x09\
:X\xf0\x91\x8b]\x91E\xcd7\x95\x94\x90\xbevk\
\xae{\x9e\xee\xdd\x9f\xbe~\xbf\xf1\x9b\xdf\x12L\x95\xe8\
\xee\x1a\xc6&\xff\xdb\xe3%\xcet\xc6\x85\xde\x9a?\xcd\
4sR\x82aU\x82\xf1\x8e\xc7/\xa6J\xf0`\xe5\
\xa2\xc6\xfe\xc3\x89\xed\x8a\xda\x1b9\xc2+>\xd7\x1e<\
\x22\xbc\xe5\x88\xb2a\xc8\x1f\x0a<\x82B\xf1)$\xe7\
]\x82\xd6\xbf\x1c~\x0d\x024F\x08e\xb1`T\x9b\
\xdcQ\xd3\xb7\x1d0,\x8d/\x18U\x1b\xad\x8fBT\
\xf8GD\x84\xe2\x12\x82\x22\x9c6y\xae6\x08\x19m\
\x5c\xfa\x8a\xa5\xbf\xb4\xe4R\x96\xc3\xf2\x84\xd7\xff%\xb1\
\xbc!\x13\xfay\xfb\xd6.0Q+\xd7\x84@\x1cA\
b\x02\xa1A\x04\x94\xd4\x87\xe8\xa2sp\xf3wU\xa0\
\xdc\x7f\xbc\x130\xe9\xf4\x1f\xef\x01\xd4>\xcf\x93,<\
\xad\xdd\xd7\x0d\xac\xeaS\xb87+\xef\xe4\x17\xad\x87\x1f\
\x8c\xb5\xa2Pu\xc6\xef\xf1\xb8\x91\xcf\xa4\x8a\xd4\x9a\xca\
\x9dt\xfa\x80\x019\x1b\x19\xc5)TI\xfb\x17\xc5x\
\xa1Xx\xff\xf1k\x13\xa5\xd0D\xd83\xe8Y\xb8{\
\xa1\x11\x1aj;\x0e\x8d\x0c\x8d\x88*A\x02\x14\xf6\xc8\
}\xbf\xf3[\xb7T(fG[\xff\xb7\xee\xe1\x0aM\
\x0a\xe5\xae\xb0\xae\xe6\x18\xd0\xe5\x1b\xc8}#f\x84\xa3\
\x81f\xa3\xaa\x15{PUN\xb7h\x9d_T\xc0\x00\
\xa3\x95\x10Z\x0a\xb9QL\x9c\x9a\xe6\xf4\xd0\xeb\x86\xea\
\x7f'KK\x09\xfd<5\x02\x02\x08\xafD\x8a#\x80\
\xd0;\xdc/LP\x22\xe1z(\xefhpQ<j\
H \xaa\x9d_\x94\x1f\x14K\x94\xf1FZ\x12\xeb=\
\xbb\x90ev\x0a1\x8a\x82rB\x0bA\x05\x17\x93\x84\
6E\xbd\xa3\x17\x22\xd9+G\x04\xe7\xaaB\x1b#\xa0\
\xc97RL\xa8\xd9\x14)\x8a\xe5\xf2\xcc\xe4j\xe9<\
yfS\xa7DC%\xa4X\xcd\xa2a\xa3/X\xe2\
\x9a\xbf\xf6\xafE\x9d\xd0\xcb\x8f\x82\x01#Z\x01R\xbc\
\x84\x0d\xbdF\xc2!\x01Wg\xa1\xba\x8c\x17\xf5\xcc\xea\
>\xb1\xc0Z\xcdN\xa1~\xc1\xd1\xda\x5c\xd80,^\
\xa7m\xd4P\xfb\xf4PBn1\xc9\x986\xde\xb0h\
\xa7\xe1\xaf\x89\xc6\x9b\xf3\xbf\x8c\x12d\xeda\x9fx\xd7\
\xbd\xa90B\x0eL\xd9\x00\xdc\xb4\x1e\xf6\xdd\xc3\xf2\xef\
\x16\xbeT/:\x22\x80\xca\x9006\xe3\xc8\x22@x\
\xee\x98\x02J\xd9\x0c\xd5\xe2\xaea\xe2\xa6\xa2?\x18\x03\
r\xc1\x1c~[4\xccs\xc6\xfa_\xabE\x99B\x8b\
%\x80{\x99\x1c[\xff\x81\xea\xd5\x0aM\xe4\x89\x15u\
\xaec\xf2\x9dRt'?\xc7`\x11\xe52\xad\xd0\x15\
9N(A\xcbH\x7f\x91\xb6\xd2N%\xee\x1f\x94\xcb\
m&\x94\xa9\x12S\xa9vn7\xed\xff9\x9b\xdc\x9d\
\x13\xef\x16R\xaeN\x11Q\xb1~Q%\xbc=\xed\x0c\
7\xf4\xfau[\xb2s\xa7^\xbf\xd9\x96\xacV\x14\x84\
\xff\xa3\x08\xd4\xe8\xac\xd3\xff\x8a\xc9\xff\xf9\x82X\xea\xdf\
\xae\x9f\xf7\xe8\x93\x85\x84\xb2sTDL\xa4\xf1+\x99\
.(\xada\x18\xd0\x1f\x09\xac\xa3\xd8\x9cW@\x91\xf8\
O8\xb9%\xbc\xa0\x11\xcep\x85\xe4\xbc\xde\x0f/\xb2\
\x90\x95\xbbD\x84\xe9\xfc\xa3t\xb1\xc2\x9b\x9f\xc8H@\
\x9c\x07D\x02\xdcZ\xc2\x02V)a\x0c\xc7\x9c\xf2\xae\
\xa3\xd0\x226K\x17\xb1\xe9\x18\xae\xd7\x85\x96`\xcb\x04\
=\xddH\xebe\xe3\xd5\x8e\xec\x86\xbf.\xb2\x8fg\xe2\
\xe8\xa65,\xdejX\x12g\x97\xfe\xf7\x16C\xe2J\
\xa3z\x94\xdbU\x90\x17\x85\xfbw\xe8\x94{\x96\xc3h\
\xd9\x87\x0f\x9f\xf3\xae\xb0\xc09\x06\x1a\x178\xb5\xcf\x8f\
\x18\x9d\xb0|\xfd\xeb\x84\x17\x1eo\xa9\xe4\x18\x1c\x8e\x9a\
\xa2\xf5\x83WBrwB\xb4\x01Q~\xd1\x03\x8c\xb7\
\xc1\xb9|\x03\xbaG\x9e\x17\x8a@v\xe5\x12L\x08\xba\
\x22\x22\xc6X\xbd\xe6L\xa2\xef\x94\xee\x03|X\xef\xe6\
F\x93\x88\x06\xeb\x8f\x12\xb4\x9bnh\x80.\xb2D\xc9\
\xa6\x146\xab\xfa\xbf+\xb6\x8f\xa8\xce\xd9\x0dD\x96\x94\
\xb4\xe5(\x17:\xc4\xa7\xf9\x9e*\x84\xe7\xdc\xe6\x81:\
\xe4T\xa8\xd1\x00fB\xfb~v}?\x83\xea\x0b)\
Z\xbb\x1f\xef9\xcd\xf5\x95\xae\x85 \xa3\x0a\x0fR\xe6\
\xda\x10^\x07\xd7\xcbU\x99\xb9\x1fs\xde(D\x04\x86\
\x04\x85\xe4\x89\xab\x12\xa7#l\xc3\x14f]\xae\xa9\x92\
6`\xc6\x15\xbc\x1b\x16N|D\x22\x08\x83\xf1M\xf8\
<\x10\xdf\x8a~\xd6\x15|\xf3G\xe8F\xe6}\x0eF\
*\x04\xe5}\x8e\xcd\x09\xe8\xfc_\xf4E~\xc9\xfd\x1c\
\xf4\x1fgI\xba:\xe6\xbd}\xb6j\x10\x09\xcee\xd5\
``d\xee\xbf:\xe1\xe2\x1f\x16\x89\x7f\x83C\x82\xf0\
o\xac\xce_\xf8\xa2\xcf\xf9\x82\x7f\x83\xf2N\x9d\x04\xfd\
\xee\xd4\x89\xb8\x18\x0a\x89\x1d\xc3\x83\x22\x8c\x80?\xd8\x10\
\xab\xea\xff.\xa0\xc7\xf8=C&\x08\x22\xbb\xd8\x0eH\
u\xc7\xf0\xe8HAV\x07\xf8E\xeac\xa2\xe0\xfa\xbc\
\xbd\xdb?\xec\xa3\xa8\x8b\x9eG)dL\x8ey\x07Z\
\xec\xdd\xba\x19\x97\xb3|\x18\xc8\xe1\xfa\xf1\x9fB\xdb\x0b\
\xaa\xa0\xd8\xc1\x90\x8a\x02\x12\x00\xf6\x84\x03h\xdb\xc6\xe5\
\x12\xfe\x92\x8f\x87\x94*nM8+X$B\xf3\xac\
\xe4\x9c\xe93\x0a!\xa1h\x14\x1bU\xed\x98W\x17J\
z\xc1)\xd7E\xba\xb5*\xd6\x9c+h\x1e\x13\xe6o\
\x5c\x9a\xea\x09E\xd5E\x13d\x8dH\xe82dB\xce\
\xd6\x9e'\xcaE}jN\xda1\xe5\x843\x9b\xfd\xdf\
\x0d\x1b\x1bc9\xa6\x5c\xe2\x8c\xc2\x82\x95o\xb4\x87g\
\xa7\xfa\xcds(dK\xad.0$g7($Z\
\x1b\x18\x12\xed\xe7_\x82jQ\xe6\xf2\xc9b\x134\xcd\
\xb7\x95\x93Y\xe1%\xbd\xb5\x9d\xd3`\xc8\xad1\xdf\x12\
C\x8b\xbd\xb5-\xd3M7,wo=(4$\xf2\
7/n+t\xff:\xa7\xa2'7\xfaj\xb0\x0f\x1e\
\xcd9\xe7\x84\xcf ,\xc3\xb0\xc274\xddB\x10\x01\
\xce\x11\xe1\x83t\xc3\xb4~A(\xb3Z]I\xdb\x1b\
\xf2\x11\xb5<>\xcd\xfeY\x04\xa0\xc5N!\xe1Fo\
F\xb9\x9c\xad\xb3\xbc\x17nE\x04\x8c\x89S\xde\xde\x8d\
P\xcd\xf5O\xe2\xd6\xfc\xb6\xa3@\xd1\x8bt,\x95\xdf\
1\x8f\xa2\x97\xd0\xd5,\xbf\xeb\x1f\xb7\xebJ\xe7\x1b\xca\
\xaf\xca%X\x92\xba\xbax\x7fL|X\x98!N\xe0\
\xc6N~\x88\xcf\x80a\xc6\xdc\xca\x19Q\xed\x0c\xdd\x9c\
C9\x85\xd7\xa5B\x86\x90u_7\xe1*\x1c\xa3*\
\x8c\x17gG\xe7\x8ey\x1c3\xf7\x0djn\xb6X\x1b\
6%\xe5\xe5M\xce\xe1*\xe3\x0d\x83\xbc1~K)\
\xcd\x04\xcb\xff+\xa3,\x95o\xae\x04>YZ0\xf4\
\x1ft\xd2*\xbf\x7f>\x99\xec=\x0e.\xd7\xe7\x1d\x82\
\xb2\xcea&\xc2\xc9\xf2\xa2l\xa4\xaa`\xb7\x18\xab\x5c\
3.'a\xac#CA\xf3J\xe0\x11j\x97\x96S\
\xc6\xf6\xfd>\xce\xaaX\xb8\x97w\xf6\x1b\x18!P\xc4\
!!\xc1\xb9e\xb7\xe4\x88W\x07\x93\xabK\xfe\xf1\x95\
Bn\xe8\x1c\x12.\x1cQ1>l#\xe4\x84\x7f\xde\
ix7\xfc\x1f%\x94\x8a\xfe\xef\x84\x8c\xc9V\xfb\xaf\
\xf6\xec\xda\xff]\x8c\x85\xbf\xc9\x1f(`=\xe7\x08\x7f\
\xa4\xae\x9b.*H\xab\x0b\x0f\xd4\x05\xd6\xd3F\xe9\x22\
#\xa2\xf4\xda`]\xb8\xb0\x1b\xfb'*\xd8\xe1\xcf\x13\
\x08\xb6\xf2\xb2t1\xb8\xa8\x84\x9dQ\xff\xd1\xee6\xc2\
\x84\xfe0\x15\xeb\xdfNEx\xc5\x15\x14\x11\x83\x8a\x1d\
\x12\xfe\xfb\xd9\xd4\xfb\xaf\xd9\x08s\xc0\xe7\xc5\xc5v\xb4\
Kt@tL\xa8\x1e8\x98\xbfu[0\xfe\xafC\
\xba\x97<d\x12u\xff:\x94q\xb13N\xe9\xdcU\
\xf1x\x1d\xf7\xc3E\xd3w\x9aN\xff\x8b;l\x8b\xb8\
\xa3K\xd1\x89\x0d\x0d\x11\xb6\xfccC\xf4\x03@\x9e\x02\
\x0b\xdf\xf4\xb5\xccwQ\x98\xdf0\xe1\xed\x7fHx@\
\xde\x8bc\xbb\x82S\x22F\xa7S\xfe\xef\x93\x0e\xb6\x12\
\xc2H\x98z\xc1\xf4\xda\x17\x99^\xaed\xc8\x9d\x9e0\
\xd5_\xe7\x18\x1e\x91?\xcdX\xbf\xe8\xc2\xc02>>\
[\xe2\xc4\x5c.xY&^\x9e\xec$\xec\xe3\xe7\x9f\
#p\xeb7\xc8\xbf\xc8i\x08\xdb\x22\x93A\x05\x8b\xd6\
\x0be!*&<\x5c8\xa7\xab\xcd=`\xe0\xa1\x8f\
\x88\xcc\xddE\xd3G\x0d3~\xd5aD\x1c\xe5\xcey\
\xec\xd0Xv\x14)E\x98\x1e\x12\xdd\xc3w\xd05O\
y|r\xb1\xdah\x99W\x97rR]8\x03\x10\x80\
k\xee\xbbe\xbdpF\xb0@$\x1ak\xa7\xdf\x0e`\
\x9c>Ev3\xfe<\xa0\xdd\xef7:\xdc\x7f?`\
I\xf1@5\xb3\xd5\xdeC\xe6y\xe3\x17[|\xb7\xc1\
\xf7\xca\xfd\xa4\x01\x8aA\x81\xc2\x1b\xcb\xd1\xe9\xa3_\x16\
Y\x1a\xaf\xdfL\x0a\xab\x14\x13&\xacG\xc1\xac\xea\xe5\
\xe4\x99\xad\x8dM\xcd\x969::$<F\xa8x9\
Q\xa5\x1f\x90KL\xf4Q!\xfe1\x02\x8060>\
)[\xec\x19\xe6&\x06\xdb\x0d\xbb\xd0\xb7\xf0\x1c\x97*\
o\x1e\xd1:\xe3\x15\xfd\xa5\xaf\xf0\xd6jN\xd6\xdcB\
\xdd\xc4\xe7\xf5\xd5\x0f\x88\x8a\xd0\xeb\x8d\x05[\xb5\xe2\xfd\
\x7f\xf5\x97\xe0\xcbB\x05\x95g\xab\xe0]}\xa1K\xfe\
cZ\x1e\xf1\xee\x8b\xc2\xba\x15!\x9f\xa5\xf3L\x19\xa6\
\xc7\x1b\xa6.J\xdb\x15_\x02\x05\xadP\xdc\x86\xb01\
\x10l%dS\xe1fZ\xbe\x95\x9c\xbf\xcd\x10\xfe\xde\
\xecHRF\xf24cN]\xcc\x90n\xdf\x80.\x1e\
\xc7u\x91\xc59u\x9e\xa9\xb4\xb9\xfb\xd2\x92Q4\xc7\
\x09{P\xbf\xe1\xd4\xc5\xac\x15{,M\xbe\x95\x12\x1f\
\xc8\xd2\xb8\xa7\xc0\xa0\x0a\x00\xa2\x8b\x00\x0d\xc5\xec5(\
f/m\xd3J\xc3\xe2u\xb9\xcf\x98\xfb\x87\x15\x86\x89\
\x93\x0dc\x17\xa7mZQ\xf2\x80\xbf\xac\x820P\xb1\
\x1d\xdf\xfcU\xc85\x99>uwZ\x9c\xd1\x1f\xe7\xa8\
\x83\xb2zW\x12$\xa2\x10Z\x85\xec\xd0Y\x90\xd2\xb9\
\xe7M\xfc\x02J~\xef\x19\x9e\xe2\xbe\xae\x18\x95\x80w\
\xfe@ *\x80\xef\x7fs_\xf7\x87\x1dn\xce9b\
\xc8\x1f\xde\x1e\x8b\x8b\x9d\xc5\x14\x97$S\xa4B\x93\xec\
J\x85\x1b@B#;#\x10\xcbme\x84\x1d\xca\x84\
\xd7>\x13\xfeP\xf6\xccs\xac\x15\xccO\xe9\xe6\xa7\x1f\
\xf0\xfbZ\xe6\xfd\xbbQ\x04\x16k<\x0a)s\xce\x8e\
\x17\xbf\xdf\xf07\xb3jTdV-\x7f\x99\x95\xe7\xb0\
\xc8\x22\x15V)\x9co\xcf\xff\xda\xb0\xf8\x9c\x1b\x19\xcd\
\xf9\xf0\xff\xbfs&\xa5p\x14\xed\x97\xfb\x8d\x85\xfb\xc2\
\x8eA\x9c\xe4\x97_\x9a\xe0\x17\xbbbw\x9a\x0am\xf3\
\xcb\xe1/\xad\x9b\x15\xf1\xc9\xa8\xff\x17>Q\xba\x15\x1e\
\x89\xcb\xbf\xdbx\x94\xd25\x16\xd4 \xff{\x93Qv\
\xb9\x1f\x9a\x8eR\xe6\xd7\xe2\xfc\xdf\x9a\x8d2\xfe;\x82\
_I\xb7\xa9\xcb\x7f\xd1m\xb9nk\xee\x01\xa7\xc2\xa2\
\xef\xa2\x8b\xd5\x96\xfc\xd2i\xab\xd1Y(eN\xe3\x12\
7\x8dK\xe9\xb6\xfev\xc3\xb8\x86\xd0\xed\xff\xba[,\
\xcf5X$\xed\x14\xf9f\x8cR\xaf\x9c\x8b\xca\x85|\
\xb4\xc2\xc6\x0b\xb4\xce{\xdd>O\xd39\x0d\x8a\xa8\x9a\
\xf2.\xc2[\xa3\x22\xc7\x90,\xddC\x82\x07\xe8\x8d\xff\
\xc6\xa8_%\xdd\xa3<\xe5m\xc4\xca\x04\x22]\xa4\xcc\
\xd7r\x89\xd0\x16!ay\x14\x1aE;\xef\xa4G\xa8\
N;L\xa77\xaa\xdaJ\x14\xa3\x07\x01\xab\x8b\x1d\xc6\
P\xc0T\xc9g,\xd0Z8\xbeQ\xacu\xa9\x82\xd6\
\x05G\xed\x8c\xd4y.\xf5ww\xf6xS\xec(x\
et\x0d\x02\x04\x07G\xe5h\x8b\x82\x0d\xf0\x92\x98\xbe\
:49X!\xfc\xcd`\xb1\xed\xac\xf2\xb0P\xc4\x8f\
\x05\xcfZboa\x93\xa6X\xef2\xe8\x9d\xbb\xee\x7f\
\xd8\xfd\xe2\xfa\xbf\x13v\x07\x84\x8e\xba\xc8\x19\x97\x0a\xb5\
s\xee\x96\x906\x22\xe8\x7f8\x8a$.\xf6\x07\xbbb\
\xd7H\x9d\xd1\xe9\x1d\xb5\xd0D\x08p\xe1\x88^\xa1w\
\x85\xa69\x09\xa1u\xfa\xcd\xf1\xbbrBGDI~\
d\xe8\xa0\xa6\xf5T\xb8K\xa8\xc91!D\x85N\xaf\
7\xda.\xacVro\xd2&<\x9cn%l%\x16\
y\xc9[\xa9\x98%\xad\x1e\xa9\xa2\xd3\x0a\xdb*\xc6\xf9\
'\x17\xcc\x0a!Z\xc8\xffr:\xbb\xe7\xc4\xe5\xff\xe5\
\xd9s\x8f\xc3\xff\xe6\xd9\x95\xf9\x1d\x8b\xa0B\xee@%\
\x9fE\xad%\xb4\x0f&\xdd\xd6\x9c\xcd\xba\xdf\xe6U\xe1\
\xfeC\x8e-\xe1\x10d(\x04S\xb4\xde8\xc5\x8c\xde\
c\x08#\xb8(]h\xf4\xda_\xe6U\xae\xc0V\xa4\
_\xce\x0b\x9f\x92\xa7XN`S\xbf\x1a)\xb2\x13U\
A0\x93\xb3\xa5U\xd4J\x09o\xf2\xcd\xf2\x0d\xfdy\
c+\xdf\xdc\x1f6\xb6\xc4\xc2y\xadB\xba\xe1*\x9c\
\xc22\x9av\xe2\xac\xee_\xfft\xde\xc15F\x1f\x19\
\xa3\xff\xe3k-\xa1:\x16\x19F\xa8E\xc6\xec\xd3-\
\xe7\xef\x97\xb4.\xff\x0fko\x02_\xe5u\xdd\x8b\x0a\
[\x91\x85|\x10X\xc1\xbaD\x22\xf8\xe0K0V\x19\
\x84\x07b\xe34\x93\x87k\xd7\xf6\x01\xe9\xc8&\x94\xc9\
\x1a\x0e\x82\x02\x82hr\x0c\x01\x0b#\x81dIH`\
\x10\xb3\x01\x07\x1bb\x9b\xc1\x13H\x88\xe1\xb5\xf7\xc6\xe9\
\xaf\xado\xea\xbe\x0e\xe9\xeb\xcd\xd0D\xe7HJ_K\
\x1e\xf5\xcf\xb9I^\xaa\xb7\xffk\xed\xfd}{\x7f{\
\x7fG\xa4\xbfW76H{\xaf\xbd\xbf=\xae\xbd\xd6\
\x7f\xfd\xd7\xf7\x96.\x8f\xed\x8c?\x13\xff%N#h\
\x9e\xf1_\xe0l\x8ae\xf0O\xfc\xb0\xde\x85O<\x12\
\x1d\xe8oI\xbe\xf3\xea\xc0\xc5\x9d\xc9\xce\xbd\xc9\xaes\
\x1c\xc4#\xb5\xcf\xae79\x06|\xa0\xb7\xc9\xfb\x955\
\x02\xe2\x22\xf1q6\xb7,\xe4\x93\xcaZ\xc6\xfb2\xda\
\xb6\xe2\x843JO\x90\xa5\xc5\xda\xfff\xc3\xeaZ\x07\
\xa2\xdc\xb9\x5c\xc6-L\xb7J2\xbf\xbd\xbf\xf3>\x7f\
\xac\x16\x96\xd7\xd9h\xb1i\xcb\xaeW\xfeu\xec\x04J\
B\xeduh<\xd1\xfd\xbe)w*\xc9\x10\x8f\xc2\x8a\
u\xab\xeb\x0d\xab\x13!\xa7\x1d\xc87\xa1\xebBv\x1a\
]w<\xc9L\xa3\xecB\x83\xf2\x8fE\xa8(\xd6\xb2\
`%K\xffT\xa1\xc7X\xc7\xcdsw5\xfdn\xd7\
\xf7{>\xf4O\x01\xec\xd1\xf5\xb5\xeb\x10\x22c\x19\x10\
T\xe9Q\xc0(\xf9\x9a\x8c4P\x94\x08\xf4=\xa0\x89\
\x0c\xe8Q\xbe\xafa1p\xc8\x8d;\xa4\xca+?I\
\x9c3a\x8bZ\xe5\x86\x0dU\x80f\xbb\xabg\x1a\xb1\
R\xb7.\x0c\x8f\x89*@\xc9\x1b\xf8`/P\x22\xfc\
\x83\xb3!\xca\x005\xde\xa6Wt\x02\x1c\xc1\xf9!\xbe\
\xd2\x0d\xb82>\x22\xaa\xcb\xe2\x8f\xafJ\x0b\xb5\x8a\xc4\
\xff\xaa\xf2\x168\x0aM\xeds\xe1\xea\x9a\xcaUs\xe0\
,\x0c\xd1>\xbf\xde\xfe+qh\xc1\x19\xee\xb9\x9e\xcb\
:\xe0z\x1e\x89,h'\xe3\xf4\xdc\x8c\x07\x85\xa6?\
[\xfcw^\xc6\x03\xf4\xdf\xd9dq\x99/\xb4v\xfa\
\xc7\xc7\xad-\x5c\x9b(\xafKDE;B'xb\
!\xb97aq\x9b\x19M\xcc\xae\x9e\x1d\x9d\xfb\xe0=\
\xb3\xe7\xce{`\xf6\xdc\xd9s\x8b\xe7\xdf/\xfe/\xd8\
\x99\xfbF\xed\xcc\x12\xd1\xec|\xd1\xfc2G\xf3w\x8f\
\xd2\xfc\x92\xf9\xf3\xe7.s\xb6;\x81\xdbU\xa7\x96\xa6\
QN6d\x96{\xea\x19T^\xeb\xb2\xf9*\x8b\x81\
\x8a\xa5\x7f\xc2\x7fb$\xbf\x18h\x96\x154|RU\
\x95\xb8r\xebnt@\x8b\xdb\x7f\xb5hF\xc9\xd7\xda\
{\x1b\x9b\x19&\xa4\xfa'\xae\xfe\xc0\x12\x84\xdbO\xfb\
\xf0?t\xf6\xc0;\x0d\xe9\xbfd\x15\x93\xf1\x11\xe5k\
\xd7\xae\x7f^\xac\xd1\xda\xf2\x9aj{d\x1e\xe3\x91\x81\
\xb1\xf9\xff\x97\x95\xf6\xa0\xd1;em\xfe\xcf,\xb9\x22\
\xf4\xc0Cj\xce\xcd\x88\x96\x16\x8b\xff\xce\xa3\xf6\xee\x15\
\xff\x8b\xc6\x9e\xdc\xfbIcsb\xc3\x92E\xdaB#\
cwC\x1d\xc5\xba\x95GkX\x09\xaeH\xd4?/\
t\xdf\xe8\x5c\xea\xc4\xbc\xfb\xef\xbf\xd7jm\x9aj\x8d\
@\x5c!\xadi\x87\x80\xde\xce\x0d\x88\xcf4\xc0y\xb7\
,tC\xf2\x0aPj\x14P\xce$YwT \xce\
D\x08[v\xbd\xa2(qz$\x02D\xa9\xe1\xe5\x9d\
\xae\xc4\xd4\xd76\xd4T\xe2\x10\xbb!'o\x01\xb46\
\x08NsL\x7fV\x8a\xd6\xd56\xfb\x0d\x9a\xe3\xbfA\
\x97\xa5\xac7h\x01\xc9X\xdfPg\xbcC\x9fJ\xac\
\xb4\x9f\xa1\x99\x06\x1e6g\xa1\x07\x80\xb5\xeeU\x14\xc4\
E\x88\xbb!\xcd\x08\x17\xf8\x22\xf8\xb2\x08\x1f\xe3|\x88\
L#j\xa2/*\x5cHf\xecV-\xe03sa\
\x83\x1d{\x92\x8d\x22\x86%b,\x8a9M\x11B\xef\
A\xe9\xb4zO\x03\x988\xd2\x87\x88\xb8e\xe8\xaa9\
\xa4\x8c\x12!\x92\x19\xcbY\x10\xd5?\xad\xce\xd2\xa0r\
P\xa4\xb4xM\xd5\xe2L\xfd\xe3\xeaVE\x1fO\xd4\
:?N\x94O\xffqu\xab\xd2|\x5cv\xc3C\x9d\
3\x16L*\xf1\xcd\xd2\xb7\x944\x94#\xd0\xc4\x8e\x86\
\x13k\xc5\xef|\xa9\xd0\x92\xec\xb57w\xcb/|\xe5\
\x0fE^\xb0\x95\xbf\x8a\xc5\xe3L\x94ti\xa2r}\
c\xa2\xd6n\xd1\xa0D\xba\xa54\xb1R\x5c)\xd6\x88\
\x15U\xfc\xcd\x96\x1f\xe1\xe5\xc4({\x80\xb0\x1a\x9ba\
=N\xb3\x10\xe7\x0aY\x0dD}#^\xc6\xeb\xf1\xd2\
c\xbb2yO\x1aj\xea\xcaW\xf2\xcd\x99\xe68A\
\x8c\x0cL\x0d\xce L\xf1z\x80\x99\xe1\xc6\xc3.)\
b\xc7\xd0\xafo-M\xac[_\x8f\xe7\xa7\xadfO\
\xa0X\xa9\xafv\x8fE-\xc4S\xea\x0d\xaf\x13ci\
\x06\xe0\xcb\x96)\xa4\xd2\xd2\xd8w}T\xb6Y{\xff\
d\x95&\x5c\xb8\x94{\x96]\xe7\x82\xce\xb8\xfcY\x19\
_\xb6c\xf3}\xd5\x84Ej\x97\xf2\xac/\x87\x9a\xa8\
\xf3\xb0<\xe2G\xab\x13\xe2*\x0b\x92\x0b|\xa1T<\
\xea\xe1\x04\xc0\xd7\xad\xaf]]\x0d.\xa5Q\xe9\x05r\
`#\x080XMd\xcbF4&\x8e\xd1\xaf\x85\x99\
\xa1&\x94>\xbd\xa2\x09\xc6\xc1XQ\xe0\xb5\xf7\xb9\xd2\
D}Cm\x8d\x0aO\xad\x81\x81\xd0=\xaf\x13\xc0\x1e\
\x80\xc3\xdd\x92\xf1yS\xc6\x06u\xc0\x87\xbc \xbb~\
\x18?\xaaO\x92\xd8/v\xfc^F)\x05n\xd4k\
\xbb\xd4\x11|\x90\x99\xf8\xcb\xae\xb5\x9a\xac\xf5\xf5\xe5\xf6\
s4\xba\x7fc\xe2\xd3=\xad(*\xef7\x9d\xc8\xa5\
T\x03\xd0Me\x01\x0a\xb4\x13\xad\x5c\xbb\xber\xcd\xf3\
\xab\xeb\x14\x9fL\xa9\xcd'\xa3\x5cP\xda\xdef\xef\xb3\
\xedj\x8d\x8bVK\x89\x0a`q\xc6\x0a\xf1o\xd0\xbb\
\x08\xa5\xb5\xf2\x96%\x07y\x85\x88\x1d\xff\x8dE3*\
\xf21\xc3\x08\xb8\x82qa\xc1\xbf\xad\xa9\xac\xc8\xaf\xf9\
LOU{\x12lb\xf1\x1f\xee\xfaAYn\x803\
\xb22\xfep\xe9\xc3\x0b\x17\xafX\xf8\xb5\xb2\xc7\xa3\xa9\
\x8e\x1d\xc93\x07\x07\x0f6\xa7zv\x0c\xf4\x9f\x07\xb3\
\xd9\xe9\xfd\xc9\xc3\xa7R\xad=\xccr\xc6Lil\x84\
\x18\xb8z&u\xfa;\xe2W\xa9\xde\x96\xe1\x03'\x86\
\xce*\x0a\xb2\xae\xfd\xc3;\xba\x92\xdd;C\xe9&\xb3\
\xe2\xa9%\xdf\x88\xcd\xf7\xbf;^.6\xeb\xd7l\xfb\
5\x97\xd3\xae\x97\x1cY\xd2a\xf0)X\xf0\xa3%\xdf\
\x18EM\xba\x9d\xaa\x8f\xa6#MZ\x9a\x05\xad\xa8,\
\x17C[=\x13r\x03Q\xda\xd3H\x0e\x16,\xb4#\
`A\xb1\xf6G\x09\xd3\xceaA\x86\xa1'\x97\x05\xad\
\x8f>\xe2\xb4]\x8b\x8b\x0d\x95\xd2y\xe6  \xfc^\
\xcb\x81.\x15\xb0\x88\xde\xe6\x87\xbeF\x9fu\x1aB#\
d8\x16\xab\xca8\x8a'j\xf5\xf8\xb4q\x9c\xc9\xd4\
`\xc9\xc3\x06\xe4\xf3\xb3Z\xc5u\x89\xfar\xf0OX\
\xb3\x87\x08\xc1Qf\xef\xbfp\xbc\xe0\xa8\xf37\x19\xb2\
\x98\x1b!]h\xb6\x92\xb6\xbaf5t\x834QM\
\x90\x07S\xa1\xa1\xae\xdf.\xeb\xaf'\x1baX<M\
\x16\xa2v\xb4\x05<6N\xe1:\x0e\xad(\x0f\x96@\
\x9fA\xcd\xd0\xeb\xc6\xc7\xe9\x12\xf3\x08\xdf\xac\xd1C\xdd\
\xb6\xad\xc0\xbc\x92\x91\xd8%\xa3P\x93\xc1X]\xb1\xec\
$\x01\x9bu^C\x1e\xa2\xb6\xb1\xfa\x8c+\xfd\xf3R\
\x8a\x0c\xe2\x8e\xd2\xfa\xf5\xe2U\x9dr\xda\xb6B9\xe3\
cJ[L,\xe71\xd5\x13\x97\x168M\x0eI\xa8\
\xcd\xdb\xe8\xda\x9dR\xa4f\xee\x96\xf7[h\xff&\xb6\
\xffJ\xf9\x86\xcar\x11\x98e\xf4\xf1\x0e)\xb0\x5c\xa9\
\x0e\xa2\x9b\x15L-\xe3$\x92\x99\x01Y81 \xa5\
x\x0c\x94\xaf\x8a|\xb5vF\x22\x8bf\xac\xa9\xc2\x0a\
\xd2\x0e\xdf\xafx-\xd0\x01\x02\xa93Y\x07\x9b\x89\x18\
\xe2:c\x85\x89\xd6\xd5\xe5\xb2\xba>\xbaJ\xe8\xc1\xd6\
\x1a\x9a\xc4\xdf\xb3h\xc6\x96\xab!\xdf4K\xb5X\x13\
]_\x83\xb0e\xf5m\x15\x09x\xb5\xf8\xfb(\xe2\xd8\
\xf5\x85\xd3`\x9f\x80\xe4U\xe3c\xb3\xd0\xd2\x9a*n\
\x07W\x8e\x8a\xdd\xb6\xbe\x8eq8R\xfbb\xf3\x83j\
\xb4\xbc\x96>\x8bM\x96\xa3\xc5sO\x10\xd7\xe0*\x84\
i\x88\x7f\xa2e\x9bc\x03>B:\xbe*!\x1e>\
\xc9]\x97\x07\xfaO\xd8\x18N\xafZ\xf1\x98o\xffv\
\xcbO\xc0PU<\x06O\xfb\xae\xb5\xf1\x8f\xcb:\xfe\
dj\xc5O\x9e]\xb5,Y\xf2\xbc'\xf0~\x12\xf8\
\xf3\xa6\xad\x83\xef\xf5\x0f\xf6\x1fe\xe6*\xfc\x95\x829\
\x86.\xbf\x9d\xec\xda\x05\xda\xd1S\xc7S\xedG\x93\x07\
N%/\xbc\x9el\xb9`#8\xbe\xfc\xc2|+@\
!/\xbej\xfd\xf3R\xd3\x0e\x89R\xa0\x8aX\xe0\xc0\
\x14\x07*J/)\xa1\x8a\xdd\x15\xa1S\x80\x8d\xd87\
\xcbs\xc5\x86\x9a\xe8\xda\xf5\xd5\xb6\x9f\xcf \xd2\xcb\x8c\
;\x18\xf42\xd7}\xad\xe1Q_W\x8a\xaf\x13\xfa\x94\
\xb5['w\x0f\x95f):,\x98\x16\x16,\x8d\xd1\
\xd7\x1b~\xc4\xb9\xf1\xf5\xeb\x02\xacXu&\x19\x11\x1e\
\x22\xe27\xe5u!\xd4z\x05\x080\x1d\xe5\xaa\xc8\x8f\
\xd7\x83\xe9h\xb4\x9b\x22\x1f\x18\xe65U\xbb\x9e~\xb1\
\x06\xe4\xaa\x96A\xfe>\x16\xb3A3\xa9W\xae_\x8b\
\xae\xc3\xc8\xed\x83\xcc\x88~\xa8\xba\xa1\xd6\xe9\xef\x9b\x02\
=\x0f}v\x9fd\xda5\x89\xc6\xb0\xf7\xd6\xd1\x09\x86\
V-\x8d\x08@%\xc3\xea~+A\x14\xdd\x86\xf6\x02\
U:\xadJ\xe4\xd7\x0f\x1f\xa8\x09\x90\x847\x9e5D\
\xd3\x19\x22\xb9\x8a\xd1H\x8d\x89\x90\xc1r*\xbf\x10\xea\
\xbf\x7f!h\x83C\xfb\x9d\xa9\x8a\x86\xdd\x04\xcb\x1b\x15\
\xd0T\xbbhg*q\xdah\x92%N\x22I\xf1\x1b\
\xc6\x97\xba,\x148&\xb4\xf5\xfeB\x9dx4Z{\
\x0d\x85*\xc7\xee\x9dm\x9a\xf0\xb9p\xd4\x83/\xd69\
H\x1f\xc4\xde\x09\xe2\xb5s\xca\xcak\xab\x13\xf5.\xc8\
6sd\xe0\x05\xb5\x1d\xb8\x10v=\xc0v\xa0\xdd$\
s\xca\xfcS\xb5\x96\x9eT\xd8B5\x1eH\xc4\x7f\x19\
\x22\x80\xc9\xbe9\x886\xac\xed\xe7\xdf\x1a\x03\x0b\x0f\x1b\
\x0e|\xfb)\xc9^\xff|\x8d\xc4\x0c\xac\x96\xf1X\xda\
\x9e\xadJ\x00\xbdk\x83($\xfcT\x22>\xfdE[\
\xc6\xe0R\xe06-\x0d\x92\xeb\x98!-\xb2\xfc\x13n\
\xec\xeb\xa4QQ\xae\x13\xcaFA\xb3f\xb7\xa5\xaa\xbe\
eLd\xa4l}C(=`N\xd7\xaa\xae_\xd7\
\xdflT\x98PV[^\xb9\xa6\x02\xe1E!\x9c\x82\
\xc0j\xf9\x07-\xa0O6i;\xf1\xec\xf8\xf1\xd2\xcf\
\x94>a#\xf8\xa9\x0c\x07a\x00,T\x96\xbd\xf6\xef\
\x88\xb6\xa0\x92\xee\xb9u\x19\x89\x91HlbI\xcb\x92\
\xbe}\xcb7n\x147\xdd\xc6U_Zv\x1d\xa1=\
>%\xb3\x90\xabb\x8e)\x88\x22\xd9\xdd\x9azo\xaf\
\xd08V%\xd6%@\x94\xde\xbb'\xb9\xbd%y\xa6\
o\xf8\xc8\xab\x83\xdf\xbd\x88\xab\xef\xbb\x17\x11\xb2q\xe1\
\xdd\xc1K=\x0e*\xf1)\xaaWX\x98D\x83\x9e\x93\
\xe8\x83\x13\xa1\xb1\x19\xae\x03\xdfz\x81\x96\xc5\xbd\x99\xbc\
\xd4%\xd9\xcb{_N\xf5\xf4\x0d]y%\xd9\xf2\xba\
xyr\xd4\xa4\x8d\xa7$\xe9\xa1A!\x85B\xea\x8d\
\xc6\x84L`Y\x8e\x88\x90<!e\x94\x80\x90/\x89\
\xcaqPt+\xde\x9a\xb2\x5c\x95\x8ca\xa4\x10\xac\xf0\
\xf8\xf97\xd6\x94\x1c\xd0\xfd&\xf1\xbf\x80\xb2\xa1\xed\xd6\
?z&\xfeu\xc9\xca\xc9\x01\x9f\xe2\xb5\xac'j\xb8\
v\xe9\x90\xa4}g\xe6\xce\xe3o%\xb7\x1f\x88z1\
\xa5\xc9\xae\x97Y\x11q\xbc\xad#\x8a\xff\xcfx\xac\xe4\
?SCp*\xa1l\x91E.\xe4\xb5R\x80\xcan\
\xf8\x85\xff\x0a\xf3E\x91\xc90\xf4\xca\x80\xac\x92\x0f\x17\
\xdfbQ\xe4\xdd\xe1K\x10\xfd\x00$d\x14\xaa<H\
\xc2\xb9d\x9cJ\x135)\xb0z\x93\x08g'`\xb1\
%\x0c\xb3nE\xbb\xd3\xafN\x9en/\xa29\xdc\x84\
\xe6\x09\x83\x82c\xf8\x17\xa6\x04\x84\xf1\xf38\xd4\xe7\x90\
\xa7\x0bZ\xfc\xa0!*\x1a\x14\xc5\x81\xe2\xe1\xc2\xf2\xe3\
\xcf,x:\xcd\x05\x9f\xfbL\xcd\xea4\x10\x96\x89\xd8\
\xabb\xbak\xd9f\x96\x115Fi\xfc3\xe2\xb1S\
\xbb\x1e0\xb5\xca\xcaD\x9d\x1dN\xeb\xaa=\x92-\xce\
\xa2\x06\x9d%, %:\xa3\xae\xc1\xf6\xd8\xd4>\xae\
m\xc5[\x9eM\xd4\xd6\xb9x\x08a\xcc\xf0\xcf\xd0g\
\x1d\xcb%\xb3}\xa5\x16rr\xcb\xa2\xf2Z\x97M-\
\xb3\xe4@I\xc27\xd2/\xaa]m[\xff\xf2MC\
P\xc9\x81g\x7flXofP-\xcb\x0eT!I\
Q\xfd\x87\x8e\x85s~q\xfe\xd2\xdb\x96\xd7\xc7~7\
RX\xb9{\xd1\x0c\xf8Y\x13\xc9\xea;bO\x96\xe5\
\x8eD*\xc7Vg\x17\x8fI$\xcb:\x80\xa5\xad\xdc\
\xad\x11\xa2>\xbc8!^L\x0d5\x1ef\xf0\xa1h\
\x9d\xd0`D\xc3\x15/\x88{\xbd\xa6~\xd5\xcchU\
\xf9\x0b\xa4\xe7\x10\xf7\x13\x8772\x1cA\xac\xeeZ\xc7\
\xfa\x99\x9c\xf1\xc7|R\x19\xfc\xf3\x1b\x85\x92\xb5A3\
o\xe6\xfd\xb18}\xd8*\x88\x18\xe1\x8d\xab7\xdcm\
\xaf\xea//\xbe\xcb\xe0\xf0\xf8C\x7f\x11\xfe1 \x0d\
O\xd40{\xc7\x1fZU_\xbc;@\x07>\xcb_\
\x82TuAC=\xd7\x9de\xdbqE\xb3\xfetS\
\xe9\xd56\x95 J\x19\xdc \x7f\xa8\x13f\xc9Z\xd2\
V\xfb\x87\xf6\xe2D\x07}U\x95\x8a\xaf\xb7\x09\xf3&\
\xa2\x98\xd1\xca,\xad\x95\xdbT5\xd9\xcc,\xab\x99\xfb\
\xc4\x0e\xd6\xc9\x94gK\xe6!\x8e\x22\x9eM\xbc\xd4\x8a\
\xb6~v\xc6\xb3b\xde\x1e\xcd\xf0\xfd\xdc\x05\xe5L\xb4\
<{5\xc5\x17\xcf\xe6\xf0\x80\xd9\xcf>\xf1\xe8\x22\x9b\
\xa5D\xa3\x18\xc6\xe3}\x94W\xc2\xe7\x98MX\xc6l\
\xa5\x03\xb6\xe4|#k\xc5\xbf|\xb3\xda\x08\x85\xc9\xab\
jX\xb7aU\xa2\x5c\xbc3j\x13\xdflp\xc5\x96\
\xba\xaa\x8dS\xd5V\xa0\xda(\x0ce\xce\x10\xde\x5c\xf0\
\x10\xe0)\x5cR\xb7w\xb6\x86\x08\x88x\x0c\x04\xe2A\
l\x199t\x8a{_\xcb\x12\xcf\xf1\xe6x>T\xb8\
X\xeeB\x9f\x9cn\x06\x93\xdc\x1b\xca\xd4`\xff+\xa9\
W\x9b\x93\x1d=\x1c\xe9\x0aJ\xb0\xa6K\xb6\xc2d5\
\xb3r\x0e\xcc\xf7\xf1\x1f\x96<\xacQe\xdca4 \
\x14\x13\xb6\xc4'\xbb\xf6'[\xb6\x0d\xf67\xdb\x8c^\
\x0e\xb9\xe4\x14\x14\xdd^\xb2\xa8\xe4[\xfe\x15\x18\x94\xac\
H\xb8\xd0]\xa1;%[z-5y\xd7\xf7W}\
\xd1\x98\xa4\xb1\xa1S:]\xac0\xe0r7\x88n\xcc\
\xcf\x98\x931':]Rh\x95\x13\xa7\x87\xfc\x99\xbf\
\xc6V\xd5\xd7o\xa8\x9b?g\xce\xcf\x9a\xde \xae\xac\
\xf2\x0d\x1b\xf8o\xe9\x19\x05n]]C\x0fN'm\
mi\xd6\x1e\xdfat\xcb\xba\xd55\x0d\xf5\x8e+t\
\x94\x98\xa9\xacu\x14\xad\xe3\xa4!7A\x96\x1bB@\
\x96\xc4Q-\xd6\xa1aP\xcf\xdd\xb0j}Mb\x85\
X\x82+\x5c\xa6\xf4l\x18_\x0dp\xf1\xd8\xba\xf2\xc6\
\x84\xb3\xecM/\xfc\x8d\xdf\x89:\xf0\x10V\xd9\xde\x94\
\x05\x05\xed?2A\xf3u\x89\xda\xd5\xe5kk\x1a\xd6\
9\xe6\xb9\xe7Cq\xfd\xbc\xe8K\x95\x9c\x1fv\xac\x18\
\x96\x1a\xce\x0bE\x8f\x86\xf3\xa3.\xc3\xbf[s\xebk\
\x1b\x12L~V\xbe\xd6\xa6]\x0e\x5c\xd7\xcf\xbb\xaf\xeb\
;\xc5\xd1\xa4\x9f~\x9bG\xb2\x17,\x15\x8f\x8c\x9d\xcb\
\xae\xb3\xffW\xe7\xf5\xd9\xc4'\xdf\xe6k\x97Z\x07.\
\x1f\xa6\x0cI;\xc5\xc3e\xb8\xa9M\x81h\xdb\xecM\
\xbf\x89\x08a\xf8\xfc\xddL6t\x8b_\xdfW\xa77\
U\xd4\x8a\xc3vs\xd4d\xd8\xb7w\x00\xa7\xa2\xa9\x12\
\xa3SIB/pJ\x81\x91\xec\xea\x22\xa1\x93\xee\x03\
\x99\xba\xd6\xf1\xe9\x9b\xf0\x8a\xae\xdc\x8c\xd4a\x9cQ@\
|A\xea\xf0\x9b\xc9\xae\x9e\xe4\x95}L\x9c\xef\xe8\xfb\
cv\x9a0\xf4\x16V`/\x03[\x1d\x19@\x134\
\x822\xdbZ\xfc\x97\x18\xbb\xd8|\xd8la\x92\xf0\xba\
\xf1e-\xab\x98|\x80\x1c>%\x1e#\x94\x8eMY\
\xee\xe8\xb7<\xa8\x03\xbd\x17S\xaftb\xa4)\x19\x9c\
\x1d\x99ju\x0f\x0f'\xbaq\x22%\x8d\x0b\x16\xef]\
\xba\xf0\x07\x08\x00\x85\xddR{$\xdd\xafw\x83_I\
2U[G\xb2\xe5\xfc\xc0\xe5\x03\xc3{\x0f'\xb7u\
\x0d\xf6\x9f\x1c\xec?\xcd\x81t\x8e\xf7\x10\x06\x07\xe3\x8f\
\xd7q-)5\xde\x12\xca\xc8\x91i\xa8\x0a\xa8\xccj\
Q\x06\xc9|8K\xdc\x0ab\x07\xc2\x11Je\xbd^\
\xfd\xc1\xa6\xaa\x04\xdb\xe5\xb1\xc2r\xb4\xb4T\x077)\
|\xd4\x0a\xa1\xb9\xd7\x89\xdf\xba\x161\xfa\xd2H\x1cF\
\x09\xd1\x06\x96\x96X\xca`\x1c\xc5\xee\xd4Shlb\
\xd5q\xc5\xea*\xac\xe3\xc17\xfa\xc5\x0c\x0c\x5c:8\
t\xf6\x88c\x09<\x10\x90\xbc\x19/\x8c\xead\xfb\xcf\
81\x0f\xb1\x14\xcbd[\x18\xfbX.\x08I*[\
\xab}\xe2\xedGd{\x9b\x11{\xf9\xde\xde\xd4\xd1\xd7\
\x87\xce\xbe\x86lRg\xda\x86\xbe\xd3\x92\xbc\xb8'\x90\
z\x8bgD\xdc\x15\xccb\x92\xda\xd9\x9a:\xb2\xcd\xce\
Y\xe2\xe8\x16\xb8\xa6TX\x0d:\x05#\x01\x8e[\x9c\
\xa4\xec\x9e\xf6\xcd\x14f\xa7\x86v^\xc0Vh\xeb\xc4\
\xd2\xd3z\xc4\xc6\x03\x8e\xc4\xa4\x1b\xb8\xd3\xf3>\xdb\xce\
\x80\x90\x1eq\x0fp\xb10\xf5\xab\xd6\x8b9\xae^x\
\xad1\xa3\x96\x97n\xcb\xd1\xe6\xec`\x9b\xd5E\xe4\xa9\
\x13{N\x8dA\xc9\xe3\xf8I\xe0\xeb\xef\xf7\xda\x15G\
\x00M\x03o0\xfd\xd3\x11\x87\xca3\x14\xf6\xc5V\xeb\
\xb0$66\xf3\xb7\x8a\x0d\xf0\xe0\xae\xa7\x15\xd9-\xc6\
\xc1n\x9d\xd3.\xc24\xa3>\x16\x8b\xbe\xa3o\xb8\xa5\
SO2\xc6\xc32\xda\x92\xdfL\x9b\xcd8\xc9}\x03\
\xb8j\x11{I\x1e\xe1Ay\xably^\xee\xa9\x0b\
\xd2j\x01\xb3p\x9d\xb7\xc9\xf1\xa2\xf1\x8f\xe1\xcd\x19w\
\xcb\x92\xa0\xb5\xaeE\x5c\x0d\x9e\xad2\xb3\x0c\x9f\x94U\
B\x11\xd8\xac\x9d\x86~\xaf\xbc\xfd@Ga#?Q\
7S\xe2\xb0\xaa\xc4\xe6\xbb\xf1\xd3z\xcf\x8c+\xce\xca\
\xaa5\x9b]w\xc2Z:gp o\x0e\xeb\xb6\xff\
v\xde$\x1ez\x89\xb5\x9b\x8d\x16\xed8kC(B\
:\xac\x98\xb7\xcfIA\xc3\x87\x9b\x86\xde\xd8\xca\xe1#\
\xeek\x0b+f\x9d\x1a\xaf\x91B\x1a\x13\x8c\xdf\x06\xed\
\xefZ\x1e8\xdf\x08\xb7\x09\xa6e1N\x876\xd5U\
\xae\xdf \xff\xc4\xe9\xddl\x8a\xbaM<;\xc8\xfa\xe7\
\x1b\xc17\x89\xd1\xe4\x5c~\xc1\x0aKE\x85\x0dt&\
\xd7\xd1\x94m\xd6\xae\xb6\xd5\xe2\xb9\x9a\xd0~\xb2\x92t\
N\xfc\xfd1\xf1\xb0\x8d{?\xaf\xa0tV\xb5\xd4u\
.\xff4\x91f\xf9\x89\xac\xe6n\xdaP\x9b\xa8K\xd4\
\xf3p\x83\xf4\x8b\xff\xb4rC\xdd\xe6\xe8c\x0b\xe3\xf4\
\x97\x8a\xd5\xf5\xa0\xa2\xd8\x1c}\xbab\x83\x8d'\x15\xed\
\x187\x07-\xf8\x0d\xd4\xe6*m\xb0n\xdb$/\x09\
,v\xa8t\x9bm\x82Z5\xd0\xb5\xfe\xa5\xbd\xf5\xdf\
\xe5\x17\xe2a\x88\x1bk\x95\xfa\x8d7\x1a\xf5\xea\xfb4\
\x85\xa8\x0e\xae%\x5c\xdaC;\xde\x13_#!\x0f\xf2\
+\x81[\xdal3L\x06\xa69#\x87\xd4\xac\x02\xc7\
\x1dV#\xfa\xb3^k\xef\x0e5\xeb9J\xdf:\xe8\
\xddfBW\xb7\x01\x1b\xd4\xd6\x0b\xd4\x1e\xec\xd7\xe2k\
b\xb7n\xfdE\xe9),b\x1f\xe3\xbc\xa9\x8e\x5c+\
\x9b\xa3\x03\xbd\xedC;\xdeL\xbe|\x8aW\xb1K\x97\
\x0b\x157\x92]yj\xdbB\xed\xa2\x9d\x16&\x16\xba\
\xd7\xceSC\x9d\xdd\x8e\xfb\x16\xbbX\xb1\x00m\x06a\
V\xf7\xd8\xb4\xd9Z\x0b7\xc12\xb4\x19\xaa\x0b\xa9L\
\xe9\x12\xb7>r\xc3A\xde\xd1\x8cogD\xc1+`\
\x07z\xfbD\x06^\xa85?F1\x17\x12t\x18\xfd\
v\x94\x99\x07\xbc\x9f\xddcMM\xcc\x99\x7f\xe8\xdb\xae\
,Db\x94%\xba\x8f2C\x9aq\xe7\xf2w>\x0e\
\xc1OL\xf4m?7\x91\xb4v\xd6\xcd\xf4B\xc0\xdd\
8\x84\xd9\x8e^\xcdXv\x1d\x0a\x8dc\x98\xee\xd6\x16\
\xa6ju\x06R\xf3\x92\xce\xa2\x0d\x88\x9d\xab#\xd8N\
\xfb'+s}\xfb\x84'mUb\xed\x06\xfba4\
Z.\x8e\xf1f\xea\x8d\xbaQ[78A>{\x03\
d bL\x1c#e\xcd\x9b\x16Q\xf79O\xaa7\
'!\x91t\x0f\xb8zG\xd97\x0d\xe9#``}\
f\xc1\xd3\xb1\xf9\x8d[J\xb3\xd6\xfc\xad\x9e\xbcT\xb5\
\x95\xec<\x96:\xbb\x07\xd9\x91e\x9bb\xc7\x11\x1b\xeb\
\xde\x81\xcb\x9d\xe0-?p%\xd9\xba]\x14q\xe8\xf7\
\xe9\xa7(W51t\xf6\xfd\xd4\xfe\x9d\xa3\xae#\xd2\
&:*&\x10W\xec\x9cP,\xaf\xb7\x8e\x94N\xd0\
\x91j\xed\x8e\x16\xcf\x09gO\x0ao'8\x1bsB\
\xb7\xf2tg\xab\xaa\xcd9a[x\x9aS)\xe2\xdb\
\xc2\xbe\x97>\xeb\xab5\xb8\x1c\x9c7S\x16Cy}\
;\xc2@\xef\xcb\x03\xbdM\x03\xbdo\xda!\x0a9\x0b\
L\x18Z\x04e/\x1dcS\xb2\xe5\xea\x8f\xe5\xac\x99\
\x8aG\x0a|\x01r'\x1b\x1d\x1f\xc9\x8eo\x8f\x83\x9b\
\xeb\xb0v\x82\x17\xc3\x85\xf8\xf6q\x99\x12\xb8M\xbc\x98\
\xdf\xa6M-\xbf\x03Tl;\xb7'\xbb\xde%\xb3\xdc\
aWz>\xd5lcsX\xc3>\xce\xd7h\xec`\
\xb3\xdd\x9e#\xdc\xa1\xe6c\xdf\x96\x84\xfa\xfd\xbb\xac\xc8\
\xafX\xce\x8b\xbfM|\xea\xa5\x18/\x84W\xb1,\xf7\
\xd9\x1f\x97\x16#\xf4\x9b\x92\x8bG`\x94Y\xfc\x97[\
\xfe\x1c\x8fe\x9f\xf2K\x08\x1c\xbc\xda\x9f\xdaw\xdeL\
5~H:\x14\xbbw\x0a\xed=\xd9z.u\xb8I\
\xcb8\xde1\xbcc\xc7\xf0\xa1\xed\xc9\x93\xed\x83\xfd\xad\
\xfc\x84\xb6g\xf9\xd6\xe0,\xb7\xbbg9\x12\xbbu\xcd\
T \x5c\x1a\xee\xd0\x9c\xf6yH\xbf\xfd\xf6\xf1d\xf7\
Yq\xa5\x0e\xee9\xea`\xf4\xc9FE\xa3R\x84+\
\xb9\x8b\x17\xa08\x06ai\x16pNH\xb5\xa2\x0ck\
>\xf1 \x0b\x90\x9fwn{j\xff\x95\xc1\x13\x17\x93\
-\xa7\x86\xb7\x9dbm\x84\x87\xc0\x11oc\xceR\xbb\
c\x96(\xe2f\xc53K\x17\x18\xfd\x1d\xba|9y\
yo\xf2\x9d\xae\xd1\x03tdq\xf7\xea\xcf\x0a\xc0\xf3\
\xc7\x86f\x96\xce\x03\x7f'\xd9\xa8(]\xb4\x914\xef\
6\xe4_\xdd\x7f6Ji\xa6)?\xb6e\x15\x8f\x8d\
\x03\xf0\x0dC\xb7\xef\xdf\xf7\xfb\xd1_\xb7\xc3\x83N\xd0\
6\x1e\xa8\xe1\xa3\xef\x0d\xbff\x8d\xc1\x97b\xb9\x0a\x04\
T\x16I|\x8ai\x1f\x89\xac\xbd\xda0C\x99\x0cG\
\x0a\xc1\x9dW\x91\x0f\xc8\x0e\xff,\x96\xb1\xbc1@\xbe\
\xf6\xc7\x03\xbd;SM')\xdb\x03\xcdTw\x87X\
\xc1\xbcV\x90\xb7\xfc]@\x03\xf8W\xe2\xe7\xc3{\xaf\
bA\x8b\xfd{\xe4h\xaa\xb5\x87\x99\x97\xbc\xdf\x22\x08\
\xbe\xef<\xff\xd0qCd\xc7\xbe\xb0\xeb#\xc3Y \
f\xe1u\xf1h\x1d\xdes`\xe8\xecY{\x16\x8a\x9e\
\xbb+\x9e\xaf\xcf\xc2\x9b\xa2\xa7\xc9\x0e\xebm{\x9f\xe4\
9\xab\x11\x87\xe8:\xf9\xa0\x08Z)\x0b\x17\xfc\xa8a\
1\xa8\x08\x94\x9d\xd2W\xcc\xc4\xc5\x16\xdd\x84\x90\x10q\
\xd7z\x06\xcbC\x03W\x8f\x0c\xee=\x00\x03W\x7f\x8f\
n\xb3\xb4\xbb\xf9\x10\xc8k\xf4n\xf6'\xcf^\x1aj\
u\x9c\xc1\x92]R\xff\xfe~\xf1\x06t\x17\xcf\x8c=\
\xb4\xbfA\xdf\x08\xfd\xc3\xc7?\xb0e\xb6\xc7>-\xcd\
Z~\xb3&\xf3b\xbbX\xd3\xe2\x9eN\xf6ns\x16\
Ol\xd0B\xe2e\xf1\xd4\xdes\xe2\xe8\xb4T'\x14\
\x07-\x9cG&\x17\x04\x10\x15\xc8\xeag\xf7\x0c\x5ci\
Ov\xb7\x0e\x9d9\x8e\xe1t\xe1\x89\x02\xc2\xa0\x85\xc4\
\x9e\x8ce4n\xf1_\x00Na\xact\x0c\xf4\xe1\xcc\
\x13\x7f\xb6\xde,\xbaX8Y\x9c\xfd\x8c\xda\xa2%'\
\xeah\xbd\xad.\xea\xbaB\xd1\xa6i?\x1d\xcckW\
D?\xcf9\x85Ec\x1d[>\xf9\xd6\x98\xa5Y\x14\
\xbe\xba\x89\x96\xa5\x5c\xa8e\xb9]\xdf\xaf\xbeC\xefg\
\xc7`\xff\xfb\x83\xc7\xb6\x8a#\x13Y\x086\xc1\xdc/\
\x9e'\xdd;\x87\xae\xeeH\x1d>j\x1f\xf9$z\xd9\
uCL\x9e/\xe6\xc2\xbb\xee\x8a\x05zEex\x02\
~O;\x1c\xee\xb2\xc5\xe8\x96&\x5c\x0e\xad\xdd\xce\x9d\
\xbek\xcdG\x89\xc75.\x14\xb1\xccv\xa5\xcev\x8a\
\xbbD\xdc\xfc\x96\x06\xab\x8a\xc3^\x22\x06h\x11=e\
\xab\xc4\xce}\x1e\x9e31\xf2sG(\xaf\x1a\x80~\
\x00:,y\xf5\xa5\xda\xa6\xbfZ\xe9\xbb\x9e\xbe\xac\x8b\
g\xc3\x8aLSQ\x17\x9d;\x17*,\xf1\xe31\x88\
\x98\xe1N\xc93\xaf\x0e\xb5\xbd;\xb4\xad#u\xc0:\
z\xa6\xc7\xbe\x17\x9b\x8fC\x02\x8d6\xcc\xa8\xf8\xe2\xc2\
\xa5\x0d3`\x1e\x85it\xc9\xaf\x97\xefil6\xb8\
\x88\x1e\x1c\xe8o\x11\x0bI\xda\xe8\xb9\xa9=\xa7R\xad\
\x17\xc4Y(\xfe\xc0fQi\x10=\xdb\x07\xb3\xe1\xc1\
f6\x1e\x06[^\x18\xfb\x1e\x0e\xaa\xea\x8c\xae\x8fi\
\xa5\xac\xa5\x95\xb2\x9a\xdf\xb1\xadO\xc5\x8f.\xfeKV\
A:[J~S\x96\xfb\xc2o{\xaa\x84Z2\xd8\
~n\xc53#\x85K\xfe\xdf\x92\xdf\xc0W\x85^o\
Z\xd2=\xd6`\xa3Y\x89>\xd2\x99&\x14\x90\xa1\xab\
\xbb\xa2\x9b\xd6\xae^\xb7Z\xbc|\x87\x8ew$w\x1e\
\x15\x0a\x88\xa7\x92\x0c\x9doI\xee\xb8\x08(\xd4\xc9\xfe\
\xe1\x03'\xa0\xb0\xec;9t\xe6\x1c\xe5T>$N\
+\xf1[!\x0a!I\xfc\xad\xa7\x0f\x89\xe3\x91\xb5:\
\xfbx\xfc\xde\x8ag4\x12\xf9\xb1`S\x11\x97t\xeb\
y;\xe8\x98J\x8eDb\xe3\x80|\x823\xc2H\xc9\
9\xd5\xabI\xb0\xb8\xceT\xdb+\xc9KM\xd2\xf7\xf0\
\xe6>\x07\xb7\xffW\x85\xc4o\x96}T\x96\xbb\xe5_\
\x81R\x1f)\x5c\x91Q6\x07\xeb'~\xb4A,y\
$\xfeD\xa8)r\xe5\x08\x9dN,\xffU\xff\xc7\xba\
'\x11\xf0g\x99<\x9e\xa3\xb6\xdfI\xbe\x02\x83\xb6P\
\xd1\x18\xe0\x8e\xc1\xb8\xd4$\xeeJ\xb9\xa2v\x1e\x15;\
\x82\xbc\x22\xef\x0d\xef;=pi?\x8c\xc2W\xdf\x1a\
n:Jz\x1e\xb6\x0c\xd4\xd5\x0f\xdaS[_K\x9e\
\xe8Lg:\x89\xb9\xba>\xf2\xf9\x8a'KO\xf9\x9d\
\xe7\xbfS\xf7\xb3c\xe36=\x11\xdb\x89\x8e\xe3\xa1\x17\
\xfc\x18\xefC\x1a\xd2\x7f\xc8\xb5KGRm\xed\xa2W\
\x81o\xf1\x7f.?\xa7UL\xc0\xe0\xe9\xb6\x81\x8b;\
\xf9+\xf8\xa1\x18\xf6\x8d\x96M+\xf6\xbd\xea\x99k\xa6\
\xc2\xcf\x04\xa5s\xa4\x10_S\x96\xab\x86\xbd\xe4\xdbK\
\xfab\x13W~\xb2\xe2_\x1a\x9b)\xa0\xa1O\x0b\xcf\
}\x12\xc9\xbf\x0e\xbf-TK\xc9\xd9H\x1a*\xbe\x80\
z\x8a\x83R\x1b\xd7d\xcb\xa5\xe4\x99\xbe\x81\xde=\xa9\
C\xef\x8b\xbe#\xa2\x8e\x22\xe7R=}\x0e\xd2\xeb\xbc\
\xd8\xff\x5c|K\xecw\xd0\x141r&\xdf\xd8@\xff\
N\xb1\xbb\x07\xfa\xa5\xd2\xc8\xdf\xe7\xde\xc5\xd1\xd8\xffT\
\xe1\xb0\xf1oumNsr\x14\x0b\xa9\xa9\xb6&O\
\xbbHv\xf6\x0a\xb5\xf4\xf780\xf2\xfd\xa6\x90\xac\xa1\
\xfd/\x12\xa7\x0d5|j\xb0\x01\xd1\xe7\xd6\xf3Cg\
_N\xf5\x9cv+\xe0\xb9\xb1d\xc9\xaa\xa5\x0b\x00\x1f\
\x85N\xa9i\xa5\xfd\xaf\x0b\xf5]\xa8\xd7\x8c\x1ae\x1d\
\xd1\x91?\xbc\xf4xl\xd6\x8a\xff\xae\x1d\xfd\xfd\xfd\xc9\
\x97\xc5M~:yu\x9b\xd3\x17n0rF\xd8\xb7\
\xe6\xa6\xe2\xb4]\xe7\xb2\xb8[7\xcbU\xc5\xa1\xf4i\
\xdb\xf9v\xbd\x12+w\x8e=\x98\xbb`i\xd3g\x90\
\x99\x8eoJ\xad\xf6\xe5\xc3CM2\x03\x9dwCZ\
\x173j[y:\xf3\xb8n\xba,\x9d_\x96P>\
\x89o\x85\x9bpy#\xb8H\xf0!\xb1\x9c\xc6f\xe5\
2\x1c\x89T\x808+\x01\xb4+~\x06\x84\xabvy\
\xc7\xf9T\x8a\x12\xc4\x95\xdd\xb6B9o\xd9:t\xa6\
\x97?\x1c\xef\xd5\x83\xcd\xba\xdb\x10\x0a\x7fk\x8f\xf4\xe2\
1\xee\x95~\xcbhW\xc7E\xff\x80\xeck\xe0\xc6\xc6\
}^\xbd\xb0s\xc6Hd\xf9\xde\x97j{\xba\x84&\
\xbb\xbf\xacc\xd5S\xfb*\xbe\xf1\xa7[z\xe3?\xd4\
\xb4\xfa\xaf\xcb^\xaa\xdbZ^\xe4G\xba\x87\xde\xc7\xfb\
#yq\xaf\xb8\xa5\xc5;\x1a\xea\xefk\xfb\x11\xeas\
\xbcc\xf8\xc8k\xc9\xefl\x1d\xbc\xd8\x0b\xec\x8d\xfd\x1c\
\x98\xa0\x8ex\xf50\xf3\xe1e\xfaA\x8d\x87\x99=i\
\xa2*\xc6\xd1\xc8\x07\x93'\xab\xd1(\xb8\x13\xc3LC\
\xc5\xc5\xe3\xba\xc7\xaezL\x11\x89U\xe4/.`\x00\
\x00\xce0# k\x9e\x14x\xa2\x13+\xef\xf8v\x9d\
C\x0c\xcf\xaa\x13\x07=\x8f\xbf<\xae\xc8\xado\x99K\
\xd0\xa8\x1e\x0c\xb2\xbfa\xcb\xc7\x08DF\xa3X\xfa\xda\
j\xb8W6\xc9<\xc1\xda\x83O<*\x06\xfbwq\
\xb4\xb1\x5c\x17\xb49\x1c\xb3=\x09\xedU<Y=\xbf\
\xb1Y\xad\xb9\x8a5\x95?\xd0BZ\xa7\xc9$\xedm\
B!\xbe\x88\xc3V[D\xa9\xb6\xb7R]]\xc9\x03\
\xf6\x91\x01\xb1\x0d\xf7\xaf}N\xdb\xd4\x9c\xa9`\xcf\x07\
\xa9w\x8e\xd9\xe1\xbb\xa2\xf8\xae\xa7\x97\xfcZ\xdb\x92\xe3\
\xb9\xc2p\x0b\x8eK\xc7f\xcc\xf5\xeb\x183{{\xa0\
\x9e{r\xa7\xa0\xf6\xfeF6r \xe2\xae\xf4?\xba\
\xc766[x\x8dYR\xda\xf1\xf3\xbe\x8d\xe3X\x17\
\x0e\xbe\xf6+P\x90\xc4x\xa4\x81gdBu\xd3\xde\
{\xa4`\x8d\x8eE\x8ap\xc1\x81\xcb\x9d\x83\x97\xcf8\
\x8b\x07\xec$Rqs\xdaIP\x1c\xe4\xd0\xc1\xe2\xcc\
\x09m\xef\x16Q\x1c\xfez\xa3J\x9e\xac\xc2\x84\xcd\xce\
\x8a\xd4\xce~\xb1L\x83\xed\x0c\xbf\x865\xe8(^9\
\xe6\x99i\xbbv\x1b\xc5\x91\xfes\xcf\x89\xe1\xed\xbb\xed\
\x05\xf2\xcf\xcf\xad\x8f\xffE,\x19\xcb\xd1\x16\x089\xcc\
\x93]/\x8b[L\x1c|6~\xfa\xdf\x12\x0f\x22d\
\xbax\x0c\x86k\xd3\x13*\xe8\xd6\x18\xeb\x22\x84\xda\xef\
\xe9K\xb5\xbe\x99<t\x05)Gi\x14\x85\x1e\xc4 \
\xa1t3\x91i\xc4Xe\xb1\x91\xc4\xd2?\xb4\xe8\xaa\
`\xb6\x94q\x5cE\xe6K\xb1\xd4l\xd4\x8c\xf9`\xdd\
\xb1\x5cZ\xac=g\xe4\x9a\x91U9\xc2e\xd94g\
\x99\xf5Q\xbc,7~\xad\xe3\xe6D=tr\x04m\
\xfax{Y\xb5{\xa7\xb8\xce\xc46O\xed}\x9f\x15\
r\x0e\xd4\x1c=jN\xb5M\x80\x22KMD\xf1\xa5\
\x0b\x96?\x83v\x0d4/\x02I\x91M\xa9\x9e\xc8\x1f\
\x12\xe4\x1a\xad5\x92\x7f\xdc-\x05\xbf\xd3\x95\xec\xdb\xcb\
}\x12\x97.\xc1}\xe3\xabV\xaf\xac\xff\x03\xe6\xbbp\
\xdc\xbf\x93\xd1\xaa\xb8q\x85J\x8a\xb3\xb5\xf4h\xd3\xef\
\xfc\x13\xd5_\x0aR>\xaeT\xd2;\xe9`M\xbe|\
T\x1c\xac\x81\x93\xd4r\x06\xa9\x18>(j8\xb6G\
\x22x\xf3\xedo\xd8W\x11\xcb]v\x1d\x16Uq\xc0\
\xeaJ\xdc\x97dc|x\x93\xd6\xc6\x877^B\xf4\
\xa6\x13\xa7\xb8\xb8\x15\x81\x18\xbd\xf0.[Z\xe9\xf4u\
\xe9w4\x09\xe6\x99\xa0\xc4\xbb\xce\x042\x1fV\xe4\x03\
\x10\xc3A\xc6\x8d\xcd\x98\x0e_\xc1\x94\xf4\xeb\xad=\x0c\
{I\x9d>\xc1\x1f/:\xc0\xe3n][\x90\xa88\
7<.U7\x9d\xfc\x7f\x95\xd25\xdew!7\x9a\
\x96d>\xdf\x93\xffO\x90\x8f\x05d<A\xa7\x9a2\
\x0f\xb1L^)\xee\xa7i\xb6EK\x1fIG:O\
\xc5;[\x12\x9f\x06\x8b\x8b\x87uj\x9f[\xba\x11\xcb\
\x19\xd1\x0d\xab\x16rJ\x15G\x0b#\x85\xa4o\x7f\x14\
\xff\x87\xc6\x8f\x9f\xaf\x84\x19g\xd3\x13+Zj>S\
\x9f\x05\xaf\x96\x1f\x01\xae\x0b\xe4^\xc0\xc4\xc9\x8ay\x7f\
g\xb2k\xdf\xe0\xa1]\x83G\xbe\xc3\xd6\x1dq\xa0%\
\xaf\xb4\xa4z[\x06\xbb\xb7\xb3s\xcb\xd9ec\x19\xa8\
.;g<\x13\xf6\x13\xe3\xf0s\xbcd&\xa0\x10+\
\xea\x81G\xd2$\xae\xe0)\xea\xa1\x8f\xa1l\x880\xaa\
Fd\xd5\xf0\xe2x=\x05\x8b\xf3\x83\xc9\xb1\xae\xd2Z\
\x81\xa6\xfe\xde\xd6\x9e|\xa8\xf5K~\xad8\x9b,=\
q*\xab\xeb\x90B[\x7ft\x950\x17\x12!\x83\xf7\
\xaa\xaf\xe8\xb0$\xae\xe4mQ\xeb\x16)y\xb4\xe1~\
\xe3\x16ii\x11J\x98\xe3\x16\x99^\xf2\xb8\x026\x8d\
DJ:\xd1s\x8c\x05\xc7\xf5\x8bg\xc9\xff\xdax\xab\
\xf1%\x0f&[Zu\xa8\x13T\xfb\xed\x9d\xfc%<\
6^\x8c?^ W\x0f\x0f\x9ejw\x7fa&\x1e\
\xa7\xdaZ\xa2\x17\xa9\xa3\x906\xab(\xe4\x98\xcf\x09(\
$N\x9f9\x19\xd1\x92U\xb1qZ\x85<\xae\x10\x9d\
\x13\x15\x7f\x18\xe8\xedtT\x9e\x89+T\x06\x93\x97\x8b\
\x97OE\xc6l\x82\xa1$2\xa2K^\xab\xf8\xe2\xc6\
k\xb0cAol\xfc\xa4\xeb\xc7\xfes\x9f/Y~\
:G\xcb\xab*f'\xbe\x95\x88&\xcf\x88\xe3\xf3\xc2\
\xe0[g\xd9\xb0%\x95\xdfC\xef\x0bm\xd4Z\xb2h\
6\xb0\xc2Y\xa4{\x85\xa3\xb8q\x95\xc8\xe2!W\x03\
\x8a\x9b\xafq.\x1e\xf2\x1aG\xf1MOl9i\x15\
?\xdd6x\xf1\xa4\xb3\xb8\x11z\xab\x8a\x13 \xc6\x82\
\xd2\x97\xf8p\xb0\x9b\xc5%k\xcfq]l\xa7>\xc7\
\xef\x0d\x5c\xdc\xe9(\xb4\xf7_\x8dB\xe2\xae\xb6\xf4X\
\x14\x12\xf3\x18\xcbx,\xc3\x07\xe2\xe6p\xe1h\xec\xb1\
\x87\xed]\xc6\x15\xf0\xec},c\xb5\x1f\x01!\xab,\
Z\xfd\xd8j\xfb\xeban\xd4U\x88\x88\xb2\x13\xba\x94\
\x04*^z\xaa\xe1\xa1`q\xf2\xe1\xf6;\x8b\xe3\xa6\
\xb3\x8a\xd3\xb5f)\x9a(\xbe\xbc1\xfe\xf7\xebZK\
\x0b\x97\xff\xc6P\xc5\x0beE\xa1\xd9t\xf5\xa4\xce\xb7\
&[\x0f%\xfb/\xba5s\x1a9,\xc7M\xc7\xeb\
\xb3\xf4\xedC\x12hI\x0e\x9e9.\xae\x11{\xefi\
\xea\x951*\x93l}*\xcd\x08%6T\xd6\x04?\
\x19yk:\xcf8\xbb\x0a\xcb\x9e\xab\xabl\xd2sw\
\x95+\x8a=dtSU\xa4}\x94\xa6\x83\xcd?\xaa\
]\x1c\xec\xe0\xd0+G\x06\xdb\x0e8\xdb\xc1\x81jL\
\xa3lG\x9a\xaa\x9c\x93i2\xacg\xb1\xcb\xd2\xee\x8c\
(d\xc6\xd5sA\xf6b\xd92[\xf4\xc7(B\xd0\
\x1d\x8fQ\x142B\x80\x22\x5c\xd0\x9d\xdcX\x14_\xf5\
\x80\x11\x5c\x8a\xe2\xa9c\xbd\x0c\xdd\xb0\x1cT\x08\x0cu\
\xc5\x7fh\xef\x8f\xdb\x93\xdb\x0f\x88\xcbV\x0f\xffp<\
;\xb2 I\x0b\x15\x1b\xcb\xb5\x5c\xb1`(\x092\xb7\
Q\xda-d\x09L\xd36J\xeb\x11\xc8Tt7\xda\
\xbc\x92\x04\x9d\xd6\xc6\xee\xf6\x87\x8bo1n\xe3\x1d\xdb\
\xc9lw\xda>\x8fDIq\xeb\xfe\xb8\xf2uC\xed\
\xbc\x9dk\xd0\x8d\x0a\xc3\x86[\xff\x8c\xa26)\x93Z\
d\x02x\xea,\x8e\xbab\x96\xa7\x14\xc8`\x10\x82\xa4\
\x9dKC87zR\xd0\xfc\xe4\x8e\x8b\xc3{\x0e\x90\
w\x02(\x83\x90\xf7nn\xe9-\x95\x15\xb1\xf9\x88\xdb\
i\xfbP\xcb\xcaq{\xb2uG\xaaS<\x84.r\
\x94\xce\xd0\xc9\xed\xe2\xa9\x1eR\xfb\xd9\xffXuKX\
\xedCWR\xc7v\xb8kOB\xed\xd2b\xf2\xe3J\
\x9e\x87\x8c\xcd0qj\x1fAr\x92\xad\xe76\xd5\x83\
\xc7a3[/C\x04E'\x9b\xa8\xf1\xe8\xe7\x1d\x82\
~\xd6tX\xe2\xc6\x7f\xd6t\xc4\xf9=\xa5\xc5\x7fR\
\xb4t\x01\xb8z\x83\xdf\x03\xd0\xd1\xa97a\xb8\xef\xe9\
Kv\xef\x0a\xa9\xbd\xf1\xefCk\x0f\xbe\xd5\x13Z;\
\x0f\xb51\x92\x15\xf9\xd6l\x14J\x094\x980l\xa6\
\x99\x13\x1a\x8c5U\x90\xd1\xd8\x0cM\x01\x11\xec\x86\xd5\
~\x1aK\x13\xda+\xcb\x81Z\xcd\xca\xcc\x91m\xc3\x07\
\xba\xddF\xfc\x1c\x88\x85\xd2\xbe\xd6\x7f\xbc\x8dgA\xd2\
\xce\xfd\x9e\xfd~\xa3:\xdf\xaf\xd1x\xadd\x8d\xab;\
R6\xafUv\xe9\x7f)\xf9M\xc0\xa2\xd2\xba\x0f\x1e\
T\xa7E%\x82\xe2\xf1\x8f\xcan\x03\xf6G;\x0f\xb8\
JW\xa7\x18c\x06\xff8\xdb1QL\x5c\xc9\x8db\
\xa2v\x14\xb9V\xb0\x1d\x9d?\xcbY\xd1q`q\xc5\
4\x07V\x0e*\xdac\x8dj\xa1c\x9d\x09\xfdC\xbb\
hH\xd9\xb0W\xa8(\xb4\xa6\x0a\x8a\x86\xa1\xaa\xdc\xce\
\xc5\xb1\x22H\xd7\x081\x1fZ*N$\x9dN\x93\x09\
6[\xbdG\xc7\x86\x0f\x9c\xb0\xc7HR\xde\x9a\xa6O\
.\xcc\xcfG\xb7\xe9\xb3@\xe7\xca\x857g\xd9\xf5\xc4\
\xbc\x9e\x0fM\xe8\x9c.F\xf7\xd5\xc0\xb8\xb3\xe7<\x81\
\xad\x9c\xd09\x83\xa08\x8b)L\xecI\x12\x85\x02\x1e\
\xad\xf1\x5c4\xd4\x975\x0du\x96]\xaf\xdc\xdds\xc7\
H\x04(\x16\xd2\xdc\x8eum\x86\x91\x81I\xe7\xb4[\
b\x1eK#`\xf7\xee\xe1\xfd\xe4E&0\x8b\xd2\xe9\
\x8e\x01\xa8Gv\x05q\xcc\xf3\x1b\xd0qWLA\xa3\
\x98r\x1c\x09\xcb\x1bq\x15U\x17\x81\xac\x03\xacH\xba\
\xd5]6G+\x80O\x06\xa1\xbbJc\xd4\xe17\x87\
\xce\xf6\x0b=\x16\x83G\xa7\x90\xbd8D+\xa6G\x91\
\xe5\xb9_\xc8\xd9L\xc2\xab1\x82G\xf0IW\x9a\x18\
Oh/\x13Q\x1c\xd2W\xbf\xa4\xf1\xae\xe4q\x15\xf9\
\x9a\x7f\xe3\xa5\xa1\x93\xb6\x85\x1czqi\xd6\xb77i\
\xed\x90.\x9cl\xdd.\x9eK\xf6\xcc\x1f\xd3\xba\x94\xc5\
Cl\xcb$6\x1ac\x1fPA\xf7>(\x82\x97#\
6\xbf\xe2\x85]?P\x9e\x0e\xbciq6.\xbb\x0e\
\x84\x86\xc3*\xfa\x15\xf6t \x10\xb5\xadoxG\x97\
\xee\xef\xe0\xc7\xad\xbc\x11\xc4\xda \xf8\xc6(\xa6\xd2\xaf\
\xa2\x0fe\xb9l&a\x93\x862\x92\x8c\x14\xd2\xeb\x05\
}\xfc(~\x8d\xf3\xd6\xe3\x03A\xb7T\xd6A\xe6\xf0\
\xdfj\x11M\xcfq\xcf`\xa9V6\x15\xcf\x0c\xa2\x1b\
T\x00$\xe0g\x0f\x7fI?\xb1\xed\x1e}}\xf0p\
;\xa0\xde\xbcv\x89\x90)\xb9\xbbC\x1a\xd9\xc9\x8cf\
/_\xeaz\xf7\x7f+-n\xfc\xdf\xcb\xf7\x80\x00!\
\xf6\x11\x00\xc3\xb0#j\xbbe\x96\xd7\xb1\xe1\xad;p\
\xd7\x1e\xea\x15K9y\xe9\xa5do\xafh\x9d!\xc1\
lgtl\x92yh\x05\xbb\xd1\xa7\x9ad\xdeal\
\x1c\x1a\xa6\x88?,j\xa0\xb4\xd6Kd\xeb\xbc3)\
\xbaX>5\xc8\xa4\xaf\x1bh\xd4\xf8t\x04\xc6A\x1f\
\x22G\x0f'\xa3\x87H\xcf\xa4z\x086B\xcbuV\
\xc4\xfd\x10G^\xeap\x9b\xde\x0f\xd1\xe4(a\xcdf\
z\xa5,6\xbcY\xda\x05\x0ae\xcc\xc9\x98-\xd4z\
\x86\x856\x12\xaa\xcaW<'p\xc59\xb3\xbf\x06\xfa\
<\x07\xe1|6D\x18lh\x11\xae\xe2N\x92:\x13\
\xc5\x91\x8a\x1dUTx-R\x88pxm%,O\
\x8fJR\x91Z\xed\xecd\x91\x94\x93\x9d\x05\x1b\xa1\xb5\
\x87\xdb\xc4O\xbc\xd0\xdaTG[\xf4\xd1\x1a\x07\xc5q\
>\x1a\x19)lX\xbcq\xa3\x02h\x9b\xa8\x10\x16\x01\
,\xef\xde\x03 \x14\xd3\xc0\xd9\xee\xbb\xe5\x9ex]\xe2\
S\xf8\x800u\x94>p\x0cT\x11\xf0I\x95u\xc0\
\x1a\x0dn\xd5\xc6\xe6MO,\xb9\x9c\xd8\xb1d\x91A\
e\xf9d\xb2\xf3=\xf1``\xff\x90\x9cJ\x02\x8b\xfd\
\xbci+\xeb.8\x81N\xb6\x8a\x1d%-\xd4\xe2c\
w\xc0\x83\x01K\xf4\x19\x00n\xc0\x82q\xe2d\xf2\x9c\
e\xe9\xbbO\xf5kMeb\x07\xe5\xda,D\x5c\x19\
\xa3\x06\xc5\xbf7d\xd4c\x0bT\x8f]\xb2(\xfe+\
\xf8\x11c\xe3\xe2?\xf4\xd1\x07F\xcfN\x7f\x07-Q\
3 \xfe\xa2\x98\xb3\xe8\xdc\xb9\xd1\x0d\xf5\xbc\xea\xb14\
E?\xba.\xb0\xf7\x91P\xe1\xfb\xed\xe5\xf8-\xe3(\
&@\x8fe\xfe@\xa1\x10[7U\xb8\x01[7D\
\x04,\x81\x5c5\xbcx\xc0\xd6M\xc5\xdd\xb6\xee\xcc\xf8\
K\xcf<\xa6}\xc5\xce\x97\x92{m\xcb\x08b@p\
\x9c\x19@\xc3<\x0e\xf2\xe0#\xcb\x0d\x0a\xa4\xe0\x11`\
\x16\xb5\xceP%\x06\x19\xda4\xe5\x7f\x86,;\xdaC\
\x98\x92\x13;\xde\xef\xd9(i$\xc1\x8d\xc8\xb2\xc4\xa8\
b\xe95(\x8e=Z\x91\x8f\x06x\xa7\xb25\xfe\xc5\
\x9a\xea\xa2\x95\x9f$\x1e4\xf4\x1a\xce\x89\xcc{\xb3\xb5\
\x87\xbb\xe0mR\xcfD/4c\xa1w\xa4\x0e\xbd\x9f\
\xda\xd3\xe78\x10\xa7\xc7\xff\xaa\xe4\xb7tT\x8b~V\
\xe4o\xdc\xd8\xb8yq&VB\xf1\x18\xdch\xd6\xd1\
\xf8`\xb2\xab#\xb9\xa3_\x1d\xcb\xf8\x0e\xd1\xb8\xd8\xb4\
\x83\x07.'O4\xf32\x813\x9a\xae\xadt'\xe5\
}\xaa\xe5\xd6\xa7\xd0^E\xbe\xde\xdeH$\xfe\xef\x0b\
NV\x8e\xdds\x06w{{\x92`S:\x15oL\
\xef\x87\xb8\x15\xb8a\xbc\xea\xac\x861\x1a]\xef\x0d\x5c\
9)\x0e\xa8\xe1\xddg\xf8\xaa\x1f:\xfb\xba\x02\x5c\xb9\
8z\xb3U\x22.}\xea:R\x1d;\x06/}7\
\xb5\xc7V\xea\xf1\x82j\xfb\x1f\xa5\x9f\xd3\x8b\xd3\xdb\xe9\
ds\xb2\xf5\x80\xb3\xb8\xf1\x10\x8a\xa4{jETq\
\xe8\x9e\xda\xca\xd6\xaa\xb0\xa6i/\xd5\x8fc\x9f\xc6.\
\xeaKu\x17\x08\xfc/^t\x94\x5c~\xb3\x06\xf0G\
\xc9d\xef6\x07\xc6?\x12\xff\xb8\x8e\x14a\xe8\x10z\
gv\x0d\xeeTj/\xa9\x0b\x16:\x0b\x15\x13\xe7`\
r\x0b\x89\xc8\xbf\x90\x11E7b;\xe9\xf7UV\xc0\
\xf2,n\x04Xo\xb2\xd1E\x8d\xa04\xee\xf1\xc0\xc5\
\x9d\xd1MU\xae\xd0\xe5\x22\xb4\x8f\xb3\x01)\x11J\xde\
\xdd\xb8U\x87\x99\xf3\x13D\xe8v\x9d\x86:\xf4\x15n\
\x91\xcf\x0dNz\x90\xdc\xfe\xee\xe0\x9b[m\xe0\xb9\x0f\
N\x17\xba\xca\xf6\x10\x8b\xd3\x84\xf8\xc7\xddc\xcanC\
\xe8W\xe9\xa9\x8a'K\xafj'm\xd7\xaea\xb1m\
\xbawq$X\xf2\xe5S\x84q\xbd\x1a&\xe2\xd6\xb4\
\x22\xdao@D\xfc\xdf\xd3\x88\x10;\xe6\x06D,K\
\xa5\x13q\xe1\x8dt\x22\xb2!b\xf9\x8bU\xa7\xf5M\
@U\xfb\xae\xa6v\x9fv\x16\x07\xafn\xb08v\xf5\
\x9e3\x8ee\xca\xc5\x0d+s\x9e^\xc5mk.\xd0\
+z\xd1\xdbU\xc6B\xfc\x9c-&\xcad\x0f\xce^\
\x1bl\xa2\xaa\xd7N\x1e\xd1;U\xf1\xe21\x80\xff\x00\
\x171\x12\x81\x92\xbc\xbc\x11\xf0\x1f#\xe5\xef\xbd\xba \
\xe8.\x84\x03b\xd8\x04\xa0\x93\xfcJ\xe8;/\x01P\
\xf4[g\xf70\x85V\xf7h\xe2\x9c\x83j\xcdx\x9e\
^%\xcd\x5c#v1\xd8\x0eG#Z6`\x14g\
\x96X\xdb\xf4m,\x99),\xc6\xe3\x89\xf5\xac\xdf\xee\
E\x94\x89;FS$\xe8\xae\xb0\xafDQ\x08\xcf5\
\x9a}&\xb8`v\x08>\xaa$?\x8ffW$1\
\xfc\xf0\x8an\xf2\x98\xea\xc1\xd1c\x0f\x84\x90m\xb8\x83\
#\xf2\x81\xe7t\x0aSq\x03\xf7\xac\x8a;\xe1\xce\xd3\
\xf5+\x14/\x1d\xc6\xf2\x84>\x90\x1f\xb4/K~\xf9\
xH\x9e\x1b}\x1aSG\x81\xa2\x0fv\x94\xc1\xf1\xf6\
Y,\x8b3\xdf\x0c(\x89\xc8C]\xa0\x11\xa2\x07m\
\xf1su\x81\x1e\xe9\x0c3\x12IW\xf5\xa5\x83\xd2\x97\
\xed6\xd3S'\x0d6\x1b\xd9I7IMA\xfc\x17\
@\xea\xe0a\x81\xce\xe1\xe9b\x85\x81\xdc\x95\xecz\x93\
Q:\xfct\x90\xc1 \xf4\x80I\x17\x0crg\xfc\x17\
\xe2\x15\x9c\x80\xc67\x12i\x98\xfb\xdc)?\xe1\x04(\
\xe7\x0dt\x8f\xd8\xe8oB\x93ny\x9dU>\xd1\xc6\
\xe0\x9ewR/\x9d\xd2!\x0c\xb8u.5!n\xc6\
\x8dB\x8a_\x8b%u81\xde\xfe\xdaE7U<\
\x9a\x81E\xb4\xa0\xc5\xfc\xe2wf\xeb\xb9f,\xcc\xb1\
`\x1ft\xae\xca\xc9\xf1k\x8b\x08\x07\x83G_l\x16\
\x8e\xb3\x92\xe7\x17\xc4\x11{\xa9\xf5\xa0\x08\xf5\x0fK\xe4\
\x80td\xf6\x9e\x96\xa7X\xcb\x85\x81\xcb\xafp`\xa6\
\xcb6\x87\x06\xa0$\xb3p\xa4U\xa8\xc8G\xf8\x11\xe2\
\x0f\x0c\xe3\x065\xc1J\xb1'|\xe8\xec\x1b\xa9m-\
\xd0\x1c)\x94\x88\x83\x11\x5c\xa6\x03\xb4\x12\xc4\xdd:L\
\x07\xd4F\x18\xea6\x9dB<=~mqA\xf7\xd8\
\xe2\x9b|4\x1av+f\x8a1\xe4hX\xfb\x9c\x07\
\xd1\xd4\x89\x83B\xaa\xe8m\x00\x93&\xc3\x16h\xf2<\
\x989w\xc7\xa9\x96\x18V\x1a\xad\x8dIN\xb3\x8b{\
9\x18\x10\x1b,\x077d\xe6\xbe\xf85\xa4\xcf\x95\x94\
5a\x14\x04U>\x1d\x0ftB}\xc3\x9d\xc5c\xa6\
\xe7\x1cq\xd6\x18\xac\x04\xa4\xf6I=\xd0\xde\xfb\xd7\x1a\
f\x18n\xe4\x08\x07Q\x878\x93Q|\xc97\x16\x9e\
\xb2\x8a\x0b%\xf0\xa5S\xf6\xbd\xf2\xefz\x988+O\
\xd6\xa1W\x96\x89\x19\xac\xfd\xbf7\xfe%\xe3,q!\
\xc62Z\x9f\xe2\x0b\x1e\xc3\xc7\x0f\x1dC\x01\xed\x96\xe7\
\xee`\xfb\xdb\x83o\xb5{@K\xbe8\x07z\x9b`\
+TW=\x0f\xb8\xf7\xb4qLS.\xf7\x01\xed\x1b\
\xc8\x9a\xdb\xbdv\xb8\x057\xc4F\x92\xf0g\xcc\xd2\x88\
xo\xe5\xf8\xd5k\x97\x0e\xce\xb2Hx\xf3=\x06\xfe\
z\xe2\x81.'n+\x1fo{\x9bWwS=\x98\
\xf8m\x02\xfe|\x04\x93c/\x84\x5c\x0a\x9f\xe5\x08q\
^\xf7a\xc7>\x9e\xb6\x01S\x19?\x5c\x9d\xa6\xb2\xa2\
\xb2\xdc\xf8/\x97\x1c\xac\xbe\x83\xdd\x0c8,]j\x88\
a\xa5\x9fE\x06\xcas\xc93\x07S\x87\x8fz\x0e\x07\
y\x82jZ\x89\xdb\x8c\xffu\xb4\xd8\xf9HMw\xec\
\xa3E3\xba3J~S|\x13\xbb2\xe2\xd7\xf0>\
\xc1\xe5\xbd\xa6\x0a&x\xbe#\x17\x8fk\x98\x81#\x02\
\x08\x8d\xc6f\x00u\xf5\xc4m\xdc\x93\xa1\x0f\x9aS\x17\
\xbba\x0c\x15gQS\x938\xd7\xc4b\xf0\xbc\x1c\x88\
\xf6\xe1\xe08\xba\xdb\xe1\xb1\x22s\xbe\x7f\x8d\x9e\xa0\x90\
Q:S\x18\xf2\x01\xfc,\xa1z]'c\xd9m\xca\
\x87$9\xd7\x5c\x99\xa6\xa2\xe2I`\xc4~1e\x1a\
\x12O\xb9]\x867\x95M\xd7 W\xddo\xd8k\x83\
\x95\x850\x1b\xeax\xa9\x0c\x84\x99P\xb3P\xdf@4\
Py\x17J]\xe5\x96\xd1W\x10\xca\xba\x91\xe2T<\
`\x0c\xe3\xe2n\xdc%\x8as\xd0\xcc\xaa/\xc6r\x91\
\xdc\xa74\xab\xba[\xbb\x9b\xa9\xb2\x17&\x93:v\x01\
\xd0\xeaCW\xe0[j\xdd\x9ez\xd5\x02\xc4N\x81\xc4\
\xc4\xa7\x954%M\xbf+=\xa4b\x19\x91\xedA\x0b\
\x90\x99%%\xef;/\x9e2\xd2\x94\xb2\xedr\xf2\xe5\
Cz\xd0\x22'vpD\xca\xcc\x08k\xa5\xed\xc3\xfd\
\xbb\xd0R,7\xd0\xde\x97n\xa4\xbd\xa1\x93\xdb\x87_\
\xdb\xc5\xad\x8a\xef\x0cm>\x87\x9b7xB\xc6{\x0d\
\xb8\xa9Bf\xa3\x8e\xf6\xb00\x16\x8e\xa4\xaa}\xc2\xe7\
\xd6\xd6\x80\xdf$W{f\xc85E\x04\xb6O\x10\xb1\
\xb6\xa5\xe2\xa1-\xe2\xc3\xc8\x1d\x89\xa8\xe4K\x0b\x0a\xa0\
F\x8a\xeb\xfd\x1fw\xfd\x95\x1e\x0f\xc5\xf2\x15\xe9\xc5N\
\x98\x17\xe8H\xf3\x10]\xd2&\x8e+\xfe\xc0\xf0\x0e\x97\
\x872\xb3l\x8e\x01k\xeevQ\x84DP\xc8\x01.\
\xa4\xc2.pa\x9e\xacPFi&\xe7\x80\x13^\x0b\
\x02\xe1je\x0f/\x9c\xf3\xc4B\xfb\xaa\x99\xe3E\xe3\
\x99\xb0D\xae\xe5\x84%\xa2N\x00gH\xa5\xdd8\xc3\
\x09(\x1eb\xb8\xe6j\xa3\x1b\xae!\xc2\xda\xab\xe1 \
m\x14\x0f\x18\xae\xa9\xb8\xdbpM\xc5\x03\xa8@.\xee\
D\x05R\xf1\x00F\x8f\x8a\xbb1z\xf9(\x9e\x16\x02\
\xce\x95\x7f\x0f\x08\xb8\x92\xd8\xd8\xcc\xc8\x09\xda\x0f\x8fh\
O]M\x22\x9e\x84\x0aH\x11}\xe2\x11{=\xfei\
\xedS\xdaz|e\xeb`[\x87u\x06#\x90j\xef\
\x18\xed\x0c\xa6 \xaa\xe1=\x96\xee\x91\xf9\xec\x8f\xbbV\
j\xe2\x0e\xbd:t\xd9\xba\x12\xb2\x9f\xfd\xcd\x92\x83/\
|\xb4d\xa16\x80\x87.\x22\x9c\xf0dg\xf2\xb4u\
N\xceS\xc5q\xd1.\x1e\xd7\xf8\xbf\xcb\x22\xb0\xfa,\
\xef*\xfd/#\x85K^\xedy\x14\xbf[@)D\
\x17\xcdP\xae\x05\xed\xc6(\xd1\x85\xf3\xa5\x8a\x9b\xf3P\
\xaf\xd0J$\xf1\xc9\xc5\xaed\xeb>\xb8q\xcf\xbc:\
|\xa0\x85K\x8a\xed,\xe3\xde\x0e\x9f\xd2\x1d\x13\x8e\x9b\
'\xf2\xec\x7f\xac\xa8\xa8\xb9\xa7\xfa\xff4\x80\x8dyd\
\xe8y-\xd5\xfbn\xea\xe8+nxc\xa6\x81J\xc8\
r\xc3\x0drP\x88a\x0c\xda\x11\xca\xf8(\x85Up\
\x08\xd6\x8c\xd0Y|\x0dY:\x14\x0a-\x22\xee\x1f\xa0\
\xeb\xcarac\x1d)\xc4)X}\xc7\xdeO\xd8\xf1\
\x8b\xf3\xd0Pu\xf9F;,\x8fAF\xdc\x01zG\
\xf6U1\x86\xf2H<|tx\xdf\xfb\x9e\x93\x97O\
H\x17\x05\xdc\xa2\x19\xc0\xae\xc6rp\xe2\x22\x8f\x93\x11\
<7\x05\x9a\x0d\x01Xao\xa5\xc3u\xe8\xe4\x1b\xa9\
]\xbd\xee\x80\xb9\x02F\x99\xc4\x1e\xc2\xeb\x1f\x0a\x19L\
qX\x0d\x9a\xcd\xfc.\x0fT2\xd0\xdb\xcf\xcf~\xa9\
_\x91\xed\x8d\xe7\xd8aQ\x9f\xb2h\x86\x0f\xc1\x81l\
\xef\x82BF\x22\x7f\x0b}\x01\xcb\xc5D\xe1H_\x86\
w-=S\xfa\x94\xe5k\xd6\xa5Cr\xd7?\xae\xf9\
\xc0\xb0HN\xb3\xe5\xb2Dq\xd5\xa4\xce|\xe0\xb6T\
>\xbe\x88bo\xa3\x93U\xecm\xf4\xf3\x9c\xfb1:\
\xd9\x8fn\xc5\xbf\xd1p\xf4\xf3#\x11d?*i\x8c\
\xcd\xe2\xc4Oe\x1d\x5cB\x9b\xff\xb5\xd4\x0d\x84\xea\xfe\
\xac\xe9\xb0\x1e\xaa\xfb\xb3\xa6#bg\xf09.~\x15\
\x08\x92\xe5?p\xcfEI8{(/\x12\xf0\xc4\xbd\
\xa7\xbd\xd4Q\xf0\xe6\xaa*\x8e\xc5\x22\xe6\x17@[\x00\
\xd4\xe8\xc8\xfe)\x91\xa4\x9b\xf1\xdaw\xa0\x83\x9c\x0a\x99\
\xf0j\xf2$\xa7\x9e\xba\xc2\xb7\xa7\x8b3cA\xdb\x9f\
?\xbb*6K&Obb\xae\xa7\x08\x5c\x19Ej\
r\x83T\xe9n:\x0e\xba\xe0z>\x00-\x94'7\
\xca\x12\xa3\xc3\xc7\xfb\x06\x0f\x9dq\xf3.E\xfd\x96\xb0\
\xb1\xf0`\x06\xdfaY\x87\xc54V\x1cl\x83\x9f\x8e\
\xf4df2D1P\xe9\xd8\xc82\x01\x9c\xd0\xb6?\
\x81#\x1ck\x8e\xc6/\x9c\xf94Or\xc7\xa7!<\
\xcd\x16o\xa1\x89\x06j&B\x8f\x99=n\x84\x8b\xd8\
\xee\x18Q\xe4~\xa5|\xf7\x9bc\x03Z\x0e\xed)d\
\x93\xc1\x08\x8a\xffO^\xde\xcbc\xcb|#\xe2L\xb1\
\x0eF\xac\xd1X.\x1c\xc3\xda\xc1H\x0b\x09\xaa7y\
\x87\xed\x91i\x8f\xffJ\x1b\x99W\xc5\xb0^\xb8\x91\x84\
&\xe3\x93\xc7\xb6\x83\x0d\xa4\xe5\xa48\xd7\x86\x0f\xee\xb1\
\x04\x8b\xad\x93\xd0\x04\x8b\xe5\xddbG\xa7\xa2P\x90w\
L\xdc\xe2\xe2\xf5\x8ao\x91\x1cdU\xf4\x82\x05Y\xb2\
\xce\xd0|\x17\x8bT\xb4c\xb8\xd7\x99\xa1\x81>8\xba\
\xa9\xbc\xaa\xaa6Qg\xb35\xcf\xc4\x9e\xc6)\xa0\xce\
\x00,g\xa0\x08\xf5,ge\x1d\x81,g\xf3y\x7f\
\xf2V\xd7\xf79\xafm\xc6\x16jY\xcdvw\x84f\
5+B\x07\xd6T&\xea\x13\x1bF\x0a3\xbe\x98q\
OFt\xe9\xf8\xc4\xa7\xc4\xb9u_\xc6\xbd\xe2\xef\xc5\
\x19Q\xe4\xfa0\x8c\x80\xdc\xfc\xe9\xef\x00d\x01k\xea\
\xa1/\xde\x13M\x9e\xeb\x22\xca\xb8\x8b\xd1\xfb\xee\xbd\xa7\
8*\x9eU\xc3\xbb\x8f\xba,e\xdf\xf8\xe5\xca\x5c\xce\
f\x15\xffE\xfbo\xb5\x10\xdfI\xc9\xef\x9c\x13\xdb\x87\
\xd1\xbf\xc4\xa8\x81\x0b\xd4\x11\xd1\x9b\x09R\x17m:\x89\
\xc5\xc5j\x07\x85B4[\xaap\x03\x9a-D\x04T\
Uf\x8cq\xab\xaa(ndN\x96\xc5y\xc3X\x8a\
\x09\xf8]\x90\xa1*\x80\xb6 B\x17\x18\x1a\xf6\xbe\xef\
F[LAE\x06\xcf\xe1F]v\x1d\x06y\xc6X\
\x1b\xf9pg\xb1(\x0f\x16'Aa\x17\xdeec\xbd\
\x07\xb7f\xf3\xad\xfd5\xa0\x9f\xd1\xe5E\x14\xd7\x8c\xab\
\xf8\xd7\x17\x17\xc4\x8a8\x1b\x90x\x7fd\xc5\x7fU\x9a\
\xd5\xb3g\xa4P\x1c\x22\xb3\xe8\xd5F)\xdae\x0e\x1d\
\xd0[o\xd0\xf2-\xad\x15\xff\xad\xd6\x16\xd8\x7fK\x9e\
88\xd0\xfb&\xcc&{\xce \xd7 p\xa0\xe2\xc0\
\xb8\x80Eup\x0ftAq\xec\xf4\xaa`\x1dV\x04\
[\xcfE\xbd\xe4C\xb3\xd7\xae\xafv,\xbd{\xd0G\
\x0c\x1b\xb2\xc5\xe8\xbd\xf4\xb5,|ti\xb1J\x81\xad\
\xf5\xe9I\xee\x93|r_8\x9b\xbc\xd2lw+\xa0\
v\xc9\xa9l\x95\xdeo^\x06.\xd0\x1f\xfa\xd5\xf5O\
\x1bo\xd5\xfb\x84\xd4HK\x16\xe2\xa7\x08\xe4X\x9a\x15\
{\x88\xfe\xfc\xe5E36\xcd\x8ce\xec\x7f\xc1\x00\xfd\
q\xdf\xae\x1e\x1a<\xd5\xee\x18,NDy\xba\x9b\x0b\
p\xa8G\xf2\xdcv\x90\x15\xf2O\xf6\x5c\xc1e\xf2\xf6\
\xdb\x03\xbdM\xe2\x88w\xf40\x7fq\x01l\xf4@\x1e\
\xb4\xfd)t\xd0\x92\x87\x8d7\xd9T\xd1\x036\xc93\
\xae`\xe8\xe4VV5\x93-\xdb\xdc\x0f\xb5L\xc3\x18\
\x94\xe56\x03MB\xa1QnA\xaa\x98\xee\x16\xcc\x5c\
\xb2hA\x5ck\xe9\xf4\xbe\x81\xcb\xafX\xaf(d\xbd\
\x8c\xdd\xa3\xbd\xa2(\xc5\xe5@\xaf}I\x196\xed,\
\xb75;\x1b\x85\x9e{h\x97\x1eOM\x05SM\xfd\
\xc3;l\x9e\x0e\x95KD+\xae\xa5\x07\xb1\xbb\xa0\xc7\
\x82g\x85\x84t\xa3\x10\x12\xdd\xe92Q\x10\xb4\x9f\xfb\
\xde\xb7\xac\x14K^M\xc0Y\xff\x14\xf6\xa2\x18\xeer\
\xcdv3N<\xbdD\xad\xe8S\xeb\xab+\xcb-+\
\xcd\x0c\xbb\xa6\xf8\xdb\xac4\x99.'\x19\xf2\xa2\xb3B\
s\x9eeq\xe8\xad6+*\xb2\xd62\x95p\xd4\xb5\
\xe2\xf6\xd3\xac\xf2*\xd6Z'\xf0\xb3?\xde\xab\xfd\xc2\
\xd6\x801\xa30 a\xf0\x8d\xad\xa1\xb6\x8d)K~\
\x8d\xeb\x02\xa9\x17\xa4\xc5\xbdJ|\xfc:\xca\x9a\xf0\x82\
\x96\x0d\xe1\xf3@+sP\x01\xe5d\x90\xc6w\xa4e\
\xab{\xc1No\x0bG\x9c6\xdd\xe4d\xb3\xa7[\x14\
2\xd6E\x84\x0b\x86\xad\x0eQ<\x10HL\xc5C\x02\
\x89Q\xdc\xb8\xa7d\xf1\x10<\xa0r\x1d\x06\x8b\xb3k\
\xd0\xf1\x81\x1a\x89j\x96\x9b>u\xca\xd2\xac\xa0r\xd6\
~\xc5\x81<\xfe\xbc8\xd9\x94\x1e&N\xebQ\xc0\xc6\
\x93\x97fQ\x06S\xa1\xf3\xb3w\xdf\x99\xb8\xa9\x08\xf1\
\x0eL\xd6A\xda\xbe\xe7\xca\x1f=I\x93l\x80\xb2\xe0\
\xfcYb\x03\xee\xc1\xd8\xfc\xb2\xcde\xe3\x8c@\x13\xad\
\x01N\x7fCnj\xc9?\xd3{Q\x5cw\x00\x11;\
\x03P\xa6q\x03\xe0\x87,\xcb\xf5\xb9F\xb8!\xbcR\
\x8d\xd7\xcb<\xaf!&y\x04\xe8\xd8\xa4\x17\xf1\x1a\xe5\
W\xab\xfb\x0ds'7\xca\xf4!J\x87\xe1;\xbez\
\xe6\xa2b\xa3\xc9{\xbd&=\x1e\x11]\xbb\xf1\xaeo\
\xd1\x98\xd0W\xdd\xedE]\xed\xf1]]\xfa'\x9d\xf7\
U\xbf\xa8=\xcf\xd2\xb6\xe6]\xc9\xc9\xb67\x87\xde\x7f\
?u\xc4~y-\xcd\xc2\x1eV\x81*<\x8eF\x94\
\xc54\xb0_\xd3\xee\xd5cT\xbcqsG_H\xb1\
\xe4:\xfc\xa8lNi1\x1e\xcb\xe0\xe4s\x88Un\
\xc4N\xd8\xb4\xc5\xc0\xd0\x8b\x99I\xfa\xac\x93+\x0dc\
w\xe1\xef\xc1\xd2}\xcf\xd2\xac\xea\x99\xd5\xf3UxY\
i\xb1\x1a\xee\x91B\xfcl\xd9\xf5\xf8s\xe2M\xffi\
\xc9\xe3`(\x8d\x1f5\x80\x9aO\xa2\x1d\xb1R\x0e\x1b\
Qh\x18cm\x1e\x00M\xe77\xff\x85w\x93\x9d\xc7\
\xe8\xd9\x7f>\xd9\xd2\xca\x94\xa4p\xad;q\x9e\x13\x83\
\xfd2\x9c\x86S\xc2Zv{\x09\x850T\xf7\x855\
\xdc\xbf\xf56C\x98\x5c3\xa6\xb0\xc1=\x1f\x0c5\xef\
r\x08\x03\x96\xa5\xe1\xa1}\x15\xc0\xb8\x94\x9a\x8b\x1e\xc2\
$zeO?\xf8\xed\x08\xe1\x82\xc9t\xdb\x04\xc4\xa3\
k\x83v\x02\x8a\xb7\xd4\xdes\xf6&\x10\x85(\xca@\
\xa5\xa1\x94I(\xab\xc7\xf6,Ll\xd0\xd2p\xde\xc9\
\x02\xa2\x8f\x22\x0f\xa5\x9f\x862u\xb8M\xbc\xac\x00s\
>m-\x80\x07l\xe1\xa0\xa4\xb5\xbd\xb6\x19+I_\
\xa7[~\xdb\xcd\xcf\xfa\xea\xc5\x0c\xa3Q\xe6\x9c\xf5\xdc\
\xb6+\xd7\xae\x177\xfdP\xc7\xb6\xe4!K\xf5\x98\x80\
\xa6G\x22\x8b_\xa2\xe4\x10\xb33\xee\xd7b8H$\
\xd4\xd57^\x8a\x16\xcf\xbe\xdfJ\xd9\xbe\xb4 \xf1S\
eV\x1e\x89\xc8\xcc\x0f\x06\xfdPE>\x1c\x83(S\
\x96\xab\xfb\x8e\xb4\xd7\xc6\xb9\x83\xf0ckfd4\xc8\
I \x141Qk\x0f;\x0f\xe5\xf1\xdc\xbd\xd3v(\
\xd9[\xb3\xa0\x9a\x10\xb3\x8c\xeb0\x16n!\xdaD\xfe\
A\x82\xfc*\x9c\x87{\xd5\x16(9L\xce\xd2\xfe+\
X$*\xf2\x8d\xd8\xc0\xbbty\x1e#\x0b\xc2L\xc8\
\x0cA\xa1\xba\xae\xe0\xc1\x08d[\x19\xad\xf2XZ\xba\
TV\x99K\xe7n\xf9\x85\xbe`\xdf\x19\xec\xb7\xae\xec\
\xac\xa5\xf3\x97\xfco\x8d\x9b|l\xf2\xdc\xc5\xe4\xd9^\
\x071y\xa6\xc1\x91\x90\xe5\xe6E\xc8F\xa1%\x1f.\
\x7fC\xd3*\x98\xe4\xe9\xec\xf6\xe4E;\x1d\xbd\x22\x8a\
Zv\x9d\xc1@\x9a\xfe\xa9qC\xe1<R\xb0\x1fg\
\x8b\x01Z$\x8d\x80\xcc\xbe\x15e\xf1b\x82\xbf\x96u\
\x00\xe4\xb9hFYD\xbc\xd7\x1a\xf6U\x18\xe8\x9e{\
uA?WHX\xf0a\x12\xfc\x13\x86\xf0\xee\x0ez\
\x8f\x012\xe0\xc6\x01M\xf6\xdb\xc3\xfc\x11\xe46\x17m\
V\x9e\xd4\xe8\xb1\x8a\x02-\xc9k\x80\x91\xb7\xbd;\xb9\
\xbd\xd4\xce\x93\x0e\x9e\xacIK\x9f!\xab\xeb\x05\x8f\xe5\
\xbc\x9e\xb28j\xd9\xb6\x92\xef\xec\x85\x89\x15\xe0\xa1\xfa\
\xd5\xf5km\xfc\xeet\xc8\xa8\xc8O\xcc\xeb|\xde\xe5\
0\x06\x9f*\x14#\xcdFO\x12\xb1\xe3\xf6\x9c\x1f\xfa\
\xe0\x82\xef(f\x86UV\x8d\xec\xc9\xf6Z\x09\xf0\xf7\
O\x0a\xc8\x0b\xa5\xf3\x9f\xe4\x8b\x08!\x8a\x9d\x16\x14u\
#\xbc\xb1\x93}\xb1\x80k\x92n\xd9l\x99}\x8a\x02\
\xa2\x19\xa3)\x15KS\x85\xb1\xcf\x07\xaf\x01E\xe8\xd6\
\x9e\xda\xf2\xa1\xe1\xee\xba+(^#u\x1b:\xfb\xc6\
`\xffv\xb7\x0fl\xa2/\x1b\x92q\xf2\xc4\xe7k\x97\
\x9c)U\x1aG\xd8\xf2\xd9q\xd1>\x105a/\xd6\
t\x8f\xd5\xd2#\x15\xda\xa2\x06/\x9f\x11\xd3=|\xbc\
\xcf\xce\x1e\xef\xc9!\x02C\xf1\xce0\xecTS\x03\xb2\
$\x83!==Bl]\x90\x18\x88_\x22\x19\xee\xf8\
\xa5\x08\x15\x17\xe3\xb12w\xcb\x87\xda\xa9)\xab\xd0\xf6\
\xda\xbfS\x0c\xaa\xbb\x1d=\x0a\xdfk\xc7I\xaf\x88\xe2\
\xc60\xc9\xe2\xeeq\xe1\xe2\x05\xcf'\xed\xe2\x07\x07\x8f\
Z\xc6\x95\x1cU|\xd5x\xcd\x90\xaeUH\x1d\xb3N\
\xb8\x9ce\xc9\x05K\xe3\xf3\x81\xa4\xd2\xea\x5cx]\xac\
R1\xe1\x0c\x81\xb2\xcev\x848hg;\xc54X\
\xbbd\xd9\xf5\xd8\x9d+n\xb6\x8d\x06`\xc9\xd7\xe83\
.\xbc;\xd0\xfbZ\xf2\xd26\xcfd\x10u\x1c\xdb_\
]v]\x11\x92\x12\x17\x87!\x10\x9e4\xd8\xd6\xdcy\
\xd6\x88\xf4\xec&\x0dn#\x1a\xd4\x98L\xc1\xda!\x1b\
\x96\x9e2\xb2\xad\xf99\xbd`\xb6\x94\xf4g6\xc0s\
\xd9u\x834t,\xae\x1e'o(\x95\xd4\x13\xd6p\
I\x87\xc5A\x94,y\xb4\xe6\x9f\xcd\x92--\xa9~\
\xcb\xbb3]\x94\xac\xdb\xfb\xaf@\x18UV\xb4>%\
\x06\xe1\xda\x9f\x14\x95\xddV\xf3\x7f\x95\x9e\xc2\xeb\x17'\
\x92\xf1zx\x90$\x11W\x11A\x8b@\x97q\xbc\x83\
\x22\xc1\xce\x82}\xa4{W\xaa\xff ~\xce\xfe/:\
\xa0\xdco\x8bI\x1c\xb1\x9c\xc6 \x94\xe7\x85 \x87\x9a\
\x82\xa2aB\xd4\xacy\xc2&\xdb\xc2\xfci\xb1\xd2C\
\x8d&v$\x02\xa0 \xfc\xfb8c\xb4\xac\xea\xf7\xa5\
k\x06\xd1#\x0c'&\x04\x00\x9f:\x8e\x84\xeb_\xe5\
\xe6\xc3Wj\xf7\xd8\xd8\xac\x1b^\xa9z\xf4\xbf\xb5R\
\xc9Tq\xfa\xc6V\xea\x9d\xa2[\xff\xe1\xce\xbch\xd9\
F\xa6\xa2aBf\xebF\xd8t&\x11\xb1f\x8d \
\x12Z\xb3\xce8\x92\x89\x5cRq\xe4QP\xe5M\xda\
\xf5\xa3\xea\xe9\x94y*~\xf2\xa5\x10afNb\x87\
0g\x1ab\xc77\x18`1\xfa\x06'^L,\x5c\
8\x16\xf1\x9e\xe6\xf5\x14\xbf\x06<\xfa\x8b\xf9]\xbb\x00\
:2\xd8\x98\x84\x0c\xf2#JO\x8dZJ\xc0M\x13\
\x0e}\xf0R\xcf\xd0\x95]\x8cCr\x1f0\xb0\x89\x98\
\x9d\x22\x83\x87}\x8e_\xb7L\xce\xe3\x03I\xa9\x1d\xd2\
\x0d\xfb\xe2X/U\x9e\xe5\x0br\xe6\xe0\xd36Uc\
spE3\xb5\x01\xb6\x1a\xde5\xda6\xfbJ0!\
\x9f\xbe\xcd\x84\xf6\xa2\xd6\xb3\xc7f !\xb7\xf4\xdcq\
\xec8\x99\x1f\xb0\xb1\x19~\xf1\x10,\xe1]^\x9b\x88\
\x03`R\xd5\x1b\xc1\x0fb\x84tS-\x8d\x90\xd3Z\
\x9b\xbb\xec:\x12\x80\xa8\xc3X3W\x8b\x1a\x94\xb9C\
?t]\xb5\xe7\x97\xce\xb3hf\xb9\xf6E<j\xd2\
\xf0\xcdfq0\x93\xd1Kv\xe6[\xde\xe9e\xd7\xab\
&o\xbeS)\xab\x1cJ\x8d\x11Cnk`\x81z\
\x1e\xe9\xfa\xb8\xb1\x19T\x14\xda\xe8}\x1d\xf2\xba\x0f\x0f\
\xbe\xff\x9a\xae\xb5z\x01\xd5r\x18)\xcd5#\x85\x86\
\x0f4\x0f]\xdd\x05-\x97\xf8'\xdc\x03\x9b8\x1d\xec\
r\xcfiG\x97\xc5]\xb3r\x0e\x12\xfb\xad\xa9\x5c1\
\xbe\xf6\xf1\x91H\xe2\xa7\xfb2\x10,\xa1)\xf1`T\
>+\xb3\xf6\x89\xc5r\xa9k\xb0\x0d\xf1\xde\xa9}\xc7\
\x86\xc5\x0f)2\xc2\xb1\x89\xab\xc9v\x07X\xc6Hd\
\xc1c\xea\xddl\x1d\x87\xc5\xcc+ =\xae\x04\xd1\x00\
&\xfc\xf2v\xfdM\x9d\xeet\x14\x83\xbe\xea\x81%\xbf\
v\x9d\xbd\xe8\x00\xbf\xc6\xe0\x88\x8bel\xf5\x8d/\x7f\
\x80f\x8f\x81\x05E?\x85\xb9\x17x\x9c\xb1[\x0e\xc1\
\x0e;,\xfb\xcb\x97n\xb4E\x02\xf7\xca\x84\xde\xc0\xf3\
-\xfb\xb7\x157\x19\xfa\xc2\xe8=\x00\xd8\x17)\xbce\
$\xf0\x853\xc9K\xae\xd9\xae\xf9\xcc\xc6\x8d\xe6l\xf7\
\xb6\x0c~\xd7\xdaFS\xb8$eP\x22h\x1c\xc0Q\
\xd8\x12\x0b\x0a\x8cT\x8e\xb3<\x09*'\x92D\xc21\
\xbe\x89\xf7\x89\xd8\xe2\xee|\x8d\xe2\xb0\x04\xf8\xce\xb0\xef\
\xe1\xb0dT\x9d\xdb\xa0\x97\xc7u\x1a\x9b+^/\xfb\
\xa3\xb2\x8e\x80]V\xd5\x85\xd1\xfd\xe5\xd7\x93\xbb^\xc6\
\xbb\xdf\xa9;\x89\xb1x\xa1_\x83\x0ba,\x06\xdf\xe8\
w \x86\xc4\xa1\x80\x17\x0c\x99\x9a\xf4L\xad8\x14\xf8\
\x19\xa3b[\x5c\x09[Q\xfbWk\xbf\xee<R\xc0\
\x0a\xf8\xceK\xe9\x8e\x14\xa1[\xfa\xb1x\xed\xbf\xfaV\
M\xfb\x09e?\xe6h<\xc8,6\xd7J \x1e\x0f\
4\xd5\xc7\xcf\x0c\x9d9\xa1\x1b\x8d\xbd\x90<n\xd6q\
2\xcc\x10-_)-n?^\x9aG)\x12#\xa0\
\xcbV\xee\xfcX.F?\x90\x03\x0d\x8a\x12\xa7vC\
\xce\xb8\xd6\xdd*\x0bb\x07\xb3d\xeb.|XGh\
zB\x13\xa3eqt\x8b1=\xee\x9c\x133\xb8\xa4\
\x8c\xcc\xd2\xd3|\x87\xb9\xb6'{\xb2\xa2*\xc9w\xb8\
\x93;\x87\xc5\x1bf\xbc\xf1\x9e\x80\x10\x1b\x1e\xd01\xfa\
\xc3\xec]\x07\xa8E\xa5\xe0.6\xb2\x19Gd\xb6\xed\
\xe2\xa8\xe3\x1d:i\xd4\xac\xddy\xa3'\xeb.\xf0\x84\
\x044\x88\xfdz\xe8\x92\x14\xa3\x14\x03Gg\xb2\x02\xa9\
\x82\xc6\x86\xa6\x07\x8arI\xa4zaK+\x02>)\
\xda\xe1\x7fm\xbc\xd5\xb0\xa8\x15{28\xc5\x8bO\x81\
M!\xa02\xd2\x819\xaf\x9dv5\xa1\x8a\x02\xbc\xc9\
\x0a\x0fv\x8b\xb1\x88\xa0\x8a2\xd2\xd2Sgxk\xb8\
W\x96'\x0cBp/A\xa0[\x984\xcd\xd0M\xc4\
\x22-7\x80KX\xf1M\xf1k\xc0\x89)\x90\xda\x81\
\x9e\xfd\x0d>0.\x10\x07[\x96\xbeA\x04Qu\x9d\
\x95\x082\x0d\xba6\xfcF\x0f2\xd7\x98\xc0\xb9\xd0\xd0\
\xd9\x19\xe8\xe6\x8b5[\x7f\xb1\xe4`\xec\x09?_+\
\x1c\xef\x1c\xb0\x8dtA\x08\xc8\xf4\xbau\x0fwK\xa8\
\x1b\xd0\xac\xce\x1c\x1c\xe8k\xa3L\xae\xec\x80\xf7\xa3\xb5\
)\x95\x10\xc7kZ\xfbe\xf9\xcdK'j\xfb\xa5w\
[\xf2\x9c\x055\xbc\x07\x85\x5cN\x1a\xf13\xfc\x1d\xeb\
\x98\xa3dV\xd2\xba\xae\xcbHh\xa6O\x12\x19t\xdb\
D\xebk\x1b\x12\x14&\xb3\xb2|m]\xc2\xee\xd6]\
u;\xf4n\x9d\x1c\xdci\xf3\xdc-\x7f\xa0a\x86A\
\xff\x12I\xf6\xf6R|\x87\x8b\xbc%s\xf9\x03m\xff\
C\x97\xd9;t\xb2\xd9\xb2\xd9\x80G@\xb3\xe9\xc2\xe9\
\x12\x8d\x8dk\xfa]l\xbev{\x170\x8f\x00\x99q\
\xd7\xd7D\x91\x0aw\xdbe\xa4\x01\xb5\xaf\xf3\x89\x10\x18\
\xcb\x0d\x89 \x9a\xc0\x82\xc4\xa1\x1c\x12.TD\xd5\xbf\
\x07\xc3m\xb0We\x1d\x12z\xc6SR\xa7\xbd^Y\
h\xbf4\xe3\xaan\x8a\x0b9\x9a\xc04\xd8h\x0c\xe3\
\xd1\x94\xe5~+EP(F\x09\xf0\xb4\xdcXy\x5c\
X|\x01k\xf7\x8e\x5cW9\x5c\xd1\xc0N\x8c\xf7\xab\
9\xe1\x13\xd9TG\xe7\xab\x8d\xa8\x1a.\x96Z*\x0e\
\xd6\xbf`q\xa6\xf2s\xf6\x08\xc55G\xcex\xbd\x82\
\xc3\x9ds'\xd5)F~\x5c\x10\x10\x15\x8f\x81\x19\x03\
\xd1\xb2e\x1d{g7\xfe\xf0\x9b\xd37\xf4i\x8e\x10\
)\xeb\x1c'\xcfe\x8a\xa1\x9f7me\x83\x05\x87\xd1\
\x02{\xbe\xe7\xcc\xe0\xa1\xfd\x83\xcdo\x0c\xbe\xd4g\xaf\
Dj\x0fv\xff\xe21\x9cwe\xc9\xaf\xdb\x7f\xb4\xea\
1P\x97i6v\xd5\x12;\x00\xd0\x86\x97f\xe5l\
\xdf\xd0\xd9#\xa9\xe3\xdb\x99\x9b\xcc9\x9f\xb0\xd4\x18\xe9\
\x8e\xe5|J\xb3\x8b3\xe91a\x89\xe2\x9f)\x1e\xa3\
;%\x8b\xc7\xc0q\x03-\x85g\xda\xd8\x97\xc5Rh\
G\x8b\xe8\x1f\xbb\x1fA\x06\xc5>\x1cVT\xd5B\x08\
!^\xe2&5\x0e\xbd\x88'\xd2\xc1\xa47]\x15\x0f\
r\xdb\xe1\xd9\xc7\xdcv\xa0\xea\xd4t7MX\x18\xaf\
\x1d\xbf\xfc<^;&\xeft\x0e*Z0\xa8y\xf3\
t\xf9n\x82^9\xa8\x14h?\xc6N6\xc3\x83\x0a\
\xd5\xcf\xcf\x09\xed\x09U\xe1\xf7[\x8d\x943\xde\x90\xb2\
\xbeg\x05=\xea\x0d*Z\x99\xf0\xa6\xbdf\xbfh7\
\xabs\xcc\x84\xf6\xc2\xb9\x07\xe3\x9f1\x98\xee\xc7{\xb2\
\xdd4\xf7\xb4\x0c\x02\xd4i\x5c\xc3I\x9d6\x01\xc5\x11\
\xcc\x04\x5c\xa7\x11\xea=IV\xe3\xa0&\x02s\xba\xc3\
\xbe=\x11\x88\xb62\xe0\x9d\xa6\x08\x8a\xb9r\x03>'\
*\x11[\xfeG\xec\xd3\x05\xd1\xaeW\x0c1St1\
\x83\xfd\xcd \xe2\xbat\x0c+\xce)l\x82.\xec\xc5\
\xf9\x8b\xe7\xba\xfb\xc3\x82\x06/]\x14RB\xfb\xd3\xd9\
\xd2\xf5}\xb0\x11\xf6,\xd4\xf4@\xa3?C\xe7[\xc4\
je\xb6\xc1\xe1\x03\xdd\x0e\xad\x8f\xd6;\xf6\xfa\x8b\x9f\
\xd5H\x14\xd4z\xa7\xbd<x\xe9\x15\x07\x95\xc24T\
\xac\xc8'\xec\x90\xd0z\x96]G\xc6ElS\x9dQ\
W\x83x1\xcfDk\x8f\xc4\x11\x91\xd6C\xe6Md\
W\xe4mjs\xec:G\x0f\x90\xa5\x15\xffR\xf9\xbc\
\xe1\xb3\x92\xa3'!PW\xdfJu^\x08\xf1_A\
D\xe5_\xbf0?\xb8\x04S]\xdd\x83'\xac\xeb?\
_\xb1g($^\xc5\xb0\xc1\xb00U'\xd0\xd0!\
x\xc0\xf0;\xd9\x16\xe8\x1b\xfedj\xc5O\x90\x8d\xd0\
\xa0\x1cT\xdfp\xeax\xaa\xfd(\xe7%t3\x10\xd2\
\xd5\x02\xe3\x07\x910\x04\xb86\x82\xe2\xd8\xc6\x012\x06\
\xc5\xaa\xe1\x1c\x12c\x1fG\xd2\xa5\xd5\x98\xa8\x8a#\x81\
4\xf4Y\xe3i?E\xaf\xcaY\xa0Ysu\xbf\xf1\
#J\x981\xaay\xba\x90\x90\xbc0\xa8\xb8\xf5\x17\xcb\
\xa7\x07;\x0d5\xa6\xf7\x0d\xe7i\x09[Dl;\x18\
\xee\xb0Pur\x99\xaao\xb4mu\x92\xcb<*\x85\
\x92\xb1b\xe0\xe2v&\xc1\x93\xeb\xd5\x22\x9dI\xed\xda\
\x0fmaT\xd2\x19\xea|\xc0\xe7*\xdb\x09]\xb3\x01\
\xe8*\x17w\x9e\xcc\xb3Uq|ouQ\xd3\xef\xe0\
xTy\x17\x80'\xc6q\x8aP\x02D\xbc8\xbe\x95\
\x9d\xd2l\x9e9\xfc&4c\xf26\xea\xb9\x18\x18v\
\xcc\x07\xaf\x0c\xbd\xa2\x08\x99\xd0o5c6d;.\
\xb7\xf7L\x14\xc7\xe5\x0b\x0a\xf0\xd8\xadk\xa6B%a\
>\x00\xb9\xda]\xce\xba{\xa4H\xba\x9a\x99\x08\x1cl\
yo\x1fg\xed\xc4c\x0e\xa0m\x10\xe2\xccS\x0d/\
\xbb\x0e\x1cQ\x9a\xc6\xa2Fc\xe2\x0c#\xa0Q\x1a\xd1\
w.\xffM\xfb\x99\xa5Y\x08B^\xf3\xb7\x0b\xda\xc1\
$\x1b\x9b\x0f\x12\x15b\x90-\x16\xff|A\x0b\x17\xec\
\xbf8t\xe6\x0cB!(\xd48uv\xcf\xc0\x95v\
&\x8f\x05\xea\x96\xa8U\xa2s\x8b\x8b-R\x95\x9b4\
c\xf4\xcd\x0e3t\x1e\xac\xfb\xa11\xffd\xe0\x0f\x89\
\xf9/F\xcd\xb2\xdc\xbd/\xc2d\xe89keBm\
\xdbe\xab\xbdp\x1fg\xb9P\xb7\xf6^ek\xa2\xe9\
\xb9\xf53j\xa7q\xe1\xba\xde\xbd\xb0\xe0i/\x1e\xb2\
\xc8\x05\x0b=\x86B\xa5O/(\x80)y\xcd\x0f\xe2\
\xbf\x84U\x5cq\xe2\xfb\xfe\xb6\xe2\x9b\xa0\xf0\xe1\x81\x98\
\xf8\x14NU&\xd3)}:\xfe\xcb\x80?s57\
\x83P\xe0K\x07\xd9\xae\x9c:\xdb\x95\xec:\xc7Vs\
\x9dE?\xe0\xaa\x83\x85\x81\x94G~d\x82\xdb\x86\x9c\
\xb0\x1e?\x0f\x5ck]\xe7B\x9d\x9f\xd3\xf0%\xce,\
\x95\x1e\xbd\xb3\x16\xb4v\xa7\xec\xa7#/%19;\
\xc2\xd7&\xa2\x01\x00\xd3\x14 \xd8\x00\xbfM\x91\x02\x99\
\x12Mg{q\x83\xe2X\x98\x91\xfd\xd1\x13`'R\
+B\xf1\xc4\xa7XX\x98(\x9e\x94\x91HwA\xd7\
\xf7\x99\xf7\x1fv[\xd8q\x8d\xb0r\xa6E\x13\x03\xc9\
\xeb\x89f\xc3\x1bo\xf2-\x1f\x84\xee\xa3\xc8\xff\xa5\xfb\
\x92L\xbb\xaeS\xca\xe2g\x8b\xa4#^\x9b\x8e\xe2X\
+>\x02\x9c\x0c\xfe\xc4\x02\x0d\xdf\xd3\x82\x02\xc3]\xf0\
 \x0b\x93\x93nB\xc1\x95\xf9_\xb1?3\xe1\xb9X\
`N\xf7B\xb62]\x07;\xea\xb6\x82S\xf1\x00Z\
\x90\x8b;\xd1\x82\xf9\xaax\xe2S$\xb4\xc0\x1c\x1a.\
\x86\xa9ze\x80\xa5)\xc7\x05O\xab\xdb\xe9\x90\x8d\xeb\
vq\xa6\xa1\x5c\xd0\x1d\x9a<\xd1\xecP.rQ\x1c\
C\xc9a{\x9a\xcd\x9f*\xf1XyAx\xd6A\x0b\
\x17$\x02\xd5\xbf\xb5Vh\xd7\xc4R\x83\xec\xe8M\xbf\
\xeb\x8eVL\x88\x97\xef\x7fQ\xdb$\xf7\xb2WR&\
\xc2;\xfe6\xe9\xdb\x92\x94\x86S\xa7\x83\x97\xa7\xe9\x18\
\xb8\x95:\x8f\x0f\x1f\xbf\xea\xd85\xd9\xca\xe5\xa9\x7f\x9c\
\xef\xeb\xb4w\xb1,\x8eL\x13\x89s\x8a\xb5&\x84\xe7\
c\x9e.\x8a\xb3M@=\xd6(kn\x88\xfc\xa3@\
5\x9a\xa6\xa9\xbb\xf4\xa6~\x0f\xd9\x91\x15\xf3[\x9f\xa2\
\x0f\xd2\xa5\xe5\x09i\xd8q\xdcq\xb7\xdf~\xc5\xfc\x8e\
\x9b_\xaa\xd5,\xe0\xa2\xca\xb9mCmVh\xdb|\
\xec0\xdf\x9a\x1a\x1b\x07S\x1a\x8c\xbel\x12\xf6\xd58\
\xa8\xe6]\xdb\x12\xe7\x1a\x9b9@K;,\x9e\xe6\x1d\
G\xb6U\xf08\x92U\x8d\x0d\xbd\xbeU\xd8\xd4\xe7$\
\xce\xf8\xca60\x01\x03\xeb(c\xbc\x5c\x11\x9cf\x0f\
\xb9\xf5\xd88P\xcd\xe9\xfd\x83\xf2e\xf5\xeckZ\xcf\
\xbc6\x88\xf3\xfd,\xc3,\x82j&i_\xe9z\x93\
\xef\xf5&\x8c>K\xb6\x18B\x9f\xd5C\x84\x18RS\
\x81\x8eBa\xd7\x01\xaa7\x22\xce\x9c\xe3k/\xc57\
e\xe4\x98\x86\x87\xd8G\x0b\x0a\xe0\xfc\x84_\x1a\xd2J\
\xb3\x96\xdf\x8c\x8d\x18\x1b\xb7izY\xf6\xfe\xe6\xea;\
\xa8N\x0e4#\xe8Ce\x99\xfb_@\x8b\xa2\xfc\x8b\
h\x15\x0e4]\xbe\xd7\xff\x93\x92\x8bCS\x8eX'\
B\x94\xb7\xe2\x9bS|\x9dgIQ\x12\xa3\x94#m\
\x1a\x03\xfd\xb8\xba\xd9\xcf\xca.pI\xe8\xd2\xba\x1dv\
n\xda\xf3\xa2\xe6\xe0\xdbo\x08\xa1\xc3\xaf5\xa7\x0e#\
\x5c<'\x87\x952\xd6\xc2\xc4\x9d=|\xbc\x8f\x9b&\
\x19W\xb9\x03\xec\xc0S-\x06\xc7\xf5\xcb\xf6\xb86n\
)\xcd\x8a=\x19\x1c\xdd\x91\x88\x1a\x13U\x22\x96\xd1\xb8\
%\xb8\x96\x9d\xdf?x@\xf4`\xfb@_\xbb\x1a\x08\
\x5c*Z\xcf\xf5\x22\x03\xbdM\xe2\xcf\xb6\x1a z\xc9\
\xb4\x94\x0dwXT\x19\xf9\xb2m\xc5<)tj\x17\
CF\xae\xca\xb9\x18\x00u\xdc\xae\xe7[\x0c\x05x\xd0\
\x02\x8e\xff\xa2zl\xd7?\xc2\xed\x05\xaeL\xc3\x838\
U\xdd\xe4o\x02\xd2p\xf5\x00\xbb\xbb\x98\x19\xd3\xedS\
\xbc\x13\x12\x97f\xe1\x15\x1f\x86'\xb0\xa4\x9f\xdb\xceO\
z\x1b7`\xab\xd5\x14\xef\xae#<4\xaf\xba\x0ao\
\xb7\xd1\x1d\xf6]\x22\xd1X\xda]\xa2A\xae,\x98\x01\
\x8a3\xbd\x1c\xa0\x05\xed?b\x03\x05\x1c`\xc6Sz\
\x96D\xb8(\x9a9\x06\x15\x80ET\x19+$\x9f\xa1\
\xf3\x95=\x0d\xad(<\x89\x07\xba\x0fs\xa1\xca\xc1\xd3\
\x91$\x04\xc2O\xe3QU)\xca\xd54\xb3\x0b\xcf\xf8\
\x82\xbb\xf4\x94\xe4\xfa<{\x8e9w\xdf\xbfNA\x94\
cG\xf7n\xbbY q~k,\xc5\xdc\x87\xc3m\
\x0e\xbfw\x80\x07\x92\xcfn\xe7\xf4\xe2\x85\x14\x9c^~\
\xe88W\x15G\x80Z;\xa00\x10\xf6\x99n\xed?\
\x029k\x8fW\x8f\xc5\xe70\x0bi\xfb\xaf\xb0\xc1}\
\xca[?t\x07\xd0\xce\x8aa\xf1\xa4\xab\x8b_\xf3\xe9\
)\xb5\xc3w\xa5l\xf9\xdd\xe3PT\xe9;=NR\
qSI\x0e\x1f\x93$7\x10\xed\xc3\xa8Oq\xb7\xe2\
\xc9\xd7\xf9\x1e\x11\xd1\x1al\x95agg\xf0#\xf4\xac\
W\xfe'x\xc9\xa2]\xdd_\x96\xbe\xfbv\xc6\xac@\
\xdf\xcd\xb4\xd2\xa3\xf5z\xba\xea\xf5\x0d\xb2\x8d\xdee\xf4\
\xee\xc6yF\xf3U;>\xc1\xb0\xf1\xf6\x9a\xaa\xcb\x0d\
\x10\x0a\xbb\x1fd\x05J\x22\x92\xdb\x03\xbe\xe4\xf3y\xbb\
{\xcb\x09\xee%1\x93\xc9\xe1m\xd9.!;,[\
D\xf0\xa6\x09&\x84\xb0\x0d\x13i\x84e\xe4\x80\x89\x17\
j\x97\xe3d\xbe\xc7\xdd@\x0e\x13\xf0\xb2\x9a5\xca\x81\
\xfd\xc7i\x1b\xa7\xb3rEFM7\xe8\x8b\x84\xa6\xe3\
\x98y\x98=\x8b\xc7(\x03\xb3r\xbb-X\xaa\x9d\xa8\
K\xdd\xdd\xa4\xc4\x18b\xf5]\xecf\xf6\xa3\x1cs\x85\
\xb0\xdd\x14\x1e:\xcd8\xad{\xe8\x10\x1aa\x1f\xc63\
\xd4\x07\xed\xdf^\xf2xl'\x8fX\xdai\x9a\xa1w\
o\xf8\xb5\xed\xc9\x96\xd6\x81\x8b;\xbd\x11\x0b\x9f\xb8\x22\
\xd5\xd4\xc1\x1f\xc6v\x96\xac\x15{u\xf4\xc6\xfe\xc0h\
\xec\xad\xfd\xa2\xa5d\xcb\xdb\xb4\x09Gmo\xa2\xa2R\
\xa8.\x02\xc6\x98\xd3<j\xe6\x0d\x8dK\x01!\x8b\x84\
8\xf62>:\x15~\xa4$\x8f\xddJ\x87\xd2\x83\xbb\
\x9eV\xcf\xff\xf85(n\xf8]E>P_\x89s\
\x01:\xbc'U\xa0;\x92\x97\xc3D\xc9\xbb\x9d\x90\xa7\
\x86-@\xa8\xa2\xa4\xb3qI$\xe3!(\x18\x16d\
\x185\xde\x14e\x8c\xd0\xe8\xb6\xfdkOw\x0ch\x06\
\x08\xa6\xd8\xa6+m\xb3\xf3\x12\xe2\xbbPe\xc4\x0b^\
B\xde\x95\xa7\xe7\xb7snS\x22\xc9\x16\xf7\xbamX\
\x15/\x81\x00\xf2:\xb8\xc0\xe4\xb2\xa6k^\xb3\xb3\x8a\
1PPk\xe71c*\x14\xb1\x5c|@\xe7#\xab\
\xbe\xa4y\xdfMS\x8c\xaeN\x00h\xc7\xe0\xc4\x0f\x9a\
S\xc7,\x1f\xccL4\x00\x14\x96\xba\x9e\x19\x149\x12\
\xc1s\x18?S<\xcf\x06\xd2\xeb\xeb\xb2A\xc2a\xe9\
\xf7\xb6\x07\xa1\xc4\xdcs\xc6?\xfa\xadN\xeb\xec\x86\x88\
\xd1$\x01_\xe0\xf3E\x04'I\xc6k\x9a4\x11\xce\
k\x84&\xa7RL\xc4j\x06\xba\x18Q\x95$\x0b\xc3\
_\xb9vuB\xe8>\xf6\xa3\xfe\x99\xd2y\x06\xf32\
\xd9\x0b]\xcc\xcb(\x19\xc8$\xcf\x81\xafN{b\x04\
\xf7\x19\x9c\x18\xe0H\xd2\xcc\x0cty\xb1s\x82\xd9\x8f\
\xec\x1e\xb5\x18\xa6\xb2\xb1\x1e\x98\xd2\xeeQ\xd0\xa3\x18I\
\xe7E\x8c\xae\xf8\x97n\xc2r\xa9w\xbe\xc2wYo\
\xa6\x19B\xccp\x93Do\xe9/{\x1d\xdb\xe5zE\
\xfd\x91jb\xa4\x80\xb6\xe0\xc7u\xe7\xac=]\x87\xe7\
bF\x9c2D\xaf\x15\xff\x8c\xf6\xba\xf9\x8a\xde\x191\
\x93j\xf7\x22B[\x9d\x02ux5\xc6W%\xd6\xae\
\x1d\xfd\xed\x13Y\xf1\xbb\x86\xc4\x92\xb6\x92U\x81\xacQ\
W/\x0f\xee}]\x9c\xa2\xc9\x96\x90\xacQ\xd9\xa8\xb8\
\xec\xee\x9am\xfapS\xa5\xf7\xbf\x9b\xba\xb8\xcd\xd9\x0e\
y\xaa\xf5*\xaa\x1dv\x18;+\xe6\xa0b\xe2\xa7e\
\x1f-\xd7\x89\xf9\xa8Zj\xdf\xb1\xe4+x\x5c9\xfb\
f\xa48\x97}sg6\xcf\xc4#\xcc\xf7D\xf0C\
\xcb\x92\x89B\x06\xfa#\x22c\xf7\x9d\xd8\x0e*\xde\xf8\
q\xe5\xc9`\xf1\xc1C\xbbR;O:\x8b\x9b\xfeA\
.\x1e\x82\xcdR\xcf\xc6`q\xf7\xd6\xb8S\x15Wt\
\xe9\xb0j\xe1\xb0Q\xec\xd7:\xe3\xb5.H'S\x97\
\xceCN\xcd\xa1q`\xbb\xc8\xf8T{\xc8\xf6(Z\
\xf0\xc3\xb0'\xe9\xd29\x7f#\x04\xd9\x91\xd7\x99\xcfU\
,\xd6\xd2u\xa6\xb6\xbe\x96<\xd1i\x0f\x83(d\xb0\
\xf6E\xb8\xa0\x9b\xbbo\x0a\x8a\x83'\xb6x\x0cpm\
\xc5c@\xe1U\xd6\x01P\xa2\x11\x0e;\x8b\x850S\
\xec\xcfq\x8f\x00\xf0\x06e\x8cH\xbe\x90\xd1\x95\x90\x8b\
\xeex\xd9\x08Zy\xf5\x87\xed'\xcc\xbc\xd8,s\xb8\
\x7f?\x10\xb7\xce\x13)\xb3bB\xe9Q\xed\x93[\xbb\
\xc5\xc3\xc4BA\xa3Pz\x144WL\xf7f_\xe5\
\x09\xa9\x13\x22*\xe9 J\xd0\xb1T\xe5\xbd\xa7\x85\xfa\
\xe1\xd1\xa4\x01S\xba\x9aB\xf4\x8d\xdf\x0bML\xc5c\
\x81\x9f\xab\x86\xe4\xac\xd5\xcby\x9d\xfa#\xd5\xa9\xba\x86\
\xca\xcaD\xa2*Q\xc5\xefnh\xc1\x92jme\xf9\
\xea\xb5\xda\x8fI\x89\xe3\x00\xad\xca\xf2\x9aJq\x98\xc9\
_Z\x8b\xad\xa2(\xfe\xf7N\x9f\xd7$\xa0\xa2\xbaz\
F\xf7ve\x1a\xf9\xbb\xb2\xdc)\xb9rP(\x96k\
\xb40\x9e\x8b\x02\xe9\xe7\x14,\xeb\x98\xb8K\xafN\x08\
*\x0bu\x02Aq\xb2Nhh\xdcd\x1f=\xa6\x90\
\x03\x1c\xa5\x80\xa4\xe1\xbe\xae\x14@\x89\xe9`\x01/(\
\x813\x87\xa7i\x00\xc2\xd1\xc8\xf2F\x087N\xc4`\
\x03\xf2\xb5\xc2\xa7{\xdfy\x99\x94\xdc}^*\xdef\
m+k\xec\xccv\xf1\xaf.\x9aa\x92b\x8ai\x06\
\xa4\xddI\x8a9\x01\x99\x85\xe1\x06\x13\x8buFFQ\
\xc6\xdd>\xfc\x97s\x09\xb3\xe7+:\xa3\xe8nKK\
TK\xab\xb1Y\xf9\x93c\xe3\x10$\xa5\x00\x8dm[\
\xe1t\xc4\x0b[\xc3F~]_txRk\xcea\
d\xf2\xa0\x88)\x1d\xda\x08\xd0\x09S\xc5\xd0\xfb\xdb\x81\
\xa8\xcc\xaex\xb2\xf4\x14\x14\x14\xfd\x93\xdbq<\x93\x02\
\xe2,\x0e\x05\xc4*N\x0a\x84\xbd\xea\x9e,\xbd\x1a\xcb\
M\xf4\x95\xdd\xa6\xad:\x22\xf1\xc0\xd2\xe8\xe9Kv[\
\xd1\xf5\x05\xa0\x98\x8d\xe5\x82\xee\x08\x1a:\x08I\x96~\
u\xd1O^,\xd1\x83\x1e\x99N\x16\xf9\x22\x88\xefH\
\xe2\xf0\x89\x84$\xf9NS\xf2\xe8\xd1\xc1\xcb\xbb\x1cW\
\xc8L\xc8\x86\xbb\x81\x83\xee\x89\xb0\xfa\xdc\x8ag\xf0>\
[4\xc3\xa3\xb5\x9d\x15\xc8S\xfdun\x8d\xbd\x00~\
\x90\xbdd\xa2\x06\x1c\x86\x1ff [6\x08nO\x87\
&\xa6\xceGG\x98\x00M,\x9ey\x19\xd1\x05O\x1b\
\xa4H\x85\x92/W\xd1\x9dE\xe7E\x07.w\xba\xd9\
\x90\xf2%\xdd\xf4Bz\x1f\xaf\x14\xff\xae\x87\xdf@\x1f\
pb\x96^\x98\xa8]\x99\xa8\xaf_o]`D\xa0\
,^%\xcar\xb6\xbfAE\x0b\x9aYo$\x8b2\
\xbd<t\x9b\x18\x9e\x11Z\xa8\xa0[%\xa4V\xb0\xea\
\xb1\xb7+\xf2\xa1\x1f\xd0nk\xc6\x06Z\xfc`\xb0\x15\
\xc98\xc8\x87Gk\x0f+\x05r3\x8a\xe70m\xac\
\xe4\x09\x1b\x5c\xadZQ\x99\xa2\x9dm\x14\x19mh9\
\xa1Go\xa0H5\x00\xea\xb8\x9eGb\x9f\x8e\x14B\
\xb8x\xe4\xfd\xb6\xf4TE~i\xb4\xa7*\xf1\xe9\x82\
\x02\x03H\xf8\x15\xa39b\x8e\x1b>\xd0L\xe9\xe3\x0e\
\xc9\x86\xc4+\xefd?\xe0\x0a0)\x1e\x1b>p\x02\
\xf4\xc4\x97\x0e\xba\xb1\x87\x93T\x1f8b\x8f\x07\xd3p\
\xc7O\xd3[\xf4\x02\xf7\xfcqtz\xe4\xf3}\xb1j\
\xf4L\x1f\x7fP\xa8>p\xe9%b\xa0\x1a\x9b1d\
\xc6\xe9jH\xe4!\x81\x5c\x1a!\xf7\x91\x9b\x0d\x89F\
\xaf\x22R\x86\xb3\x039\xaa\xb86\xf9\xe3\xf5\x0a\x8e\x19\
\xa6&\x02w\x06\xe7Dt\xde\x19\xb4\xe2x\xd7,o\
\xc4\xbe\xf1\x88s\x0cRFI\xdd\xaf\xf6\x0b\xdc\xf6\xbc\
et\xee\x1cg\x8cm\x84r\x04\x04\xc3\xba\xf2\xa4\xc0\
4\x81[\xf4!{\xfeC\x0b\xd6\x92\x1f2\xfc\xca\x15\
Gh\x16\x15\xc7DY\xc5ibl\xedF\x8fX\xca\
rG!M@!\x8a\xc3\x95/Q]6*D\xe9\
Ai=\xcf\xe9\x05\xad\x19\x0c\xd4+\xd9~\xb2\xa0\xa4\
\xc1L(\x05\xbb\x19\x08\xa9x\xdd\xd9ol\x0b\x16\x1f\
\xdcy6\xf9\x9a\xf5J\xccU\xc5\x19\xfa\xe7;,\xf5\
J\x1e\xd0\xcf\xd9\x98\xf9^\x94\x88W\xe7{q2\x8a\
{\xb9 \xb4\xb7;\xb8\xed\xfd@K)\xc2\xcb\x01\xc1\
/r\xa6\xb6\xb7\xfc#$\xf2\xfb\x1bo\x8d\xe5\xaa\xb8\
\xf8E3\xd4\xfa\x8c\xcdz\xf6\xc7\xcf\xdf\xca<t\x89\
O\x01\xaa\x8a\xff{,\xa7\xedo\xc0\xb2\x83\xe3K\xf7\
\x8f\xc8F\xaf\xee\x80uJ\xa8\xa5:I\xa5\xb8\xf4\xb4\
5\x8c\xd4\x87\x87^\x15\x97\x9eGK\x87\x98U\x86\x5c\
u\xbd\x87\x5c\x13'wK\xc6\x1e:\xdb\x5cq\xaa\x15\
k*\x7f`\xce\xfe[\xa9\xae.\xe7\xecSI\x8d\x81\
!\xe2\x95u\xd0)\x14Qq\xa2\xc9\xf2\xe2\xae\xb4\x0c\
\x0d\x8d\xcd+2\xe2\x1f\xc7r\xb7|R\xe1\x87$\xce\
\x91\x02\x15c\x96\x8a\xbc\xe2,\x0dP\xab\xc4\x8d\xd8\xb5\
\x0b\x9aH\xff\xfb\xa9\x97O\xd8KH\xb4\xe9\x88w\xbd\
\x9d\xe5\x8e\x16\xf5Z\xb1F\xa3\xf4\x12\x9b\xec-\x07i\
W.\x0a\xa1\x01\xf6r\x19M\x88\xe2\xd2W\xd5\x13b\
\xaa\xc9Fm(B\xc6\x18z\x996\xec\xe2/\xec\xfa\
\x01L\xe5z\xf1\xbe\xe1\x1d]l\x1b\xb7\x0f\x00Y\x5c\
e\x89\xd3Ud\xbf\x1a\xd2\xc2Yv.T\xc5BU\
^I\xb0\xbc\xf0\xd5\xc4\x5c\x9f\xb8N\xfc\xe4s\x88U\
\x00\x7f\x02\xbb\x01\xc1\xb7%\xee\xe1\x1f5,\xc6\x8e\xf2\
\x1aMp\xa3r\xa9j^I&\x85\xf1.5\x8f\x06\
\x94\xef\x22\xcaZ\xc7A\x0fL\xbc\xe0y\x07%C\xd9\
\xbe\xf3l\xb5\xe3mi\x9f\xe0\xf2KL\xe2B\xbd/\
!\x00\x85\x8a-\xb1q\xa5\xc5XB%\x89\xf8\xcf\xc1\
\xad\xae\x12\xbbZ\xf9T\xeeM\xb5]\x81\x19\xb1\xf5\x9c\
\x5cY\x88W\xff\x8e\xe4O\xd7\xb2\xbd\xa6K\x8b\x92\x03\
uB\xa8\xeb:\x01\xc0x\xd6\x1d\xa0\xae;\x83\xfe\xa7\
\xa3\x0e\x13\x08\xa0wP\x9d\x91\x0d\xa8\x22_]\xa3\x01\
n\xfa\x07%\x89\x80\xa2\x15\x90$M\x8c\xea\xa5\x94@\
PS\xb4\x0b7\x94\x89>R9f\xcb\xbfbl\x02\
\xc3\xda\xb1u\xb0\xff4\x0fB\xc8\xb0\xa2\xa2\x0e\xd2d\
\x1f\x0d\xce\x04\x85\xf5\xd6\x86\x95\xc4\xd9\x00M\xcf#\xc3\
'\x82\x0e\xfd\x0e\xb6\xf7F\xe5XF\x91#,!#\
:uwF\x14\x97J\xfc\x87\xbb~\xe0\x9dA+\xc4\
*\xfeZFY\xc6\xe3\xfc{\x8b\xc8T2Y\xe0w\
\xdf\xfe\xed\x96\x9f\x90\xba/\xcbc9\x80f?V\x04\
\x93\xf3\xfe\x17F\x0a3\xd6\x89\x13\xad2c\x81\xa8\x15\
\xad\x16\xaa=|\x9d\xb0\x1d\xf9r(\xc6\xf4q!\x1d\
\xec\xd4\x15\x94$\xc4\x8f\xea\xebJu\xb4E\xf5\xa0\x89\
\xe8\xcf\xb6\xef\x8e\xca\xdb\xaek\xbfX\xb48\xffV,\
\xfcZ\xd9\xe3\xf4\x1b\xe5d\x04W\x06\x95|\xaf\x7f\xb0\
\xffh\x94~/a\x94D\xd7\x0f*\x1c\xb2r\x0f\x1f\
\xef\x13{k]y\xe5\x82x4u\x18/\x0av\xac\
\xb2\x1d\x8b97vwD\x1f_\xbf.QQ\x9bx\
\xder\x1bU\x8eU\xd1x\xd0}\xab\xef\x00\x9f\xf4H\
dA;\xb1\xb2\x22\x0b\xc8=\xe2I5K\xfc\xf7A\
\xfa\xb7\xaf5\xdd#\xbe\xcc\x08\x09$\x8d8u\xf8(\
\x13L\xc3\xfa~\xa5\x1d\xf4\xad\xf7\x14\xdf3oV\xf1\
\x83\xb3\x8a\xe7\xd9\x8bg,\x96\x0db\x9b\xec\xec\xd5\x1c\
X\xe7\xe7\x11Ds\xeci\xe1\xb8&=]u\xd4\x8d\
 \x9e_I\x94\xecH\xb0\x18\xcb]\xf7d\xf7\x1d\xd8\
C\x8a\xf5\x14\xb1S\x14s\xac\xa9\x07\xe2\x11 n\xf9\
D\x9f\xa6\x03=!\xda\x95d\xed\x94o\x11\x9b\xf7\x83\
v\xf1>\x97I\xa9\xf4D\xd2\xcc\x07\xdd\xbbS*\x12\
8\x02Y\x81\x12\x8fs[\x81\x9a\xc6\xe9\x1f\x09\xd1\xcf\
L\xfa\x81\x85j\x9c\x1d\xd3\xbc\xbc\x8f\x0a\xb5OT\xfa\
j\xbd\xb8\x0f\x94\x1c\x9f\x1aT;\x84L\x06PG\xb7\
T\x9d\xf85d\xdc\xc5\x9e`>\x1dL\x12\xd1\x8e\xfa\
G\xd0\xbc\x804,JJ\xb7\xcb\x8b\xd5\xa3\xd7\x91Y\
\x1a%\x17\xa9\x9d\x81\xd1`C\xcar\xd3\x1fe\xa3\x10\
\xd8\xec\xb4\xfb\x92\x0a2c]Hq\x0d\x1c\xa7\x15\xb7\
1q\xd9\x95\xad\xb1VD\xebh\xc5w\xb6\x0e\x5cl\
\xe5\xa8\x1b\xcb\xdb\x8d\xe2\x08onl&\x1b\xfd\xa7F\
\xd5)\x5cU\x862\xc3\xe9\xc9\xe6\xf8\xf3na\xa2\xed\
\xea\x87\xcd\x843B\x80(\xebN8\x93U\xb9\xbb\xe7\
\x0eC\xab\xdb\xb9{x\xffQ\x87V7\x1d%G\x0a\
\xc0\xe2\x01{\xf0\xb2\xeb\xf1\x8f\xbb\xc7\xf8\x7f'O\x83\
\xf8\x9b\x1f\x19\xc3\x92\xae]:XL\x96_\x04\x0f\xee\
\x1a&\x87p\xb1o\x0a\xc6\xdf\x82-=%[\xda\x94\
\xf1M\xf207(\x1b\xb3\xd1.\xec\xd9\x09e\x12\xd7\
z\x10\xb0`\xfb\xa4-^\x7f6}\xb3!\xd1\x00\x03\
s\xa0[\x9b\xea\xe0&5\xfa\xa6\x0c\xd5\xf6%\xf7\xd7\
\xf1\xbf\xa7m\x16\xcb(\xf53x\x0a\xe5Y\xdcG\xd1\
\xaf\xc5J-\xb7/*P\xfau\xf2n\x19\x96\xd4B\
\xae\xa6\x92\xaeK?W\x88\xe9\x14r\xcc\xa4\x0b\x5c\xdb\
\xbdk3A\xbe\xa5m\x06\xe2\xd4\xb2d\xa2\x90\x09e\
\x94\xe4[N<E\x9e*\x8e\xc8\xe0\x8a|\xc3\x14Z\
\xa8W\x94\xf9\x9d[{\xdc6\xce\x5c%\x87o\x0bM\
A\xd6dxW\x81\xdd\xe9\x13{3\x02\xeb|\xf7\x89\
\xe1=M!\x89\x95P<\xb0%\xb9\xb8{K\xa2x\
\x9a-IUotKfV\x9dN|Y\x9b\x84\xdd\
\xa7S{l\x8f\x03\x0ae\xccY\xf9\xd2B\x1f\xb41\
\x8e\x8b\xceI\x1d\x04u\x92\x85k!-\xbc\x00\xdb\xa1\
\xb4\x18\xfc\x86\xcc\xb8\xc8Z\xb8x\xdb\x80\xcb\x0a\x04u\
?\xaa\x1c\x13?\x0a\xb3\x87\x8ek\x91\xba\xf6\xa5\x83\xbc\
\xfaAh\xc0\x04\x88\x8a\x89\xd1\xd3\xb5\xe9-DDW\
\xccbw\xf5\x08\xf4\xaa\x9dG\xd9,\xe28\x80'\xa1\
_\xba\xe3\x11\xbd0\x22\x0a\xa7q\xeb\xb6\xab\x91\x9bp\
G\x1a\xe6@l\x80\xf6q\xbc\x14\x14F\xfe(\xeb\x04\
\xdc+^\x1d\xa7{e\x1a\xd7\x01\xf9\x134\xe7\xae\xbf\
}\xf6\xc7\xc0%*\xc8\x06\xee}\xe3\xd2R\xd2\x98\xef\
Ib\x81\xae\xee\x11\xcfm\x86\x1a\x1ah\x0e\xba\xe8\xc3\
\xc6L5\x9a\xf8)rn\xc0\x9d\xaa54\xcdn\x08\
!\xf4\x94`\x83}\xab\x0e\xb1Q\x88e\xcf\x9d>\x19\
\xb1\xedm?\x8f\x1f}\xf6\xa7:q$\x8b\xf7\x1cq\
\xf6\xac\x0c\x5c\xdc>t\xf2;b\xe2\x93\x87\x8e\xb9\x22\
\xb2,\xe3Z$\x9d\xf9\xacH\x15\xe7\x03d\xd9\xf5\xc4\
\x83\xf1\x1f\xa2\x8f\xc0\xe0\x84\xf0k~E\x17\xe8\x1d+\
@k\xef\xe9\x13\x0a0w\x99\xb177D\xc09Y\
\xf5A\xc2h\xdc.\xd6\x02\xbdU\x82\xd3\x84\xbaZ'\
\xf8\x02\x99\xdaO\xf3N\x9aB<\x1a?\xe70\x06\xcc\
\x9c\x9aA\xd7y\x06H\x03R\xa2\xa6\x1b\x0b\xb54+\
N.\x8c\x91Hl\x05\xfc'\xa6a\xc9>\x03|{\
\xd1\x91\xd7S\x17\xbb%\xdc\xbfu{\xb2C\xfa9\xa0\
~\xf7\x1d\x95\x8e\x14\x97M\xc9\xf5\x08T\xfdZS\x99\
\xd8\xa1=\x02u\xdb\xf4\xe9\xef\x88\xd5\xeb\xfc~\x93F\
[=\xc5]4\xda\xd9\xd6\xfb=\x92\xee\xe5\x1eU\xc5\
G\xc5\xc6\x17\xeabFA\xc5O4\xa5\x06\xa6\xfes\
AI\xa1s?A\xc9\x89?\xd3=\xd6\xe0c\x98\xa4\
\xcbHv\xee\x05i\x82\x9bqA\x89X\x5c\x90V\xc4\
\x89\x83\xa1\x22\xbc\xaf\x19\xc9\xc6\xd3\x1b\x82\xb40\xbc)\
\xa6%\xa6U>\xb3I\x9e#\xe2.\x0f\xc2`\xeaD\
x\xf8\x9a*\xacKk\x88\xc9|\xc9A\xe0\xa9\xd3'\
x\xcd9\xe7\xd9\xc8\xd7)\xe7\xd9\x9d\xac\x93\x8e\xd3}\
\x19m[\xd7\x0e\x95\x8fW'\x9f\xeb\x0a\x82\xd1\xe8\x8d\
\xad\xa9\xf7N\xa5\x9a\xbb\x0c\xcc\x8b\x9b\xe3\x1d\x03\x02b\
\x7f\xad\x17\xcc\xdcO,\xfe\x96n\x9d\x98\xb7\xf4\xcb\x86\
n\xbd\xe7|\xf2\xdc\x15\x87n=I\xa66H\x93$\
Af2\x08O\x92\x90C\x89\x0b\xccl\x03\xe3e\x92\
\x81\xb0\xc4\x02\xd9D\xa4o\xee6\xc9\x9d\xef$\xadW\
$\xfe&i\xbd\xce\xdc\x1fBZ\xaf\x08\xfb\xedv\x5c\
\xe0\x18n'\xc8\xc9\xaf\xdaIG\xc2O\x15\x0d\xf2\x02\
U)\xb4\xb8\xc1\x9b\xa7\x8a;Y\xf2\xa8\xb8I\x8e/\
\xb3\x03\xb8\xc9\xf1Uq\x9d\x1c_\xaf\xe0 \xc7\xa7/\
?\xf8\xc3-'\x8d|\x16\xf2\xcb\x87\xdf\xda?x\xf1\
\xa4;y\xc5\x0c\xe03\x1c\x06\xaa\x0aq\xbaU\x93!\
i\x83\xf8Y\xad\xc6\x856\x89\x11\x1a\xde\xb3\xbf\xa2\xa1\
\xba6\xb1a}\xad\xc5\x89\x96i\xb0\x9ed\xb99N\
2\x91\xfeU/\xf4\xbe\xa3\x933Q(\x84\xd8\x0ey\
b\xa3\x0b\x9e\x8e\x7f\xad\xeb\x9fJ\xe7\x19\xc2f\xb20\
\x8b\xd2\xee\xde{\xe0|Ovn\x1d\xbaz\x08q\xee\
\xce&#\x94\x96\x96\x13\x03\xdd\xeb\x89\xccUYg)\
)\xd0\xbd\xf6\xc7\xe8\xae\xcc,\xb7\x13s\x12;\x98\x99\
\xac\x83\x03p\x02\x00\x85i\x9e\x17\xd9c\xe4\xf0\xe3g\
\xc2 \x089\x10\xcby\xa4\xb5UC\x82\xbc\x94\xd1\xf6\
\xc2\x14uLF\x18\xae\xe1f\x84\xc9\x81zi\x81\x9b\
H\x93\x0c\x057\xcdTi\xe0$\xa8f\xb6\x98@L\
\xe2\xdd\x19\x0fe<\x14\x0a\xb8\x99\xae'\x80\x8b\xce(\
\x9a]\xff\xad\xfa\xbb\x1fzh4\x18N\xa6\xc1\xd4\x9c\
\xe5\xa6i\x9e\x82B\xfe\x93G\xc6\xebPL\xaf\xb1\xa5\
\xff+W\x0f<l(N\xe7\x91\xafG\xdd;=\x02\
\xd9\x0a\x0b\xa4mC\x92\xa4\xa3}\xec\x998\xcdng\
}&N{.fg\xf1\xc0\x01\xc4\xc5C\x0e\xa0s\
\xcb\x7fc\xe4\x91\x8b \xc4\xbc?$_\x5c\x16\x00>\
z\xee$F\xf6\xb8\xc8\xf6\x90I\x10\xcf\xf9\xe5{(\
~xnF\x94\xe2y\x1f\x80u'V\x84\xc4\xa6>\
\xc3$\xe7\x10\xe4\xc7\xbdx\xa4#\x90wn\x14\xa1\xb4\
\x0f\x14\x13\xad:e=\xb5\xd7\xdcOa\x067\x1c\xd9\
\xe3a\xeb`\xcb\xb3\xd3\x97]\x94\xf8\xe9\xda\xbf\x0bF\
\x1f\xe0\xf3\x031\x09z\x04\xc2\x1dx\x14\xbd\xb7W\x85\
\x1c\xf0\xc0x1\x08v\xe0A\x04m`\x0f\x1b\xb9\x14\
\xf3X\x0ao[w\xce\xc4bT\x0c\xcb\xfb`\x93\xd3\
\x1b\xc7\x02\x09\x0f&~\xd0\x88\xe8\x1d\xc7B\x9ejN\
qui\x02\x0bu\x81:\x1f\xd7hrpS\xa6\x97\
\xc3\xf7\xa6\xebe\xa9\xcbQdEL\xd6\x0c\xaa?\xe3\
eiI\xd5\xa9\x89<\x96f&\xf8s4U\x80\xa6\
`/&8\xdeoA\xcf\x8ag\xa2\xd1\xc8]\xb2\x11\
\x8603\xf2\x8e^\xad\xde\xa3\xd0-{\xb2.\x1b\x01\
s\x90\xbd1\xc8WXdK\xe7h9I:}*\
\x9c\xa0\xd0\xeb<\xceG\xb0\xd1\x8d\xd6y>\x15\x99\x93\
\xeeF;\x0f{\xa0\x1a\x98\xf4\x9d\x97Q\xb9\xda\xd0\xa4\
\xeb<\xadq\xe50\xc4\x07\xa8\x89\x86\xafk\xe5\x9c\xb2\
\xe9p!\xc7\xb6\x83\xa1b\xe3\xad\xcb\xbb\xb4Oz\x9c\
\x1b\xd5\x1d\x86\xfca\x06+\x159\xa4\xc4U\x9e\xec~\
\x83\x1d\xce`\xecb\x0a\x0b\xf1\x22\xb8\xe8\xb2\xeegS\
\x97t\x8cKD5\xe5B\xbaLCq\xa2P\xfd\xb8\
\xee\x1c\xc0}\xf8\x82\xa5\x9fo\xff;\xa7\xb3v\x1e\x8b\
\x92\xcc\xaa\x14f\xc1\x80?\xc9\xecp\xee\x08\xf0\x83\xa3\
\xfak\xa7\xa0\xd1\xf6\x0fK\xff\x00\x11sL\x8e\xc3/\
\x90\xf8\xc7\xcbo\xde\xdf\xa0a\xea\xb8\xb9\xb3\xdb\x93\xad\
oIv}E\x87\xe3\xbdD\x90?\xb2w\xdb\xf0\xf1\
\x0f\x9c\xa7#ZQ\x9f\xc7\xf9\x15xuU\xe4;?\
\xf0+z\x8b\xfagz\x09\x16\xbc\xf5\x96j\xed\x19\xfd\
K\xe9\xf4T\xb4\xed\xc1\xd3Sgg\x0f\xad\xe8:v\
\xb9\xa2\xfb\xd8\xa5\xaf>\xd8\xd1\xfe\xa7\x08c\xc1\xcd\xa9\
/I\xa4\xaa\xae\xc8\x7f\xb1d\xcb\xff2\xde\x1a\xf2\xab\
\x87\xdf\x14_\xb7\x95\xc3\x5c\xf8~u,FJl\x8d\
\xf0\xbd\xcb\xbb\x06\xfb\x0f\x87`\xf7\x01I\xd5\xd4\x13\x02\
\x97:\x0eZ\xc6\xadb\x12\x02\xcf\xb2B\x83\xb5\x9a\xc6\
7\xf4\x89\x96\x95\xf8\xa9\xa1O\x8c\x15uCP)\x86\
[ \xcb\xed\x10\x88\xaa\xb3\xa2\xe63\xf5Y\xcaH\x8b\
\x15\x8388#b\xb0X?+@n\xd4\xbd]7\
\xd8\xf2*\xe1\xd87w\x18\xe1=L\x14\xa0\xa7GA\
\xa6\xbe\x8aae\xf3_\xf1\x0f\x88\xbct\xb2\xfb?\xe9\
\xd1\x07\xd8)S8\x87\x1fB\xd25\x0f\x81(\xcc\xa1\
\x97\xa3\xf3\xfdG\xd02\xb8\x03\x0db\xd0<\xc9U\xc4\
\x09\xaf\x9dd\xa0\x93Q\x91\xf3\xb3\xa4\xa1\x9b+\x90\x82\
T\xde\x964Ds\xd9\x10h0yF\xe4\xa789\
<\xa7\xa3x0\xb2G\xdd\xbb\x04\xca\x0e\xd0\xec\xb2\xb0\
\xd0\xe8\x1e\xed\xfeUH\xed\x90\x8b W\xb5\x1cH?\
v\xbb\xd1BX*\xb2\x22U\xbb|\xfc\xe2|6q\
\xdb\xfdN\x9c3(\xe2\xbe\xa2KN5w%O\xf4\
xv\xef4}\x87:\xec\xe4\x96\x8b\xa8>\x98\xc4\x95\
z+nZ\x8a\x9bV\xce\xf1i\xfa\xc4]\x15\xfc\xfd\
}X\xdfR\x07\x5cMa\xd0\x15l\xba\x11?\x9bc\
Q\xf1D\xab\xcb\x0d\xe3\xee4^\xdeB\x0b\x5c]\xb7\
\xbabmbst\x8e\x22\x83\x89\xa6\x8e\x1cw\x1b}\
s\xd0\xa4e\xe9!A\xa1\xc7H\x1e\xeap\xc6\xa6\xc6\
f\x80\xaf\xd6\xfe\x9dv\x1c\xf1\x1eS\xb9\x9b\xe0\xd1\x22\
\xc4\x9484\x9dr\x96\xdf\x05z\xde-?i?n\
\xd8\xe7\x95\x9c\xde\x93\xcc\xcf+\xceS\x10\xdd8m\xef\
\x93 \x87\xa8c>*\xbbMeS6RB\xcb\xa1\
Q\xf41BK\xd9\xa5'Uv\xe7z\xf6\xc4\xae\xa9\
\xbc\x11\xb1\x08E\xbf\x11\xb1\xf4\xd5\x9c.\xd2\xb2O\xcb\
\xaf\xf6\xf3b\xa61WS\xf7\xf0\xaeD\xf6\xf6\x8d\x1b\
\xf7~\x02\x07\xa3qW\xc9\xeeIb\x5c\xca\xd9>\xf8\
\xdd\x8b\xe2N\x92\x9eF\xe7\x85T\xa0\xc4\xe2<\x8d\xff\
\xc5\xcaOb_\xd8\xf5\x11\xc7\xb8kJ\xa6&X\x1e\
\x95]/\xa7\x0e\x09\xc1\xaf\x8b\x8d\xe3\x05\xb3[\xec\xa4\
$\xfb\xc9\xca[\x16\xcdP1W\xa0clKm\xe8\
#Z)\xf1[\xc4\x84\x1c\x8d\xae\xba\x05\xfc\x0d>;\
\xa9j\xaf\x1d\xb9\xc7\x0f\x9f\xd2C\xb2\x98sq\xe8$\
x\xd8\x15\xf7\x13ETP\xd4\xc8\xf0\xa5c\xa0T&\
f\x07\xcb8\x8d\xf6\xaa\x8b\x90v\x929\xd1\x8c+k\
\x8al\xf3\xf0\x9b\x9c\x83\xd2#Bs_P$l\xdd\
C\xa5\xa7\x1a\x9b\x1b\xee\xaf\xe9~f\xda\xae\xdd{\xc7\
X\xc2\xdeG\x00\x80\x90\x04\x86\xdf\x8b\xdd\xc9='\x86\
\xb7\xef\x1e\xdec\xf3\x04\xf3H\xac}\x0evKc[\
L\xf2>.\xf5\xce1\x19\x80\xe5\xdc\x13\xd9\x10\xf1\xe2\
\xdd\x9a\xaf8\x22\xab^\xfa\xae\xc3cL-B\xd9\x11\
\x8a\xde\x0f\xb0\x19\xad\x16I\x87\x81\x0a\xb7\xa3\x8b\xf7\xa2\
\xb3ELe\xb0E\x9e\x1b\xe7\xf2eBN\x9f\xbc\xa4\
\xeb\x9f6\xde\x1a\x5c\xbe\x1e\xb5f\x80\xbfd\xe8\xea!\
\xa1\xd9;?\x04bKZV=\x00\x9d9\xf8!r\
\xedloI\x1d\xebe=\xd9\xb9A\xc9\xef\x91Y\x9f\
\xf5\xec*\xc3\x04\x5ch\x08!\x1a\xc3\xe4\x81\x10:\xdb\
|%\x07\x96\xfe\xc6f(\x95\xb5/<w\x97\x16\x1a\
\xa1\xc9b\xdb?\x96\x06\xe9\x8e\x83m}\xa9&+\xd8\
7\xb2\xf2\xa5\xc4O\xe3\xdb\xe3\xd7\x8dC#/u\xf0\
%X?vnOv\xbd\x1bblG\xc5E3\xba\
'B[\xb3*\x1e>5\xdc\xb4\x87u3{,D\
E\xe8\xd5\xb8fK\x1e\x87qC\x1b\x0b\xaa\xce\xba\xb5\
|\xd5\xb4\xb4\xb2\x9d\xc3\xd9\x01BH;z\xae\xe0\xd1\
\xae\x9eO\x14\x15?%\x05\x9f\xb3\x15\x05X\xc9H\xc0\
y\xa9\xeasr\x22G<}\xe6\xcaO\x16\x17h\xda\
\xec\xa1\xf7\x93'\x0e\xda]\x14\x85\xacc \x8f\x0b\xa7\
\xdb\xfaT\x11/ZWEim\x0d\xaf\x88\x05\xe2\xaa\
(\x97\x85\xb3b6*\x9a\x89x\xb9RH\x22\xde\x95\
\x9f$\x1e4\xfc\x88(\x9e\xda\xd3\xe7v\x1dNF~\
:\x00\x14W\xbe\xe4S\x19:L\x01\x94\x99\x8e1\x88\
b\x1a\x02\xcc\x85\xe9L\x013\xd25P\x91\xefx\xdd\
~\xe9\xc6\x1b\xc3\xdd\x99\xfe\xb1\x9b\x87\xe6\x99\x8e\x04\x19\
\x85\xa0<jk\x9a\x1a\xf2\xe8F8U\x10k\x88\xd6\
\xf4Ug,\x88\xa9\x97\x876}\x87\x9b\x06.\xef\xd4\
\x9f\x11\xd6r\x04{\xba\xb6\x1c\x89)\xdd\x9a4\x14\x0a\
\x98s\xa9\xa0\xdb\x9c\x9bU]T\xf2h\xc3\xfd\xda\xd3\
N\x5c\x5c--\xe2\xa2p\x94\x84\x9d\xdb,I\xd6l\
K7\xac.\x82-\xc0L\xe2\x85\xd2\xf4\xccw?\x1c\
\x85t3\x11)\xca;\x13\x91\xdeY]\x84$N@\
l\x8cD\x96f\xa5e_\xbe\x17R(G\x13\xe34\
\xe0\xfd8\xb7\xfd\xf7\xe3Q.0\xa2\xce\xdd\x9e\xfa\xdb\
\xf5\xe0\xf1P\x1f\xfd\x94\xea\xa2\x8a-\xa5\xc5\xea4R\
/\x10\xe8\xc3F\xe0\xd1\x17\xb0t\xda\x88\x19R\xd4\xd6\
\x1f\x1bR7vF$=\xe2I\xaf\x13\xfd\xac\x15\xff\
\xdb\x90\xf1\x02\x1d\xbf\x1f.\xbe\x85\x88\x02\xeb\xe2\xbfD\
(D\xfc3\x15\xf9hS\x82\xc5\xb5\xd2\xda\xc8\xfd\x91\
\xdf\x87\xba\xca\xda\xca\x0d/\xc8\x83z\xc7v\x8c\x18\xeb\
\xc3}\xefa\xdc(\xf6\x01\xa9AZ{d\xf7\x18\xe3\
\xcd\xd5\x1c\x03\x9a\xcb\x1d\x05\x07\x12h\x8f\x8dA\xe4&\
\x99\xdb\x88Y\x8d\xad\x83]\xd6\xbe\x86\xf4\xab\xb8\xfd\x8d\
\xac3S|\x19\xb4\xcf=`\x9c;\xc7L\x0e\x0b3\
\xf3\xc7\xfa\x22\x9c\xd0CQ\xa7\xf2\x96%\x07\xed:B\
\xc5<s\xd0]g\x12\x8e\x8buO\x96\x16\xb3}\x8c\
Y~`7\xd3\x94\x16>.>h\x17\x0d\xfb\xa9F\
\x15\x8f\x0f[\xcb\x1cK\xb3\xe9w\xcb\x7f\xb3\x91\xe8\x97\
\x95!\xca2\xec\x12\x1f\x7f\xb2\xff\xe2\xe0[\x92\x84Y\
7<\x85\x1av\xa7@6\xb2\xa6\xc1v\xa4\xcczX\
\xae\xb0`j\xf2g\xb1|\xce\x8a&\xedt\x9a!O\
\xd2\xa2\x91\x05\xd3\x95\x00\x0d\xad\xa8x\x0be\xc6G \
\xb9b\x1e\xae\xc8\x0f|\xcf\x97\xb8==\xea\xc20\xe8\
S\xc8\xb9\xceG,\xd6e\xe8G\xe6U\x17\xe1\xe5#\
^U\xe2\x1a\x8e\x8dC2P\xedH\x17\x0d\xd1S\x07\
W\x03[\xc4\xc5\xf5A\x09?\x1d\xf3\x0b9#\x05\xd5\
3\xab\xe7\x13\x0b\xde?\xc62\x00\x862\xe6\x97\xa5\x11\
\xf2\xeamDpK\x1e<\xd0\x912\xee\xc9\xb1\xd4\xec\
l\x88\x10\x94&.,\x17\xd0\x9f\xd8|\x0b\x09w;\
C~\x06z/\xa6\xcdi\x1d\x00\x0e\x8d\x0d\x05\x0a\xe5\
pIk\x1b\xe8f1g\xdf*\x86UlM\xb0o\
\xa8\xa7\x85\xd1\x84\xb4h\xa0`\xfd\x16\xdd\xb0WY\xc7\
\x1aA=\xce\xc12\x15q\x9d\x91\x82\xf8\xb5\xc6O*\
_\xc7f\x8f\xfd\xb6|\xbc8*\xcb3\xaa\x10\x0d\xc8\
\xd4f\x86\x7f\xfe~O&.\x7fq\xf4\x08u`\xe7\
\xeb|$\x08\x0d9\xd5\xdc\x15-\xaf\xaa\x88\xfa\xa4g\
n\xe2s\xb4\x1c\xf0\xdc\x92\xdc\xb0\xa9\x9e\x09\xa0\x1d.\
|C\x13\xbc\x1d\xa1i\x0c\x9e\xe3d*Ne0\x13\
kU\xd7&\xb0&\xad\x977\x0a\x99\x89\x09\x95\xea\xc5\
\x87\x18\x8e5\xec\xd1\xb29\xf8\x9d'\xee!\x16\xa7\xa5\
&\xd4U/\xefX\xe3\x13\x8fw\xa8\xb8\xed\xb9\xa4=\
\x1fV\x1f\xe2\x0b\xda\xcf\xc4\xc6\x95|{I_H\x9a\
\xc4\xfb\xad\xf6\x93\x9d]Cg\xce\xa0\x17-\x97\xc4\xb5\
rC\x99\x12\xa7\xdb-\x038\x8f\xc0]\xfd\xfb\xb5\x88\
P\xabU\x82\xd1sT\xaf\xfd\xe17\xd0^w\xc1\x82\
\x7f\xe6\xec37\xd4\xdep\xd3A\xf1\xae\xf72\xce\x8c\
\xd2^6\xda\x83\x85J_o\x90\xc8\xd6(+f\x18\
0N\x0c\xb7\xad\x0bU\x97\xa3\x93H\x893R\x88\xf5\
H\xb6\xe9uD7V'\xb6M\xb5\x81#{\x90\x11\
\x9c<\xfe\x9e\xc2\x94:\x22\xfb\xcd\x19q(\xc2\x12\xab\
\x17\xb6\xebu\x89\xba\xba\xf2j\x1bo\x96\xad\x80\xa5\xe6\
\x07(t\xa8\xady+\x1c\xea\xc9\xda\xd5\xba\xe6\xad\x01\
J/\x9e\x1cl\xfb\xaec\xa7qE\xcb\xf6\xacU\x0d\
\xb5=\xe7yq\xffD\xb5g\x18_\x0b\x8d(\x7fE\
\xb4\xe7\xb6\xb9R\xf7\xa1\xf2\x04<]$A\xaa9N\
O\xd7$UqiA\xe2\xa78\xb11Y\xc6\x8bz\
\x9a!D<^\xc4\xf3\x9e\x9d\xf84%\xee7\xf6L\
]\xac\x02\xdb\x8eD\xb0\x11\x01\x02.\xcb]P\xa0\x00\
\x97\x06e\x8a\xd5\x94\x0e\xc9\x05\xa6\x9c\xb3o0\x08\xb8\
{'\x02\x044X\xa6\xe3\x1a\x17'\xc4\xfe\x86\xd8\xf7\
\xd0\x05u\xb7\x8c\x14\xc6nM\xf4\xe1\xc1\xd20#\xb6\
\x13Q\xb6\x01b\xdf\xaf\x80\x11\xf4\xf8\x07\xc8\x98\xc9\xb3\
\xa7\xdd<b\xed\x81g\xb3\xa7O\xc6\xfe\xee9\x05\x8a\
R\x0eJ\x0e\xa3\xee\xcd4\xee\xa5\xac\x90\xc0(\xa1>\
m\x09 \xab\xa1\x1d\x85\x90\x0eMS\xc5G\x22\x88\x13\
\xf5\x13\xb7\x88\x0d'~\x13\xbb5\x96\xb18\xd3\xa7\x0d\
\xd4Ea\x18;\xda\xa2\x94\xbb%\xca\xbf\x10\x9f\x04\x0e\
\x9c\x13\xcd\xf6\xf2\x00fl\x0c\xde\x04e\x1d\xf1ou\
m\xc6\x00\x1a\x17\xfb4\x05\x15\xdb\xca*>\x18\xc9:\
{\x87._\x96/(\xe7m\x9f\xad\xa0\xfe\xc6\xc7z\
X~\xc7\xc7r\xf1\xae\x7fZ\xfeF\xf1\x18`\xefW\
\x94\xae\xaa\x8cy{\xcf\x18\xb7yF\xb0\xc6\xd5C\xc9\
\x8bo +!\x83\xed/\xefN\x1d\xff\x0eb\xf8\xf4\
\xbd\xe5\x1c\xe1(\x1ae\x97\x04k\x9f@\xb0Q(\xe5\
\xac@\xbe\x8bbi\x1dP\x0e\x0aO\xe9d|\x9b\x0a\
\x96<\x1d\x9a\xf8\xe2N4\xb5\xbc\x11\xa60\x8c/\xe8\
\xa7F\x22\xa5\xb7\xeco\x10\xfbD\x9c\xa9\xc6\xd7\xdd+\
\x1b\xeb;/\xa9*\xd9\xa8C\xfcT8\xd6[\x89(\
Dl\x0d:BC\xd8G\xb8\xbd\xc5\xe3J\xe7\xa9}\
\xda\xd8\x8c\x93c\xc5\xbf|\xb3Z3\xc7\xa8\x96\xc0b\
\xd7z^\xdf\x9c\xf8\x14:O\x92W\xdf\x1al9\xe9\
\x1c;\x8c\x11%D\x1a\x83\x91\xc3\x13\x9eyS\x0d\x92\
<5v\x8c\x89\x91\xd9\x8d\xb6\xca\x81\xa3G\xbe\xc7\x9f\
\xea&\xd2\x9b\xad\x9ab\xd6cu|\xe1R\xac\x1c\xbb\
\xe5d\xe9\x1f \xcc\xb7\x22\x1f\xf9s\x0cx\xf7\xa3z\
\xc3\x1e\xa7\xb1~\xa6I<d\x07\xf9\x22Z\xdf\xe2`\
_(\xfc\x94I\xc7\x0d\x04/Bo\xd8\x13\x83\x83G\
\xc1\xcbG\x088\xcb\xb3\x89\xde\x19\x8f\xdb\xaf\xc8lo\
\x9e\x87\x86N\x1f\x1d}N\xf1\xe2\xf8\x957\xaf\xdcC\
\xf738\x8f\xfa\xf0\xd5n\x0aw\x16\xf7\x8ail\xe6\
\xb6\xd8\x7f\xc3i\xf1\xc4\xcd\xe246\xdf\xa9\xe4\x10n\
*\x13\x86tB1\x22\xdf\xd73\x19\xd1\xce;\xba6\
k\xd1\x94\x9a\x5c\x85\x99\x92\xf6t`\x19\x1f^\xf8L\
t\xe8\xfd\xa3\xe2X\xb0o\x0a\xad\x15J\xf5\xf0t\xfc\
\x97 F\xa4\x88\xe5\xb0\xbc#\xc5\x8e\xf6\xf8\xc1G\x16\
\x1b\xa6KD|rXb\x12\xfe\xb8j&$\xc74\
\x8dd\x9b\x8a\x8b\x16T\xf0\x05\xd5\xd8I\x8f\x96\x9cg\
\xe7\xda\xa5V\xa9\xa28b\x0b\xe8\xe84\xd9&J\x1e\
F\xae<\xcd\x15\xcfr5\xb6\x88\x96m\x9c\x05\xcfy\
\x02\x22\xe7\x18cIq(\xc1\x13Q\xd6!3)P\
\x80\xbe\x9f\x0bV\x0a\xa6lb>\xef\x1b\x9b`\xc8A\
!Ni\x99Q!\xfe\xc8\x93\xce\xd3\xd9\xba\x8a\xbc\xf8\
0[\xf7\x90\xc5\x0d\x96\xa6<\xbd\x8a\x9b\x96i\x0a\x85\
=`\xda3\xaa\xe7'>\xdd\xfbb,\x17\x86\xa7\xe5\
u\x8b\xfe\x9b\xb1\xb8f\xc9\xa0\x07\x9e\xe6KMx \
\xef;?\xbc\x17lplQ\x82\xbd\xe9\xc8\x0e\xf7\x02\
\xcb\xe6V\x0cp\xbf\x92\xe7\x02\xf7Sq\x1b\xdc/\xe3\
.\xd2\x80\xfb\xad \x8eH\xba`\x0d\xfax=\x89\x12\
\xefVq2|\x03\x0e3\xeb\xe3\xad4J\xde\xee\xc5\
)pz?\xfb\xd1\x9c\x07\xb1\xa2\xac\xe6\x84\x0ct\x83\
7\x026g&eVl\xaa>g\xb5\x97\x5cA\x8e\
|\xdfy\xc9\xe5\xe6N\xa8n\x10\xfag\xb9\xf9\xfas\
Q\x08\xa7_\xe5_/8\xa4\x05\xaa\xdc\xce\xc5\xf9@\
Kuu\x0f\x5c9\xe4\x88X\xc9Fm\x03\x16\x13\x91\
\xf5\x9c\x80\x18*\x1e\x08\x1c\xe6\xe2\xee\xf4S(\x8e\x05\
h<W\xf3\xb8\x8a\xc4_9_\xa1\xf7\xa1\xa2\xc7\xc1\
\xf40\x11;\xc8\xd4\xee\xc4\xb8\x81p\x87F\x0ax \
\xfdL\x1c\x9e\xa5\x19O\x18\x0a\x94h\xc0\xe7fzx\
=\xe5~\x8f.\xac]\xdf\xb8\xbaJ\xe8h\xcf\x94>\
\xe1\xfc4\xc3y\x22?-\x04\xe6\xb9j\xea\xc1\x0e\xf4\
pQ\xf1\xa2\xaf.o$\xda\x9f\x9fn\xb9j&\x8c\
H\x1d;\x0e\x0c\x1a/\xb4\xc3\xe7\x92G\x9a\xc4\x8cK\
\x1e \x06\x849M\x0d\x93V=XY\xc3\x81\x06\x8d\
\xcd\x80?[\xb6\x9fi\xa9c}\xe2L\xf3\x02\x0d\xc4\
G2\xf09\x9dAh\x12\x0c\x8a\xa5\xc5\x89st\xce\
I\x9e\xc1\xd8\xad\xda\xb10M\x1a\xbe[\xcf\xc1\xbd\xc2\
\xc7\x9a\xc62(tZ\xc7i0\x11b\xe3\xff\xd0\xb3\
p\xa4\xc0\xe1\x81\x9a\x22Ev\xed\x13\x1a:\x18\xad\xd3\
{\x9d&CXY\xeeH\xa4z,\xf73\xf1\xa9\xa3\
\x9fERh\xf7N\xdc\xe3\x08,\x90\xbdE\xc6\xbb\xf4\
\xbd\x9d\x86\x06\x988\x00\x9et\xcc[\x1a\xff\xd9<\xd9\
\x90b\x07\x90 A\x9a\xc1\xdf\xc3\x97v\xa7\xdf\xe8\xa8\
\xd8\xc5{\x03M\xfeg\xf0\x8a\x05\xc1\xf6\xd0J\xe0\xd3\
\xee\x0am\x87\x04\x87~K>\xe4\xa1\xefdu\x80&\
\xb1\xce\xb07\xdc.\x8d\xd0\xd4O\x98\x13\xeaW\xaf\xb3\
m\x09$\x05\x80b\xccsc3g\x97\xd0p\x00S\
\xa5\x14\x82\x0a\xcb\x19\x16:\x82J$\xe1\x00\x04d\x93\
\xc4O\x12\xe7\xb4\xfd\xcb2\xc8Y\xe8\xdc\x0c(\xae`\
u\xd6\xdcO\xd3\xab\xeb0\xbat3\xed\x89e\xb3\xd5\
hb=[\xd5(bi\x8f\x91\xc84{L\x09\x1b\
m\x8fe\xc1\xaceD)\x92\xbd\xca\xc5\x00\xc2%\xa3\
\xd3G\xb2c9k\xa6\xd2\x8co\xa0\xd8\xb2F\xca\xfe\
\xd1@\x04\xf7\xbaZ\xa7$\xfd\xac\xe9\x0d\xa1\xca\x01\x0f\
\xf2\xf6q,\x82\x0d\xb5\x89\xc6\xd5\xeb\x1b\xea\x5cj]\
\x1ex\x03\xa5\x0dk=\x1d\xe9\x9b5\xf31\xf1\x07\x92\
Yj}\x95\xbd\x8e\xbed\xd7\xf5\xa2*\xebH\xf9\xdc\
\x10\xf8\x19\x80y\xf5\xdcs-j\xc9l\x85\x82.\xeb\
*\xd7oP\x7f\xac/\xaf\x17}wt\xbc\xe2'\xb1\
\x8c\xea\xf2\xc4\xbc\xd2\xe2\xc6\xe6\xe7\xffu\xc1?k\xcf\
\x02\xca\x12N\xde\x86\xe3\x08\x03m\xc5\x02\x1e<\x0a$\
\x90\xb5t!g\xc1\xd3\x86>\xc5\xb5/w:vw\
\x16\x8ak\xc1bc\xb9\xb0+L\x0c%\xab\x13\x9a\xc7\
Y\x0aN\x1dy\xdd\xe1t\xa6\xefa\xe1\xf8\x22\xa3\xa2\
\xfc\x1e\xaf)\xfe$\xb7\x1cj\xd6\x18\x0d\xd9\xac\xfb\xf3\
3\xff\xa4H\xcb\x86\x94\x85$\xc3v\xca\xa3l\xe0\xfb\
\x0c\x5c_\x84\xb1|n\xfc\x1e\x15\x07\x14\xd0*N\xa0\
?\xeb\x91\xa9\x8a\x03D\x0f;m\xc97co\xc1V\
\x8b-\x1c\xff\x05\xee_\xe4\xba3s5\xe8\x02\x199\
\xcf\xf6\xdcd\xcb;\x03\x17\xdfb\xab\xaet\xe4vI\
\x7f\x05\xe7\xc2\x0b\xc9\xef\x01\x84\x15\x0c\x9e&\x95\x95\xd7\
\xdeg\x19Z\xc5VO\xc9]ey`\x94\x0c\x8d\x8a\
q\xbc^\xcf\xc1\xc6\x18Qu\x8c\xa4Tyz-w\
\x16\xaa\x5cU\x11([\xad\xc1\xdb\xf5\xaa\x8c\xb4u4\
\x1b\xd5k/o\x04o\x1d8r\xf8\xcc\x5c\xf89#\
\x9e\xc8\x92'\xd4(f\xadc\xce\x1c\xff\x00m:\xe0\
r<\xaa\xa6\x1c\xc2\x0bu\xe1\xa3\xc8\xc9\x86\x1c$\xd5\
6\x17\x95\xa8M9\xb2\xad[X\x15\x17\xe7\xceZ\xa2\
\xb6\x04S\xd8f\xe4\x9e\xd1\xb8\x024\x01\x9b\xd6\x96W\
$\xd6n\xe6\xc42\xcei\x824\xa3~\x9e^?]\
\xc5\x0f\x17\xdfbpX\xaa\x8a\x041p\xf3Y\xe6\xab\
\x8a\xd0\xde\x977\xc2\xf5m@]\xa6\x1a\x22\xd8\x03\xd3\
w\x9e}\xdfn\xfc\xcb\x9d\x90XzKe\x85\xa2\xf7\
K\x83\xaa\xff\xafRz\xeb\x8eT\xe7k:\xab_\x1a\
x\xfdd\x92\xef\x0c\xd1\xd3\xd6\xe7$)\xd9\x0c\xc7s\
,\xd1\x89J\x9co\xb3\xd4\xc4L\xd1\xc5\x04,\x95\x0e\
a\xc5\x10\xa6\x90:\xd1\xe9|#\xe1V\xf5\x12\xc7\x84\
\xe1]\xe6\xca\x864@\x8f\x90\x8f\x8b\x89\xefW\x95\x1e\
&M\x16G\xb4\x8d\x18\x02\xdb\xe5\xe5\xb5\xf2y\xd9\x0a\
G\x8d\x05]]\xce-\x05\xe8e\x9a-E\xc0\xcbQ\
\xb6\xd4\x04\xc8AJ\x0d\x8b\x10X\xce\x12'\xd6HG\
\x0eL\x22\xd8\xc0\xcb]\xb1D(K\xae\xd7\x11\xcbr\
@\x22D\x0f\x14A(D!=\x18\xb0H\x06\xfc\x82\
\x05\xb2WY\xa3\x0d\x95\xc2)\x03\x18C\x93\x5c\x11\x94\
\xaa\x15\xa6\xb9'^\x9eY+\xfe;\xd9\x13`\x85\xb7\
N<\x95\x06Hr\xdaKV\x9e\xde\xd3\xc9\xab\xdb\x94\
i\x81M\xf1/9\xb7.7\xc5\x1f\x12 1\x9a\x1a\
h\xc0\xeb|(_\x11\x9d} \xf9\x0c\x9e}L\xf0\
\xe9\x1eQQ|\x94\x9c\x8a\x85\xba\x90Q\xf2(NW\
2o4_\xa3.\xfb\xf7\xc8\xd7H\xdb\x1e\x96mP\
l)Z\xd2\xe0\xb6\x97A\x05D\xa1\xa5\x13\x91:\x07\
\x02\xfe\xa3\x1b\x1c\x08r\x1e\x8d\xd2A:JV=\xb0\
\xe4\xd7a\xf9\xa4\x80\xd7\xf7\xe9\x94\xb43k\x9el\xe5\
Xo\xf2l\x9f\x9d>\x8aa\xfa\x01\x12%\xc7Y6\
Mu\xc0o\x04k\x1aL]\xf0~\x80\xcd\xc9\x08\xb2\
\xd4\x1a\x0d\x08\x97\x8b\x9b\xb8\xbc\xa47\x84\x88\x9c\x5c<\
\x09\xd4\xa8x\x07\xd9\xba\x0d\xbf\x7f\x1c\x1d\x9d\xa0\xea\x84\
\x1e/\x121\x95\x86{\x5c\x89\xc0\xab\xce\xd6r\xf4\xd7\
\x5c\xba\x0e`\xc5\x86w@.Mg\x07h/cH\
\xfd,\x99F\xb4\x81\xdc\xcb\x92\x00\xcbL\x89\xe9\x0e;\
\x98\xa1$\xea\xd3\xe7\x1fx\x15\xf9\x98H\xfc^\xc3\x81\
\xe9mXS\x188\xfb\x00N\xa4\x19\xe5\xf2\xa1\x1f\xa4\
\xe3H\xb5\x915>\xc8F\x8d:F\x99\xee} \xfc\
<\xe7\x00\xddo\x18oMnT\xca%t\x9fr\x11\
\x88\x1b\x8e\x87\xdd!vz:\xb1\xf1k[\x06\xb7\xfc\
\xab\x81\xdf\x9a3Z\x03\xb0\x17\xf5\x9f\x1c\xec?\x1d\x92\
)\x90\xda\xd3\xf0yZ\xe7\x0b\x95\xec \x12/t8\
\x028?5\xbb\x9a\x11-D\xa2=\xa1\xce\x03\x08\x0d\
\xc08\xef\xa0C\x98\x13\xca\xd60Mo\x94\xcd\xf8\x9e\
\x066'\x8c\xb2a\x9a\x8a=\x09#\xf123\x84\xeb\
!(\x01\x22\xaf\x10R\x0e\xc8\x0fP\xaf\x93\x0c7\xf5\
\xfa=T\x5c\xbcZF\x0a\x0f\xfe\x10n\x95\xd8\xad\xcb\
\xae\xc7\xee\x5cq\xb3\x8b\x18\x823\xb0y\x82\xbf(\x05\
\xd3+\xe6\xda\xa5C\xc3o\xedg\x1f\xcb@/\xbc\xdd\
\x03\xbd\xaf%/m\xf3)\x22\xbc4l\x96\x9d\x89\xfa\
\xf0\x17\x89/\x03\x8c\xda\xf9HM\xb7\xa5\xfcLS-\
\xbd\x9c\xdasEBQ?hN]\xecN\xa7\x08\x15\
\x83\xbd\xadk\xdb\xde\x17G\x22X;\xb1\xf9\xfb\x9b\xdb\
\xfe|\xa4\x10n\xed\x8a|\x84\xc1\xc6\xafa\xe3\xaa$\
\x06F\xfc?\xb1\xbb\x0d]\xd96\xbc\x97rdr&\
\xfa^b*9\xd9\x0aZIvy\x8b\xb3\x81#n\
\xbb\xce\xf2\x0e\xd7\x93\x188\x8e\xfd\xafr\x96hp{\
\x81Z{\xe3\xbdK\x0e2\xb2\x07\xef\xa0\xe2\x9b8!\
\xf6\xd2,\xc4\xc4\x83\xb9qy\xe3\x22J\x93\xbb\xaf\xa2\
\xfaExd\xb4.>\xe7%\x83f\x120f\xc2\x1e\
<\xf5^\xf2\xccA\x0f\x0c\xc4o(\xd1\x0f?\x09\xf6\
\xb9\xed\x1c8/9\x1e\xc5\x13G(\xb7\xcc&}\xe4\
\xb5\xd4\x91\xab\xec\xc2q\xbe;\xab\xe0\x9a\x06D\x15\xb6\
|\x83\x0aE\xec\xe7\x13\xecrfd\xaa\xcce\xe4\xa4\
E\x99\xb9\xa6\x0a\xd7\x07<\x0d\x0c\xd0\xa0|I\xb8\xe7\
\xbdTU\xb8\x8c\xf1{\x03\xfa#Z\xe0HYr=\
x\x10\x0d\x950\x89o|#[\x15\xdf\xd1\x5c\xde\xc5\
?\xb1\xe6\x07\xa2\xf1\xef\xaf\xfabc3\xa8\xd9F\x22\
\x88\x0d\x10K\xa6>\xb1Ak\xb8(u\xb6\x0b\xcd\xec\
\xd8\x91:v\x01\x9e\x09bl\xc3\x9a\xa0\xe0\x00,\x14\
\x22crj\x99\xa2\x81\x9e.\x0d*\x19\x91\xc2\x0ev\
9\x00\x93S\xfc\xf4\xbe\x0a4M\xe9}\x97t\x8f\xad\
.\xd7\x06{V \x8b\xaf\x8e\x99VY|\x09\x8ap\
\xe4\xb8c\xf8s\xd1\x0a\x1e\xcf\xe0\xfe\x1f\xd1ik9\
c7=\x9e\x99\xe6\xff\xda%;\xa5\x9fY\xdbgi\
\xd0v\xaaKN\x80\x8b\xc12\x9a\x81\xe8N3\x9a\x11\
\xa1\x9dUh\xdd\xa3/\xd5j\x85>h\x19j{\xd7\
\xd2\xab\x1c\xc4\x9b\xe3G!\xd2\x9c\xee\xd7\xe1\x15\x09\xa7\
yl\x1c\xa6B\xa7\xf4\xd4@\x88\xa6<o-\xb2\xcb\
\x1c\xae\x14\x9a\x1b\x9b\xd1\xd3z\xcar\xcb\xd2\x14\x0dv\
\xfd5\x16\xe4\xf1v\xaf52=\x97W\xaeq\xc1\x19\
g\x90\xa4?Kl0\xa9H\x11\x94\x1eKb?\xf1\
N\xd3\xac\xb2_\x92r\x19\xa6\xe3b!\xe5P\xf4\x81\
\xfe\xd7\xa5\xb2\xab\xf6\x9b\xc3\x8a\x9b\x8d\xe6\x0d2\x8c\x08\
\x8bw\xd3`P\xf1\x00\xdb*g\x94sB\xcb\xa9\xf8\
\xb77-j\xb7\x8a\xbf\xd3\x9f|\xb5\xddY<\x80O\
\xe0\xe2N|B\x0c\xc5q\xb4U\xe4\xe3\x0b\x10V\xc0\
\xach\xecmB\x1eo\xc02\x80^hl\x8e_+\
9\x00\xb8^Y\x07j\x10\xa9La\xfc\xa8\xe2Rk\
X\xac\x9d\x1c\x0d\xdc\xa8<\x17\x11\x08\x80\xa1\xe0\x18\x04\
\x8fQ\xcdwTq:pBw0\x1c\x820Tg\
q\xc6\x10 0\xb9\xbbC\x8a\x92L4\x87\x92;\x8f\
\xea\x14m\x83{]6\x89) c+\x1e\x03\xee\x9e\
\xb2\x0e\x00\xad\xfcT\xd5\x06\x0c}\x16\xd3\xb3!\x85(\
\x91\xf7\x00\x01\xc2(+3iuHN.\xb4B\xaf\
K!sy#Z30LSY\xba|[r\xa7\
\xfb$M\x90\x1b\xa5\x94\xb9\xee\xff1v\xfb\x85w\x1c\
\xbb=s\xdd\xaf\xca\xb2\xf5B\x17\x92\xdd\xd6b\x8b\xac\
\xfbm\xe91\xc4\xe9\x1b\x16\xf4\xbc\xd4\x85\xfe\xe4\xcb\xc7\
82\xdfmG\x9f\x86\x8a\xcb\xa7c\xe156/\x7f\
\xb1\xeat\xcf#B\xd0\x9f\x81\x90\xaf:cqA\xfc\
k%\xeb\xb4x\xc8yR`\xef\x1b\xbc*1}}\
WS\xbbO\x8bk\x90\x1az\x89)\xfb\x90\x9a\xe2\xc4\
\xc1d\xa78\x1cO\xbbR\xb2R\xa3\xa2\xb1\x00R\x97\
\x85\x93\xc0\x10N\x1aTT\x9c\x01\xc1\x8a:G\x80\xb5\
]\x14\x97\x8a\xb6]4\xbe\x14g\xf1\x00\x85;\x15w\
\xebv\x11\x14\xb7\xec\x0ey\x5c%\x9d\xad!\x13\x90<\
mn\x09U\xe7\x90\xbeq#\xe6\xd6p\xa6\xe4qa\
9\xb7N\x97J\x11*.\xbb\xfe\xe2gK\xde-\xeb\
\xe0\x94\x89\x9c\xaf\xc5\x8f\x0c\x87R\x8cW\x91\xe6#a\
\xb1\x17\xde\x05\xc1\xc9\xf6w\xc5\x16\xf1R)\xfa\x89[\
\xcc\x90q\xc9\xcdA\xef$\xc7Hn\xdc\x18\x08\x92\xa5\
\x16\xdc\x0f*1 =U\xc6\x80\x0c\x1f8\xe1\x18\x90\
\x9e*\x22\xea\xd7\x91dy\x5cX\x82\x19\x9d\x08\xb2\x09\
\xa8\xa8\x9eX\x01\xf2g\xae\xac=\xaa\xdc\x1d\xa4\xb6\xad\
\xdc\xa8\xb2\xed\xb4\x19RQ\xd1\xe8pDV\x0a\xef*\
\xbcr\xe0+0\xd8=eW\xa5\x7f\x8e\x18\x0b\xdc|\
\x9f\xd4U\xacJ\xe3KeWe>=\xe77FQ\
\xd1\x86e\xa1\xf3\xb1\x5c\x83\x0b\xa7X\x0a\x0b\x07f\xf1\
\xd7\x01\xa4\xe6\xe4\xcb\xc9\xac\xf9\xb8\xf4\x946\xdf\xfd\xbb\
\x84\xdan\x0f\x9d(dd5\x89pAwJ\x93(\
H.\x84\x9eK@\x1fR;\x10\x98TE^\xf0:\
\xc3\x8b<\x85\x19,\xa0\xe5*\xb8\x0f\xf4\x8f\xf2\xaa\xaa\
\xdaD\x9d\xed=\x9e\x02\xc1\x8a\x09I\x5c\x9d\x81<H\
\xfe5#\xc5j\x1cGt\x0b\xba\x13!Yo\x10\xb4\
\x82K\xd9\xb7\x1e\xf9o\x10\x96,MX\xa6\xe5((\
\xe7q\xc8Q\xa9o\x12\x7f\xda\xd8\x5c\xfa\xc5\xc4\xb9\xca\
\xb1{\xce\x00\x890R\xf8R2\xf6\x11\x08\x00\x94\x83\
\x83M\xdc\x00\xb6\xc4f!^IYO\xb4\xcb\xbe\x8a\
[\xd7\xd3\xdf\xa4\xf6\x81\x5c!).u\xd1\x93\x8e\xb6\
\xe1\xddg\x18\xc1 n\xee\xa1\xf6\xd7\x07\xfa;%\xb3\
\x9d\xe6\x09\xf1\xac\xe3\x8c\x84\x19\xe8=\xcd\xd1M0\xbc\
\xb8h\xf77\xf4U\x8e\x05\xf7\xc7\xde\xd9\xc0\x83WV\
\x80\xdedE\x86\x96\x16f\x9a\xe8\x16\x10\xcaD\xfe1\
\xbc\xe7\x0c#\xc0\xe1\x83\x22&\x13L\x83\x9d.&\xd3\
\x00\xafd\xb9\x11*\xcf\xa2\x90\xb4\x11\x00\xb6VG\x18\
\x8a\x1a\x85NX\x91Q\xd3\xbd\xff\x85\xc6\x7f\xcb\xc8q\
\x19\x8a\xa1\x87p\xfagFe\x03O\xb9,\xb9`\xa9\
\xe6'z\x96\x9b\x8dnjL\xd4\xd6\xad^_\xc3\x89\
M.5\xe1;\x8e\xf7\x09\x0d)\xc74+\xb3\xb2\xe2\
e\x8a\xf6\x10\xdb2\xaf\xf3\x85\xd7\x11\xa8a;\x93&\
)\x92;\x8e\x94rA\x5ctj;/<j\x14T\
J\x84Pi\xe3\xaa\x8b\x80c\xf4\xcf\x17\x85B\xebD\
\xc8.\xa1\x18\xed\xb1\xd7\x09\x9e\xb2\xdc\xa4N\x93\x99J\
\x80<\xb1\xeb)\x9f\xf9Z1\xb6\x1b\x03\x19c&z\
\x94\x02\x9b\xd6\xae\xaf,_\xbbz\xa3#\x13L\x0e\x8b\
\xda\xb8q\xefu\xff\xbd\xe4U$\xee\x1eK\xeb*\xf8\
\xffZ\xfb\xf6\xe8\xaa\x8e\xf3\xdeC\xa3\xa5\x1c\x94c\xc1\
R\xb1L$\x8c\x8f]jT\xc5\x80R'vL\xbc\
\xf2\xa0\x8ek\xbb\xf6\x11H\xa2\xc4\xe1U=\x8e%\x16\
\x18\x13\x84d@\xc1HX\x80@O\x08z\x18p\x04\
\x94W\x82\x11\xe0\xd8\xe6!\x1e\xff\xb4v_n\xd6\xed\
\xea\xcdJW\x9b\xb6+\xd6\xd1#\xbd1\xbd$\xcb\xb4\
7\xcb9w~\xdf7\xb3\xf7\xcc\x9e\xd9G8\xab\x7f\
\x19\x1f}\xf3\xcd\xec\xbd\xe7\xf1\xcd\xf7\xf8\xfd\xc2y\xc6\
\xfc[\x8b\x93\xd8\xcbz\xfb\x08\x94\x0b-\x8bBa\x9e\
\xa7sd<\xbe(\x0c\xde9\x07*\x82hR\xdc(\
\x14Mj6\xda|3\x1b\xd5\x0c\x19\xef\xfe\xf3XO\
\xea\xc8..c\xf8d\xd7\xffU\x0d\xe4\xbb\xc1\x09\xa3\
\xa3\xfb.?V\xf5\xe8\xd6\x9bT\xf6\xc8\xf1\xcb/F\
J\x22\x0fG\x1e\xe5\x08f\xba\xb0\xb4 1/y\x16\
-)\x9d/\xb7\xaawE)\xf3iV\xe4\xc2/d\
\x95\xf2\xbd\x8cZ+\xf6\xe0\xd0\x91\xa5\xb0\x81SC\xc7\
\xc4\x8dBX~\xaaB\x92\xa2\xa0_,y\xf8Q\x19\
\x06E\xad\xd2\xd5\x83 \x94\x16\x0b\x84\xf7^\x99\x0b\xd8\
5\xba\x179\x12\x1e\xdb\xa6\x98\xe7\xec5\xcaT\x12\x98\
\x85\x9b\x926u\xe9Bc\x9dW\x102snY\xd0\
\x9d\xe5\x99\x85#^\xd7\x89#\xddri@(\x91\xbb\
\xfa?\xaaM\x90\xf6\xbbY\x1ce\x1b7\xce\x8cv\x86\
\xa0\xb5G\xd1\xda\xf0\x17\xc4d;\xa7\xb3 \x0b\xfb\xad\
9\x22\xbb\xfaZ\xe8l\xffi\xf9mmJB\xe7\xf8\
\xb9\xd7S\xdd\x17\x1d\xf3qf\xc3\x17i15E\xaa\
(\x9f\x8b\x0b\xb5\xb6hkY,\x83\xb7\xb1\x90\x9a\xaa\
*7mJn\xdcb\x9736|\xb9\xb3\xc8\xccb\
\x1f;0<\xfe\xd6\xe9\xb0\x87\xfer\x7f\xd5\x8a\x85\xcb\
\xff\xcb\x10\x9fx\xfdX\xea\xfc\x95\xd4\xb9KNq\x83\
o]\x8a\xbb\xc9\xd6\xa3\x0d\xcf\xf6W-_VZ\xae\
\x89\xf7v@\xfb\xd9\xfe\x91k\xdf\xb5\xec9\x16/\xbf\
\x9d\x8e\x8a\xf5\xbfIK\xc1\x9b\xe15\x13/\xee\xe6\xd5\
\xb6\x0d\x9b\x1c\x19wY\x8d\xff\xa5W#\x8f\x1d\xba\xe4\
p\xaeE\x91\xc1e\x5cIc\x9c\xbf\x15r\xfb\xdc<\
\xa5~\xb7\xa6\xf3H\xcbX\x97]\xf1\x0e!\x1d\xa0\x9a\
\xc5\x1c\x00\xd5Y\x9b\xd7\xe9\x88\xeccG\xdfp\x95p\
C\x08H\x1b\xda\x10I\x90\xd12\x9c\xe2\xdb\xf3\x8d9\
F\xe2cW\xfb\x5c.\xb6\xcd\xeb\x97\x1f\xd4\x870\x94\
\x1ar\x8cs}\xfbqCh|\xc8\xbab\xcc\x82\x10\
\x0eIo\x07se`\xc4\xb91\x9f\x90\xfe\xf6\x13\x9e\
\x84\x11\xdd\xd2\xd2P\x14\xd8\x19N\xb6`os\x97\x08\
B\xbc\xff\x97\x03\xfb\x82\xe2\x13\x83?\x9c8fM\xc9\
\xac-\xc3:\xe8\xe9\xd8\xc9a\x07\xe8i\xf6\x96\xf7\x97\
/\xd6\xae\x13S\xc7Nu\xa6\xce\xf6\xb8\xf8\x02@\xcc\
\xae\xa9#\x9au\x87\x90~a\x13B\x8e\x0b[\x14B\
\xb8\xc1j\xcfA\x82|{\xb5\x0c\x0b%n\xde\xf2\xf5\
&\xee[\xfel4TuT\x8d\xad\xc8\x06Pj\x8c\
\xbb\xf3<V\xa5WN\xc1\x8aev-M\xbf\xfbZ\
\xed\xe8E%#\xdeq/z&bH>$z\x81\
\xde\xe0;\xe3\xa6\xd6\xf9@\xe25\x96S\xe5n\xd5\xe8\
xF\xbf\x0aZ\xdb~\x15n\x9b\xc9\xafR\x80\x86\x5c\
\xf6\x11\x8a\x129\x97\xd5x\xc5\x1dw\x0a\x14\xa9\xe9\x0e\
\x85\x8a\x0c\xea\xbeS\xb4\xc8,\xc3\x18\xccv\xdb\x80Y\
(\xc1\xd3\x84\xa8\xa0\xce\xb2\xcd\xb8No\xf5R\x8db\
~\x9aW{\x87<L\x07\xbf<\xdal_?\xd0\xa8\
}[j!N\xb1\x89\xa36a\xfc\xd6\x1f\xeb\xe9\xb6\
cg\xfa\x5c\xe9\xb6\xd6\xe7\x8be\xfap1%n0\
\x10\xe5\xe9M\xdc\xdcC\x8b\x9a\xf8F\xb4\x86n<\xc9\
\xc8f?\xa0\x8b\xeb$jr\xf4\x82a\xf6/\xb3\x95\
\x07\xa8eP_z\xdd-\x19{C\x5c~\xd6\xac\xaf\
In\xd6\x82\xbd\x12,\x9c\xab\x94\xaczb\x1fYV\
\xd9q\x8c\xd1\xcc\x0c\x9aV,2\xf3h\x11\xf2P\xf9\
\x0c\x18+f\x1b\x87+*\x82W\xa4D\x86\xb1\xca\xb0\
\xa8\x96\xf2 #U\x0c\xd1\xaab\x1b\xf0\x8e\x84]\xa6\
\xbe0\xf9@\xcd\xdc\x0fcp\x8fO:8g\x0a\x88\
{(_\x0a\x1fJm1\xa1\xd3~X\xf7i\xf5\xc6\
\x96<Eu\xf1\xe6\xbbZ\xe4\x1e\x0e@\xc0\xa8\xfc\x92\
\x02 \xfa\x8bJ\xedl\x93\x9f9\xec\xfdd\x18\x14\x82\
\xc8b\xfb\xe1\xd8VxD\xcb=(\x0e\x11cW\xf2\
#]w\x1c\xda\x9a\x8f\x14\x0d\xbbB7\x12G\xe6&\
n3\xab\x1a1\xb8\xe6{\x92\x1f\x19\xc6\xf7\xe79U\
\xc3+\xcc\x8dK\xe4g\xbe\x87\xa0\xe0\x0c\x83\x1ao\xee\
'zt\x97\x85\x1eC\xcf\xe8\xc5tC\xca\x14\x10\xd2\
\xe6vC\xce\xd4\x1b2\xb3\xcf\xaaO\xad\x98\xa1\x19\x04\
sl%\x1e\xa1O\xea\xd2\xab\xa9\xf3\x07\x1c\xb6B\x14\
j\x03\x86\x0d\xabq\x97\x19B\x1cHYf\x8637\
a4,w\x86\xf3tj(S\xc3\x8c\x1b\xe2L\xd5\
\xd8O\x0cs_\xe1\xa8o\x0b\xf5H\xf6\x9d\x09\xf8\x88\
\x1abZ\xe1fm5\xa4i\xc2wik\xff6\x90\
\x0c\xb3\xdd\xe8\x85y\x88\x81\x8b\xb9\xf4l\xe4\xa5H-\
\xf9;|\x07\xc1]\x1c\xec\x8e?\xfbRmu\xe5&\
{\x5c\xcb\xb9\xce\xdd\x88\x1e\xe6q\x1b\xe9\x88u\xc7\x10\
\xe1\xa2\x0a|4\x0e\x87\xb9\xadQ\x88\x1b\xf14)\xee\
\x0e\x97e\x19\xc3\xc9v\x0f!\x0buu\x9a\x10U\xcc\
Y\xb6\x8d\xc9\xdb\xee\x89\x7fF\xa3K\xb7\x8ee\xb4a\
\xa7\x9bv,\x93\xbc\xe70\xb3bahS\xb1-1\
R2\x05s\x03\x91\xe4\x92)(\xc4K\xe4r\x8d\x8d\
\x01\xa5\xf3\x88,\xbb\xdewmd\xf8\xf8\x07\xcd-\xd2\
\xa3N\xa1c\xc07PQ\x1e\xdc\x0c^\x01\x8e\x13t\
g\x96\xddi\x22\x17\x9d\x1a\x9d\x15g\xe8\x0c\xceu\xea\
,\x04\xd5\x14\x1d\x18e\xce1\xa9\xccY\xc2L\xe2\x81\
I\xc1\xe2\xceI\xb1\x0e\xe2U\xff\xf0\xcaO{\x0a\xba\
\xdf\xf3\xafIz\x84\xa6\xe4w\xdao/+\xc2jg\
\xcc\x10l\x85\x03\x0d@\xb1\x83\x14<\xd1H\xb4H\xac\
\xa6\x8aT\xb1s7W|\xe7\xd7\xca\x81Z\xf1\xcd\xaa\
|\xf4P\xbec\xe9\x93\x9a\xd3j@\x96V\xb6\xef\x1f\
\x1b~}\xa2\xf9\xe0\xf8\x8d\xdd|\xeb\xb2B@\x1f4\
\xef\xc0\xf9\x82\xa4b\xec*\x1e\xfc\x08o\xab\xc0\x98 \
D<n\xc8^kN\xe8 >M.\x81\xa5\xa3\xbc\
\xe5\x80\xe8Sw\xc3\xa6\xf6\x0d\xa0\xa8\x93\xdfM\xd7\x8e\
T\xaf\x8b\xc8\x80\xde&(\xd6\x83o\x93\x89\xd4\xad\x10\
3\xc4}($\xecR\x86\xaf\xf4~\xd9\xd8\x84C\x92\
.1\xa7\x1b5j\x15s\xc72\x95q\xc7\x94\xb8\xe1\
a\xcf\xd3\x9b\xb8\xfd\xe93\xf5\x86D2V/\x8e\xc3\
j\x8dhl\xa6\xad$^T\xdfXmQ\x8beC\
\x95\xf6\xc6\xa6rC\xc7\xeb\xa2\x87\xfb\xdeO\xb4\xeb\xbc\
|\xb8\x89\xe1\x01\xc7\xa5>\xa6\xc4M\x90\x06\xbd\x89\x1b\
\xa4!\xeb\x957V\x9d\xd4v\xa9+o\xa4\xae\x9c\xb4\
\x85\xfe\xc2\xf0\x7f\x0c\xbb\x12\xc3f@(qW\xf3\xc7\
\xc2\xc2\xfc\x5c\xf5\xa9\xb2G\x0c\xde\xae\xd9\xdcHX \
\x80v\x82\xc1xf\xb4\xeb\x94\xb8@\xb8\x09\xbb\x1e\x82\
2\x9c\xe1HQ\x82\xc9\x1aY`\x9b\x22\xdfi\xaa\xb8\
\xab\xee\xf1\xd5~\xe6\xd1|\xee\x84\xcft\xceYb\xdb\
t\x81g\x8e`\xaf\xee\xe9\x1c=r5u\xd5\xae!\
S\x9d\xbe\xb0\x00|s\xdaESS+L\x05\xa6\x95\
\xb3\xd2\x15\xd1:\x1d\x95\x83\x9d\x1f\x1cnzjU\xbe\
fO\xbd\x14\xf1]}\x0f\xb2\xfe\x9bW\xdb\xe4h\xe7\
\xab\xe1\xde\xbc\x0aD\x1a2\xa6^Zo\x7f\x95\xbf\xda\
zS\xff*m\xe2\x8ac\x0b\xfd\xc8\xf8\xbe\xc3\xdd\x8e\
\xef\x1b\x03-\x06\x9dBOG\x9e\xf0\xf9\xe4\x99\xf2\x22\
\xbe\xf8\xe9'\xeco-\x1aT\xe4V\xfdu\xf9\x8fy\
9\x9bU\x09\xdcP\x18\xbc\xa3\xed{\x84m\xe9\xadf\
wTp\x16\x94\xa9h#\xaa\x05\x80\xbbh\x8d\xe6\x01\
\xa9T\x0b2\xca\x0a\x01\x82Zt\x8d\x92\x1e\xeb\xcf\xe6\
6\x7f\x8c\xa0\xa6\xb6(H\xd1h\xf3)$_R\x08\
\xd3\xf9x|=\x07,\x8e\x18\x8b>\x92\x99\xac\xc0\xbb\
\x983\x0cN\xdc\xee?Jjt\x80\xfa\x98l\xea\x04\
\xa2\xcf\x81\xdd\x9a\xb8\x0b\xf9\xac\xda\xb9NV*\x0cw\
\xcaL\xb5\xd7\x89h\xa3\xd8d\xd4\x95\x14\x97\x18\xec\x03\
\x9c\xe8\x04<\x01\x90=\xe8\xd9\x98\xd2\xf6\xd5\xd8f\x8c\
\x5c&\xba\xc4\xf0~\xe1%/IT]b\x83p\xe5\
)a +o\x95\x1dY\x92\x8c\xcfB\x12\x013<\
\xc6\xef\x05s\xb9\x11\x93\xe1\xae\xc5\xe5w\xef\x11\xf1\xfe\
~\xd6|\x98S\x0b<\xee\xc7\x9f5\xbf\xce\xa4\xe5\xae\
\x9c\xcf`/\xf8\x7f\xab\x8f\xe2\xb0>\xf8\xf7L\x1d\xe4\
p\x07x\xa3\xc1o\xe0Q\xea\x04\xdb<\xa2\xf8\xc9|\
|\xcc\xe6\x8fW\xdej;\x03'cU~Y\x5cX\
\x02\xf2\xcb\x94\x0f\x82W\x1d\xdfF\x1b\xee\x12\x9d\xa1,\
\x00\x96\x89\xcd\xf2\xe2\x9b\xe3\xc7\xce\xb0\x8b\x12\x09\xcbm\
G\xe88\xd7\xa0\xa1\xbb\x06\x99\x82\x9d\xbf\x98\xab\xb0M\
\x8d\x90q<\xb4\xbeg\xea}{\x08\x1e\xae\xd3\x1e*\
\x8c\x03;&\xb1\x7f\xdcg\xb3\x05\x18\x14\xcb\x04\x15D\
\xe2x5Aq~0\xa7\xb8\x91\xc1,\xc5\xdd)\xcb\
Q\xa4\x01\x99\xc0\xe8\x9c\xd1\x13\x02\x8c\x8e\xac\x22#.\
@\xe9B\x8e\xb8\xc0C\xc8\x18\xb1k\x00$\xf3\xce:\
\x82\xa3X\xc3\xbfi\x08\xa5\xb38_\xc4+\x05X\x10\
oZ\xb7\xe6\xc55\x9b(\xc3\xde\x1eL\xfe\xe6)\xe6\
`\x10\x1ep\x05)\x0c\xee\x8el7kG\x14\xe6\xb7\
\xc1\xd6\x11\x93<\x1dN\x86\x8e\x02\xdc\xef\xe9aj\xc4\
\xe3m\xa4\xe8\x96\xcc\x13\xf0\xb9\xa1\xf92\x1fo\xaai\
\xd8X\x89s\xca\x0ane!\xee\xe9\x8f\x8cC\x91V\
\x16\xaf\x22\x92\xf3qV3\x92\xc9=\xa6\x13\xc8\x05\xc0\
V?\x19\x8d\x5c\x14=WW\xe9\xa4~\xac{\xb4\xf3\
\x98\xe3\x8b\xc4 \xbe\xe7\xdd\x81}F\xf0&O\xa6\xe5\
\x9f\xda5ql\x9f;\x84C\xfd\x98\xf9b2*\xeb\
\xe6cW\xe2\xe9h\xf5\xe9W\x17ka\xb5\x99z3\
\xb0\xa0w\x9d\x1e\xef\xecq\x81Y@E:J$\x8d\
\x1f\xc1\xa5\xa0))d%0:$7\xe3;\xecT\
p\xe8\xc9n\xf9\xf9\xf2\x83\x09\x1f\xd3h*\xda\x0e\x1d\
\x1c\xb9lI\xe6\xb2\xa4BL\xf6\xaf\xf9^\x0b\xa0!\
[\x16\xb6\xd7\x8a+j6\xd0D\xab\xd3&\xd9\xef\xfa\
\xedQD\xb3\xa1rS\x9dM\xa6\x0a\x9f\x18\x99X\x89\
H\x99o\xc5\xb0\x7f+\xfe\xf5D\x99\xb3\x81\xf2\x91j\
_\xd2ryZ\xa7\x04\x1a\x06\xb3\xd4e\xb3\xb0,u\
\xeaL%\xe8Y\x9di\xc9yVj8\x1a\xaa\x98\x8c\
_LI\x18q\x04\xb8\xa8R`|\x97\xa9\xf4\x8bj\
\xd1\x99@1\xa5tV*\xe8E=E\xc6\xf2\x1c\x98\
\xfeY\xdd\xcep\x90\xbe=\xe2t\xc9:x\xdf23\
\xbe\x15\xb8;51\x83&\xed*$\xb7GU\xfb\x19\
\xef,O\xaf\xf0\x0b\xa9T\x0c\x96\x09\xc23\x0b*\x8a\
U\x8dD\x8b[\x02#\x18@\x02\xc1\x0fa\x97\x0d\xb2\
SV\xd2R\x5c~G\xb1\xe6\x9eg\x03\x99\xa1\x05B\
\xc7mf\xe2\xea]\x84d\xe2\xbe\xfa/\xe5K\xb5\xed\
\xb7\xfbp\xaa\xd3>\x81iG\x13\x07\x9f\xb69\xc9\xbd\
\x0c\x87\x9f\xf5\x81\xd4\x06\xd8\xf0y\x0c\xa9\xf9\xe3\xb2C\
\xd6\xee6W\xdf\x0c\xc7\x0e\x5c\x90^ia\xd1\xec=\
\x94i\xe3\x8b\xed\xf9\xa0\xb6G\xa1*j\xeb\xf8\xd4\x9f\
\x8f~\xaf\x078\x8a\xd6\x03\xee\x19\xad\xd9\xac=\xe0\xa9\
\x93\xa3\xfb\xac\x1c\x88\x9c\xf6\x17*\x9e)\xff\x9bD*\
\x91\xa3\xad\xd9\xb3'S\xfb\xf6\xa6\xba\xf7\x8e\x0c\x9f\x10\
K\xc4\x9a\xfb\xed\xdf\xf7\xfc>\xcf\x12hF\xbc\xf4\xa7\
\xd5S\x96\x15-iL\xfc\x98\x82c9I?#\xe1\
\xc1\xf1\xa1\xef\xc7\xb9u\x5c\xd8Q\xa3\x1d-\x04\x86\xf1\
\xce\xc8p\x9f\x0a\x9a\xed\x1d\xed\xb3r\x15f\xb5\x7f\x1f\
usP\x97Ay\xb1P\xce\x85sR\xd7\x9dw\x90\
e\xe0=g\xbb\x11\x9d\xb3\x0c\x97q\xb6\xdbM\xfc\x04\
\x84\x08\x8e\xb2\x8e\xe0C\xd6Y\xb6\xcf\x02\xfa\x7f\xfc\xb5\
\x9a\x10cj8\x96\x81\x13|\xf5\x7f\xf4\xdc\xd7S\xd0\
\xe3'\x95|\x81;\x89\x97\xd7%\xd7\xadS\xd6\xd0\x82\
\xa6\xea\xbad\xf5\xdad\x0d\x052\xe4\x1d\xfe\xc6\x99\x89\
\xe6\xc1\x89\xe6\x83\x13-V\xf2\xc9L{H\x01\x82\x9e\
|\xa3\x9bPn\x9e\x19R\x91\x11\x87\xf1\x94\xe4J%\
2\xc8b\xb9\x0a]\x8d\xd3\x05\x1c-\xf4\x8e5;\xd3\
\xb2H\xbe>\xc6\x8a\xfa\x03)\x09T\xa8\x8dTF\xb4\
Ia\x7fJ\xbc\xa8\x1a\xf1R\xfdA=a\x0e\x0a\xfc\
\x03*\xa6H\xa7\xa4\x97zY$^nMr\xdb\x1f\
\xe0\xd7M\x95\x1bk\x93\x9b\x80\x0b\x1ao\xaa\xafYk\
\x83\xa1y\x8f\xb2^|\xd5\x17\x09(f\xa3\x0e\x82\xa5\
:]\xdf\xf0bUr\xa3\xbb}\xe2.0\x98!\x8b\
\x18;\xe3\x9f\xfeF\xab\x14\xba\xdf\xab\xf5c\x023\x99\
;\xcc;\xe0\xa1\xeb\x8e\xf2\xa1\x1c\xd2\x98k\x18\xf0\xd3\
\x94\x96.\xb7\x0d\x9f\xaf\xb2\x83\xd3\x05`\x08\xb0h\xc0\
>\xabg\xfa\xe2\xc5\x11\x17\x80\x8b\x09,\xcf\xd7\x84\x19\
\xdc\xf8\xab\xee\x7f\xd5l\xa8\x80\x16\x9a\xa8c\x87\xde\x12\
\x83\xb26X\xd23\xd8\xfc\xb1\xb6\xc1rk\xaa\x02\xb5\
\xae\x16\x10'\xda\xe8|<8\xd2[\x93\x1fa\x19\x81\
\xf9h\xf5\xb7+\xdeW\x0e\x13\xe3\xb5,\x92*\x99<\
\xba\xadO\x1e\xb3\x0c\xae\xdf\xff\x0e/'\xa6BJ]\
\xbb\x00\xabYs\xa7\xb8\xdf\xe4\xa2\xd0\x81|\xf2T\xc7\
\xea;\x1b\xde\xffhZ\xe3\x0a5~J\xb8\xad\x91p\
q\xd5\x940\xbf-]\xf8\xdb\xeeh+o\x81\x06\xda\
{\xb2'\xf5'C\xcanM\xb2qMu\x12\x10s\
\x87&\xdf\xe6\xc4\xb2ezh\xe7\xa4\xa9\xb8k\xcb\x7f\
Z\x93\xa6\xa7s\xec\xd4y\xa7\xf8\xb2\x22-SJ\x89\
\x1f>\xed\xc8\x97b\xf1\x92e_\xb3\xc5Q/\xe0\x14\
\x87S\xc7\x12'\xbf\x8ds\xd9\x22+\xfc\xc5\xaf\x07\x97\
-\xa7s\x8f\xbe\xddb\x1f\xb8hs\x0b\xc9^\xe9X\
\xe2\xfd\xf2\x9b\xc0\xa3\xc1%\x9b\xc3+X\x86:\x96\x87\
\xd2\xf6&\xe7\x83\x81\xd9c\x18\xee\x13\x89ML\xd7l\
/,\xc2\xab\xd4q\xff+\xd1;\xd5\xf8t\x8d\xd2\xf9\
D1\x86\x11 \x19\xfb\x82=\x00\x8fQW\x16\xcd\xa3\
\xa8\x9b\xc6\x11\xca2\x16\xd7\xbb\xe7\xe0>\x1b\xd6\xaa\x1c\
\xc3/I\xb1\xbb\xf3\xa3\xf8\xca\xa0\xd6K3\xdc\x9f\xe4\
\x96k'\xf5 iB>\x89\x1aV:\x86Z\x8b\xf2\
\x9b\x00 \xc9\xf8I\xf4aQ\xd9\x02\xea(\xf0m\x18\
\xc22\xf3'\x89Z\x1c\x87\xb1L\xec\x861e\x16\x1b\
.\xa4<\xdd(\x0eq$\xa1a\xdd\xa7\xdb\xdf\xb5\xfa\
9\xb2{\xfc\xdc.\xa7\xf8\x9a\x1d{\xfe\xca\x12?\xb9\
c\xfcT\x9bS\xdc \xf0\x94\xe2n\xae\xce\xd9\x10G\
~\xf5\xca[(\x06\xc1d\xc0\xbbVo\xd9w\xa1J\
%\x9cw-N|\xaa\x08\x91\xd9&\xfc\x9a\xb5\xb7\xeb\
\x1c\x94\x91M\xa9\x06\xe5\xcc\xa9$q\x93(F\x8a;\
\x89b\xe8K\xa0\xfe\x0e\xa0\xac\xc1/\xc1Uu\x0c\xc6\
\xean(&\x18\xc8J\xed\x864\xb9\x89\xae\xd4y\xd2\
[{\xbb\xee\x9e\x92\xa59jO\xde\xe60}\xb5\xbc\
\xeb\xec\x10\xdcp\x08\x89\x8d\xe1\x8f\xc5\xa5\xa4\x5c\xbb\x94\
\x90p\xfc\x8f\x17\x97[>\x134\xd0\x93QY\xd4\x91\
`\xf2\x87\x90\xe4r\x86\x92)8_\x97\xd4\xf7\xce_\
\xbe,\x91\xabfu\xba\x10\xf4\x02\xe2\xd4\xfdi\xc3\xf3\
\x14\xb9\xd7\x98\xea\xa5VU\xe2\x80\x02\x1a:N\x01\xc2\
w`\x08\x09\xdb\xc2D\xd2\xd6\x01\xc8u\x98\x86\x00\xf9\
7(:Va\xfd\x1d\x8e\xddb\xbbD~6v\x0b\
\xf4\xa7<\xc5\x0eki\xfbz\xce(\x00\x86\xe8\xb2\xc5\
\x9a\xe5W(9\xd5T\xd2\x00\x03\x8a\xa6^\xefq\xd8\
|\xf4\xba\x91\xd9o\x12\xa6\xb3\x06\xce\xefw;\x9ei\
\xd0\x01\x86q9\xe8PVqJ\xbc\x07\x92D\xfb\xd1\
\xb2\xbct\x0c\xd3\xb7\x22\x17\xfc58}\xf0\x01\x12\xb9\
\x01\x80\x91\xc7Y#\xa3J\x8c\x0f\x1dM\xb5\xed\xc7\xfa\
cb\x1b\xb1\x073i\x0d\xa3\xf4\xd3k\x87\x93%\x0c\
T\x84f\x8a\x1e\x14\x96\xca\xed\xa0\xf0\x9c\xf6\x1b\xbd\x1f\
v\xbf\x97\xe8\x1a\xd8\xf7\xca\xd7'\xa5@\x15{\xf1\x8d\
\x89\xfe\xa1\xf1\x1b\xbbG\xaet\xe1\x22~\xb9\xe5\xb7!\
?-\x00\xe8\x10\xe37\x8bE\x86\x22\x9fJa:\x99\
>\xe0{\x18f\xc8\xc3on\xda\x98\xac\xacwx\x82\
s\xa0k\xe5-@:i_\x87\xdb\x8a\x8d\x8cp\x9a\
\xec\x1b\x9eh\x03?4C\xc1$\xde\x17\x06\xce\xd8+\
\xbf\xd0\xe0\x88\xe6\xb0\x06\xf6C{\xa0/0\x05\x84\xd9\
C\x8e~\x17\x18\x16\xd4\xfa|^\x9aci\xa6Tg\
Rw9<IQ\xa4\xe0\x98\xa4\xba\x9c}\xe3&\xd5\
}\xb0=E\xe5r\xef\xdf!\xf0\xdec\xe3\xe7N\xc8\
:8z\x94\xdf\x1e\x81o\xb6\xdd3\xcd\x97\xc1\xf6\xdb\
\xeb\xf4*\xc8y\x19z\x94\xb3\xa4k\x10>\xbc\x0b;\
\x5c\xc19\xee\x85*\xb0\xff\xd9G\xfb\x0b\xc0\x16\x16{\
}\xa8R\xebC\x01\xd8\xbfP\xcc\xc2,\x83~!;\
\x84x\x01B+o)\x92\x18\xf3\x0d\x9b\xcf\x8a\xe6\xb0\
{4:\x18\xe7{u\x1a(\xa3\xaf\xbckV\x1d\x09\
}c\xc3\xbb\xdc\xae\xc3\x1c\x88[\xce'j\x10\xea|\
\xcaj\xff\xc5\xde\x88\xfe\xb4g\xc7O7\xdb\x8bS\x08\
a\xffX\x91\xbd\xac\x08%\x1d\xb0\x16*r\x1b\xeeK\
>\xa5\xf9\xe1\xa8\xa9\xdc\xb9\xc5\xcd\x0f@L\xa8\xe9\x90\
fBO\x17r\xfbzm\xe0\x85\xf6_\xbd\x90\x9b\x8e\
\x96\xdf\xec\x99\xaa\xc5\x0d\xf2\xc6\xcf\xbd5:\xd0\x85\xb8\
\x81X\x17\xcd{\x1c\xe1\x82Y\xed\xb7\x13\x7f\xa9\xc3\x14\
\xeb\xf0_\xfaD\xb882\xbc\xd3\xc6\x22\xb6A\xc0\xec\
3\xffv\xe2\xef\xcb\x7f\x99\xc8\xd9\xf3\x0f\xe8\x06\xb3\xce\
D\xdd\x22\xd5]\xa9\xee\x1f\x8a\xf7:~j\xbf\xe4\x89\
d\xca\x1d\xa7gk>\xd2}\x09wX\x0c\x13\x8eg\
xu\x09\x5c\xfer\xddS\xa8:\x00<<\x22\xf3\xb5\
S\x93Oi\xb3\xe8\x1b2\xc3W\x22\x13c\xc8\xec\x90\
f\xc7\xae\xacf&\xe4\x10.O`\x10y\x0e\xe6\x03\
g\xa7\xb7\xcd1\xbb\x1e\xc0h\xc0`\xc6\x5c\x0e\x1e\xb3\
YlI\xa7u)xX\x8e\x80\xf8\xca<F\x07\x93\
\xd3\xac#\xb5\xab3\xd3\xbd\xe0\xc1\xf0\xfe\x9cQ\x8b\xc7\
\xee\xb0\xcf\xc9\x83\x1b\xd3\xd13\x8ek\xe8\x877]\xdf\
\x85\xd1\x87\xac\xbf\xe7\x99J.s{\x9aBE\x90,\
5O6\xcf\xc0\x97Z\x8c\x86=S\x13\xf3\xa4\xb7\xab\
\x92\xc9\x03\xf0\xd4TX_\xed\x08v\xde\xcfj\x89N\
\xf5l\xbci}\xe5\x8b\xc9m\xfc\xacM\x95\xd5\xce\xe0\
g\x1e\xf7\x82\xc5\x90(\x0e\xdc\x1f\x0b=m\xbc\x04\xc4\
e1\xf4\x9a8\xdb\xd7\xc3\x8bjI'\xbc0\xdd\xff\
\xb2\xf53H\xb6\xd2\xf75C\xa7\xb7\xac\xc4\x18\xd9\xc1\
2~\xe3\xf0\xd8\xe9v\xce\xbe\xb2\xe2w\xaa\x97\xc0H\
\xef\xd6\xb5\x86\x8eq\xbajM\x90<\xfa\xe7\x98\xa9\xb7\
W\xc0:\xae\x8f2K\xa9\xd8\xd3\x82z\x8a\xaa\xfc\x9a\
\xe3\xbd\x91\xc6V\xa4\xb2\x98\x87\x88\xafn\xfcd\x0bW\
H\xc0\x96\xd9\x7f|\xe2@3B]\x94\xb7\xe2\x18c\
Lu\xe0\x9a.\x99r\xa4\x0b\xf4\x86!/\x7f\xae\xad\
\xe6\x8e^{\x8e\xb8\xea\xfd&@\x00;\x0d\xbah\x85\
\xb9\xc7\xf3$RO\x11#\xe0t\xca\x81-\x89y/\
\xe4n^\xafhvq\xdc5\xb6b\xb2\xa4cU\xf9\
\x80?\xe0\xabkb\x9e\xbeej\xeft\x0d'\x93r\
\x0c\xc1\xcb\xbe\x14v\x0c\x5cq\x03]cG\x87t\xa2\
^\xe9b9\xd8\xcaS\x0c\x9e\x8f\xb6>F>\xf0\xee\
\xc3\xc0?\xb0v^\xf7v\xb7\xac\x08\x08z\xca\xd5\xea\
?\x89\x05t\xff\xb0\x1c%!\xe3\xe9\xee\xd7\xc0(3\
\x81\xdb\x17\xa1\xbf\x81\xc6\x9eq{\xcb\xab\xc8\xd5\x11\xc1\
5{\x9fz\x9d8\xfa\x0e\xca\xe8\xc2\xb7=\xd8\xfe\x16\
F\xb8\xed\xda\x0d\xed^\xed\xf0*iM\xcf\xd9\xba\xc3\
!\xe8\xbb\xbd\x9e\xe3\xe6\xe2\xb7\xd7\x07\xe2\xbf\x01\xc3\xef\
2\xd7\xd1\xad\xf9\xc0n\x97\xccC\xe1\xba\xd3\x85+o\
\xd5N\xc5\xe3\xc1\xc3g\xb0\xaa.\xba\xc3\xde\x80\x9eu\
\xf1Mq~\xf2\xb3\xb1\xd7\xcfM\xc1Z\xac\x06B\xae\
\x9eij8\xf0\x92\xf2\x90J?L>\x16\xd8^\xbe\
\xaa\x0fC9\x84\xba\xf5\xf1\xb0C\xd5\x1b\xd5\xc8\x8d\xa1\
\xd1\x03\x97C\xf7\x9c\x07'\x1b\x03\xfc<\xa6\xe5\xff\xc9\
\xfag\xb7\x8f\xa3\xe7\xf9\x93\xf5\x8c\xfb\x80\x02\xf2\x08\xda\
5\x9fd\x04\x92\xb9U\x03\xefp\x8c\xe6+\xee\xd1\xd8\
#\xc1\x14\x01\xd6=*\xbe\x95\x1bX\x1b\xdd\xcaIG\
\x97a\x5c<w$R>U\x8f\xebNc\xc7\xa8\xbf\
\xd0~\x1b\xf0\x12\x18)\x08^\x80\x1a\xd4\xd8\x8ad\xdf\
\x92)z:o$N\x09\xbe\xc4\xfe\xa5\x8d\xf5K\x18\
+\x81M\xc8\x8d\x93\xd8]\x18J\x88\xd0\x1f\x91\xb1\xf6\
As\x0b\xe7\xf8\xc6\x91\xee\xbb\xb4\xeci\xc70\xe6\xf0\
02w\xec\xd7o{\xdd\x86\xf4`\xbb\xa1o\xeb\xc7\
\x07\x22U8\xe2\xf8\x081\xb6\xe0\x12\xdc\x00\xad\x03\x81\
\xc3X|\xd4y\xc7B\x08\xa5X\xfbm\xc5\xf8\x0az\
F\x80G&\xda\x07\xb6h/m\x0e\xba\xd0h^%\
+#\xe1J\x8e\x5ci\x17\x87\x92\x0bN\x87\xb3R\x18\
\x99t\xc9\x8b\xa5\xcfY9cs\xfc\x9cI\x85B\x9a\
\xdayv\xe4Zg\xa6\xf4\xb08\xab\xc5Ki\xab+\
_\x9a\xe12P\xe2\xab\xe7Ix\xf4t\xaa\xb3\xf7\x13\
\xd8\xfdQ\xdc\xc7\x0d6\xe1\x18\xdf\xb6\xdd\x9c\xc2\x8f+\
\xb6\x03|(\x9a\x01\xe5(P!\xfa7J\x9f\xe3S\
?\x91\xb3\xe4\xeb\xed\x97\xfc\xbf\xa3VU\x1b\xf5\x93:\
%\x02\x7f\xbf\xf8\xd2\xf2EqE\x0d'\x13\xea\xbc\xb3\
]\x18\x08\xa9\x9d-\xe3C\x97X\x8a*T\xddv\x16\
\xbcSK:\x8d`|\x9e\xe7~\x12\x87\x94;\x10?\
\x9f\xdd\x06x\xdf&\xf9L$.\xb9\x80WC\xad\xd8\
\x1c\x92\x06b\xe5\x17}\x07\x02\xbd}\xc9J\x13\xf7I\
\x80)%\x1d\xd7\x12\xb1\xf0w\x9epC[\x0aK\xcc\
\xbaK\xc0\x12\xcbt\x91\x98\xe5\xb7Y\xd5\xa8\x8cgv\
\xcc\x05lV]\x8b8\xbdus\xda\xf3\xc89=\xb1\
\xb7\x951d\x0cJ7u\x1c\xbb\x96j\xa3\x8c\xbdt\
!\x1co\xf4\xab\x16Z\xab\xe8\xc0\x11\x8c\xc5\xa8\x0d6\
\x11\xd0\xae[p\xd8@\xc9S'\x05\xac\x90\x1b\xb2\xc5\
\xe9,\xe6\xc5\xebx\xa0\x5c\x7fp\xc6\x9b\xbe;\xd0\xad\
\xfb}\xcb\xd6\xcabt\xb5\xd6\xccC\xc7\xd7\xba\x83M\
\xae\xd8\xd3\xf5\x89\xb7\xb7'\xfc\x0e(\xcdlEb!\
\xd5=}X\xf7iL\x5c\xf2\xc0\x91\x09\xa4\x9fn\xe9\
X\xf9 m\x88A\x93\xe8\x85\xc0@\xe4\x22\x048\xd6\
\x159\xb5\xb9\xe6\x98\x97\x94\xf4\xd8I\xf3\xc8>\xdf`\
\x1ev\x0d\xca]5\x83\xd9T\x00\x9f\x8d\x8b&B\x07\
\xe8aO\x8dN\x10\xe1\xc2\xaa\x81&\xf0\xb6\xe9\x9b\x1a\
\xda13\x9b\xed\x0d\x17\xe2F\xdc\x84\xddAv\xdcd\
:$U.^\xd0w0\x1cH\xe1t\xfb\x0e\x1e\x08\
\x02\xdd\x81n\x9dVo\x07\x0a[Q}\xaa\xdf<\xdc\
(wL\xb8.\xbb\xd9\xdf\xc15\xb0\x5c\xa2\xea|\xab\
>\xbe\x86s\xf0s\xb9\x9f \xb6\xc6\xa4\xcf2\x1b\xba\
e\xe9L\xa6\xafV(\xf5s\xd9L\xe6oG@\x80\
(-34\xe4\xb1\x06..s7\xfc\x1a\xa0\xaf\xab\
O%>J\xe4&w/_\xd6\xd8\x9a\xdcTZ\xbe\
\xf6\x1fK\xdb\xd31\xd3K\x99.D\xaa\xdb\xaaO\xad\
\xf8Z_\xf7\xf2k\xabN\x22o\x04m}\xa0t\xc6\
\xc4\x16\xf7f\xaa\x8e\xe8\x1a\xed\xdb\x8d\x921\xc0/\xbe\
5r\xed\xbb\xa3\xe7\x0e\x8c\x5c\xc7\xacv\xba4\xc5B\
\xe0\xcc8Tw_h\x9e8\xd8\x9d\x1a\xba\x96\xbar\
R&k\x93fk\xb3\xc5\xf9h\xf9j\xe9\x98\x0b\xf7\
\xd5v\xfe[_\xb7\xe6\xab\xbd8(\xba\xb2\x16\x02\x84\
\x80|\xa8-\x04\x12d\xb4C\xa7\xb8QC,\xc5\xdd\
\x95\xc4%\x9d7W\xb7\x8a\x9dg\xfb\x92\xe7\xb6n\xad\
{<]H \xf4\x1f\x97\x1dQ)$\xa8\xc6H\xa4\
\xca\x17\x96e\x07\xd1\xf2\xc7/\x9eK]o\xc5>\xd3\
r#\xb5\xb3\x13\xec\xe7G\xae\x22qE\x22\xcd_\x83\
\xb1\xac\xa5\x9dp\x0d\x87x\x13\xa9\x8e+\xa9\xb6]\xa1\
\x81\xadG:\x7f\xd9\xfd\xde\x8b\x7f\xd2s\xdf\xe2\xd2\xe7\
\xb7\x95L)\x9d\xb9\xe4)\x1d/\x0d\xa9T\xe9X\xe9\
\x93\x89\xf7\xfb#(\xb1E\x12\xa9\x91T\xf3\x8d\xf1\x8b\
?\xc4\x15\xfa\xed\xf6\x89\xe6\xc1TKw\xea\xc45\xc2\
7\x1eH\xedlc 4N\xb5B\xb0\xe7\x1a.\x81\
\x13\x87\x9b\xb9b\x96\x93L\xdd95\xd9\xddu\xdd\xff\
\xbd\xe9S\xda\x06sM<\xe3\xe5\xb1\x1e\x0ba#\xab\
\xfb%\xbd\xecq\xfc\xda9Wq\x09\x84L\xaaO\x16\
tS}f\xc1n\xd1u\xc2\x14\xb1u\x0a!\x03\xeb\
&\xc6\x82n\x88\x9bYp\xa0:\xa8\x89\xcd\x1bA\x1e\
\xbbR=\xfea\xd7\x1d@*\xa2\xdc}\xf1\xdfz?\
+\x0ae\xdc\xda\x16^ \x95U\xd6T\xc5\xeb)\xb1\
\x89\xeb\xb7\x1d\x1b\xfa\x93\x0an\xb5\x22\xb7\x1a(\x00\xdf\
\x90c\xdc\x18\x89\x13\xd2F!`t\xed\xbf\xe1Pt\
r\x1e=g@\xb2\x8a\x1b^\xc7\x9e\xf87\xc4#m\
\x8c+\xd8\x8dC\x12\xe8W\xff\x9b\x0c_MJ\x91\x94\
O\xce\xe8\xed5gCj5\x7fW\xf6N\x88C!\
\x85\x99y\xd0Q\x95\xaf,Acw/\x94Q\xe8\xb6\
>\xc3\xf8s\xee\xe8s\xa0\x076.\x96o\xba\xb0\x22\
Vq\x17\x82\xf1\xa5\x05\x98n0 \x0c\xfb\xf7\x11\xa9\
\x99\x83\x0d\xb4Pa\x07\xf4t\x88\x7fs\xb0^XE\
2\xfb\x86\x8c\x03\xb7\x01\xcc\x9d\xfe\xfb+7\x08b6\
\xc6\xd57\x8a\xff\xd9J\xd0P\x9d\x12\x81\xb4\x82\x99\xed\
\xf0\xcantN\xe8LI\x1cE\xaaS\xec\xbdw\xd4\
\xf1\xe3z\xc7rw\xfe\xad\xbb\x8fq\xc2@\xa0\xce3\
\xe6%\x0c8j;\xf3\xb8\x89\x82O0\xbc\xc0\x85^\
C\x03#\xc1\xed\xf9e=F\x82\xcf4\xaf\xbd;\x85\
g\x06a\xf9\xfc\xdf\x15\x8b\x0e\xfc\xa6\xfa\x84\x5c\xe7\xcf\
j\xf9\xce\xdc\xfa\xe2\x85\xd4\x85\x1d\x13\xdf\xbd.\x9eZ\
\xac\xf5g\x9d\x9bF\xcfP\xd3\x85\x92)\xd8t7O\
\xa9\xcaG\xe29\x0a\x9f\xb5u^\xcc\xca&v\x0c\x8d\
\x0d]\x10\x9b/o\xa9\xe2\xa2\x0co/e\x9es1\
\xb4\x8b\xb0\x10\xc9XP\xe7\x84\x06,\xe0\x84,n\x9d\
\x19 0\xaaj&\xcd/\xa3\xea\x1d\xed7\xfa\xde\xfa\
\x91\x95\xb7V|\xfe\x95\x9fko\x94<\xb1\xf0\xfb\x9c\
\xbf06\xfc\x03\xbb\x0b\xd1\xc6\x08\x9a\xc6\xb8\x85;2\
:C\xf2\xff<A\x19\xd2\x1b\xc4>\xb9%R\xaf\xe5\
\x8a3\xdb\xcf\x13\x0d/n\xa8\xdfRo\x9f?\xa2\xb1\
\xcex\xcc\xe2\x0e\xc6\xe3\x1cH.\xf9#\x03Y{\x9a\
L2\xd9\xf9\xaa\x1b\x5c\xbb\xd8o\xc3\xa5\xc4\xe9X\xcf\
xY6j\x84\xaa(U\x0a\xe82\xb5\xc5/\xa7\x0c\
w\xa7\xa9\xd3\xab6\x86Y\xf5\xeai\x1c\xf1Lh\xde\
&\xebL$\x06\xcd\xe1\x1f\x8c\x0d\x9ep\xb910\x86\
\xc0\xf1\xc5=8\x8f\xaf<\x88\x03\xc5\x03\xd9-mg\
\x80\xb8\xa1-%nHx\x1e2\x9f\xe5\xd8\x19\x06\xc7\
pv[\xf3\xcd=-\xc1nG\xf7\x0d\x8c\x9f\xb4\xec\
\x80\x5cJS\xf3\xb2{\xb4[\x8dLS3\xf2v,\
g\x13'\xb9\xc1Y\x93\x8e\xfa\x91*m\x86\xcf\xf1\xd2\
\xdd\xd8{C\x85zF\x98\xca9\xd79wn\xbb\xf5\
\x0c\xfd\xefL\xf4\xde\xb0\xad\x89\x7f\xfc\xd3\x7f\xd5\xac\x09\
\x02W\xb2\xa7\x91\x10J\xe4$\x22Zn\xd04\x16\x15\
\xa6\xac\xb8\xc9:\x92~\xa2hclJ1\xc98\xe4\
\xdc\x91\xf2 \xeec\xa3\x19\x0d\x0beC\x13\xee\xcc\xad\
'F\xacIA\x0dyRC\x86\x86\x15h\x08\x1c\x96\
\xf8,u\x8c\xc4\xef}\xado\xa0\x81\xa1\x81\xe3\xb3\xc4\
\xce\xbe8\x12\xc7\xd1R\xd1\x81t\xc6\xf8\xbd%\xbf\xd3\
\x9e\xc2\xbfz\x0aV})\x91[VP\xf5\x5cc+\
<\x86\xf8-qWEL[ \x9by\x00\x8c\xb3\x82\
jr\xed\xd4A5\xf9\xc9>\xf1\x0a=Pa!\xf0\
\xf4\xe28\x9fF\xb8\x0fR\xa2\xa4\x10#\xbc\x96\x13\xfc\
\xbf\xc2LM]\xba\x04\xffc\xdb\xc1\xd1=\xa0\x01\x92\
.H\xfa+\x16`O\x87se\x89\xc7\x0c$\xa0\xf2\
\xd0\x9c\x09\xa8\x05\xdd\xff\xb4\xef\xefT\xf5\xec\xea\xc7\xb6\
\xf6\xef\xfb\xbb\xc6V<\x9f\xf6ls\xc7o\xbc6\xb1\
\xbbC/\x93M]\xbd,nM\xe2G\xf8\xa7i@\
\xael\x9f\xee\x7f^\x92\xc4\x862\xd0\x00?>\x1c(\
U\xf9\xcf\x17Xn\x94\x1b\x87\xc4\xf9!\xc3\x89G\xdf\
f\x1f\xbd\xf4)\x89#\xe4\xf8\xc1P7J1\xd2\xa1\
\xaa\xa7\x22'\x0f\x0b\xa2\xb4\xa4\xa9_X\x05'*\x9e\
\x01FUEn\xd5s\xc01\x0d$\x17}\x95S\xa0\
\x84\xd9\xc7Iy\xbcjF\xae\x9e\x1f\x1b\xa2k:\x11\
4KTh\xc4\x06:%\xcaiX\xc6Q\x14\xe8\x0d\
\xc1e\x00\xec\x86\x90\xdcZ\x88#\x8f\xd3\x12\xa7\xe4L\
\xdb\xd6\x14\xe2U\xf9`\xd8\x00k\xda\x8a\x82\xda\xe2\x9e\
\x88\x96\xc0|?7\xc6~\xc1t\x1bD\x99\x96:\x7f\
P\xec\xbc\x13\xcd\xcd\x8e|\xe6,D\xa4\xf5\xfd\xe0\xb0\
\x03g\x22\x06!8\xcf\x02\xb9\x95$\xcc\x9e3wn\
e.\xc5\xbb\xa7\xf6\xceO\xe4\x1a\x94\x05w\xcb\xd06\
\xe1\xfe\xc0\xe4qr\x17D\xadhy,SH\xbc@\
\x89\x97\xaeh(Jt\xe1*\xb0\xf2V D>W\
W\x00O\xd8\x81\xd3#W\xba$\xd8\xe9\xc57CC\
\xe7\xb3\x95\xee\xf2\x9f7\x7fL\x99q\x11TtXY\
\x01\xf3t\xfd\xa9n0\xff(`\xfafY\xb6\x91!\
a`\x86\xea\xa56\xd2\xfd\xbf\xe0\xf5C>\x95\x0f\x92\
\xa2\xeb\x1e=\xdc<~c\x1f;\xef8\xbf\xca\x9e+\
RY\x18|\x92\xae\xee\x8e\xe0\x93\xe2J#\xdb#\xe9\
\x18\xdc\x8e\x15\xb9\xe57\x11\x01\x0f\x04|4\xdd\x9e\xb5\
\x82\xfd\x8e\xd3\x9ez\xba\xe0F\xa4\xb8\xb7\xfbMLG\
W\xb07\xfb\xee+\xbb\xc7\x18\xf6LV-\xad\xcc\x81\
A\xb1\xae\xdc\xa3\xcd2\x8a\x16\xb2\xdd\xb5\x0aE\x10\xf2\
\x03\x1dU\xf98\x0b|\xe4\xae\x8a\x5c\xf0F \xd6\xea\
)*bE\x14\xca\xc0:\xa3\x8d\x9d\xe1\xd7{\xba$\
\xd7\x05\xc5Vm+\x0e%O\x86\x15\xc7EJ\x96\x15\
\xf7 I\xfe\xba\xec(\xd67\xa2\x17\xe9\xd8\x0b;\x92\
\x1f\x01\xfa\x12\xa1\xfe\xe4\xf9@\xe8\xf51\xa9\x89\x5c\xb4\
\xbc\xd89x\x81\x0d\xec\xe0\x0e\xd8\x13L<\xc1!\xfe\
\xbe\xf3\xa1\xe1\xd6\x18z\x86Q\x1fHu\xe1\x9b\x10Y\
\xef\xee\xef\x95\xc7\x05( x\xb7j~\x0a\xfdJ\x13\
\xe2y\xcfT\x02\x14UL\x81\xfa\x92\xf7I\x00\x9d\xe2\
&\x93\x91\x14w2\x19\xd1\xd7^y\x0b\xc7\x002=\
q4\xaa\x04\x92\x90\x14\x97\xc7\xa5\xba\x8bo\xf2\xbe/\
1V\x18\x92R\xcb%\xb9\xa3\xac\x95\xe9\xdc=\x8eV\
^\x93\xfa\xa4\x96\xdd\xc8C]-G\xdb2C\xee\xc7\
N\x03\xb5{\x9al|}\xa7\x1b\xbe\x9b^R\xf2\xb2\
\x86z%_\x12\xb0\xdcmL+\xea\xa2\xb6\xd8 [\
\x95]\x10h\xa9\x8bQ\xb5\xc8o\xa3J\xfd\x95Q\xc5\
\xf8}Vl\xeb\xf1\x80F\xbd\xd4_7\x96<<\xbf\
L\xd1.zB\x13jFR\x12;w\x86\x85J\x9c\
_$\xd7\xd0\xa2TB\xf1\xd9\x13{Cf\x9a\xd6\xaf\
\xe9\x1dx\xaf\x9eX\xed\xa9FB\xe7\xb6\x07?\xc3\xa4\
,\xae\x14\x84mz\x08\xe7\xca$\x5c\xdb\xb3e\xd7o\
\xbc\xc1\x87\xca$t\xdbQ+:\x19\xcb\x14\x9a\xa4\x95\
\xccHVV\xb1\x9f\x5c\xc9>\x8eU\xa6\xda?x\x92\
Q\xa6\xaew\x0b\xbf0\xd7\xa4[\xbbuO\xa4\xce\x0f\
\xe1d\x0bce\xf4\x88\x0d\xc2n\xa0\x05d\xbb\xc1\x00\
fB\xc8\xdf\xc2\xcbo\xe2 5\x90:\x0b\xb8!o\
\xda\xdd\xe7\xf8\x10u\xe3v\x16\x18\xcadE\xff\xea\x85\
\x1d\x9f\xd2\xa8\xea\xee\xf1\xd5\xa1\x90?u\xf5\x0a\xa6\xae\
\xcd]\xc7\x03kb8\xd3H2RK\xcc'\x06\xe9\
\x03kj\xaa\xae\xdc\x94\xac}\xc9A\xfaP\xacb\xa0\
\xbe\xe1\x8c\xc0 \xd3\x97\xc1@\x03\x1e@\xf9\xa0\xf1\xb5\
\xbfjDeM\x0b\x9a\xc3~\x1ew\x19\x9br\x12(\
\xa0k0d\xa2\xd2\x18\xbe\xbc\xa7\x05\xf4I\x15\x1dH\
\x87\xc5Z\xe2\xa8\xe8\xc0a\xed\xc5\x94\xa8\x9e\x87\x91p\
I\x84H\xe2v\xc3\x99\xb0\x12IDEG'\x8e\x1d\
v\xbc\xb1\x19\xe8\x8a\xd3\xfb\x18Z\xde\x5c\x07\xd2\x1f\xaa\
\x92\xf9<<y\xf7\xb8\xc9\xbb\xfa\xfc\xa7\x13\x1f\x8b\xcf\
\xf9-\xbe\xdc\x19\xb3B~F\x84J\x87\xaf\xc5\xbf%\
.d\xee)\x11SzL\xe0D\xbd\xb5\xdb\xcd4]\
\x0f\x22\x97e\x7f\xa7\xc9\xdf\xfe\xed\xb81\x5c(\x17\x86\
\xad+\x94RQ\xbeT\x15\x87\xf3{7\xafP\x86\xba\
\xce^\xbdj\xdc{\xe3!\xab_u@\xe4L\x0b\x8d\
\xea\xf3BC-\xf3+u\x5cq\x17\xa3\xd3\xbaQ9\
\x89\x84\xec\xd5JnY\xfd\x95\xcd\x95\x87\xa6\x96r(\
\x11\xbf\xc4Ld'\xac\xf3=\xd2\x87\xac\xca\x97\x91\x07\
|\xc8\x85F\xb9\xe1g\xa5\xde\xb6>\x19rxz\xf1\
\xc2\x90\xdaCg-@\xde\xe4\xc9\xff9h\x88\xd9\xa3\
9>\xa7\xc9f4i\x1c\xdeM\xaf\xcd\xf3\x8f\xb9\xdb\
\xa4\x8e_v\xaew\xb0\xe0\x96L\x01;fU>\x22\
|\xe2\xa1\x97I\xd4\x88\x97\x22/G\xea\x03\xd1\xday\
*e\x1al\xb9\x1f4\xb70\x91&\xde\x06\xc5\x02\xe3\
\xcb\xd6\xac\xafy\xe9\xe5\xfa\x90\xf8\xed\x03\xe8\x11\xf4,\
r^\xfdbo$\x18\x80\xf5\xe3\xdb\xf2\xb2@\x94-\
\xfe\xc4\xa2\xda\x91\xb0\xf8\xaauL\x10[\x92\xe1\xaa\x95\
Z\xdd\xb0o\xd6\x8d+\x96\xe9B\xf5\x15%^\x91\x9b\
\x8e%\xfe~\xe5h\xe9\xa9\xc6_U\x9f\x00\xb36\xbe\
D\xc9\x14u\xa3an2\x02\xd9\xed`n\xb2%/\
\xeb\xe9\x83F~vO\x17\x15\x8bu\xa5.\x9e\x1c\xb9\
~j\xec\xd0[0d\x88E\x9b?$ \x89\xb5\xfb\
\x8fGQ&\xa1r\xf7wx\x14e\xa9\x9d\x17]\xe5\
}=\xc9\xeaSZ\xe2\xce\xd4\x89\x96\x13Pe\xa7\xec\
<\x00O-F\x8e\x12\xa6\xdab\xc4\xde\xd31ue\
\x09X\x5c\x0f\xb3cV\xe6\x19S)\x13\xa8i)0\
/\x9eG\xbf\xba\x84\x1bZ\xe8\xafjz\xd9\xa0\xf6\xfa\
I+\xdc#{\x07\xed\xf5%\xc4\xb1\xbe\x0c\x13=O\
6\xa1\xf5\xe56\xd4g\xe9\x0daQ\xaa\xec?\xa3\x9e\
\xab\xd8V$\xcdH-\x11\xd0]\xf35\x1f\x1d\xb8\x80\
`\x10VFt#\x1d\x83A\x08$\x10\x98\x0f^\x97\
\x8fr\x97A\x80\x18\x8e!s\xa8\x03s\x83L@F\
\x08a\xeb\xc2\xf2'\xa0\x7fXG\xb8\xe2\xe1\x1aM\xf4\
\x01\x9dk\xef\xc7\xbf\xf5\x9a3\xee\x8fm&\xbe\xda\xf1\
\x15Z\xa6\xd8\xed\xea\x84\x95I\xbf\xb8>\x17\xae\x1a\xe6\
mJ\xfa\xeb\x9c&[\x0e\xc49\xbd\x5c\xdb\xa1\xb8\x81\
J\x1c\xb7^$\xda\xd4\x16cN(\xcb\x1fNU&\
X\xe5tJ\xd8\xfe\xc9\xf3\xd8\xae\xf5ta\xd6\x0bp\
\x1d\x9a:\x86\xfd\xcf\x98\xf7\x8ai\xd5K\xb5\xe4+\x00\
0\x02h_w\xad\x9c\x007\xf9\xd4P\x02\xf2\xa8\x22\
\xa1\x0f\xbe\x9a\x10\xa3\x07U\xd4(\xf8M\xc7\xa8\xeeR\
\x18\x5c\x0c\xa5\xa6\xce7\xcd\xe8\xa1\xeah.\xf4\xc5\x05\
\x5c\x16Z\x92\x89\xa5\xe0\xd3\xf4\xd3\xce\xbaKqW}\
\xef\x22\x1e\xc2\x98\x0e\x5ca\x5c{_\xef\xaf8\xf5\x0b\
1\x08\xfd.\xe5u)\x94Jzo\x05\xeb\xe0\x15\x19\
\x8f\x1e\x1e\x9c\xe8\x7f\xcb\xcb\xea\xe2`\x85+s\x10O\
\x19\xc4\x8a\xe7\xa7\x09\xc5\x8a\x8f\xa2\x0dh\xf5\xb4\x97I\
-\x98<\xcf\xfeJ\xc8\xe4\xd7<!2'\xdf\xf6\x84\
\xc4!\xa9\xef\x01*\x02c\xdd'K\xe4\xd3[\xbb\x80\
\x1e\x9b\xc9t\x87,@W|\x81]y\x0b\x0ecX\
/p\x1e\xeb\x9eo\xd9\x89\xba\xb1\xc2-@\xaea\xb6\
a\xd8Y\xec~\xa7}\xef\xae\xbced\xe9M\x93\xba\
.\xbe\xe9N\xa7\x9b\xe5\xb7\xc1\x88h7\xba\xd9P\x14\
\xc8\xc4)\x0eh\xe1A\xc9\xfd\x87\xf1w\xc3rm\xe2\
f\x07x\xe4\xc6V\xa8/-\x08\xf0\x9a\x978;\xe1\
'\xa7\x84t\x02\x1c\xbez0\x94\x92\x5c>\x0b\xbb\xb2\
\xd0\x05\xf0n9\xd8\xe8|\x16\xcf{%qt\x09\xd5\
\xd6\x8b1:7:\xd1\x01\x80\x10\x8c\x09\x08e\x04m\
\xe0\x147cf,\xee\x8e\x99\x91\xb8I^/\x17\xb0\
\x93\xbc~\x96\xdc\x13V#U\xa9\xb6\x18/6\xfc\xcb\
y\x8f:rm\x17\xfcv\x1ci\xc8\xfc\xe5h<\x88\
r\x04\xc7\xc3!\x0c\xe7\xcc\xf60/\x0c\x94\x1a\xed\xf2\
#\x15(\xe4\x0b\x89F\xe3\xd4\xa5\xdc\xbfpH\xaa\xbc\
#{\x95\xe8n_I\xbe\xa3e$\x85=\x16B8\
\xd6cQ\x88\xc6\xba\x1c\xb2\xf8\xd6\xcf \x12R\xfeg\
\x80\x8b\xd3\xc2(\xb3\xbd\xa6p\x16s\x18\xa4\xf3\x08C\
\xc39\x02+\x0f\xec\xfb\x9b\xe4W\xd4\xdd,\xb1p-\
QEc\x194\xb6V\xe4\x96\xff'\xba\xd0\x0c\xa9\xdd\
{G\x0f\x5c7\xb2|/]\x19={\x5cAAb\
\x15\xe02\x0a/\xf7y\xee\xdb\xf2d\xc0\xa4\xd6<\x19\
d*[\xe6\x93N=\xec#\x88\xf8\x0c\xc1\xf6>#\
\x1a \xc1D\xf3\xf5Mcq\xce+q\xb8\xfb\xa2\xca\
\xb8\xd7\xdf\xbao\xb8;\xc7\xa4\xf2Q5\x93\x8e)\xff\
\xb4\x0cT\xeb\xd66\x09}\xe0=w\xca\x1a\x08=\x81\
\x83\x9bZ\x86T\x8e\xc0\xf6H|\xa6{\xdb\xaaF\x5c\
@\xcb\x07\xab\xb6\xac\xbd\x7f\xf5R\x8dBl\x0e\xdb\x14\
#\x97\xda1?/\xbf\xc3WOa\xbc\x8d\xee\xb9\x0c\
\xe3\xeaZ\xaf\x83`,\x0fjQo\xe4\x87\xb0\xb5{\
2)\x94\xf5Bf\x10\xdb\xf14\xc9\xf3+\xee\xd5\xb0\
$b\xb2\xf5\xf9\xd7\x1d\xf8\x113\x948\xba\xb6\xa2\xde\
\xb3\xf5\xa6\xb2\xfb\x0c\x11pK\x99a\x5c\x87*s\x1b\
\xd4\x0fBY\xd5\xda\xea\x1f\xf9\xc1\x94D.|\xc0\x9c\
\xb7\x8c\xf21\xc3A\xbb@\x22\xb0\xed93\xda\xddM\
\xc1\x14\xccPv\xfcz\x19\xccT0\xe6\xf6\xe1z\xfd\
18\x95\xe4\xdb\x0dw\x9a\xce\xd5\xfb\xf3\xa0\xab\x889\
7\xb3\xf7\xd4\x82\xa4\x8be\xc2\x8e\x8bZ\x94H\xb1L\
dH\x05\x10\x07\xacH\xedC\xcbJ\xfc\x85\x81\x8c\x1b\
O\xc1\xbd\xd2\xe6%\x88\x11\xa4>\x1d>O\xcb\x83S\
j\x1c\x1b\x8b\x0eM$\xda\xba\x92\xb4!dc\xe5\xb0\
p&\xac\x9c,\x03\xf6$;\x04\xe4\x04B\x06\x06P\
\x8c\x05\xdd\x00@$n\x98FR\xdcm\x17\xc5 \xae\
f\xac1\xf6\xc0<u6\xb4\xa6\xb9j\x98aj\x17\
!i\x0e\xc7\xbf\xb0X\xbe\xb9\xac\x081\xc2u\xff\x1b\
\x99G\x0ao\xcb\x0enp\x12\x1d\x9b\x07\xb0[\xc4~\
r\xf84G\x0bq\x0eRV\x92\x01\xbf\x95\xc10}\
\x0a\xdd\xf7G\xc0\x91R^\xda>\x94\x8e=\xbfC\xcc\
\x94:b\x0dF\x22\xd9\xc2\xc8\x02\xc0\xc7SE_\xa5\
\xf8e\x03\xff\x92\x8e%f(n\x95\xad[\x1b\xb7i\
\xc3{\x86\x877q\xb8\x99iUR\x9d\xdd\xe3C\xc4\
\x14\x7frG\xbcn\xd3\xa6\x0d\xf5\x0b\x17,\xa0\xaa\xbf\
\xca\x0d\x1b\xc4?a\x9d\x5c:\xa0\x13\xb1\x8c}\xff\xca\
\xd8k\xd7\x5cVt\xef\x94\xe5\x07\x11\xfd\x03wp:\
*l\x8cxb!a\x8a\xfbiN\xbf7q\xa0%\
5t\x90\x03\x80\xcc'|\xf3j[\x89\xd8\x00\xae(\
\x84q\x9b\xf2\xb7\xf7\xb3\xed\x1as\xc9\xc4\x81\xd7\xc6\xcf\
\xd9\x98)\x10\x0a\xe6\xe1\xb3hh\x1e~\x14m`\xe6\
k\xb3\x8fZ\xb01o\x8b\xcfo\xfc\xc9\xf6_w\xaf\
\xd3\xc5\x87\xc6\x0e\x0d\x8c\xdd\x18\x1e\xbff1\xbc\xd0\x15\
\xdf\xb8\xe9\xd0E\xdeq\xd3\x89B\xd2\xcc\x80\x93\x97~\
g\x06\xdc\x0c\x88\x03\xa5\x9d16\x03\xe1\xba\xd9\xb2)\
\xc3\xb4+\xd4\xcc\xd0\xe8\x1d)\x03\x1c\xcc\xc6\xff\xb3\xf5\
oQ\x5c\x01\xff\x98\xa5\x8c``\xc6\xda\xdf\x18;\xd3\
\xce\x15\x12\xec\xf2\xb2\x0e\x5c(\xc3U\x15\xa1\x08\x15\x0b\
^:g\xdf~\xed\xc0%\x85|!\xe5`\x83\x1e\x12\
N\x1d8>\xb1\xcb2b\xe3P+\x1d6\x17]\xd1\
9\xed\xf8%\xf5\xd2E\x03T[?\xf4\xe6|\xeb&\
\x89\xb6\xd7\xda\xb1of\x13u\xbcF\xad\xa0\xc8\xe1-\
j\x85(\xf2\x16\x84\xbd]\xa2\x99m\x94\xab dK\
,\xd3H\x0a7E\xbeM\x86y\x03\x83\x86\xfa\x80t\
^\xd3\xa6o7$\x1b\x925\x96Y^\xd4\xb7\xb8\xec\
\x11q\x1e\x8a\xef\xd6\xd8\xaa\xdc\xee\x03\x0dl\xc0v\xbf\
G\xa9\x14\xffO\xdc\x9c7h[\xd4k=H#\xc1\
\x91\x88\xcf\x88\xf2\x18\xcd\x11?q\xf4m\xcf\x8e\x1d\xbf\
\xb1[&\x5c\xec\xbe\x82\xab\xb4=\x1b\x1fD\xf7x\x95\
`\x0dol\xad\x8d\xf4n\xef\xbe\x0c\x0f\x1a\xcf\x00\xfc\
\x8aJ\x1e?a\x81;\x97\xe8\xd4\xc4+\x8e\xfe\x0f7\
\x8b\xcb\xd7\xf8\xf5\xcb\xecA\xf3\xa6\x85$\x1e\xa7\xb2\x1d\
+\xa6\xd2\xd7]K\xb5r\xe5\xede\x87\x80!\xa2\xc5\
TP&#\x0b\xdeR]\xed\xa9\xbd\x87\x18E\xc4\xfe\
TB\x05x\xa0\xb59@M\x99\x0b\xda:F\xfa#\
{Zl4\x10\xb1\x99\x8e\x9fl\xc9\xe4\x8b\xce\xea\x7f\
\xfe{?\xd1\xb6\xb0\xd7_\x9b\x18\x1e\xb0\x85~\xb9\xef\
G\x9a\xd0\xe0\x0f'v\xdb&;\x84\xc4\x1a\xf8\x9c'\
\x18e\xc1\xf8\xe7BD\x1f\xc8\xd3\xe6!\x8b\xfe\xcc\xbe\
(\xe6@8\x91\xfb\xad\xfd\x1a\x8f\xfb4\x16G\xde\xe1\
\x0f\xf6;\xa8\xdcs\xc0\xc8\x1dd\xfceF\xeeP\xc6\
\xdf\x18\xd8w\x00\xfa\x85t\x11\xed\x15\x12\xc5\x0ec|\
q\xa6\x88u\xb3\xd6\x1b\xf2\xfd\x13\xbc;\xd6\xcd\xdaR\
\xe4]A\x99\x8f'\xfcf=\xb0\xa5\xf1\xc3\xc4\x97\xb5\
\xb4\xd7\xd8\xc4\xd1\xcb\xe2\x1c\x1f\xb94\xec\xc8y]1\
\xd0\xda~\x147V\xc9A\x812\x94jYL\xb3-\
\xf2\xfb\xbcU\xad\xbcE\xa5\xd6M\xe4c\xae\xa4#[\
b\x02\xe3\xd8\xc65~\x12\xba\x94\xafN\x1ck\x157\
{\xbe\x05\xc7\x9b6$7V'\xc5~\xf6\xfb\xd8\xdb\
\xc8\x0fs:\xde\x94\x5cW\xb9\xa1\x1e\xd8\xc0\x0b\xe2\xec\
\x04\xc8@\xae\xf2\x151\xea\xebT\xab\x83\x11%\xa9d\
\x05#ZM,\x1a\xc0,\xae$(\xf1\xfaH\x9c\xa9\
\xcdP\xb4\x8e\x92\x94\x00r\xeb\xa34\xae\xeb\xf1\xfa\xe4\
\xbad\xf5\xa6d\xcd\xea\x0d\x95\xd5k+k\x93\xf5q\
\x9f\xf7\x8c\xea\xd6e\xe1M(t+\xc6cB\x16\xb3\
f7dq\x11\xc4\x97/[\xfb\xb6\x0bt\xd7\xe7b\
\xd3\x06Z$\xd5\x9d\xed\x1f\x1dz\xdb\x07\xda\x0d\xb0\xb3\
\xb9`f\xd0U\xddc;vl\xb8\xcc\x8aE\x97\xcf\
\x88\xcbMi$\x11\x89/\xff\xef\x8eJ\xc3\xebA\x9d\
\x8c\x1e\xb9<\xbew\x07\x82)J{\xfc\x99\xf2\xd2D\
\x1c\x9e\xe5\x0b\xae\xc2\xe6<\xf4\xb1\xeeh\xedT\x18j\
A\xb4'\xa9\xf3\xcd\xa3\xa8\xcce[-\x0cI\x89\xde\
\xa2a%\xc9\xb7\xe8\xb6\x95\xb2!n\x1ce$\xecb\
\x09BR\xb4\xb6%Q\xea\xb2\xd5\xfb\xc1\x9f\xbcr*\
`\xbe\x9c\x19\x18\xbbr*\x84b\x1d\xc4\x83V\x91F\
\x1e\xd3\x0ef,\xd5HG\x93\xff\x8e\xbaE\xcd\x9e\x9c\
\x86<\xf9\xfe#\x5c\x93\xe8\xe2\xb4I\x17b\xcf\x80\x85\
\x84\xa3\xd1\xb8\xcc\x15\xa2\xf6\x8b7\x0a2\x8d\xa4#\xd7\
\xba\xdb\xfd\x7f\xbaO\x0e\x09\
\x00\x00\xe8#\
\x00\
\x02b\x9ax\xda\xb4\xbb\x05XT\xdd\xf7\x05\xbc\xcf\x9d\
\xce\x8b\x8a\xd8:\xa8(\x22*\xd8b\x22\x16*!\xa8\
\x18(\x12\x03\xa2\x940\x98/\x8a\xad(\x82\xdd\xdd\x89\
\xddbww\xb7C\xd8\xdd\xca\xb7.\x8d\x83\xef\xfb\xfb\
?\xdf\xf7=>zg\xee\x9c\xb3\xcf\xb9\xfb\xec\xbd\xf6\
Z\xe7\x1e\x9b\xec\x0e(y\xe6\xcd\x82\x99\xe7-\xcb\x1e\
\xec\xb3\xf4\xc0\xfd\xd5D$\x19\xda\xd7\xa7]\x87\x96D\
\x0e\x11D\xed\x8f\x11\x95\xf4&r\x11\x13U<D\xd4\
#\x98\xc8\xe7'\xd1k\x11\xd1\xfc\xd3\xb8\xae\x22:\x1c\
G\xf4\xb6\x16\xb1.\x91D\xefZ\x10\x93\xf8\x13\xdb\xaa\
#\xda\x5c\x83\xb8\xc0\xd7D\xa5\xb7\x91x\xfc|\x22\xb3\
@\x12\xaf\x1aBd\xbe\x89\xc4\x97\xac\x88,+\x93\xf8\
\x07\xae\xd62\x92\x88/\x12\xd9\x1c#\x89]\x07\xa2\x1a\
\xff\x90\xa4]=\xa2\x86\xabH\x12\x98L\xd4\x0c\xdf\xfb\
\xae!r\x9aN\x92\x7fl\x89:\x8aq\x9d\x83\xebC\
\x92L2`n\x0bH2+\x80\xa8S3\x92,\x95\
`\x8e\x11$9\xa4\xc7<o\x93\xe4\xe2I\x22}%\
\x92-;C\xb4u+\xc9\xf6\x9f!\xb6\xd2\x95\xe4\x1b\
\xcd\xf0<OH\xf1\xea\x03\xb1\x15A\xa4\xf4\xddJ\x9c\
d7)\x97\xa7\x11sp&\xed\x88*\xc4lFP\
QM\x17\xf4\xbbG\xc5f\x85\x10\xa5\xb8\x93y\x91\xc1\
D\x19\x03\xa9\x04W\x8f\xd8\xa0=T\xca\xfe\x11\xb1\xc6\
5\xa8\xb4\xd9\x0fb[DT:\xaa\x1b\xb1\x81\x0f\xa8\
l\x8d\x86\xb0\xab ]\xeffD+_\x93n\x82\x13\
\x9e3\x89,]+\x12\x0b\x90R%\xffWDkb\
\xc9\xba\xc6W\xa2\x83g\xc8\xfaZ\x0b\xe2\xca'R\xf5\
;rb\xe1r\xb2\x8d\x8c$\xd6\xbf\x02\xd9>u\xc6\
|~\x93\xbd\xc3\x10bVR\xaa\xfdz\x09\x11W\x87\
\x1a\xae;B\x14\xff\x96\x1a\x15\x09%\xfa\xd6\x9b\x1aM\
\xebJ\xac\xd2-j\xb6\xc2\x8f\xe8\xd5+r\x0a\xbeA\
,HNNaE\x89Z\x04R\xbbA\x8d\x88\xf8!\
\xe4,=Nt\xc6\x82\x9c+p\xc4\x91=\xb5\xaf?\
\x93\xa8X;j\x1f\xd2\x99\xc8b\x0cu\xd0\x8d'z\
x\x92:\xb6\xddCT\xd6\x8b:\xce\x85\xbd\xb2C\xc8\
u\x16\xd6\xbe\xca\x09r=1\x8d\xb8\xca\x17\xa8s\xcd\
j\xf0w\x1cu\xfeg\x0b\xb1\xee]\xa8\xf3h\xc4@\
\xc3\xd3\xd45n%Q\xcb\xf3\xb8\xee\xc5z\xed\xa4\xae\
\x9b0OG\x07\xea\xfaL\xb8.\xa6n\xbb`\xd7\xe5\
 \xf5l:\x80XFM\xea\x9d\x88\xf6\xfa\x10\xea\xfd\
\xe6=\xfa\xcd\xa5\x80M\xd5\x88)#H\xafP\x10I\
\xf5\xd4\xdf\xbc\x0d\xb1\xe9\x1c\x85\x08\xf3\x08\xaeA\xa1\x8d\
\xb1\x9e\x15\x1bP\xe8\x8dVD\x15\xbaS\x84\xf9M\xa2\
[~\x14Y|+\xb1\x16R\x8a\xec\x05?w\x9bK\
\x83\xe2\xa6\x113\x16\xa3\xc1K\x0f\x13kU\x84\x86\x5c\
\xdcEt\xaf\x0f\xc5\x18\xfa\x13;.\xa7\xe1\xbe\x1f\x89\
\xed\x8e\xa5\x91W1\x8f\xb5\x0di\xd4\xaeM\x88\xcb\xb6\
\x14W\xd5\x92\xa8\x8f\x8e\x12=\x10g\xe3\xe6\xd0\x92\xc9\
{\x88Mz@+\xabn'\x16:\x8f6\xc6\xed'\
f[\x93\xb6{v fW\x8fv<\xb8O\xf4O\
\x08\xed\x0b_\x8ex>G\xc7<\x16\x10\xeb;\x8f\x8e\
w\xadD\xec\xc42:A\x0a\xc4\xc1w:\x13\xff\x8d\
\xe8\xee1\xba\xb0m\x14\xb1\x1f>ty\xf0\x0e\x22\xdb\
\xc3t+\x12\xfe+Z\x95nM2#\xd6f;\xdd\
Z\x94D\xb4\xc3\x8cn7\xc0sT\x0c\xa7\xdbM\xf4\
\xc4z\x8f\xa7\xbb\xbe\xb7\x88R{\xd3]?\xe4ej\
]\xba\x97\xd8\x97\xe8v)zp\xd9\x17\xdf'\xd0\xc3\
>c\x89\xa5|\xa5Gf\xeb\x88+\xb7\x92\x1e\xaf_\
M,\xbd8=\x09U\x13+=\x8f\x9eZ\xcd \x8e\
\xebH\xcf\xf6\xc0\xee\xb1\x07d\xdc\xd5\x94hQ/J\
\xdb\xb4\x95h\xeaqJ\xdf\x8d\xf59\xfb\x99\xd2\x0fa\
\x9c\xe7M\xe8\x85=\xae/\x88^\x1ab\x90\xbfV\xf4\
\xe1=\xb0\xe0\xd5Q\xfa\xb8\x15yz\xa3+}\x11\xe3\
\xb9\xcb'\xd3\x0fm\x0fb\x17[\xd2/\x1e\xe3\xf4\xdb\
E\xbf\x5c\xa4\xe8\xb7\x90~\xcfoG\x14\xe7G\x19.\
\xc5\x88Z]\xa7\x8c\x8c\x93X\x9fE\x8cDM\x80\x0b\
\x22F\xe3<\x89\x02\x0c\x8cy\xc0\xee\xeb\x81\x8c\x0bm\
M\xe4_\x82\x89\xeb\xcf!\xb6\xbe6\x93<\x99El\
\x82\x81I\x9b\xd7!\x9a\xe4\xcbdX\x13z\xf1\x83)\
\xc5\xd3\x89J-e\xca\x90\xab\xc4&.a*e'\
\xa2\xe5j\xa6\xeaU\x1a\xf3+\xc7\xd4\x19s\x89Y\xcf\
g\x9a\xe1\xbb\x89F\xa8\x98\xe62\xd6#l:\xd36\
\xffB\x94\xe8\xc8\xf8b\xc0\x81Q\x06f\x163\x8c\xd8\
\xd2PVlyG\xe4[\x0c+\x1e\xb3\x9ehWs\
V\xd2\xe7%\xd1\xce\x86\xac\x94\xbd\x9e8MQV*\
\x11x\xf7q\x0b+\x9dp\x9c\x98\x93\x81\x95\xb9\x88u\
\x5c\x10\xc0\xca\x9d\x11\xc6m\xcf\xca\x8f\x0e\xc3z\x8db\
\x96\x97\x87\x02\x03\x03XEC800\x82U\x9c6\
\x13qw\x8fUq[F\xecX\x0c\xab\xb2\xcd\x83h\
\xdfrV\xe5\xac\x8cX\xb9~\xacj\xcc,\xa2_\xb3\
X\xb5\x0a\xde\xc4>\x86\xb2\xeaAG\x88u\x18\xc7\xec\
\x0d\xc1h\xbf\x81\xd5\xb6\xdfH\xacakV{\x07\xf0\
e\xf2<V'\x148\xfb\xcd\x8a\xd5\xebt\x9e\xa8\xe8\
V\xd6\xb0\xeeDb#z\xb0\x16\xdb\x8b\xe0:\x919\
M\xe0\x88\xdd[\xc7\x9c[ \xae>\xf0\xcc\xd9\x1f\xf9\
q\xa1\x0fk\xef\xefAl\xca-\xd6\xa1yibS\
\xbd\x99Kc\x091\x9f\xcd\xac\xcb\xfb\xd3\xc4\xe6\xa9X\
\xcf\x0aV\xc0\x99\x07\xac\xe7\x90JDEJ1\xbf\x8d\
\xc0\xcf\x88\xdb\xcc\xef\x08\xfc\xde\xfd\x0c\xd3\x7f^D\x14\
T\x8f\xf5\x9d\x82\xc2\xf0\xc4\x86\x05\xdf\x01\x9e\xf1/X\
\xc8f\xe0s\x990\x16\xbb\x0by\xbb\xbf\x1f\x1b\xc9\x01\
\xaf\x9aY\xb1\xd1\xf5\x80\xe7\xa3\xcf\xb0\x09\xad\xb1^\x95\
-\xd8\xc4\xfaa\xc4x\x0dK\x18\x8e\xf6\xfaD\x96\xe8\
\x86\xbctW\xb1\xa9l\x1b\x91W0\x9bj\x8f<\x5c\
\x92\xc8\xe6\x9c\xac\x8cu}\xc7\xe6e^[\xb0E\x8f\
\xd7\x13\x0b\x1e\xc3\x96tD\xfb\xf4\xcfle\x9a\x10\x9f\
U\xd9\xaa\xed\xc3\x89\xbd\xdb\xc76\xb4`D\x0dv\xb3\
\x0d'\xcb\x11\x8b,\xc16\xee\xe8N4y \xdbv\
d\x1cQ\xcd\x12lG\x12jS\xdfcl\xe7<\xe0\
M\xadXv\xd8\x1e\xb8}#\x96\x1dq\xf1\x22V\xbd\
\x08;\xe2\x09\xdc\xf3\xa9\xcd\x8e\xed\xbbM\xec\x993;\
\x1d\x82~\xfd.\xb0s\x9b\x16\xa2\xdeUc\xe7\x87=\
\xc2\xbaWf\x17\xe2\xe0\xaf\xa1\xe3\xd9\x85Ck\x89}\
\xf9\xc4n\x04\x00\xf7O\x97g7?\x00G\x7f\xb7a\
wk\xbf\x22&\xae\xc6\xee\xae\xc5\xf3\x85lg\xf7\x8d\
\xbd\x88\xcd\xff\xc4\x1e\x84> :}\x9a=H\x02>\
\xadqa\x0f\xde\x22~\xaa\xafg\x0f\xaf6$\xae\xa4\
\x94=r\x05>'\xda\xb0'\x11\xc0\xb9\xaa\xee\xec\xa9\
\xd2\x81\xd8\x81)\xec)\x8f\xbaS\xfd\x0eKk\xde\x04\
\xf5\xe7\x09Kk;\x99\xe8\xfc^\xf6\xb2\xbe\x1f\xb1\x1a\
\x1b\xd9k\x9bPb/z\xb3\xb7O\x07\x01\xa7+\xb0\
w\xb5\xfa\x11k\xb4\x91\xbdK4\x10\xbbt\x83}\xbc\
\x03|\xf1\xdd\xc6\xbe\x0cj\x8d\xf8\xed\xc0\xbe\x05\xb8\x13\
Kk\xc5\xbe\x1d\xe4\x89-7g?>t%Z8\
\x80\xfd^;\x9e\x98\xd9d\x8e.!_\xffI\xe3\xb8\
FI\xc4~~\xe2\xa4\xbf\xeb\x12]\x9f\xc6\xc9\x96|\
%\xe6_\x81SI\x10_g\xbd9\xd5\xc7\x0a\xc4\x8a\
\x0f\xe2\xb4Wj\x13Wq/Wdt\x12q%\x92\
\xb8\x22\x87\x87\x10\xa7TpE\x8eU!Nq\x9d+\
v\xe5:\x91q\x06W\xec\xeaN\xa2\x9e\x978\xf3\x96\
\x13\xf1]\xcf\x15\x8f\x85\x9fg\xb5\xe5,\xca\x1e!\xce\
\xac-W\x22\xf0\x00\xb1\x98z\x5c\x897\xa9\xc4\xba\x95\
\xe6J\x1d*\x89<\xaf\xc4\x95\xef\xf2\x9e8\xd5X\xae\
\xf2\xf6]\x88S\x0f\xce\xba\xec9\xf8}\x17W-\xae\
\x02pi\x1bg3z&\xfc\xe7\xcaU\xb7?K\x5c\
\xa97\x5cM\xdc\xe6J\x97\xe7j\xcd\xb4\xc4|\xec8\
\xfb\xa3\xa8\xd7\xce\xe3\xb9\xda[\x11\x87\xcf.puf\
 ^\x8d\xf5\xb9\xba.\x15\x91\x0f2\xae^\xbd\xc1\xc4\
n\xb5\xe3\xea_hKdp\xe3\x1a\xba\xb8\x10E}\
\xe7\x1ai\xe1\x0f\xe7y\x5c\xa3\xe4\xcf\xa8\xab=\xb9F\
\x97\xc1c\x1a{s\x0e\x1e\x88\x87mN\x9cC\x1f\xe4\
m\xfc/\xce\xe1\x01\x9ek\xe6o\xae\x893\xfc\xdf%\
\x81k\xba\xf1\x17\xb1Qz\xae\xb9\x06y\xdc\xf8\x02\xd7\
r6\xf8\xc3\xc7F\x9c\xd3\x96N\xc4V\x9f\xe0Z5\
\x05w\x0a\x1e\xc7\xb5\xfd|\x9b(\xf4\x12\xd7n\xe1\x0d\
\xe0ne\xae\xbd\x19\xe2\xc1\xf94\xd7!\x06\xfc\xaa\xf6\
$\xce\xfd\xed\x22b/Or\x1es1~y\x1f\xae\
\xbb\x0e\xcf\xbf\xc0\x95\xeb\xb1\xdcH\xd44\x99\xeb\xa3\xc5\
\xbaGxp~\xc5>\x10E\xd7\xe6\x02\x8be\x10'\
\xfe\xcc\x05O\xbbL\x14;\x96\x0b\xadU\x9dX\x8fq\
\xdc\x80\xb2\xa8\x0f\x96m\xb9hw\xd8\xf7\x8e\xe4\x86\xd6\
E\xfd\x9cT\x8f\x1b5\xbf\x1bQ\xfd\xc3\xdc\x18\xe3@\
\xa2\xb4S\x5c\x5c%\xd4\x8b\x9d\x0d\xb9\x19E\x97\xa1\x0e\
U\xe4f;\xc0\x0f3\x1ap\xb3\xb7\x01\xaf:\x0f\xe2\
\xe6\xda\xee\x06nJ\xb8\xf9\xbd\xe0\xafo\x1d\xb8\xf9\x1f\
\xc6\x00w\x86s\x0b/\xa2^\x1c\x1a\xc0\xad\xae\xbb\x84\
\xd8\x9a\xef\xdc\xea\xa3OQ\xf7\xebqk\xe7 ?\xbc\
*r\x1b\x931\xef\x9e\x81\xdc\xe6\xc3\xe0\x8b\xad\xbas\
{V\xa2\x0e\x8d\xef\xcf\x1d\x8c\x03\xbe\xf8{pG\x9e\
\xa0nx\xd6\xe3\x8ekt\xc4^[p\xc7\xbd\xd0\xdf\
j'wj\x06\xe2dk\x19\xee\xac\x16|\xc5s\x04\
w\xae\x1e\xea\xd3/3\xee\xf2s\xe0k\xd1\xda\xdc\x15\
\x1e\xbc\xa9\xca^\xeej<povY\xee\xf6+\xe0\
pM_\xee\xee\x01\x07\xd4\xbb\xdb\xdc\xbd)\xf1\xc0\xe7\
\xf3\xdc\xbd\xc7\xc9\xc4\xb6\xaf\xe7\x1e^\x5c\x89y\xec\xe6\
\x9e\xbe\x03\xdf\xec:\x92{6\x17~\xecX\x95{v\
\xfe\x0a\xb1\xd4\xa7\xdc\xf3\x0a\xe0\x19\xb5nr/+ \
\xbew\xd8r\xaf\x8a\xb6$\xaeXi\xee\xady\x11\xcc\
\xa3=\xf7\xf9!\xfa\x0fO\xe0\xbe\xf6\xae\x89k}\xee\
G\xbb\xf7\xc4\xea/\xe3~,\x01\x0e\xd7|\xc7\xfdL\
\x9cA\xac|\x12\xf7{L\x0a\xf0\xfe\x16\xf7\xfb\x01\xfc\
\xb7\xc3\x93\xfb\x9d\x06\x1c\xa8\x84\x02w\x05ue\x9e\xab\
\x88\xbb\xf8\x93X/\x0f\x91\xe8\xcc:b\xfb\xe2Db\
\x0d\xe2HY[$O\x9f\x81\xb8x%R,?\x04\
\xde\xe7+\xd2\xfc:\x85\xbasST\xa4\xdce\xcc\xfb\
\x9d\xa8\xc8\xb6\xd1\xa83uD\xc5i\x07x\x86TT\
\xfc(\xf0\xeb\xc5IQ\x09+\xe0C\xcd\x04Q\x89\xd8\
d\xe2*\xdc\x14\x95\x1e0\x08q\xff\x8f\xa8\xf4\x16\xc4\
\xd5\xbd\xdf\xa2r3P\x9f\xc7\x84\x89\xca\x1fA}\xdb\
sS\xa4\xfbiOt2Ld\xfd\x11\xbc\xa9/\x13\
\xd9:\x82\x0f\x8d\x90\x8aj7\x05\xee\xcc\xb3\x11\xd5\xdd\
\xd4\x8d8\x8bC\xa2\xba\xcf\xfb\x11\xa7\x93\x8a\x1c\xda?\
'\xae\xcaU\x91\xc3\x19\xe4e|\x98\xa8\xe9t\xc4\xc1\
\xb6N\xa2\xe6\x8b\x81\x9b\xdb*\x8aZ7\xc4\xf3\xb5Y\
\x22\xea\x98\x80\xfaT\xd2^\xe4r~#\x91N!r\
[\xa6&\x8e\xbf'r\xdb\x0e?\x1fl%\xea\xfaR\
D\xec\xd3kQ\xf7}\xc8\xab\xef\xbfE=\x8e\x82\xef\
^\xff!\xf2\x99Z\x15|\xf3\x8e\xc8/\x00q\xb7\xd9\
[\xe4\x97\x06\x9c\xd6\xf4\x14\x05\xd4@\x9e\xb6--\x0a\
X\xf0\x84\xc8u\x9d(h\x933\xd1\x90\xe6\xa2\xd0)\
+\x88\x8e\xde\x17E\x8c\x1a\x81xi-\x1a\x90 C\
}\x9b#\x1a\x92\x02^\xd2\xf0\x8dhhY\xf0\x0b\x9f\
h\xd1\xd0\xa6U\xc1\xc7\xd3D\xff\x5c\xb9\x86\xb8V\x88\
F-\x01\x1f|2\x5c4z\xd73\xe4\x8f\x93h\xc2\
e<\xaf\xda(\x8a\xbb{\x14q\x98&\x9a\xd4\xde\x0b\
\xe3\x9e\x14M\xe9\x04~'k.J\x188\x9a\xd8\xe5\
$\xd1\xfc\x22\xa8\xc3%\xdf\x8b\x96\xeeD\x1c\xf4\xfd!\
Z\xa6\x01O.\xe2)ZY\x14yj\xfdV\xb46\
\x1e\xf9\xfd\xf5\x9ah\xe3\x8f\xd9\xe0\xb3\xc7E{\xbb\xcc\
'vf\x81h\xffR\xc4\xa3j\x8f\xe8`\xb0+\xf8\
\xea\x09\xd1\x91\x8d\xc0\xb1\x22\xc9\xa2c\x95\x83\x10\xff%\
D\xc7\xdf\x96#\xea\x10\x22:+\x8e%*\xe7*\xba\
\x16\x0f\xfd\xd4\xac\x81\xe8\xda\xf4X\xe2\xacz\x8bn\x95\
E\x1d\x1euWt\xbb!\xf2\xa8\xebi\xd1\x9d\xd2\x98\
\xff\xa3/\xa2\xbb\xda\x9b\xc0\xd5\x05\xa2\x87\x15W\x12W\
)]\xf40\x1e\xfe|`)z\xb4\x01~\xd8\xe2\x22\
z\xfc\x13\xfcr\xec(\xd1\xb3\x83\xa8;e-D\xcf\
\xce<&J\xbe!2\xfeS\x94\xd8\xc8\x05\xa2\x94\xe1\
Pt\xa1\xc3DiS\xc1\xcf*\xaf\x11\xa5\x1f\x02\xef\
X*\x17\xbdx\x8c\xbc|\xb6F\xf4\xe2\x0bt\x8a\x8a\
\x17\xbd;\x82\xfc\xec\xd1D\xf4\xf1\xe8u\xe2\xe4\x1fE\
\x9fkb>\x9e\xadD_\x02\xd6\x12}\xb7\x13}\x89\
\xb8F\xf43@\xf4mc\x1f\xe2\xd4\xcdE\xbfW\x03\
x\x7f\x88D\x19.K\x89\x15\xf1\x15e,\x85?W\
\xed\x11\x93\xd7]\x22\xbb*b\xc9\x19\xd4\xf7\xfe\x1eb\
\xa9=\xea\xa7l\x89\xd8\xec*x\xcb\xdc\x86b\xb3\xfb\
B^\x96\x17\x179\x0e\x1e*i+.r\x1d\xf9\xbe\
\xf7\x88\xb8XXM\xa2i\xd6\xe2b\x0bF\x11W4\
Il\xe1\x04\xfey)Nlqo\x05\xea^\x0fq\
\x09\x8f\xe6\x88\xcb\x15\xe2\x12\x17\x80_\xe3C\xc5%\xa7\
\x81o[\xdb\x88\xcb\x95F\x1c\xbd\xb9&.w\x00\xf1\
f\x9b,.\x9f\x14M\xccm\xa5X\x17`\x06\xbe\x9b\
$\xd6m\x07\xfe\x95\xdd \xae\xc8\x01\xef\xf7+pE\
\x5c}x'\xb6~\x08\x9e\xb4\xa2\xaa\xd8\xf6\x96'\xb1\
\x85g\xc5\xb5\x8e\x80W\x0c-!\xaes\x13\xeb\xb8\xa1\
\xa5\xb8\xe1\x93\x08b\x9b\xfb\x8b\x1b\xd5\x87>\xdbtY\
\xdc\xd4\x07:e\xe5LqsK[\xe8\x80\xfeb\xc7\
\x89\xa8\xffm\x8a\x88[\x8f\x05.$\xfe\x10\xb7k\xba\
\x06q>@\xdc\xb15\xf4\xdf\xb5/\xe2\x8e\x8b\xa6\x12\
K\xda)v\xed\x0c\xde\xb2?E\xdc\x99kD\xecm\
\xb8\xb8\xdb\xc1\x85\xc4\xee\xce\x12\xfb\x0a\xd7\xc5'\xc5\xbe\
\xaf\x10o}\xa6\x8a\x83\x1a\x96'\xaa\xbbP\x1c^\xaa\
6\xe2V,\x8e\xe4Q\x7f\xdf\xbb\x88#c\xe1w\xf3\
rb\xc3\x9d\xb9\xc09k\xf1\xa0f2\xe2DS\xc5\
\x83\xd7\xc0_\xbd\x8b\x88\x87n\xeeM\xa4\xa8&\x1e\xf9\
\xdc\x17\xb8xF<\xee\xf9\x1d\xac\xb3\x93x|?\xe0\
\xffF7\xf1\xc4\x1f\x17\x88=\xdf'\x8e\xf3\x84_\x16\
\x17\x15O\xf3\xc58^\xbb\xc4\xd3C\xa0\xd5\x87\x1e\x15\
\xcf\x88C=fq\xe2y\x07\x80_\xccN\xbct?\
\xc6]\xd2F\xbc*|;\xc6\x9d(^\x1b\x84\xf9|\
\x1b#^W\x11\xfc\xa8\xc5[\xf1\x06[\xf8\xa1\xe4\x0b\
\xf1\x16B\xfc\x8f</\xde:\x0c\xfd\x5c\xeb\x8a\xb7\x8d\
\xc7\xf3\xb5\x0b\x17o\xcb\xb8G\xcc\xc3Q|\xa2\xdb~\
\xcc\xeb\x8d\xf8\x04\x96\x91IF\x8bOq\xb0W\xe1\x99\
\xf8\xd4\x98^\x88\x8f\xce\xe2S{\x10\x7f\xf5U\xe2S\
w\x11\x17\x9d\x15\xe2\xcb\xe5\x80\xc7SF\x8a/\xbb\x80\
?,:-\xbe\x1c\x08\xbe\xdc8Y|M\x0c\xdd7\
\xe5\xb6\xf8\x86\x0d\xfch\x95 \xbe9w1\xd1\xc6\xf1\
\xe2;\x96\xd0\xf7\xf5\xeb\x8a\xef\x9a\xcd&Vf\xb2\xf8\
nE\xe0\xf8\xf2\xbe\xe2\x87\x07\x9a\xc3n\x98\xf8e_\
\xe0M\x89\xee\xe2\xd7\x9e\xc8\x83\xeb\x1f\xc5o\xe6@\x0f\
HF\x89\xdf\xd5\x82\xce\xf8RA\xfc\xf1}4q\xb2\
\x8b\xe2\xcfsj\xa0\xfe7\x12\x7fq\x87?\x97\xac\x14\
\x7f\x0f\xffI4\xb6\xb7\xf8\xd7V\xdc_\xf2@\x9c\xd1\
\x1cz\xb1X\x11\x09\xfdD]\x1e\xf1Z\xc2\xc2x\xe8\
8K\x89xJ4\xd1\xb9\x8e\x12\xf1}\xe0\xc4\xa4D\
\x89\xb2\xde)\xf8I$Q\xb7\xa8\x81:\xb4\x5cR\xa4\
\x13\xf8\x8d\xee\xac\xa4\xa8\x05\xf0\xa2\xe8hI\xb1\x09\x88\
\x93\x0e\x9f$\xc5RZ\x12\x13\x05J\xcc\xdb\x80\x97\xfb\
\xaf\x93\x94,\x0d\xde\x97\x5cFRr\x05\xec\x8e\xd8'\
)\xb9\xb2\x14QR[I\xc9-\xd0w7\x92%%\
\xef@\x0f\x1c\x9f&\xa9\xb0\xba,\xf8\xdc\x06I\x85M\
F\xf0D\x1f\x89\xae7x_\x85\x06\x12K\x1d\xfc\xf0\
;^b\xd9\xf93\x9e\xb3\xba\xc4\xf2\x02\xe2a\xe1'\
\x89\xe5\x07\xf0\xad\xeb\xc7%\x95/C\x87m\x98(\xb1\
r\xc5\xfc\x8a\xd4\x96Xm\x05^/\x98#\xa9:\x1d\
\xfei\xd4Eb\xed\x86\xfc\xadb-\xb1\xf1\xfeB,\
\xd0Ob32\x95h\xfd~\x89\xedT\xe4\xc1\xa5\xf3\
\x92\x1a\xef\xd7\x80\x17\xb7\x96\xd4\x8c\xe9B\x9c\xe5<I\
-hx\x1ai\x90\xd8%\xbf\xc3\xb8\x0f$\xb5\x1b\x00\
\xa7\xeeW\x97\xd4[\x80\xba>\xb8\xac\xa4i\x7f\xe0\xed\
\xfd\xf3\x92f\x97\xed\x80\xdf\xab%\xcd\x1f\x01w\xdb\x7f\
\x954\xff\x08\xdep\xb1\x86\xa4\x857pb\xd2QI\
\xcb\xf7x\xce\x80\xad\x92\xd6[\x1b\x83\x1f\xa7I\xda\x94\
\x82\xff;\xce\x94\xb4\xf1\x04~,8+q~\x1bO\
\xb4\xb6\xbf\xa4\xc3'\xe8\xc4\x9bRI\xf7\xfd\x88\x9fV\
\xb3$\xc1]pm\xdfS\x12V\x04\xfa\xea\xa8J2\
 \x1a|\xb7v1\xc9\xe0\xad\x09D\xe2\xa9\x92a\xe1\
!Dg.I\x86\xafA\xdd\xed2M2qb\x1b\
\xa2\x1a\xcb%\x93\x85\xfd$\xb7H\xc9\xe4s\xa8\xbb\x9d\
JI\xe2\xbd\xe0\x9f\xc8\x18Ibk|7\x9b(\x99\
1t\x08t\xf2\x0f\xc9\xac5\x88\xefNz\xc9\x92\xdd\
\xf7`'R\xb2\xf4|yb\x96\x01\x92\x15\x81\xf0C\
\x8f\xe9\x925\x13\xc1\x07]\xec$I\xee\xe0/\xcd\x9d\
$I\x11m\x813\x0aI\xd2\x99\x8fDu\x96H6\
\xb7\x82\xce\xdc|U\xb2y\xdd\x01\xa2^\xa3%\x9b\x7f\
\x83'})\x22\xd9\xb6\xc4\x11\xd7\x09\x92m7\x90w\
\xad\xdbK\xb6\x97E\xfb\xde\xd1\x92\xddwq\xbd~X\
rH\x89<{zDr(\x1d\xf3\x1c]Er\xec\
\xd7.\xe8\xe7\xcb\x92\xb3\xbd\xc7\x01\xff\xaaK\xce\x1e\x06\
?\xff\xdaQr\xa1\xdf/\xe2\xa4b\xc9\xc5#\x88\x83\
!K$\x97\xc3\x18\xb1\xfd\xcb%Wn!o~<\
\x93\x5c\xf9\x0e\xbd\x1a\xd4Sr\xb5,\xd6}M\x92\xe4\
\xeaq\xe8\xb2\x8eM%\xd7~\x83_\x1c\xb5\x91\xdci\
\x86\xfc\x1cVMr\xe7\x14x~\xf3P\xc9\xdd\xf2\xc0\
\x83^f\x92G\x87P\xefo\xb7\x97<\xfa\x8cz\xd8\
\xb2\xbb\xe4q\x92\x0b\xb1J\x11\x92\xa7=\x10Wu\x13\
%F\xfb\xe2\xd0\xef7%)<\xf8\x9d\xa3T\x92\xb2\
\x13<q\x5cuIj4\xf8\x9b[UI\xea~\xf0\
\x84-\xcf$\xa9o\x81'\xd2\x8b\x92\xf4G\xa87\xcd\
oJ\x9e\xf7\xb1&6\xb8\x95\xe4e}\xe8\xb8\xc4H\
\xc9\xeb\xed\x0b\x893\x9f#y\xf3\xa1\x15\xc6y-y\
;7\x06z.C\xf2\xae\x02t\x85\xd6V\xf2\xb91\
p\xc1o\x9e\xe4K\xc4V\xf0\x1b\x1b\xc9/_\xac\xeb\
.\xa9\x948=\xe6\xd3D*\xde\x9aD\xa4\xac'\x95\
.\x7f\x03\xbcO\x90J\x1f\x81\xff&\x5c\x94\xca\xd6_\
\x81\xddgR\xf9m\xe0\xbex\x93Ti\x86xn\x96\
(U\xe9\x96\x13k\xd0D\xaa\xaa\x04\x1d\xdd\xa0\xbf\x94\
WB\xbf\x1d\x99%-\xd6\x0c|\xec\x00\x93\x96\xe3\xa0\
\x87V\xbc\x97\xea\x9c\xdc\x88\x1d^'\xad\xfc\x04\xfc+\
\xb9\x9f\xd4\xca,\x05\xbf\xdbI\xab\x1e\x02\x9f\xbe\x96,\
\xb5q\x04\xff\xb6\xd5Km2\xe2\x88\xc9\xafKm7\
\x00o\x0fn\x94\xda\xbd\x82n9rLj_7\x82\
h\xd0!i\xdd\x1a\xe0\x87\xa7^J\xeb\xfa\xa2n\xaa\
U\xd2\xba\xc95\xc0\x03\xaaI\x1b\xc5\x03\x87\x9e\xaa\xa5\
\xcd\xdc\xd20^\x9c\xb4y\x0c\xea\xc7\xa76R\xc7\xc7\
\xdbQ\x9f\xc2\xa5\x8e\xef\xb0\x9e\xfb\xafH]\x93\x9b\x12\
+5E\xea\x19\x84\xfeC\x83\xa4\x9e\xa3P?\xc5\xbf\
\xa4]\x08\xe3\x8f*&\xf5>\x02\x9d\xbfT&\xed\xd5\
\x05\xbc\xc4\x5c.\xf5\x11\xear\xd0<\xa9\xef\x89s\xe0\
\xb9\xf6\xd2\xb0\x0fc\xa1K>I\x07\xbc\x03OHM\
\x92\x0e-\x81\xef-\x9b\xe0\x8a\xb8\xee\x9f$\x1d\xe6\x8f\
:\xdf\xad\x91tT{\xc4\x9d\xb6\x94t\xd4!\xf0\xa5\
\x87\xd3\xa5\xa3;c}N{H\xc7\x0d\x0e\x87\xdf\x0e\
J\xc7\xb7\xf4\x04\xefp\x97N\xe8\x0a\x1c\x08\x8c\x96N\
~\x88x~\x9c\x22\x9d\xd1\x18\xbc|\xf7*\xe9\xac\x1b\
\xd0=\xfd\xac\xa4\xb3\xa5m\x89\xd5q\x90\xce\xd9\x08\xdc\
\xed:R\xba\xb03\xf2\xc9\xbb\xacta\x0f\xe8\xee\xa5\
[\xa4\x8bS\xc0\xab\xdaV\x95.\xf5\xc1\xfc\xe7|\x97\
\xaeh\x03\x1co~M\xba\x8eP/\x7f<\x95n\xe8\
]\x0e\xbc\xc6M\xbaa\x1e\xe6\xd9\xb4\xb8t\xcbX\xf0\
\x82\xc1k\xa5[\xdf\x82\xe7\xfe\xaa#\xddc\x0b\xfc`\
\xffH\x8f\x98!\xef?M\x97\x1es\x00n\x1a\x0fK\
\x8f\xaf\x05\x8e\x96\x93HO\xb5\x00\x8f\xd2\xa6KO\xb9\
\x9dD\xdc\xb5\x95\x9e\xfa1\x8a\xa8\xf8U\xe9\xb9\x1b\xe0\
\x07\x1d\x9c\xa4\x17\xa6\xea\x88+\xbeWz9J\x0e\x9e\
\xf3Hz\xcds\x0btc\x09\xe9\xcd1\xaf1\xcf\x19\
\xd2\x9bo`'\xe4\x88\xf46s\x06_-&\xbd\x13\
\x15G\xf44Uzg\x0a\x9es\xe1&\xe9\xdd\x96\xc0\
\xfd\xdbC\xa5\xf7\xcf\x03G^\x8d\x95\xde\x7f\x8b\xe7\xae\
0S\xfa0\x04y6\xe9\xbd\xf4\xe1~\xf0\xe0k\xeb\
\xa5\x0fS\xb5\xc0\xab&\xd2\xa7KQg\x96\x0d\x94\x1a\
\xb7!\xeeUc\xa4\xc6s\xa87N\xf7\xa4\xc6\xdb\xe0\
\xaf\xd1\xd1\xd2\x94\xeb\xe0\x1f\xe1\x8f\xa4i\xc3\xc0\x9f\xee\
\xf8H\xd3\xe2\x80\x9bN\x9d\xa4\xcf\xc5\x12\xe0\xdew\xe9\
\x8b\xa7\xd0\xbb\xf4U\xfa\xea\x15\xd6\xb9\xe99\xe9\xeb\xe9\
\xe0\x07\xaf\x0d\xd27\x06\xe8\x93\xa2\xa5\xa5o\xaf\xddB\
\x9c\x0e\x90~\x18\x0e~\xb1\xfd\x8e\xf4\xa3\x85\x80\xd3\x15\
\xa5\x9f\x9cN`^\xc7\xa4\x9f\xfc0\xef]/\xa5\x9f\
\x22\xc0;\xd3gJ\xbf\x5c\x83\xde\x197K\xfam\x8d\
\x92\xe8\xdbW\xe9w{s\x22{\x7f\xe9\xf7\x83\xa8O\
\x0e\x83\xa5?\x02\xa0+\x92\xcc\xa5\xbf\x17\xc2\xcf\x8b\xe6\
I3\x16\x0f\x82\x9d@\x99L\x06\xff\xa9&\xcb\x14\xbd\
\x10\x17\x8f\x8a\xca\x14K\xc6C'|\x90)\xb6\x14\xc7\
x?e\xca(\xe8G\xf9*\x99\xea1\xeaw\xfb\xcd\
2\xf5\xb6\xfa\xc4\x14n2\x0d\xea!\x0b\x0b\x90\x15o\
\x09\x9eRQ-+iy\x8a\xb82\xb1\xb22!\x88\
W\xabxY\xb9r\xb3\x88\xdd\xb1\x91\x95s\x80>:\
\xb0[Vi\xa9\x86\xd8\xd6\x92\xb2J\x97\x16\x83'\xbe\
\x92U\x8e\x03?(\xb1@f\xd5\x0a\xfc\x8c\xb7\x90Y\
\xbdD<4~%\xabb\xdd\x9d\xa8\xcaK\x99M\xd1\
\xefDS?\xcal#\xc0\xe3K?\x96\xd5\xb0~\x8e\
u\x9b$\xab\xb3\x12\xfa\xa7\xf2<Y]\x1ey\x14\xdd\
FVw\x06t\x9b\xe1\x81\xac\xee&\xe8\xc6\x91\xf62\
\x07[\xf0\xc4d\x0f\x99C4\xf8J{\xad\xacq\xaf\
\x83\x98\xefpY\x93\xf5\xd0\xd3\xd6\xfdeM\xcf\x94E\
|\x17\x975}\x82\xe7\x0f\x7f'k\xee\x03\x9eg0\
\x939\x8e\xc5:W\xbb/k\xd9\x1eu\x86\x8b\x94\xb5\
\xae\xdc\x1a:w\x98\xac\x0d\xc3\xba\xec=*k#F\
\xbc\xa5\xb7\x95\xb5\xe9\x04\x1d\xd3\x7f\xb0\xac\xc3\x0c\xf0\xd0\
7\x0be\xae\xa3\x02\xa1c\xe52w\xef@b\x1f\xb7\
\xca:5\x05\xbe\xfe,*\xeb<\x0fz\xf4\xf0:Y\
o\x17\xc4\xdd\xbej\xb2>\xdd\x80\xcb\x8a\xae\xb2>K\
\xf0\x9c\x07\xbcd\xe1\x87\x8f\x81w\x9e\x96\x0d8\x01^\
3b\xb7,\xb2q5\xe4\xef;Y\xd4\x9br\xc4N\
\xee\x93E\xcfA|~U\xca\x066\x10\xde\xd4\xf8\xc8\
\x06}\x01\xdf\xb8\xdcN\x16S\xa9>Q\xd9\x8f\xb2\x98\
N\xe0\x19\x0f\xba\xc8F\xc9\x81K\xdae\xb2\xd1\xae\xd0\
S\xef-d\xe3\xee#\x9f\xee\xb5\x92\x8d?\x04\x1dQ\
\xb5\x93l\xf2E\xf07\xe74\xd9\x14-t\xf7\x1eO\
YB\xeb\xc3\xc0\xd5k\xb2\xc4\x81\x88\x8b\xd2Ue\xf3\
\x8e\xa3\xdeu\x8e\x95\xcd\x97B7\xfa\xb5\x92-\xe9\x88\
\xf5P\x95\x90-\xb5\x05\x9fq\xbc*[\x9e\x01\x1c\xcb\
H\x92\xad,\x0e\x5c\xb6\x8b\x90m\xfa\x0a\xdd\xa2\xfb.\
\xdbU\x0c\xf1\xdcS';\x1cw\x83X\xdcN\xd9\x09\
g\xe83\x9bT\xd9\x89s\xe0\x03}v\xca\xce\xdcD\
\xfc\xd59+;\xbb\x12\xba\xbeNe\xd9\xf9cg\x89\
u\xde!\xbb\xf8E\xd8\xff\x88\x92]y\x08\x1d\xd7\xa7\
\x8e\xecZ/\xe0\xe8\xb3_\xb2k_Qg\x8aM\x96\
]O\x7f\x09\xddtZv#\x0e\xe3VT\xc8n,\
|H\xb4\xfd\xbc\xec\xe6\x0c\xd47\xfbp\xd9\xad+B\
\xfcm\x94\xdd\x9e\x81\xbc^e+\xbb\xbd\xc9\x16yl\
#\xbb\xe7[\x82(\xac\x81\xecA\xd1\x0d\xc4\xfa\xf7\x92\
=\xb8\x87\xf9\xb7\xb4\x90=x\x83<\x9a_[\xf6h\
\xb9\x0e\xf8\x1d){t\x15|uIU\xd9c3\xf0\
\x0a\x17w\xd9\x93e\x18g\xf8\x15Yz\x99\xa1\xc4\xda\
W\x95\xa5\xd7\x5c\x84|=#K\xb7{\x04=}@\
\xf6<\xa3\x041g_\xd9\x9bt\xd4\xcbC\xddd\x1f\
\xdcJ\x11\xb3\xd9$\xfb\xa8\xb4&\x1aW^\xf6\xf9\xb1\
\x19\xd1\xeb%\xb2\xaf\x95\xdf\x13]\xad'\xfb:\x1e\xf9\
\xbc\xd7A\xf6u>\xf8^\xc4\x01\xd9o%\xe6\xdb\xbe\
\x93,#\xb9/\xb1\x05\xdb\xe5\xe2x\xe0\xc6\xeeAr\
YM\xe0\xa2_\xaa\x5c\x16\x87<\x1bc)W%\x81\
\x07\xdc\xdc,W\xdd\x84NZ\xdaF\xaen\xb1\x19:\
}\xb1\x5c\xf3\x12x\xec6W\xaee\x98\xff\xcd\x91r\
>\xad\x22tY\xb0\xbc\xe8\x1b;\xd4\xc9\x15\xf2bQ\
f\xa8w\xf3\xe4\xe6M\xb1nG\xcc\xe5\xc5\x97\xe3\xf7\
2\xef\xe5%\xb6\xbc\x03NK\xe4%~ \xdfe%\
\xe4\xa5\x8b \x1eO\x94\x97\x97\xfd\x85\xf8\xfe<I\xae\
\x0b\x01\x0f\xefuL^\xd1#\x88h\xbeF^)\xac\
\x18\xb1\xe0\x8fr\xab\xb3\xc8\xf3\x83\xe6\xf2*\xcd}q\
\xbf\x89\xbc\x8a\x0fx\x90\xe5\x10y\x95\x19\xc0\xe3+J\
\xb9\xb5\x0b\xf8\x84\xd9a\xb9u\xb7\xe1D\xba{\xf2j\
W\xc0\xaf\xe6\x1c\x96\xdb<.\x89|\x9f'\xaf\xceO\
\xc18.\xf2\x1a}\x1e\x81G\xde\x97\xd7\x88o\x88x\
\xff-\xaf9\x1a\xbc\xeb\x9f\x8br{n*\xe2\xb0\xb2\
\xbc\xce\xc6\xdf\xc4\xba\x1b\xe5u_\xed\x83~z#\xaf\
\xf7h\x0e\xda\x9d\x97\xd7\xd7\xfa#>\xa3\xe5\xf5{'\
\x10\xb3:#\xaf\xbf\x10\xf6{x\xc9\xeb'_$Z\
\x1c#o\xd0\x02\xcf\xb1\xbb\x9d\xdc\xa1)\xf4\xf0\xdc\xe1\
r\x87\xa5\xc0\xa7\xe1\xc9\xf2&\xcf^c\x9d\xbe\xca\x9b\
V\x04.\xde\xd2\xca\x9b\xdbm@\xfbM\xf2\xe6\x86\xc1\
\xc0\xd1\x07\xf2\x16[;\xc2\x7f\x0f\xe5-\x9d\x81;~\
#\xe5\xad\xcf#_\xabG\xca\xdb\xac9DlQ[\
y\x9bM\xf0K\x85\x0f\xf2\xf6\xbe\xb0?\xa7\xaa\xdc5\
\xa8\x0f\xd1\xac\xfbr\xf7D\x15\xd1\xf1\x18\xb9\x87\x02|\
\xbb\xed\x07\xb9W\x04xo\x0b\xb1\xbc\xe7Y\xe8?\x0b\
\x83\xbc\xf7\xe8_\xa8\x9b\xdf\xe4\xbd\xdft\x01>y\xcb\
\x07\xa8\x9e\x10s\x0d\x93\x1b\x0e]\xc7|$\xf2A\x9f\
`\xf7F\x98|\x08\xea8{\x7fF>\xbc\xec\x0b\xa2\
\xea\x8d\xe4#\xcc\xe1\xd7VJ\xf9\x88\x05\xc8\xcb\xe2\x83\
\xe5\xb1\x11\xc0\xef\x0f\xcd\xe5\xb1g\xa3\x88\xaa.\x90\x8f\
\x89O\x84~m$\x8fS&\xa3\xce\x9f\x95Oo\x07\
\xfe\xdd\x84\xe4s\xa4u\xe0\xbf\xaf\xf2Ee\xcb!n\
\x8b\xc8\xd7M[\x81u\xd8(\xdf17\x1e:>F\
\xbe\xabk\x17\xa2\x01Q\xf2\xddv\xe9\xe0\xaf\x91\xf2\xbd\
K\x90\x7f\xc3\xda\xcb\xf7\xb9\x83\x8fz\x98\xc9\xf7\xdb\x80\
/\x9d:!?0\x19x\xe4\xaa\x95'kq?\xf6\
\xa8\xfc\x9cF\x03\xbe:\x5c~\xb5\x1ax\xe0\xe8{\xf2\
\xab\x8b\xa0'\xe7^\x91\xdfp\x07\xfe]\xe6\xe57\x8f\
XA\x9fU\x97\xdf\xd9\xed\x8a\xbc\xef/\xbf7\x14\xfc\
\xf7\xfb\x12\xf9\xfd\xbd\xa8\xb7\xde6\xf2\x07\x97\xb0\x0e>\
\x0f\xe5\x0f\x9f\x83'\x5c\xb9%\x7f\x1c\x7f\x94\xd8\xd8\xe6\
\xf2\x94\x8f\x18\xaf8/Ou\xfc\x86|W\xc8\xd3\x8a\
t\x82\xee\xbc*O{\x00\xfc\x0ai$O\xf7\xc2:\
l|&O\xcf\x00o\x8ey-\x7fa7\x07\xed\x82\
\xe4/6\x01WG.\x97\xbf*/\xec\xef\xfe#\x7f\
\xb5\x0czf\xd8x\xf9\xdbr\xb0_\xf5\xa2\xfc\xed\xda\
\xfb\xe0\xd9-\xe4\xef\x97\x22\x0e\xd6^\x96\xbf\x7f\x8a\xf9\
{\xb7\x97\x7f\x0d\x89!\x0a\xe9-\xff\xa6B\xbcv\x1c\
+\xff\xf6\xc6\x07\xf5l\x82\xfc\x97\x0b\xf8\xf6\xde\xce\xf2\
_\x13\xc0\xbbXc\xf9\xafu\xcd\x88\xfd\xae\xac \x9d\
\x03\xd1?\xc9\x0a\x16\xb3\x09\xf5\xbc\xa1\x82\x1b\x07\x1cj\
;Z\xc1}\x00\x0e,\xac\xa6\x10\x1f\x98IT\xa6\xa9\
B\x9a\x88\xfa\xe1\xce)\xe4#\xa0\x7f\x0f-Q\xc8\x1f\
\xc9\xa0\x0f\xffQ(j!\xce\xb5\xd3\x14\xaa\xe9\xc0\xa3\
\x16\xab\x15\xaa\xf5\xf3\x88\x1eY)\xcc\x1c\x91\xe7\xdb\xa4\
\x0as7\xe0\xf9\xa1\x9f\x8a\xe2[\x91\xdf\xef\xac\x15%\
\x7f .\xeb\x0fV\x94\xea\x04\x1c\x89m\xa6(\x95\x80\
<\x0c\x14+J\x1b\xc0\xaf\xc7\xcfVT\xe8\x84\xfaQ\
;^Q\xe1\x15\xfc\xbc|\x82B\xe7\xd6\x1dy\xfaA\
Q\xe3\x92\x848UUE\x9d\xe4 \xe2\xe4\x1d\x14u\
R\x07\xa2\xff\x07E\xdd\xca\x88\xbb\x81\x03\x14u\x1b\x02\
\xff7\xecV\xd4\xf5B\xfd\xdb\xd7LQo\xea>\xb4\
\x93+\x1a\xd5\x8a&6\xe0\xa2\xa2\xd1{\xac\xa3\xba\x94\
\xc2\xe1\x07\xe2p\x7f\x1fEca\x7f\xaf\xdd0E\xf3\
\xde^\xc4\x82\x86+\x1c7\xaf\x86\xfd\xae\x8a\x96L\xf0\
g\x94\xa2\xe5\x8f\x8f\xc4\xf6$*Z\xf5\xaa\x87\xe7;\
\xach\xfb\x1c\xf7\x07tP\xb4\xe3\x07\x11\xc7oT\xb4\
{\xda\x0cu\xd0Z\xe1\xac\x05\xfe^\xae\xae\xf0\xfc\x86\
\xf5\xd9\x15\xa6\xe8r\x0f\xbc\xeftkE\xb7\x0a\x95\x89\
\xd5LV\xf8\xa4\xf7B\xbc\x8dS\xf8\xcd@}0\xbf\
\xac\x08\xdc:\x988e\x92\xa2o[\xc4\xbd\x97\x5c\x11\
n\x8ez?H\xab\x08\xbf\x06\x1d\x5c\xbd\xbf\x22b:\
t\xdd\x5c?\x85\xa1A{\xa2&\xcd\x14\xd1\x96\xa8\x9f\
\x1d\xdf*\x86\xb8!/\xd5\xc3\x14c\x86!o\x02\xea\
)&\xd7\xc2\xfd\x80\x10\xc5d\xc3U\xc4\xf5#E|\
\x7f\xe4ud\xba\x22~\x17\xc6\xad}B1\xed1\xf8\
\xc0L\xa6\x98\xe1Z\x958Z\xaf\x98Y\x1dyX\xc5\
[1+\x08u\xeeG\x13\xc5\xbc\xb9\xc2>@'\xc5\
\xfc\xcb\xe0i\x95\xaa*V\xec\x03\x7fs\xe1\x14kB\
\x1e\x10\xeb\xc4\x14k\xe20^\xd9\xf2\x8a\xcd#\xcf\x10\
\xfd\x5c\xa8\xd8\x1b\x00\x1e\x12\xe2\xa08\xae:Il\x82\
Nq\xdc\x1d\xf5\xa6S\x8a\xe2\xc4V\xac\xd7\xb1\x0a\x8a\
\xd3\x930\xaf\x1d\xcf\x15\xe7\xc3\x1fB\xaf\x06)\xce\xbf\
\x9d\x04\xfc\x9c\xa7\xb8\xd0\x01\xeb\xe1~Yqq:p\
\xbds{\xc5\xa5:<\xb1i\x17\x14\x97\xb5\x88\xd3\x1f\
;\x14\xd7\xc3\xc1+\xbe\x9dV\x5c\x9f\x00]2\xf5\x8d\
\xe2\xfaT\xd4\xf3\x04g\xc5\xf5\xc5\x95PW-\x157\
z\xa6#~\x8a+n\x04\xa0\xdf\xfc\x13\x8a\xdb\xe5\xc1\
\xafG>S\xdc\xab\x80\xbci\xbfM\xf10\xa6\x09p\
T\xacxx\xe61\xb1U\xad\x15\xa9\xddQ\x07\x8a\x04\
(\xd2\x97\xc0\xce\xec\xaf\x8a\xf4d\xe8\xb3\x17u\x15\xcf\
\x1d\xc1\x1b\x95\x22\xc5\xf3I\xa8\xe3>J\xc5ku-\
\xe8Q^\xf1\xb6\x16\xf4\xfa\x95\x85\x8aw\x9a\x81\xc0\x95\
\xd3\x8a\x8f\xber\xa2y\x0f\x14\x1f\xcf\xecD\xdd\xb7R\
|\xaa\x0c\x5c\x9e\xdaK\xf1\xe9\x8e\x9e\xa8\x81\xb3\xe2\xab\
=\xc6\xaf\xa9W|\xeds\x1b8\xff\x8f\xe2\xeb6\xe8\
\xcfo\xd3\x14\xdf.a\xbc\xe3op\x85?\xe6\xf8+\
\xbek\x11\xffG\x9c\x14\xdf\xb7Bw\xbe\x9b\xa7\xf85\
\xed\x12\xd1\xafK\xca\xcc|\x1b\x0e\x92\xea\x96Hl\xf6\
T%\x9d\x86\x1d\xd9S\xa5\xf8M7\xe8\xe0\xd2JI\
\x0b\xe8\xcf\xca7\x95Rs\xf0\x9e\xf9\xfd\x95\xd2\xfa1\
\xa8\x83\xbd\x94\xd2\x05\xe0\xcb\x07\x87+\xa5KQ\x0f\xe2\
/(e\x8f[\xc0OK\x94\x8aC\xa8\xdfSk*\
UE\xb0\xfe\x9d?(U\xbe\xfd\x88F\xb5W\xaa\xde\
!^\x0f\xa6(\xd5\x15.\xa2\x8e|S\xaaG\xc1\x7f\
\xe3\xd2\x94\xea\xc7J\xf0\xee(\xa5f4x|\xe29\
%\xff!\x00\xf5Z\xaa,\xfe\x06~\xf9\xbaDi\xe1\
iK\x5cy\xb9\xb2t'\xe4e\xbf\x14e\xe97\xa8\
\xff\x8d>)\xcb^B\xbe\xb18e\xb9\xae\xd0Wm\
}\x95\xe5nU\x07\xbfJVVH\x04o.~V\
iIo`\xef\x87\xb2\xd2\xe7H\xe8\x9c\x09\xca\xca\x97\
\xc0\xd3\x16WUVq\x05N~\xd9\xa9\xacr\x18<\
\x89sRV+\x85y\x9fo\xa3\xb4y\xe4\x87\xf9\x89\
\x955\xecP7W-Q\xd6\x92\xed@\x9c>S\xd6\
\xd2/!fyDYk\x83\x80\xcf\xdf\x94\xb5\x87!\
\xff_\xacV\xd6\xfe\x89|\x9b\x17\xa4\xac;/\x96X\
\xc6,e\xdd\x0f\xc0\x9b\xa9\xb3\x94\xf5\xec\xca\x13\xdb\xf1\
P\xd9\xe0\x1d\xf4\xba}}e\xa3{2b\xb5\xe6*\
\x1b_\xf7\x82>\xae\xa2l\xde<\x03q\x14\xa0tl\
\xf2\x09uI\xa3lu\x08\xbaFTG\xd9\xa6\x12\xf0\
v\xd5Ee\xbbR\x98\xaf\xf6\x93\xd2y\xfeM\xe8\xc3\
\x0a\xca\xf6\xf6\xb3\xc0[\xeb(\xdbGN!\xb6\xfc\x8e\
\xd2\xb5'\xec\xde\xed\xa5t\x1d\x0e>,\xfa\xaet\x13\
\xe1\xbeH\xact\xab\x85:\x93(R\xba\xdb\xd8\x13\xad\
\xb4Tz-\xc5\xf3\x9cW){UE\xfeDuU\
\xfa%\x82\xd7T\xff\xa0\xf4w\xbcG\xe4\xdbG\x19U\
\x14q^\xa3\xb6r\xd0wW\xe4\x7fS\xe5\xe0*\xc0\
\x89\xb0\x1b\xcaa\x06\xe4\xa1\xc5\x1a\xe5(WK\xe8\xe5\
=\xca\xb9I\xe0\xf5\xc3\xd6)\x17\x9e\x16\xea\xe65\xe5\
\xe2@\xf0\xf2i[\x95\xcbc\xdc\xe1\xef\x8a\xca\x95S\
\x04}\xf1U\xb9\xb6\x9a\x17x\xca7\xe5\xdaz\x88\x87\
[\x1b\x94\xebz\x18\x89\xea-Tn\xf0\xc7<\xaf\x8f\
Rn\xbd\xfb\x15\xf8t[\xb9\xbd\x1e\xea\xe6\xbed\xe5\
\xf6=\xe7\xf1<\xb3\x95\xbb\xfa\x01\xcf\xabuR\xee\x1e\
_\x95\xe8~\x84r\xffd\x03Q\xc9\xe3\xca#\x03\xf6\
\x13\xbbXLyJ\x03\xbeVm\x8c\xf2T\xe9(b\
\xebC\x95\xa7\xee\xa2\xce6\xd4+\xcf\x89\x8f\x13\xdbP\
Fy\xb1*\xea\xbb\x5c\xa7\xbc\x9a\xf0\x96\xd8\xb9R\xca\
k\xfb\xb7\x10\xbb\xaaS^\xef\x08\xbdY\xfa\x98\xf2F\
%\xe0\xc0\x85=\xca\x1bo\xc1_bw*oGX\
\x81\xf70\xe5=\x8d;\xd1\xc3 \xe5\xbd\x9a\xf7\x11_\
\x0d\x94\xf7\x1b\xc3_\xdf\x97(\xefG\x96%6o\xa7\
\xf2\xfe\xbb\xef\xc4^\x1dP>X\x1dK\x5c\x85\x91\xca\
\x87[\xa0O.\xdeV>\xba\xb0\x98\xa8\xd9-\xe5\xa3\
\xf7X\xd7\xaaN\xca\xa7\xdb\xe3\xa1w\x0f*\x8d\xcd\xf0\
\x1c\xf5\xee+\xd3{A\xd7\x1d]\xab|\xbe\x0c:|\
P/\xe5\xab\x8a\x88\x8fs\x83\x94\xaf\x921\xfe\xb9v\
\xcaw\xc3\xc6\x10\xc9W+\xdfw_H,y\xae\xf2\
{-\xd4\xbf\xd3\xcf\x94?\xe6\x8b\x89zg(\x7f\xad\
\x85\xae\xaef\xa9\xfcu\x0dx\xb2n\x88\x8a\x9eB\xb7\
\xed\xf1R\x89N@\x87\x87\xc4\xa9$\x1d1\xbf$[\
\x95\xe4g*x\xd1w\x95\x22\x1c\xf8W\xab\xbeJ5\
\xf6\x111}c\x15\xbf\x1c\xcf\xd7\xae\xb1\xaa\xa8\x9b\xa0\
\xdf|T\xc5<?\x12g\xf6]U\xd2\xbc\x14\xd6+\
NU\xf2)\xfc1\xed\xa5\xaa\xb4\x11\xfc\xa0u\x94\xaa\
\x9c\x0fx\xef\xb2Q\xaa\xf2\xe5\x10\xbf\xd3[\xab*\xbc\
\xfb\x0d\xde|S\xa5\xeb}\x0cx{Te\xe9\x89\xf1\
z\xdcUU\xd4\x96\x81\xaeLPUZ\x03\xfcI\x1b\
\xa0\xb2\xef\x8d\xe7\xf8\xdaSe?\x13u\xc3\xc2Je\
\xff\x12\xb8j\x96\xa6\xaa3\x08u_\xee\xaa\xaa\xb3i\
\x15\xfc5LU\xd7\x0eq~n\x95\xaa\xee\xb0\xb9\x88\
\x8fq\xaaz\xf7\xa1\xcf/\xaeS\xd5o\xba\x04\xf8\xc4\
\xab\x1a\xfa|\x05O\xba\xa0jt\x1cu\xb1Uk\x95\
C\xe9\x95\x98Wq\x95\xc3\xea0|\xdf\xa8jR\xb1\
\x1c\xe6\x7fB\xd5$\x0c\xfe\xbb4P\xd5T\x12\x8d\xfa\
\x10\xa1jQ\xcc\x09\xdfW\xaaZ\x85\x81g\x96\xbd\xa1\
j{`#q\x95K\xaa\x9c\xe7CG\xb4n\xa5\xea\
\xd0\x11yR\xac\x85\xaaC\xbf\x8d\xd0o\xc3Un+\
\xe1\xcf\x0f\xefT\xee\xa1\xe0\xd1k?\xa8:m\x1dD\
4c\x81\xaa\xd3u\xe8\x08M\xb4\xaa\x97\xa0[\xe6\xac\
Q\xe9\xcb\x83\x07\x1c\xff\xa2\x0a\xea\x0f\xffz\x1bUa\
w\xa1_\xb6vT\x0dH\x80\x9f\xf5\xd3TQ\xc3\xb1\
\x0e\xddK\xa8\x06\x1f\xb9L\xf4\xe4\xaaj\xc8b\x01\x87\
y\xd5\xd0\x8b\xe0U\x9bk\xabb\xbd\x11G.[T\
\xe3\xaa\x03\x97G\xd7PM\xfb\xda\x88\xc8\xaa\x96j\x86\
\x0au\xc0\xb9\x84j\xc1n\xe4Q\xda`\xd5\xd2u\xe0\
3Z\xbdjY\x08\xea\x89\xe3$\xd5\xaa\xd3\xa5P\xef\
\x9e\xaa\xd6\xa4`~\xf7\x92TkQvY\xff\x95\xaa\
\x1d-\x10G1%T\xbb\xdeAg\xdf~\xa3:\xd0\
\xbe6\xf4'\xa9\x0e\x9b\xbf\x22r\xec\xad:\xda\xbc6\
\xea\xc8#\xd5\x09\xbbK\xc4*\xcaT'U\xe0\xc5;\
\x83Tg\xfd\x97\x13\xf5\x10\xa9\xceq\xc8\xf7)\x01\xaa\
\x8bG\xa1;\x9e\xd5U]\xbc\xd4\x07:\xf9\xa5\xea\xca\
R\x0c\xf0\xaa\xad\xea\xcaK\xe0[\x91\x93\xaa\xab\x1b\x81\
K7\x0f\xa9\xae}E\x9d\xbe\xd9Cu\xd3\xc7\x198\
6Cu\xab\x0f\xf8\xe7\x96\xfe\xaa[\xf1\xd0S\xdb\x8e\
\xaan\xad\xa9O\x9c$\x5cu{L\x03b\xbf\xfcT\
w*#?_HT\xf7\x0f\xdd$N\xe6\xa0zp\
\x14\xeb8G\xa2z\xd4x8\xb1]GU\x8fG\x02\
\xaf\xe7\xd4U=9\x04|\xfb=@\xf5\xb4\xb6\x1bq\
\xc5\xd6\xa9\x9e&\x83\xff\x8c\xf9\xa2z6\xec \xb1#\
%T\xcf\x0e\xc0_\x83\xe7\xab\x9e\xbd\x03\xdf\x1euJ\
e\xbc\x04\x9dXr\xa9\xcax\x05\xfc2\xddSe|\
\xfb\x09\xbc\xe6\x8c*\xd5\xd5\x8fhu\xa4\xea\xb9\x1d\xf0\
$\xb6\x9c\xeauM\xe8\x89\x80\x0f\xaa\x0f~\xa8{\xab\
bU\x1fw\x1c$\x9a\xe9\xaa\xfax\x128\x11\x98\xac\
\xfad\x87x^\xe9\xad\xfa2\x06\xba*\xfd\x81\xea\xcb\
\x12<O;\xb5\xea\xcb\xad\x05\xc4J=T}wB\
\xbd\xde\xf4A\xf5\xd3\xec\x031\xdf.\xaa\x9f\xa5\xa1\x8f\
\xba\x9eV\xfd\x1e\x8d\xfa1q\x94\x9a\xfb \x9c\xd7\xf9\
\xa6\x16\xf5\xb4\xc1\xbc\xbe\xa8\xa5\x15\x80K\xab+\xa9U\
\x89\xbe\xe0]\xa3\xd5\xaa\x0b\x0d\x89\x95\xd7\xaa\xd5n\xd0\
\x1f\x1d\x5c\xd4\xfc\x98Z\xd0\x83O\xd5E_=F]\
\x99\xa4\xb6\x18\x00\xddQ\xf1\x9a\xda\x22\x01\xf3X\xfa]\
]B\xb9\x09uk\x8f\xba\xe4b\x0f\xe2\xcc\x83\xd5e\
\xfeA\x5cV\xbb\xab.\xf3\x0b\xf8bV_]!\x1c\
<\xf6\xd6nu\x85\x0c\xd4\xbf\xb2-\xd4\xba\xa7\xf0K\
\xcc\x00u%?\xe0\xc0\xd4Ij\xab\xb8\xcd\x88\x97z\
j\xab\xad\xd0{M\xb6\xaa\xad\xa7^\xc5\xf8\x03\xd5\xd5\
6a\xfdW.TW\xbb\x0c\xfe\xdf\xf6\x8e\xdaF,\
%\xaex3u\xcd\x03\xe0\x8be\xf6\xa8\xed\x0e\xa1\xce\
\x1e\xef\xad\xae]\xf5\x19\xb16\xbc\xba\x1et\x18Wl\
\x98\xba\xfe\xb6\x93\xb8\xdeV7\xb6\x83\x1f\xb74Q7\
)\x85:\xdc|\xbe\xbaI\x19\xd4\x81f\x8b\xd5M.\
c\xddF-S7\xadp\x06\xfa}\x95\xda\x89\x07/\
\x9b\xb9D\xdd\xda\x13\xf9Iv\xea6\x93\xa1\x93<6\
\xa8;0\xe8\xdb\x95\xe7\xd4\x1d\xdf\x00\xc7\x83;\xa9]\
\x5c\xe6\x13\xf3\xf7T\xbb\xf8\x00\xff\x07\xbfW\xf7h\x07\
\x5c\xb3\xfd\xa2\xeeY\xbe\x22\xea\xcfB\xb5\xf77\xe8\xcc\
\xa8\xe5\xea\x80\x86\xc8\xa72\x0f\xd5\x01\xc3\xa13yG\
u`\x17\xe8\x8dT{u\x7f7\xd4+\xcf\x1b\xea\x08\
)\xd6\xfb\xd3#u\xd4\x0c\x17be\xae\xa9\x0d\xaf[\
\x12W6Z=\xf0\x8e\x86\x98a\xb0z\xa8\xd7N\xd4\
\xb9\x0c\xf5\xd0\xfb\xf8\xbd\xc4\x09\xf5\xa4\xf4jD\xfd\x96\
\xa9\xa7\x1coI49I=u\xa4-1\xc9\x01\xf5\
\xb4F\xeb\x88\xfdtT\xcf8\x8b|m<]=\xa7\
<x\x8dS9\xf5\xbc\xb7\xa8\x9bC\xad\xd4K\x1b\x03\
\xb7\xaa\xe8\xd5\xcb\xcf\xa9\x89J\x19\xd4\x1b\x19p\xa4\xc9\
\x1c\xf5\xc6&\xe0i\x93]\xd5I\xa0e\xecm\x0b\xf5\
\xce\x22\xd6\xc0a\xadzg\xc7h\xe2XOur\xc5\
C\xb8\xda\xaa\x8f\x84\x03g\xda\xa7\xab\x8f\x8a\x81\x97\xbb\
\xc6\xaaO/\x81\x1f\x03~\xa9O_zH\x1c\x17\xab\
>?\xb2\x08q\x22?\xf5\x85S\x88\xcb\xe8;\xea\xcb\
#*\x11\xf9\xacP_\x1f=\x02|q\x99\xfa\xc6b\
\xc4\xed\xf6\xb6\xea[\xfb\x81\x0f\xe6]\xd4\xb7\xefZ\x10\
}\xbc\xab\xbe\xb3\xac\x071\xdbW\xea\xbb;=\x813\
?\xd5\x0f/A\x17my\xa9~\xe4\xd4\x8d\xb8\x921\
\xea'7\xc1\xb7J<W?\xfd\x0d\xddY\xcfWm\
\x5c\x88zd\xfc\xa2N\x91\x1d \xb2\xbf\xa1N\x8bE\
=\xb8\xda]\x9d\x1e\xf3\x15qPQ\xfd\xa2)\xf0b\
\xc2'\xf5\x8b\x0d\xa8\xcfe\x17\xaa\xdf\xda\x83\xef4y\
\xa3\xfe`aO\xac\xaf\x99\xfa\xc3\xb6\x8e\xc4\xdc\x98\xfa\
+\x09xwB\xfd\xb5\x8b9\xea \xa9\xbfEM\x05\
\x9f\xdb\xa7\xfev\xee\x00x\x91L\xfd\xc3\xf0\x04\xf6:\
\xa9\x7f\x80F2\x9d\xbf\x86\x9e\x22\xeef\xb4\xd6\xb0Y\
\x88\xd3\xd8Q\x1a\xee\x22\xeaQ\xd3J\x1a\x09\xc1_\xbf\
24\x92\xde\xd0\x07W\xe35r?\x0f\xa2\x8b\x9b5\
jW\xe8\x90\xbb\xe6\x1a\xedV\xf0\xdcG\x06\x8d\xf6\x11\
\xe2z\xd80M\xb1\x16=\x89-\x0e\xd6\x14\xdf\x8a~\
\xd7\x9bi,V!\x1f6\xd6\xd3X\x1c\x06\xff.\xdf\
VS\xb2MY\xb4_\xae)\xd5\x0a\xf1\x12\xd1LS\
*\x06:v\xc5,Mis\x17\xa2\x93/5eZ\
@\x17\xf4\xd8\xad)\xd3\x09\xbcg\xd9\x0dM9\x15\xea\
\xef\x98j\x9ar\xb5\x0e\x11\xe3\xbfj\xca\xf5\x88\x87\x0e\
\xdb\xa0\xb1\xea\x98\x00;)\x9a*\x19U`\xf7\xa9\xc6\
z$\xf24Z\xa3\xb1~\x97\x06\xfeb\xd4\xd8F\x01\
\xb7f\x1845-\xb1.\xc6\xa3\x1a\xfb\xd3\xe0\xcf\x9b\
*hjw]C\xb4u\x88\xa6N\xb3\x1f\xf8}\xb9\
\xa6\xee{\xf0\xe4\xd9;4\xf5\xb7 n\x93Fk\x1a\
\xd6y\x07|r\xd04l\x868\xb8\xfcH\xd3\xd0\xd1\
\x95\xd85\xb5\xa6\xd1\x00\xe4\xf9\xe8xM\xe3\x1e\x03\x88\
D\xe1\x9a\xa6\xd1\xd3\x10\x17O5\xcd\x9c\x0f\x11]\xeb\
\xaci\xb6\x1f\xeb\xd6*C\xd3|\xa7\xa0\x0b\x9d4\xad\
\x8e\xc0\xee\xf1\x0d\x9av\xe0u\x5c\xc93\x1ag\xde\x12\
\xf1\xbb[\xe3|!\x9chl\xbc\xa6\xc3\x81\x97\x18\xff\
\x8a\xa6\xe34\xe8\xd9\xe9\xffh:\xf7\xbb\x86\xfa\x96\xac\
\xe9\xf6\xbe\x0atW\x7fM\xcf\xa0\xf3\xd0\xe7o4\xde\
\xb7Q\x07\x9a\xfe\xd4\xf8t\x87~\xafqO\xe3\xd7`\
\x01\xd1\x83\xb1\x1a\xbfm\xb8\xdfk\x8d&p\x9e\x94\xe8\
\xf1XM\xdf\x22\x88\x8b\xf3\xb1\x9a\xe0[\xa8\xfbU\xb4\
\x9a\x01$\xf0\xd5\x11\x9a\xa8\x125\xc0G6k\xa2R\
\xa0\xdbJ\x8d\xd7\x18\xa2?\x80W\xb9h\x06]\x13\xce\
s,\xd6\x0c.\xf9\x9eXB\x7fMl\x10p\xe0q\
\xacf\xb4\x11\xf7\xf5\xe9\x9a1\xcf\xa0\x03[\xdf\xd6\x8c\
\xf7<\x0c}UC3Q\xd0g\xfa6\xb86@\xfe\
|\xd2$z\x01\xaf\x1a\x86kf6\x82\x1e\xd8%\xd7\
\xccV >\xbc\xd7kf\x9fB^n8\xa6Y^\
\x0b\xf5\xee\xdcN\xcd\xca\x95\xd0\x11\x03\x97iV?\x91\
\x10;SL\xb3a\x0b\xd6\xeb\xfeq\xcd\xa6;\xb8\xbf\
\xec\xa8f[\xb5_D]\x9akv<?M\x14t\
X\xb3\xb7\x1b\xf8}\xb1\x10\xcd\xbe\xb5\xd0\x0b\x83\xdah\
\x92\xefW$\xae\xa8\xab&\xf9\x07t\xd4\x84\x15\x9a\xc3\
2\xe8\x9b\xf1\xe9\x9a#\xcf\x1b\x01\xc734G\xaf\xdf\
\xc7<nk\x8ef\xa8\xe0\x8fG\x9a\xe3}\xbc\xa1\xef\
'i\xceh\xc0\x8f\xeai4g\xa7\xe3\xf9\x1d\x14\x9a\
\x8b\xee\xe0\xe3\xbb\xb7h.=\xbfH\xf4t\x92\xe6\xf2\
O\xf0\x96++4W\xea\x00/>\x8f\xd7\x5c\x19\xf9\
\x1cu\xf3\x8d\xe6\xca\x98\xcb\x88\xb7\x95\x9a\x1b\xc3\xf0\x1c\
\x17\xfain?\xc1<\x9a\xcf\xd0\xdc\x8d\x05\x9e\xff\xd3\
Ms\xaf\x14\xea\xf71g\xcd\xc3+?\xa1\xf37j\
\x1eoj\x86\xfa2^\xf3\xc4\x078;H\xa31\x8e\
\x02?;\xfc\x5c\x93\xe2%\xd4\xd7dM\xba\x18\xbf{\
\x1d\xd5\xa4O\x85\x9e\xa4U\x9a\x17u\x91\xef\xfb\xcc5\
/uE\x80ou5\xaf}\xf1\x1c~\xde\x9a\xb7\x1f\
\x9a\x10%\xcd\xd7|\xe4#\x89^\xd8h>\x96\x9eA\
\xd4\xd2O\xf3\xed\x0bx\xbd\xe4\xb5\xe6\xa7\xc79\xa2\x03\
54\xbf\xca\x01Wvl\xd1\xfc\x8e\x06\xaeM|\xaa\
\xc9\xf8\xe2\x81y.\xd2\xd2\x80\xaa\xc4\xc6_\xd52\x1f\
\xf8\xb1\xe4p\xadD8\x0f\xb5z\xb6V\xd2\x0e<\xaf\
\x94\x99V\xf2\x08\xf18\xddB\xabY\x07~\xb3\xa4\xa8\
\x96o\x01|\x1d\xcbi\xf9\xdf\xc0\xe7\xe7\x81\xda\x22<\
\xf8\xfc\xd0\xa7\xda\xa2\xed1\x9f5zm\xd1\x8d\xd0a\
\xfc6m\xf1/\xe0\xfbnv\xda\xb2\x96ID\xa7\xa6\
h\xcb\xbf\x00o\xbe?Y[\xe1\x02\xf0\xd5\xa6\x86\xd6\
r\x02\x9e7f\x8a\xb6\xe2\xc8\x8eD\xb5Zh+\xcb\
g\x13\xbb\x97\xa6\xad\xec\x01\x9c\x9e>Mke\x06>\
\xd1\xb5\x91\xd6j(\xf8\x9a\xdfym\xb5\x1b\xc0A~\
\xa1\xb6:\xe4(\xa7\xb3\xd3\xdaG\xa0\x1e?\x9a\xaf\xad\
w\x00\xf3]sV\xdb\xa8^\x0b\xd4q\x95\xb6Q\x1c\
tI\x15om\x93y\xee\x02pk[\x0a\xefc\xa4\
\xd1Z\xa7)\x9d\x88\xcdz\xaamS\x13\xf8c\xe5\xa8\
ms`7\xb1O\x07\xb5\xed\xc4\xf5\x88\xdc;k\x9d\
\xcf\x00oR\xb7j;\xf8\xc3\x0f\xc7\x9d\xb5\x1d6w\
A\x9di\xae\xf5(\x09\xbe\xb6\xf8\xbe\xb6\xf3\x11\xc4\xfb\
\xed\x05\xdan-\x81\xe3i\xb6\xda\xeeSk\x81o.\
\xd3\xf6\x18\x0e\x5c\x98\xd3U\xdb3\xf6#\xd1\x1b?m\
\xafP/b\xef4Z\xdf\x19\xdeD\x15\x14\xda0;\
\xe0\x87\xb8\xa76\xaa5\xea\xd5\xdb\xdd\xda\xa8\x14\xe1\xdc\
Rkmt\x03\xe0a\xcaB\xed\xd0\x04\xf8\xa7f\xbc\
vXo\x0e\xf5\xd7B;|8\xe6\xbb\xe0\xa76\xb6\
~\x0a\x91b\x9evTL\x22\xfa\x9f\xd4\x8e\xba%F\
\x1c\xfe\xd6\x8eK\xc6\xef\x8d\xfe\xd1\x8e\xbb\xd6\x15\xbck\
\xbcv|\x1f\xac\xcb\xe1\x16\xdaI\xa7\xdb\x22\xfe\x17h\
\xa7\xd6\x04\xfe\x87w\xd6N\xab\x83uH\xe9\xa9\x9d\x1d\
\x14\x06]?W;\x87\x81\xe7UM\xd0\xce\x1d\x06^\
:\xfd\xb0v\xb93\xf8`\xeb\x1b\xda\xe5\x9b\xb0.\xd1\
\x8f\xb5+\x8d\xe6\xc0\x8b\xa1\xdaM\xad\xec\x88\xb9'h\
\x93j\x80\xd7_\xfe\xa6\xdd\xb6\x1bu\xda\xd6S\xbbs\
2\xe2\xeb}\xa2vw5\xac\xab\xda\xa8\xdd\xe7\x85\x85\
X\x9d\xaaM\xd6\xd7&\xce\xc2S{\xa2&\xfc7\xc2\
A{\xb6\xf70b\xdd\x06j\xcfu\x84\xbep?\xa5\
\xbd\xb4\x06\xf9\xaa\x0b\xd1^\xed\x87\xba~9@{u\
\xc0+b\x16U\xb5\xb7\x06\x7f \x1a\xf2T{\xb7\x1f\
\xf4x+\x83\xf6\xeef\xc4\xf7\xecD\xed\xdd-\x18g\
Z\xbc\xf6\xc1o\xac\xfb\xeb/\xda\x87-\xfa\xc2\xff]\
\xb5\x0f;-&\xe6pH\xfb(\x02:l\xee#\xed\
\xa3\x01\xd0\x1f\xf3$\xda\xc7:\xf0\x95\xf9\xe9\xda\xc7\x95\
\xb0.\x0b\xb4\xda\xc7\xeem\xd0\x9e\xd3>Y\xda\x0f\xfc\
\xef\xb4\xf6\xc9\x87\xba\xe0\x87=\xb5O\xfd\xa1\x1bO\xd6\
\xd3>\xab\xb4\x1cz&U\xfb\xac\x8f\x19\xe6_\x5c\xfb\
\xec\xa3p\xee\xa1\x84\xd6\xd8\x0c\xd7\x0d\xe5\xb4\xa9Z\xe0\
O\xd2@mz'\xccg\xd7Im\xba\x01\xf77m\
\xd0\xa6o|@T\xba\xaf\xf6\xf9n\xe8\xfc\xcf]\xb4\
/*:\x12%\xd7\xd0\xbe\xe8\x13\x09\x1d\xb1\x03W<\
W\x85\xa2\xda\x17\xeb\xae\x11\x9d\xf8\xa5}\xf1\x08\xfd\x8f\
\xed\xd1\xbe$\xd4\xad\x93\xce\xda\x97B\x9e\xe8Vi\xdf\
,\xfd\x078S\x5c\xfb\xeeusb\x96\x0b\xb5\x1f\x12\
\xc0\xa7*\x95\xd0~\xf4\x03/\xb5Uh?.\x1d\x09\
]g\xd0~\xaa\x83ztI\xae\xfdt\x0du\xf2\xe4\
\x1c\xed\x97(\x1f\xf0JK\xed\x97E\xf0\xfb\x85\xc6\xda\
/\x97\xc6#\xafNj\xbf\x5cA|\x9d\xd6i\xbf\x16\
E\xff\x06%\xb4_?\x14\x03\x7f\xef\xa9\xfd\xbe\x88\x11\
\xe3\x94\xda\xef[\xa1\x93\x1d*k\xbf\xdf\xeb\x0a\xfee\
\xae\xfd\xd9\xb5(\xe2=^\xfbs!x\xf5\x85\x19\xda\
_}B\x89.\xe9\xb5\xbf\x86 \xeeC\xcbh\x7fm\
2#\x16\xb8D\xfb\xeb\xe0ob\x8d\xd7j3\xfa\xa0\
~\xb5\xed\xcd\x93\x08\xbc\xe1Z-\x9eV \x0e\x8f.\
\xe1\xe9\x15\xf2\xafM?\x9e\xd9!\xcd\xda$\xf0l\x1a\
\xfc\x11\xf3\x92g\xcbp\x1d1\x8bGL\x82o\xdf\xe3\
\xd9\x07\x1fb\x9d\xc6\xf2\x9c\xe3x\xf0\xc5\xb2<\x17\x11\
BlQE\x9e;\x07\x1eT+\x8d\x17\x83O\xd0\xba\
M\xbcx\xf9q\xf0\xec\xe5\xbc\xf8#\x9e\xdfg\x12/\
1\xa2\xde\xc5\xb6\xe5\xa5\x95t\xc4B\xdb\xf0RW\xdc\
_\xbc\x8c\x97\xd5\xba\x83z\xf1\x96\x975\x81?\x874\
\xe7e}\xc0\x07\xae\xcd\xe5e\xa1\xa7pM\xe1eI\
X\xd7\xeb\xa1\xbcl\xf3P\xe0\xec\x0b^q\x08\xf1\x93\
\xb8\x9aW<\x82z\xba\xdf\x81W:!/\x06v\xe4\
\x95{\xc0\x1b\x06V\xe6\x95\x8f\xad\xc0\x07\xdcx\xd5&\
\xf0\xfc\x9b\xde\xbcj\x0b\xae\xb7\x9a\xf2jQ\x0f\xdc'\
^\xd3\xba\x02\xeab]^3\x0c\xf8_d1\xaf\x99\
\xbb\x05<\x8e\xf1\x9ay\x98\x9f\xfc+\xaf\xf9fC\xcc\
\xfa'\xaf\x1d\x17\x01`\xea\xcekwv%\xb6s\x1f\
\xaf=\x8b|*r\x89\xe7\xc3\x81\xe7\xcbz\xf1f\x8e\
\xe09\xcb\xb6\xf0f-\x91_\xcb\x9d\xf8\x22:\xe0\xf4\
\xe7\xef|Q\x0f\xf8+\xa5:_tJ;b\xc9\x0f\
\xf9bE\x10\xd7\x1f\xce\xf1\xc5\xfa@\xb7|\x99\xca\x17\
KD\xdc\x8f\xa8\xc7\x9b\xdb!\x9e\xbe\x11o\x1e\x09\x9c\
\xf9b\xe4\xcd7\x0a\xfb\x04\x1by\xf37\xe0#Rw\
\xbeD\x04\x9ew\xc5u\xbe\xe4\xdb\xfd\xd0iV|)\
\x0a\x02/\xaf\xc6\x97\x1a\xd1\x1d\xdf\xdb\xf3\xa56\xa1\x0e\
\x1d\xeb\xc6\x979)\xbc\xaf/\xc6\x97\xb5*\x02}~\
\x9d/\xbb\x19vV\x0e\xe6\xcb^B\xff\x95?\xf8\xb2\
W\xc7\x10[\xa5\xe3\xcb\xbd\xbbOdw\x9d/\xef\x88\
\xfa<m-_>\x0c\xf5z\xda\x18\xbe|\xc4B\xd4\
\xb3\x95|\x85\x10\xe0\xe9\x1b\x19_a>x\xdf\xc4\x10\
^W\x15:v\xf9%^\x97\x9c\x04<\xb0\xe1uG\
\x87\x83/,\xc6u,\xae\xbfx\xcb\x96\xed\xa1\x07\x17\
\xf0\x96Nu\x89\xcd\xdd\xc8W\xec\xde\x1d~\xab\xc7W\
4\x80\xdf\xacg|\xc5\xe5\x88\x93U\xbf\xf9J\x0c\xe3\
\xcd\x9a\xcbW\xea=\x01\xd7d\xbe\xd2$\xe8'\x0b\xdc\
_\x04\xff\xacv\xe1+-G\xff\xd5\x91|\xe5\xde\xd3\
\xf1\xfc\x9d\xf9\xca\xbfq\x7f\xfeR\xde\xaa\xca\x10b\x91\
\x1fy+w\xf8k\xdd=\xdej:\xf4\xec\xbaZ|\
\x95\xd1\xd0\x91\x9bW\xf0U\xe6\x8c%\x1a\x90\xceWY\
\x0a\xdd\xdd\xd0\x82\xb7\xf1\x06o\xff\x5c\x9d\xb79\x0a\xfe\
\xdb\xc3\x9c\xaf\xde\xa1=Qy\x5c\x0fB\x7f\x06\xd6\xe4\
m\xfdR\x89\xd9?\xe4k,\xee\x0f}4\x8f\xaf\xd9\
\x0buo\xbd9_s\xf4b\xe2\xca\xc5\xf2\xb5\x96\xbb\
\xe1\xfeA\xbe\xb6\xdb)\xe8\xabF|\xedp\xe0\xf2\xa1\
S|\x9dAb\xd4\xdd\x03|];\xf8u\xe7,\xbe\
n$\x9ekw]\xbe\xee\xe36\xb8\xf6\xe4\xebm\xc1\
u\xe7\x00\xbe\x81K2\xd1\xe8(\xbe\xc1\x08\xe4Yr\
k\xbe\xc1\xd8v\xc0\xa5\xd6|C1\xe2\xefI\x22\xdf\
htS\xa2\xbe\xfd\xf8F\xef\xb0n'\xba\xf1\x0e6\
\x88\xf7\x97%x\x87\xe6\xe0#\x9d\xde\xf3\x0e\xae;\xc0\
;\xea\xf1\x0eA\xe0AE\x19\xef\x00\xfa\xc5nU\xe2\
\x1d.\x82\xbf\x9f\x88\xe1\x1d\xaeB\x87_\x8e\xe3\x1b[\
f\xc0n?\xbe\xa9\xba9\xd1\x98\xd3|\x0b\xcf\xe3\xa8\
\x8f\xbfx\xc7\x16\xc2\xf9\xb3k\xbc\xe3S\xd4\xb1W\xef\
x\xa7\xd7\xa8w\xbd+\xf2\xed\x1ea\xdeoN\xf2\xce\
\xb5\xc0_\xbf\x0e\xe3\x9dG\xae$\xaaz\x9bw\xde\xaa\
\x02\x0f\x9d\xce;\x1f\xf8\x84:V\x86w\xbe\x08\x9e\x94\
1\x80w\xb5\xffL\x5c\xa52\xbc\xeb5\xf0~\x8bw\
\xbc\xdb1\xd4\xa1\xee\xae|\x8f\x18\xd4\xc5\x13\xeby\xef\
+\xe0U[\x0f\xf3~kPw>\x06\xf3\xfei;\
\x88\xaa\xef\xe1\xfb\x0a\xe7\xba:z\xf2\x83\x9a\x15%6\
\xf68?\xf4a\x0db\xe2e\xfcH#x\xde\xa4\xf1\
\xfc\xa8~\xdb\x88\xbe\xce\xe3\x13\xdb\x83\x17\x1b\xfb\xf1\xd3\
\x06\x94!\xceR\xc7\xcf\xa9\x06\xdd\xd6\xfb,?\xa7\xf5\
jb\xbf\x8f\xf2\xf3\xac1\x0f\xcf_\xfc\xfc^\xc0\xf7\
k\xf5\xf9U\xb1g\x89\x05\x9b\xf3\xdb\xbb`\x9c\xba\xb6\
\xfc\xbe\x06\xa8{\x9b\x86\xf0\xfb\x8c\xe0A\x95_\xf2G\
\xc4\x1c\xf4\xc7O\xfe\xf8\xc7\x9dD\xb36\xf1'\xebJ\
pu\xe7\xcf,}\x0d?\xfe\xe4/\xfb \x1e:\xad\
\xe3\xaf\x1b0\x0e\xed\xe0\xb3\xf4Y\x1c\x7fo\x00\xe2\xbf\
^(\xff\xe0\xe0u\xd4\x87k\xfc\x83_k\xa1\xc3\xfb\
\xf1\x0f\xc7@g\xa4\xd8\xf2)\xf1h\xff\xa0\x1d\x9f\x92\
\xb0\x0a\xf6F\xf0\xa9\x15P\x07V\xf4\xe4S#\xc1\xc7\
\x0d\x0b\xf9\xd4\x7f\x82\xa0\xcbC\xf9\xd4\xcdx\xdem\xb1\
\xfc\x8b\xe9\x88\xf3\xa6^\xfc\xeb\xa9\xc0\x97\x99e\xf8\xb7\
<\xf0\xa1\xc1i\xfe]\x04\xea\xd7\xdb\x8f\xfc{\xe1\x5c\
\xc7\x8a\x86\xfc'a_z\xb8\x9e\xff\xb4\x14:\xdd\xec\
9\xff\xe9\x10t\xf5\xc0$\xfesY\xac\xe7l_\xfe\
Ke\xf0\xd4\xb7S\xf8\xefc/\x10;\xbd\x80\xff\xd1\
\xed\x0a\xd1\xcb\xc3\xfcO7\xd4\xd5\x99\x8f\xf9\x9f\xfd\xf0\
<]\x1a\xf1?\xb7\xc0\xbf\x933\xf8_5\xdc\x89+\
\x7f\x9f\xcf\x18\xf5\x19\xed\xac\x82\x89\xb3\x96B\xa1\xa3J\
)\xbd,\xfa\x95\x0a\xb2\x99\x14\xeby#C\xbd\xe8A\
\xc0\x19\x8f\x06\xfa\xcdS\xcf\xc7\x05\xdaqra\xeb\x09\
z\x81\xac\x95\xc6\xf9\xc9)K\xc6\xa7,X\x97\x96\xb4\
\xcf\x980\xeb\xcd\xfe\xc9\xa9\xa3\xf6\x18\xc7\xef3N\xd8\
\x952ks\xfa\xf8\xf8\xb4\xa4\x99OcG\xc9\x84\x0e\
\x8e\xadZv\xf4\xf5c\x82y\x1d\xfe\xec\xc2\xdfa\xe4\
O\xe1\x14Mad\xa0\x18\xd2y\xbe\x1d\xf8\xba_\xa9\
\x09\xf7G\x84\xe5\x0eQFwd\x97n\x98\x7fxt\
\x98!FgL\xd8\x9c:\x7f\x13\x06L\xdb\x94l\x5c\
1\xfeO\xab\xf5\x0b\xb7:G\xe2\xbe\xad\xeb\x83\x0c5\
\xee\x07\x92/\x05S\x08\xe9) \xeb\x97\xee\xf6z\xaf\
\xdc\xb1l\xf2\x8f\x95\xbetO\xda\xc1\x19\xc6\xf9\x8b\xf0\
L\xc3\x02}\x83C\xf4\x01\x997\x8d+\xb6\xa4m_\
\xf9\xe7\xd0e\xb3\x86\x16\xcce\x94\xfes\xa0\xdc\x01\x8a\
\x0b\x03d\x19x\xb3\x7f^\x8e\xd5?m\xd9f\xd9\xea\
\xf5>p\xbd\xbbw\xfc\xc3Yk2\xe4\x7f>\xd2\x84\
\x8e\xfa\xcdzc\xdc\xe4\x0cE\xae\xed\x1a\x99\xb6wm\
M\x997\xca8rA\xda\xae\xc5\xe9\xf3\x12\xde\xec\x9f\
\x90\xf38iK'cARf\xaf4\x1e\x9c\xfdf\
\xff\xc4?\xc7,I\xbaa\xce\x85-H\xae}3]\
\xea\xc6\x89\xf9W\xe2O\x13R\xb2+\xd0AbWX\
\xab\x08\xb2\x17V\x7f\xe6\xa4.>v\xea\x99\x93\x06\xfe\
\xe3\xba\xb7\xf3\xe3\xc4\xc1s$\xa4\xb3\x9cF\xba\x01\x96\
1w\xdc\xa3\xa7\xd7\xb2\xd3\x90\x92j\x0b-\x13\x07\x07\
\x9c\xb4S\xbb\x8d\x88\xb6v\x9d\x1c\xb3q\xf0\xfe\xa9.\
\xde\x1a!B2[\xd4\x11Z\xf8\x8f\xf6\xbf\xe8\xaa\xd2\
\xef\xc9\xfa=C\xedv\xdf\x9f\xf5\x0f\x98\xc3f\xfb\x09\
\xa3\xe4\xceg\x92\xbdN\x972q\xbaq\x7f\xec\x93\xd8\
\x05\xf8\xd7\x9805-vlz\xecD,\xaa\xee\xc9\
\xb8i\xba\x94\xd9KR\xf7\x1eL\xdb<\x1a1\xfb$\
v\xa1\xb2\xb6N\x87_S&\xadE\xfbg\x07\x0e\xa6\
\xceX\xf3l\xef\xe4\xd4}\xdbS\x97\x8cL\x1f\x1bo\
L\xda\x93\x15\x85B\xd3:\x82\xe9\xf5)\x09\x09\xcfv\
OJ\x99\xb5'\xb7\x1db\xe7\xd9\xc1\x85)\x93G\xa6\
l\x5c\x91\xbetG\xfa\xc2eY3\xf8\xd3+\xdey\
^\xf1\xeb\xd0\xcfg\xe0\x98\xff\xb7\xbe\xc9Pgz%\
\xf3n\xae\x07\xa2s=\x902qR\xca\x82\xbd\xa9\xf3\
\xc6\xfc\x7f\xee\x0a<q\xb6'r\x1a\xfc\xf9\xacZr\
\xa4V\xd4\x92t\xae\x1a\xcf7\xd1\xd6\xb9\xb3\xd3\xa0\x8d\
\xee\xd9\xeexcB\x12\xec\xff\xb5W\xb4\xb5_\xfd\xa1\
o\x0a\xf62nZ\x962aW\xea\xfa\xa4?{\xd5\
\xcc\xe95\xf0\xb5\x87K\xd6x\x19\xea\xb8\xb3\xfd\x96\x05\
\x19\x87\xaaz't\x9e\x1c\xa4\xf1\xb8\xed3y\xeay\
\xa4\x93\xc1 \xcd\xb5\xda \xd3\xea\x81\xe9\xc6\x89\xf1\xb9\
3\xc2\x93\xa5%\xedJY\x1e\x9b\xb2xe\xea\x9aI\
\xc6\xbd\x09\xc6i\x93S\x16\xc4\x1b\xe3\x96\x1a\x13\xa7d\
\x01\xde\x9f\xe3\x9b\xe5\x8c\xef\xf5eBG\xc3\xe6n\xa3\
\xf3\xd2I\x18!e\xe2j\xe4e\xea\x94$\xe3\xb2\xd1\
\x7f\xed\x1a\xb8\xfe\x0fGeu\x9d7\xea\xaf\xbeR\xe7\
t\x8d\xd98iPn7\xa5\xd0\x0dK\x92\x12\xb7\xe2\
\xcf\x0e\xd69\x1d\x12+\xc5\xdc\x11\xa6\xd9\xeb\xfd\xa4\xb8\
\xc0\x8f\x82\xab\x04\xd7\xcc\x9c\xd4\xfd\xac\x10Z\xf9\x90\xbf\
\xae`,\xed\xe0\xa2\x94)+\xb3\xa6\x0f\xe41&\xcc\
I\x99\xbf=\xcbM@~\xb8C\x08\xad\xd5\x93\xb2\x22\
\xa4\x90*\xd05{\xd8\x8e\x00K?\xc4s\x0d\xd2\xf5\
\xf7\xf7\xb2\x9eyo\xe6\xc4\x0c\xb9\xbe\xbew\xb3\xc8C\
\xbe\x1d2A)\x0ap\xe4\x8b\xbf\xd1\xf8\x14\x93\x89\xe4\
\x7f \xfc\xe4\x93a\x89>c\xc3$\x06i>Ht\
\xcc\x1aKWC\xe7\x14\x12\x1e\x15\x1c\x16\xa4\xb3\x0e\x0c\
\x0e\xf3\x0d\x09\x1e\xaa\x8f\xd4\x0d\x8b2\xf8\x1a\xa2\xa3b\
ls1-R\x1f\x15\x1c\x10\xed\x1b\x22|\x08\x8f\x8e\
\xf4\xd7GU\xfbs\xc6\x0e\xff6\xe3\xffqV5L\
g\xf5\x7f\x98A\xd9\xbf\xcf@W%w\x8cb\x7f\x8e\
Q\xb3f\xcd?-\xd9\xc1\x92;\xc1\xbf\xfdf\xf4m\
\x07K\xd6d\x83|\xf1\x05B\xf7\xa7j\xd4\x98\x1a\xfb\
\xb5\x08R\xe4\xfb\xadZ\xaeu\x9d\xa3{\x07]\x1b\xd4\
\xae(\x9d\xb5MM\xdf\x88\xfe\xd5\x1a7v\x0c\x09\xc9\
\xbde2\xe9\x8a9C\xf5\x9c8\xe1~n\x8d\x1c\x88\
\xc1B\xe0.=\xa6\x92W#\xcb\x0a\xc6\x83\xc3\xb0:\
\xb0\x98U!\x1dt\xc3\x06\xfa\x86D\xeb\xedLJ%\
\x8a\xa4`\x123\xcc\x1e\xe0\xaff-\x04\xb39fr\
\xec\xeb\x03\x0aK\x9dLC\x93O\xc6)\xf3\xa5\x0e:\
?;\xb84edRa\x1d\xfc\xb1\xde\xc1X\xf9<\
\xd6\x22u\xf47\x04\x87\x87\xfd\xd9\xd8\x22\x7fc\xd2\xf5\
m\xe2\xc3\x0f\xb0\xd4\xb7\xcb\xb7l\x99\xddt)K\xf6\
\x1b\xf7'\x00\x84SfN(,\x00rm\xb8jb\
\x7fyJ:W\xf7_\xedQ\xbf\xa7W'\xa7\x5cK\
\xe5\xb3,\x01\x22\xd2F\x1f0N\x1ekL\x5c\x9f2\
e\xb5q\xc2N\xe3\xc6\xd9\xa9\x1bV\xfd\xeb\xc4|\x8e\
\xcf\x91\x07\xd6\xd2\x8f\xef\x99\xc7\x8c\x8ag\x993\x1e\x1c\
\x9b\xbet_\xca\x9c\xa4\x94Y\xe0|\x1b\xfene \
\xfe\x1ah\xc8\x1fn\xe4\x05+\x03\x83\x0dC\xfe\xe2K\
k\xd3\xfe\x02\xf8\xe9k\xf9\x7f\xc4\xca\xeai0\xeeE\
bu\xa3\xf2\x05K\x8e\xc5,<L\x99\x91\x84b\xab\
\xd3\x0f6D\xfaF\x99L\xafg\xca\xac\xf9\xdd\xabz\
\xf3\xa4 \xa7LS!T\x9d\xecs\x8d\x15\x851!\
\xf9<\x81\x0f\x0a'CdHu\xfb?M\xc8sL\
\xe4vRew\x8aB'\x13R\x95\xd3\x1a\xd8\x90o\
\xc0|X`\x9e\xaf\xb7\xce:kL\x93\xec\x91{,\
\xe9\xa4\xf7\xb2\x88l\x9b/\x1e\x03\x02t\xc1\xa1\xbeA\
z\x93\x87,/4\x0e\xb2\xed\xe7#t\xc8\xcc\xdc\xbc\
\x91\xdd\xf2\xe5p)\xc1DH\xb8?\x06\xcf2\x94=\
\xbc[5SV\xed\x88`\x0d\x80\x8dp\xacJ\x00l\
z\x02\x81:\xe0\x99\xac\x80Bn\xb0\xef\x88\xab\x906\
\xee\xb8\xefH\x9d\xf1\xd7*\xdf3Vp\x0c\x0b\x88\x0c\
\x0f\x0e\xd0y\xb6\xea\x00Bj\xd5\xd1\xcd\xc9\xb1\xa3\xa3\
\xbb{+\xc7\xce\x8eV\x85P\xd1\xda\x7f\x1d\xcf\x91\x5c\
\xf1\xc9\x03c:\xe3\xeaC\xed\xf0\xc9\x85Z\xe7\x1b\xab\
\x5c\xc1\xb1\x1c][y\xb89\xb7\xf2i\xe7\xe6\xd2\xba\
\x90\x91\x1c\xfe\xe7\x912\xef\xe3*\xdcq\xa3\xce\xf9F\
\xb4,|D|\xf3\xf1ps\xeb\x5c\xc8\xa85\xff:\
j(b\xdb\x1f\xf6=Q;\xcc\xe2j\x0c|=]\
\x9co\xa4J\x05G\x0a\xf5\xf5w\xf3\xd4\xa5\xef\x9b\x93\
\xb6i\x05D\x91\xf1\xc0\xccB\xc6\xaah2V~|\
\x8c)\xa0\xb4\x8a\xe7\xd8\xcfB\xc9\x98\xc25V\xe9?\
-\x0a6z\xa6\xcc\xf3\xea\xb9\x22\xd7R\x89\x1cKY\
&\x8c\x9b\x16\xa5\xaf\x9bl\xdcdB;\xcc\xff\xb4\x15\
W\xa3\xe7\xbc\x5c+\xda|VR\x0fl2U,\x85\
t\x0e\x93t\xd9\x94/\xb9\x0a\x180N\x98\x9d\xb6\xd4\
\x84+\xc9]\x7f\xf8\xf2\xae\x93\x5c?\xe7K\xae\xb0!\
:\xfd@}\x98\xc1$\xb9\xe4\xbe\xa7\xa3\xad;k\x86\
\xe6a\x86\xdc1\x22B\xe7\xea\x1bj\x92\xfbj\xa1\xa9\
\x87\xcc\xffn\x01\xdbE\x84\xe6Q\x83\x82\x0d\xfe}\xff\
2\x84X\xe8\x97\xa7\xa1\xd0>d\x88\x095\x14\xda\xf8\
\xb5H\x1c\xac\x1f\xef\xfa\xb9\xbfr\x96{\xbe\x18\x11\xda\
\xeb\x0c}\xf5\xba(}\x88\xde\xdf\xa0\x0f\xd0\x05\xa2\x84\
\xea\x22\xf4\x91\xa1\xc1QQ\xc0p\x93\x11\x9b\x08\xfcA\
\xb0\x88\xe8\xf0\xa7\xbe\x88\xc2p\x93H\xb1\x13\xf8\xcc\x1f\
\xf7\xec)&\x1f\xe3\xa8\x9c9\xb2\xc0f\xfc\xfb\x86\x86\
\x07\xe4\x95\xda\xecO\xf61\x85P\x10q\xc2\xb5\xae\x0f\
rM\x88[\xfa\xfa\xf77\xf1\xa3\xd0DxN\x8f\x12\
\x13\xfa\xe6\xf9Qh\xaa3\x84g=\x5cHp\x94\xc1\
\xc4\xb4W\xdb\x09\xbey\xcb\xd4\xd27\xc47\xcc\xbf\x90\
z\xefS\xdc[\x9b\xa0\xe8\xa4\x17\xe4@^\x08\xb4\x0c\
\x0f7\x84\x84\xfb\x06\xe8#\xff\xecP4\x82\x9fx`\
\x94l\xd8R\x834\xae\x86\xfb\x5cafyE\xb7e\
d\xf8\xa0(\xbd\xce7,@\x17\xea\x1b\x06T\xd5\x05\
\xe8\x07\x06\xfb\xeb3\xa7\x19e\xca\xf0\x9d\x00\x99]H\
'\x08\xb8>\xc7C\x0e\xe71|'\xf7.\xba,\x9d\
\x952z\xacq\xdc\x0eS\xd6\x91\xdd\xb5 M\xc9\xec\
\xf6\x17\x9a\x92\xdd!hg\xf0\xd9\x82\x1dR\x16\xedL\
Y4\xe6\xef#,IP\x14\xec\x90\xb6}q\xda\x81\
\x03&\x8e\x19`\x19r]\xf0\xa4\x97\xc5\x84\xbe\x93O\
\xea\xe7\xe6S\x0b\x15\x9c\xfa\xfaF\x1at\x01\xbe\x06_\
\x1d\xa8nH\x80.,\xdc\xa0\xf3\xc3\xca\x09>\x0e0\
\x89\x0b\xb9 l\xfdl\xbc,\xf2\x16\xdc\xa9ox8\
\x5c\x1b\xe5\x1f\xa9\xd7\x87E\xf5\x0d7Y\xf0\xa2\x9d\xe2\
\xfb[f\xeeS\xd9\xcc\x0ap5\x0e\xde\x1b\x17\x9fW\
\x16\x9cB\x82\x11/\xad\x90\x12\x06,O\x90op\x98\
\x10<\xfe\xe1a\x81\xc1\x91\xa1\x7f\xb5\x94eE\xb0\x97\
\xefI2-\xfdi\x02\xeb\x0c\xd3\x850>\xb1@\xcc\
\xf3\xd2Y`\xe3&P!\x17\xda\xcc1\x9bx O\
\xd4f\xb6\xd3ED\x22z\xf4\x83L\x96Fh/\x94\
\xf7\x02}Jd\xf5\x11R?\xb3\xa0\xffko\x014\
\x86\xce\xf6|\x9aG\xa4\xf2z\xe7\x83\x0a\xdd\xa0\xe0\xb0\
\x80p\x13\x13R\xb0\xee\xc9~f\xb9\x9d\x15N\xe1\xa1\
\x11\x82kM\xd3+\xc7\x81\x05\x16\xb3\x8cS\xb6\xd7\xf2\
V\xf3\xef\x0e\x9c(\x9b\xf0+\x8fW;\x85G\x04\x9b\
\x0eS\xb0\x91\x18\x8dL0\xd3Bh\x92\xc9\x89\xf2\x93\
?\xa7|\x01\x86N:g\xc1sY\xdc\xcf\xc9\x84x\
{\xcb\x04^%d\xbc`\xcb\xc3.z\xa0\x87\x8b\x80\
\x01B\x9d\xce\xb5S3\xd3\x8eo6\xb5\xca\x84'\x84\
\x89\xe0W\xff\xe8\xc8H ~.$\x84\x87\x14\x02/\
\xba\x9ciz\xd8y\xf4\x9b\xbc?hD\x01\xea\xe8\x94\
\x8f\x0e\xe82\x07\xcaZj!\x10C\x82#\xfc\xc2}\
#\x03\xb2y\x9c\x93\x09\x8f3\xf7\x96\x095c\x8ed\
\xe0\xeb\xac\xf9\xcf\xfa120\xafrd\x9a\xcb-\x1a\
\xc1\x06}hT\xee\xcc\xb1\xbc\xd1\x06\xd3\xc9V\x14R\
^X\xdd\xc2\xaa\x85O\xbd\x02\x94\xb5\xa2Sn\xde\x07\
d\xa5a\x9e\x18\x13\x9e\xc1\xdaT\xea\x8a\xe3\xe4\xfa\xc1\
\xf9rG\xd0\xc8&\x0f\xe5e-,\x83\x9b\xcb\x880\
\x8f\xe8\xde\xdf\x85\xc5\xe9\xde,\xb7OU\xa7H\xbd\xaf\
\x90\xf1\xd9\xde\xd6\x09I\x9bo)\x84E*,\xe8\xfe\
\xb0:th\x01\x98\xb7\xcd\xb1\x1a\xa6\xd3\x87F@{\
d\xae\xf2\xffh\xbad\xaf\xf7\x82\xc9\x7fQ\xaafY\
\xe6\x03\xfe*zK\x0bs\x13\x0a\xf6\xbf\xa8\xe8RN\
\xd9\xf3\x88@\xa1\x84{\xff.\xa1\xd5\x825!={\
'\x8c\xcb\xdb,-\x99\xd3?_\x8a\x02\x0b\xf4\x83\x0b\
\xed>\xbc\xa6\xbeY\xffkn\x93r\xbb\xabs\xba\x0f\
\x0d\x0f7\xc1W\xb1G?\x0fYnS\x91S\xb4\xc1\
\x94\xdb\xb5\xca\xdc\xee\xf1\x85\x9b\xba\x80t;g\xa0\x22\
t\xeb\x9f_8\xb5\x12jI\x17\x0fg0acB\
Rz\xec\xc4B\xd8\xafX`\xd1\xb9]d\xad\xf4\x81\
\xbe\xd1!\xa6L\xa1\x00\xc0K\xb3\x8a\x84\xa9\x06C\xa3\
\x02/\x0b4\xd9\xd5\xa4M\xe6\x16E\xa1\xed\x0bV\xb0\
\xec\xf6\x9e\x7f\xad`\x99}:\xf5ML\xcb+\xb79\
\x15+$\xc4\xc4EBcaW\x13\x0b\xb7\xde\xb5\xc6\
\xc01B\xc7\x02\x03\x96\xcb\xeb\x9c]g\xf3-f\xd4\
\xff>\xe1\xbf\x97\x5c!\x96\x0b\xcd\xfe\xbcX\xce\xb2\xf1\
\xf7X.+\x90\xcf\xc2\x8d\xe4#\x97\xe6\x99f\x04r\
\x99c\xa7\x102)\x17\xde\x1d\x15\xc0bU+}\x14\
z\x15\x9a\x87\xa5\x05\xe4N\xac\xe4\xbfR\xd8c\x1c%\
\x13\x12<\xe0\xbc\x9b\xf7\xe4\x93}\x9b\xe4\xc1G\xab,\
\xa8\xf6\x1d\x885\xf6\xf5\x0b\x0e\x116\x1a\x02\xc3#\xb3\
\x12>\x1c\x852\xd3\xb4\xa9/\x05\xdb\xb3\x9e\xc4\xdc\xc9\
\xd32\xd9\x96\xc2\x03\x03C\x82\xc3L\xa2\xab\xb2\xd0\xa1\
\xd7{\xa1K\xce\x9e\xab05?\x0b\x81\x07u\x1a\xe8\
zC\xf8=\xd7X\xed\x82\xc6\x1a\xeb\x22\xf5\xa0!a\
\x00n\x1d\xe6\xe6\x9fE\x94|\x81\xb4}\x81xY\xd5\
\xc6$k\x05?y\x80\xd9\x15\x08\xe9\x92\xad\x82a\xca\
\x10\x1e9$3`\x04\x7f\x07\x16\x1a\xdd\xda\x98\xe9\x89\
\xae\x81-gN\xcf\x90\x0f\xb9\x92/+\xcdZ\x87\xf8\
FDa\xb9\x0d\xc1\xa1z]!\x90\xce\x0d\x1d\x9a\x07\
\xe8\xad\x05\xf04\xc9\xc6\xe9\xb5\xe2V\xe4k\x13\x19\x19\
\x1ei\xca\xed\xbfL\xe8\x98\x97\xd7\xad\x07\xeb\xfd\xa3\x0b\
IY\xa1\xd5\xc8\xa8 \xdb\xbcU\xc8n)\xe4`p\
\x84I8\x97\xa7\xd6\xb9[L:\xf7&\x7f\xdd[\xb3\
l-l/\xe9\x8c\xb1\xfb\xff\xd7\xed5\x9b\x82\x96\xdd\
\x8f\x0b[Z=\xbd\x5ck\xdb\xb1\xde\xa2\xa0\xd9v\x0c\
92x\x94\xcc\x9b\xcfW\xef\xea\xe7\x8d\xb2ol\xd6\
\xbeV\x96\xf1g\xbb\xb7>\x8d\x1di\xdc=\xda\xb8y\
\x06>\xa4\xcc\xdc\x9e2s\xf3\xb3\xddS\x8c\x9b\x13\xf0\
\xc1\x14J\x0b\x0c]\xc8\xde^\xc9\xdc\x81\xfec{\xaf\
\x80)A\x05\x0b\x1e\x8a\xd8\x9boIsL%\xc6\xa7\
\xae\xde\x9c\xe5\x9cg\xbb\xf7\xa6\xae\xddk\xfa\xfe\xb7\x10\
S\x85:\xbb\xb2\xa9\xc9\xff\xf6w\xa13\x9dz~\xa2\
\xec\xdff\x9a>>\xde\xb8\x22\xdet\xbf\xe3\x0fS\x85\
x\xb0L~c\xff\xe1\xc4\x16\xf9\xed\xcd\xe9\xed5)\
\xcb\x1e<\x22\xbc\xe3\x88\xb4c\xe4\x07\xfd\x1dN!\xf8\
\x14\x9c\xf9&A\xe7g\x81_\x03\x01\x8c\xe1BQ\xcc\
\x1d\xd5.k\xd4\xd4-\xfb\x8c\x8b&\xe5\x8e\xaa\x8b2\
D\x22*\xfc\xc2\xc3Cp\x09F\x09N\x990K\x17\
\x88|6-|\x05\x92_Zx!\xcb\xe4x\xc2!\
\x80\xc28\xde\xc01\xde!}\xaa\xe6\x9a\xa8\x92eB\
\xa0\x8d\xa00\x01P \x02F\x1a\x82\xf5Q\x99\xa8\xf9\
\xb7\x1a`\xf1\x1fo\x04\xcc\xda\xfc\xc7[\x00\xb5\xcf\x8b\
\xc4\x0a]|<\xae\xf7\xb3\xf4\xc9\xdb\x99\x95\xb7\xf1\x8d\
2\xc0\x0f\xa6JQ\xa89Q\x91\x9e7rxT\xbe\
JS\xa6\x8d\xde\xe0\xdf7s\x1b\xa3 \x81*l\xf7\
\xa2\x00+\x14\x0bo?\xfel\xa2\x14\x9a\x08;\x06]\
\xf3\xf6.4BC]\xeb\xc1\x11!\xe1\x91\x85\x08\x80\
\xbc\x1eYow\xfe\xea\x96\x92\x05\xec\xe8j\xfc\xd5=\
\xda<\x93B\xb1\xcb\xab\xaa\x99\x06\xf49\x06\xb2\xde\x87\
\x99\xa0h@\xd9\x98\x8a\x05\x1eT\x95\xd9-J\xef\x1b\
\xe9\xdf\xd7d%\x84\x96\xfa\xf1A\xb6\x05\xa4i\x91\xcc\
\x1e\x808\xc3\xdfDiQ\xa1_g\x8d\x80\x00\xc2\x0b\
\x91\x9e^\xc3\xf2\xed,\x09\xbd\xc3|C\x05\x1d\x12f\
\x80\xee\x8e\x02\x13\xc5\xa3\x06\x07\xa0\xd6\xf9F\xfaB\xaf\
D\x9an\xa3%\x06\xfb\x9e\xce\xe3\x98m\x82M\xa2\xc0\
Bh!h\xe0\x02\x82\xd0.\xbfw\x0cB${e\
J\xe0,Mhg\x0249F\x0a\xc84\xbb|%\
\xd1\x22\xdbL\x96\x92\xce\x16gv\xd5\x0a5TH\x8a\
Y\xe5\x0f\x1bC\xee\x12[\xfd\xd9\xbf\x0a\xb5A/_\
\x0a\x02\x8c\xe8\x04H\xf1\x12\xb6\xf3\xea\x08\xc7\x04\xdc\x5c\
\x84\xea2\xec\x98\x97\xa6SP\xae5\xab6!\xbeA\
Q\xba,\xd80.X\xa3\xabS[\xf7\xec@|V\
1I\x9b<\xda8\x7f\xbbq\xdcX\xd3\xad\xf9?F\
\x09\xac\xe5\xe9\x98X;k\x84L\x98\xb2\x03\xb8\xe9<\
\x1d;\x85\xe6\xdc\xcd{\xa5\x9e\x7fD\x00\x951~d\
\xda\xc1\xf9\x80\xf0\xac1\x05\x94\xb2\x1b\xac\xc3]\xe3\xd8\
\x8d\xf9\x7f0\x05\xe4\xdc9\xfc\xb5h\x94\xcb\x1c\xeb\x7f\
\xad\x16\xe6y\x16\x0b\x01w\xf3L[\xff\x81\xea\x15\xf3\
LdK\x15u\x96cr\x9c\x92\x7f\x1f?\xd3`>\
\xdd29\xcf\x15\x99N(D\xc9H\xff\x10\xb6\xd26\
\x85\xee\x1eXd5\x13\xcaT\xa1\xa9T5\xab\x9b\xee\
\xff\x9cM\x1e.\x89\xb5\xf3\x08W\x9b\xf0\xc8A\xbe\x91\
\x85\xbc;m\x0b7t\xfbsS\xb2m\x9bn\x7f\xd9\
\x94\xac\x98\x1f\x84\xff\xa3\x08Tn\xab7\xfc\x89\xc9\xff\
\xf9zX\xea\xd7\xc2;$\xa6U\x1e\x9dl\x1b\x19\x1e\
\x1da\xfaB\xa6\x1dJk(\x06\xf4C\x02\xebiP\
\xe6\x0b\xa0\x08\xfc\x11\xceo\x09\xafg\x84\x93\x5c\xc1\x99\
/\xf7\xc3\xf2-d\x99v\xe1\xa1z\xbfH\xfd \xe1\
\xbdOD\x04 \xce\x13\x12\x01n-d\x01\xcb\x172\
\x86sfy\xd7SH>\x9b\xc5\xf2\xd9t\x0e3\xe8\
C\x0a\xb1U\x14=\xddI\xe7e\xe7\xd5\x82\x1c\x04\x9d\
\xe0\xf5(\xafV:\xbb\xeb\x8c\x0b6\x1b\x17\xc6:\xa4\
\xaeO2&,7\xa9HY\x9d\x85\x83\x1ey\xfbw\
\xe8\x94u\x96\xc3d\xe1\x87\x0e\x9d95\xaf\xc49\x07\
\x98\x968\xb5\xcf\xafh\xbd\xb0\x80\xbd\xaa\x85G\xe46\
-\xed\x1c\x14\x86\xaa\xa2\xf3\x85_\x82\xb3vBt\xfe\
\x91\xbeQ}M\xb7\xc1\xb59\x06\x06X\xce\xce\xc8\x07\
\xdae\x0a1!\xe8\x8a\xf0hS\xf5\x9a9\x89\x9e\x13\
;\xf5\x8d\x8e\xe8\xdd\xd0d\x12Q`\xfd\x91\x82v\xd3\
\x0f\xf6\xd7G\x14*\xd9\x94\xc2fU\xaf\xf7\x05\xf6\x11\
\xd5\x99\xbb\x81\xc8\x93\xc2\xb6\x1c\xe5B\x87\xb8\xa8>\xc7\
\xf3\x00:\xaby\x80\x1eY\x15b2@Y\xa1\xbd\xb7\
C\xcf\xaf \xfbB\x92V\xf5\xe6;Ov{\xado\
$\xc8\xa8\xbc\x03\x95Y6\x84\xd7\xc1\xb6Y*3\xeb\
c\xe6\x1b\x85\xf0\x80\xe0\xc0\xe0lqU\xe8t\x84m\
\x98\xbc\xbc\xcb2U\xd8\x06\xcc\xa8\xdcw\xc3\xc2\x89\x8f\
\x08\x84a\x10\xbe\x09\x9f\xfb\xe1[\xfe\xcf\xfa\xdco~\
\x08\xde\x88\xec\xcfAH\x86\xc0\xec\xcf\x832C:\xe7\
\x17C\xbe_\xb2>\x07\xfe\xc7Y\x92\xf6\xce\xd9o\x9f\
mjF\x80u\xd9\xd4\xec\x17\x91\xf5\xaf^\xb8\xf8\x85\
F\xe0\xdf\xa0\xe0@\xfc;H\xef'|1d~\xc1\
\xbf\x81\xd9\xa7N\x02\xffv\xeaD\x5c\x00\x87\xc4\xcea\
\x81\xe1&\xd0\x1fd\x1c\xa4\xea\xf5\xde\xbfKT\xe4\xc0\
1\x82\xc8.\xb0\x03R\xc99,*B\x90\xd5\xfe\xbe\
\x11\x86\xe8H\xb8>{\xef\xf6_\xf6Q\xd4\xf9\xcf\xa3\
\xe4q&\xe7\xec\x03-\x8e\xee\x1dL\x0bZ\x0e\x10d\
\xb2\xfd\xb8\xb3!-\x05]P\xe0`H)\x01\x0b\x00\
|\xc2\x01\xb4-\xa3\xb2(\x7f\xe1\xc7C\x8a\x16\xb4&\
\x9c\x17\xcc\x17\xa1\xd9V2\xcf\xf5\x99\x84\x90P6\x0a\
\x8c\xaav\xce\xae\x0c\x85\xbd\xe0\x94\xeb\x07\xbb7)\xd0\
\x5c\x9b\xdb<:\xd4\xcf\xb48\xd9\x0ae\xd5U\x13X\
+H\xa1o7pL\xe6\xd6^g\x14\x8c\x1a\xd4\x90\
t1i\xc2\xc9\xcd^\xef\xdd\xbd\xa3\xadc\xd2\x12\xf2\
\xe6\x5c5\xc7h\x97\xcemj4\xcc$\x91\x8du\xfa\
\x80\xe0\xcc\xdd\xa0\xe0(]@p\x94\xaf_!\xbaE\
\x99\xc5(\x0bL\xb0H\x8e\xad\xcc\xcc\x0a+\xec\xad\xed\
\xf4\xe8\x81\xcfF\xfcHp.\xf0\xd6\xd6\xbc\x83~H\
\xd6\xdez`Hp\xc4_^\xdc\x96\xec\xf4}z\xad\
\xce\xda\x18\xf7 \x1f<\x9aK\xe6\x09\x9f\xfeX\x86!\
yoh:\x04#\x02\x5c\xc2\xc3\xfa\xeb\x87\xe8|\x03\
Qhu\xfa\xc2\xb67\xe4\xc3\xaa\x8c\xf3\x01@\xe7\xbd\
\xd6\x15w\x0c\x0e3y3\xaa\x15dL\xce\x0b\xb7|\
\x12\xc6\xacc\xf6\xde\x8dP\xcf\x0dObW\x15\xdaQ\
\xd8\xfc\x11Hz\xbe\x8eEs:f\x93\xf4B\xba\x96\
\xcd\xe9\xfa\xaf\xdbu\xc5r\x0c\xe5\xd4\xe5B,I\xdd\
\x5c{\x7fN\x8c\xcc\xcb\x90\x8e`\xc7\x1d}\x11\x9f\xfe\
CL\xd9\x95\x0b\xa2\xda\x05\xca9\x93t\x0a\xafK\x85\
\x0c\xa1Z=\xdd\x85\xabp\x8c*/^\x5c\x9c]Z\
g\xb3\xcc\xac7\xa8Y\xd9R\xcb\xb811;o2\
\x0fW\x99n\x19d\x8f\xf1WRYV\xb0\xfc\xbfr\
\xca\xa29\xe6\x0aa\x94\xc5\x04C\xffA(ms\xfa\
\xe7\xd0I\xb7I\xddG\xc1\xe9\x86\xeccP\xb52\xd9\
\x89p\xc6<?#\xb1\x14,\x17`\x96\xabFe\xa6\
L\xad\x88\x10P\xbdB\xb8\x84\xda\xb5\xf1\xc4\x91\xde\xda\
Q6\x05\x02\xbe\x84\x8bo\xbfp\x81&\x0e\x0c\x0e\xca\
*\xbc\x85\xc7\xbc:\x88\xdc\x5cs\x0e\xb0\xe4\xf1C\x97\
\xe00\xe1\x90\x8a\xe9q\x1b!+\xfc\xb2\xcf\xc5\xbb\xe3\
o\xa4P,z\xbd\x17r&C\xdd\xcd\xbes\xfb^\
\xef\xa3+\xf8\x99\xfd\x0b\x0d\xb4u\x09\xf7C\xf2\xba\xeb\
#\x03u\xfa\xb0\x00}\x80\xad.R\x1f\x11\x1ei\xd0\
\x05\xe9\xc3\x84\xfd\xd8\x7f\xa3\x83\xad\xfe}\x02A6^\
\xd6\xaeFW\x95\xb07\xea7\xdc\xc3N\x98\xd0\xbfL\
\xa5\xd6_\xa7\x22\xbc\xe4\x0a\x0c\x8fF\xcd\x0e\x0e\xfb\xfb\
ll\xffk6\xc2\x1c\xf0yA\x81=\xedB\x1d\x10\
\x15\x1db\x00\x12\xe6l\xde\xe6\x8e\xff\xe7\x90\x1e\x85\x0f\
\x99H\x9d\xbe\x0f\xde\x1f\xb1\xd74\xa9\xb3V\xc5\xf3M\
\xec/WM\xcf\xc9z\xc3\x1f\xee\xb0\xcf\xe7\x8ev\xf9\
'68X\xd8\xf4\x1f\x14l\xe8\x0b\xfa\x14\x90\xf7\xae\
\xafq\x8e\x8bB}\x87\x08\xef\xff\x83\xc3\xfc\xb3_\x1d\
;\xe4\x9e\x1319\x9f\xf2\x7f\x9ft\x90\x8d\x10F\xc2\
\xd4s\xa7\xd72\xdf\xf4\xb2dC\xd6\xf4\x84\xa9\xfe9\
\xc7\xb0\xf0\x9ci\x0e\xf2\x8d\xca\x0b,\xd3\x03\xb4\x85N\
\xcc\xf5\xbc\x97ub\x87\x09\x1d\x85\x9d\xfc\x9c\x93\x04\xee\
\xde\xfd\xfd\xf2\x9d\x87\xb0\xcf7\x19\xd4\xb0(\x83P\x18\
\x22\xa3\xc3\xc2\x84\x93\xba\xba\xac#\x06\x9e\x86\xf0\x88\xac\
\x9d4C\xe4\x10\xd3\x97\x1d&\xd4Q\xee\x92\xcd\x0fM\
\xa5G\xbeb\x84\xe9!\xd1=\xfb\xf4\xbf\xd6Y\x1e'\
/P\x1d\xad\xb3+Sf\xaa\x0b\xa7\x00\xfcq\xcdz\
\xbbl\x10N\x09\xe6\x0aES\xfd\xf4\xd7\x01L\xd3'\
\xdf\x8e\xc6\xbf\x0f\xe8\xf0\xf7\xcd\x0e\x8f\xbf\x0fXX<\
\x90U\x86\xba\xf7\xc0\xd9\xbd\xf1\x8b=\xbe\xdb\xe1{\x19\
o\x99\xbf\xa2\x7f\x80\xf0\xcer\xf8?\xc3'\xe7[\x1a\
\xaf\xbfL\x0a\xab\x14\x1d*\xacG\xee\xacl3\xf3\xcc\
\xde\xce\xce\xaaq\xa6\x96\x0e\x0e\x8b\x16j^fT\x19\
\xfafQ\x13Cd\xb0_\xb4\x00\xa05M\xcf\xca\x16\
x\x86Yk\xfa\xf9\x0c\xad\xd93\xaf\xe4\xab\xb2\xe7\x11\
\xa57]\xd1?\xfa\x0a\xef\xadfN\x9f5#\xef\x9c\
mv_C\xdf\xc8p\x83\xc1T\xb2U,\xd8\xffO\
\x7f\x09\xbe\xcc\xd3P\xd9\xb6r\xdf\xd6\xe7\xb9\xe4?\xa6\
\xd5\xed\xaa\xc7\xfc0\xdb\xb8\xc0|u/\xcb\x94q\xca\
$c\xdc\xfc\x94\x1d\x93\x0a!\xa1%\x0b\xda\x10^p\
\x02\x96\xf3\xbf\xee\xb1\xc8\xb1\x92\xf9\xbf3\x84\xffyv\
01m\xe9dSV]\xc0\x90~O\xdfv\x9eG\
\xf5\x83\x0b\xb2\xealS)\xb3\xf6\xa4,E\xd1\x1c%\
\xecC\xfd\x85U\x17\xb0V\xe0\xb149V\x0a}\xa0\
*\xa6=\x85\xc7q\xad\x91\x09\x0f\xed\x04`(`\xad\
f\x01k)\x1b\x97\x1b\x17\xac\xc9z\xc2\xac\xffXa\
\x1c;\xc18rA\xca\xc6e\x85\x0f\xf7\xc7\x1a\x08C\
\x15\xd8\xf3\xcdY\x83,\x93\xa9q;SbM\xfe\x83\
\x8e:\xf0c\xf7\xd2\x82D\x14\x02+\x8f\x1d\xba\x08R\
:\xeb\xbc\x89\xaf\x7f\xe1\xef=\xc3.{\x5c/@$\
\xe0\x9b\x7f\xa1\x0f%{\xbd\x1f\xf2\xc3\xe3\xfa\xbf\xecq\
k]\xc2\x07\xfe\xcb\xdbcq\x81\xb3\x98\xe2\xc2d\x8a\
Th\x92Q:o\x0bHh\xe4`\x02aY\xadL\
\x90C\x19\xff\xc6g\xea\xbf\x14\xbdr\x99\xd6r\xe7\xa7\
t\xf75\xf4\xfd{%\xeb\xfd\xb7Q\x04\x16k:\x0a\
)3\xcf\x8e\x17\xbc_\xfb/\xb3\xaa\x93oV\x8d\xff\
\x98U\xe7!\x11\xf9\xea\xabR8\xdf\x9e\xf3\xb5v\xc1\
9\xd71\x99s\xf2\xff\xbfs&\xa5p\x14\xed\x8f\xfb\
u\x85\xfb\xc2\x8eA\xac\xe4\x8f_\xea\xe1\x17\x87\x02w\
\xea\x0bms\x8a\xe1\x1f\xad\x1b\xe4\xf3I\xcc\xff\x0b\x9f\
(\xdd\xf3\x8e\xc4\xe5\xdc\xad\x1b\xa3t\x1b\x04b\x90\xf3\
\xbd^\x8cC\xd6\x87\xfa1\xca\x9cJ\x9c\xf3[\x03\x13\
\xaf\xcaM(w\x11\xd7\xff\x22\xdbr\xfd\xe6\xac\x03N\
y%\xdfU?HW\xf8k\xa7\xcd&g\xa1\x94\x99\
\x8d\x0b\xdd6.\xaa\xdf\xfc\xd7-\xe3\xcaB\xb7\xff\xeb\
~\xb1<\xcb`\xbe\xb4S\xe4\x981I=\x0bW\x95\
+\xf9\xd4\x136^2\xe4\x9e\x1f\xf4{:\x17\x99\x1e\
\x9dO\xd3\x94p\x15\xde\x1b\xe5;\x86d\xed\x11\x1c\xd4\
\xd7`\xfa\x7f\x8c\xbcK\x0f\xb0\xccV\xde&\x9cL\xa0\
\xd1\xf9\x8a|\x15\xd7p]>\x0a\x96M\xa0Q\xb2\xb3\
Oz\x84\xe8uC\xf4\x06\x93\x9a\xad\x0c\xb2\x11\xb6[\
\x0b\x1c\xc6P\xc0T\xe1g,\x84\xd6\x83\x03N\x16h\
]4\xb7u\xeeQ;\x13u\x9eE\xfc=\x5cF~\
/p\x14\xbc\x0c\xba\x06\x02\x82\x83\x223\x95E\xee\x16\
xa<_\x1d2-H!\xfc\x9f\xc1\x02\xdbY%\
`!\x9f\x1fs\x9f\xb5\xd0\xde\xc2&M\x81\xde\xe6\xe8\
\x9d\xb5\xee\xff\xb2\xfb\xa5\xed\xf5^\xd8\x1d\x10:\xea\x07\
O\xbd\x98\xa7\x9d\xb3\xb6\x84t\xe1\x81\xff\xc3Q$\xb1\
\x9f\xe7\xcc\xbc\xa3db\xb7\x08\xbd\xc9\xe9\x1d\xb5\xd0D\
\x08p\xe1\x88^\x9ew\x85\xa6\x99\x09\xa1\xeb\xf8\x97\xe3\
w\x16BGDINd\xe8\xa1\xa5\x0d\xf4\xff\xb0\xf6\
&\xd0U\x1dW\xba\xb0\xb0eI\x88\xcb`\x05+X\
\x10|!\x04\xcb4\x83\xc0\x09\xf1\x14\xdb\xc1\x8e\x1b\xc7\
\xf6E\xd2\x15\xc6n\x06Y\xc3\x95\xc0\x02!k2\x06\
\xcb\x11 \x09M 1\x09\x10`\x86`\xc0\x03\x83'\
\x10\x92\x80\xf5Vw:\x7f\xc7\xed\x95\xee~I\xde\xeb\
)\xefO\xac{%%\xfd7\xbdHVV\x96\xbd\x1c\
\xfd\xf5\xd5\xae:\xa7\xeaT\x9d+\xd2\xeb\xb5;6H\
U\xbb\xea\xd4\xb8k\xefo\x7f{\xa3{aq\x11X\
\x15\x91\xeaj\xc3\x5c8\xd3^;!\xb8\xf3\xff\xec*\
\x86)Qq\xf3fh\x92\x82\xd5l\xabD\x820\xab\
\x98\xfb/\x05b\xb1D]\xed\x8fW\xce\xe5\xeb\xf2\xcf\
\xf9v\x82\xc3\xfb|{*\xc2\x8b\x81\xccVN\x05j\
\xc8\x8eE\x9d\x8d\x86J\x13\x22\x17\xb9\xb1\xcew_\xb9\
\xd6\x07.\x0b \xc8\xf5\xec\xb9TUmn1\x03\x01\
\x8f\x16B\xa9\xa1\x84\xba\x0c\xcfi\x95\xee\xc8\xaa(\xe0\
.\x1f{\x17\xd3a\x8f\xf2\x0aQ,QS \x86\x9b\
\xb4T)\x16_\xfe4)(\xbeaK\x8a\x8bc\xd8\
J\x04^\xcbU7\x96\x01\x85et\xbb\xe3\x81\x9c\xcf\
\xe3!\x1e\x96\xd5TW\xd4T\xc7ul\xe1vT\x9a\
\xc1]d\xc6\xd3e\xf3\xf8\xa5`\xf6\x8fV\xad\x8f\xf4\
/?\x1f\xfe/D\xeb@\xf3\x0c\xff\x06gS(\x81\
~\xe2\x86\xf5f?\xfddp\xa0\xaf1\xfa\xfe\x9b\x03\
\xbd\xbb\xa2;\xf7G;.R\x10\x8f\xd0>;\xde\xa1\
8\xf0\x81\x9ez\xe7W\xc6\x08\xb0\x8bd\xbck\x0d\xca\
\xa6\x93\xcaX\xc6\x07\x12Z\xb6\xe2\x84\xd3JO\x12\xa5\
\xd9\xda\x7f\xa5f]\xa5\x05Qn].\xe3\xb3\xe3\xad\
\x92\xc4\xf6\xfe\x90\xeb\x08\xb8#\xbb\xa0\xcaD\x8b\xcdZ\
}\xb3\xe8\x1fB\xa7P\x12j\xafE\xe3\x09\x1et\xc7\
{\x06\x97\xc1\x9e\x84\x85\x1b\xd6Uk6'\x8e\x9c\xb6\
 \xdf\x98\xae\x0b\xd9qt\xdd\x89\x5cf\x1ce\x17\x1a\
\x94{,BE1\x96\x05)Y\xea\xa72=\xc68\
n^\xba\xb7\xfe\xcb\xdd?\xee\xfa[\xf7\x14\xc0\x1e\xdd\
X\xb9\x01!2\x86\xf9@\x96\x1e\x05\x8e\x92\xae\xc8\x88\
\x03F\x09@\xdf\x03\x9eH\x03\x1f\xa5\xbb\x1a\x16A\x87\
\xec\xb8C^\xb9\xe4\xf7\x91\x8b:lQ\xa9\x5cSQ\
\x0ch\xb6\xbdz\xa2\x16+5.\xdb?&*\x03%\
o\xe1\x83\x9d@\x09\xff\x0fN\x81(\x0d\xd4x\xa7Z\
\xd1\x0ap\x04\xf7\x07\xfbJ;\xe4J\xfb\x88\xa0*\x8b\
>\xbe8.\xd8*\xd0\xf5\xcfE\xc9p\x14\xea\xdag\
\xf6\xba\xf2\xa2\xb5\x0b\xe0,\xf4\xd1>\x9fl\xfd\x84\x1d\
Zp\x87;\xce\xe7\xbcvr>;\xc6\xe9\x85\x09\x0f\
2]\x7f>\xfb\xef\xe2\x84\x07\xf8\x7f\xe7s\x8b\xcbC\
Lo\xe7\xff\xb8\xd8\xb5\xec\xf5\x91\x82\xaaH\x90\xb5\xc4\
\xb4\x82\xa7\xb3\xb9\x83\x13\x16\xb7\xb9\xc1\xc8\xfc\xd2\xf9\xc1\
\x85\x0f.\x9a\xbfp\xf1\x03\xf3\x17\xce_\x98\xf5\xd0\xb7\
\xd8\xff\x19A\xa9\xb7\xd0\x9d\x95\xac\xe1\x87X\x07V[\
:p\xdf(\x1dX\xf9\xd0C\x0bW[[\x9eD-\
\xcb\x93K\xd1*\xa7i2\x0b\x1c\x15\x0dj\xafq\xe1\
<Nb\xa0f\xa9\x1f\xf1\xdf\x18\xcbo{\x9a%%\
\x0d\x9fT\x5c\xcc\xae\xdd\xaa[\x1d\xd2\xac\xd6OVd\
\xe6|\xb7uam\xc3\xf6\xdb\x01\x16\x92\xfdc\xd7\xbf\
g\x19\xc2\xf5\xa7|\xf8w\xac=pND\xfe_n\
\x17\x131\x12\x05\xeb\xd7o|\x95\xad\xd3\xca\x82\xf2R\
sd\x96\xd2\xc8\xc0\xdc\xfc\x7fi\xb5=\xa8\xf5OZ\
\x9c\xff;\xcbn.\xf5\xc1\xc1l.L\x08\xe6f\xb1\
\xff.\xe6-\xde\xcf\xfe\x17\x0c=\xb3\x7fomCd\
\x93\xe2\xf0\xb9/\x9b\x9b\xbck\xaax\xcc[A\xb0\x9c\
\x94\xe1\xc2H\xf5\xabL\x07\x0e.\xe4\xddX\xfc\xado\
\xddo\xb47\xdbm\x8f\x03\xba|\xdaS\x8e\x03\xb5\xa5\
[h Q\x03\xea%g\xdb\xe1y\x19(5\x0a@\
g\x8a\xa8;*(g2\x84\xad\xbeY8'ry\
$\x00t\xa9\xe6\xef\x9d-\xc5TW\xd6\x94\x17\xe18\
\xbb%wo\x06\xf47\x08\x8es`\x7fE\x88V\x15\
8\xf35\x9a\xea\xbeFW\xc7\x8c\xd7h\x06\x97\xb1\xb1\
\xa6J{\x91>\x1b)1\x1f\xa4\x89\x1a665\xdb\
\x01\xc3\x1a7,\x0a\xe2J\xc4-\x11g\x843\x5c\x11\
tm\xf8\x8fq:D\xc6\x115\xd9\x15\xe5/$1\
4N\x09\xfdL\xcc\xae1\xa3PRPD\xb3I\x8c\
E1\xabQ\x82i@(\x1dW\x03\xaa\x01'G\xfc\
`\x11\xbb\x0cUI\x87\x94QbE\x12C\xa9\xd9\x1f\
\xaa\x9fVe\xe8R\xa9(\x92\x9bUV\xdc\xb4\x5c\xfd\
\xb8\xaa\xb5\xc1\xa5\x91J\xeb\xc7\xb1\xf2\xf1?\xaejm\
\x9c\x8fK\xa9)k\xffM\xce\x9c\x1c\xd7<\x9d\x9cS\
S\x80\x90\x13\xa3\xf3X+n\xe7s\x99\xbed\xae\xbd\
\x85u\xff\xe4\xaa\x81(\xf2\x9a\xa9\x06\x16\xe6\xbf\xad#\
\xa6s#E\x1bk#\x95f\x8b\xe0~s\xfb\x95\x1b\
)a\x17\x8b1bs\x0a\xff\xa9n9\xdeP\x84\xb8\
\x07\x1c\xab\xb6\x01v\xe48\x0bq!\x93U\xc3Ip\
\xd8\x1by#\xde|da\xe6^\x94\x9a\xf2\xaa\x82\x12\
\xba?\xe3\x1c'\x88\x96\x81\xd1\xc1\x1a\x8e\xc9\xde\x110\
8\xdcz\x00&\x8f\xdd\xd14\xedq\xb9\x91\x0d\x1b\xab\
\xf1\x105\x15\xeeI<j\xea\xf1\xceM\xa8\x85\xc8J\
\xb5\xe1\x0dl,\xf5P|\xd12\x0f\xae4t\xf7\xdd\
\x9f\xe6\xd5)/\xa1\xa4\xdc\x88\x0d\xa1\xb2h\xf5M*\
h\x8d\xd0\x9f\x97\xf0\xa8\x19\xa5\xef*($R\xb9\x9a\
\xe7=\xeak\xacN\xc3\xf2\x08\x1f[\xd6\xc4.3/\
\xcd\xc07r\xd9\xf3\x1e\xee\x00|\xdd\xc6\xcau\xa5`\
U\x1a\x95h \x15\xd6\x02\x0f\x97\xd5d\xb2q\x04C\
\xec\x18\xfd\xae\x9fAjR\xees\xf9\xf50\x13f\x8f\
\xf3\xbc\xfb\xee\xce\x8dT\xd7T\x96\xcb@\xd5r\x98\x0a\
\xed\xf3:\x09<\x028\xdc\x0d\x19_\xd3eT\xc8\x03\
\xde\xe7-\xd9\xd9\x10>\xa6N\x12\xdb/f$_B\
.\x0f\xe2\xa8Vv\xa9%\x10!1\xf2I\xc7\xd3\x8a\
\xac\x8d\xd5\x05\xe6\xc34x0\xa9d\xc9\xee\x7fGQ\
q\xbf\xa9\x94.\xb9\x0a\x94n\x06\x09\x90\xf0\x9d`\xd1\
\xfa\x8dEe\xaf\xae\xab\x92\xcc2\xb9&\xb3\x0c\x0eT\
\xf8\xaa\x95\xbdM^h\xd3\xe5\x1af\xad\xe6rR\x80\
\x17\x13\xf2\xd9\xbfA\xf4\xc2T\xd7\xa2\xe4\x95\xdd\xb5\x0d\
\x80\xf6\xb1\x1d\xff\xc2\x8a\xcc\xc2t\x5c\xe9\xf0;\xc1\xcc\
\xb0\xec?\xcb\x8a\x0a\xd3\xcb\xef\xe8*.+\x06\xafX\
[kd\x13\xe8\xd64\x16\xc9\xa2\xf0\x13\xb9Od\xbf\
\x98\x9f\xfd\xdd\xbc\xa5\xc1X\xfb\x8e\xe8\xf9\xee\xc1\xee\x86\
X\xd7\x8e\x81\xbeK\xe08;w0z\xe4l\xac\xb9\
\x8b\xf8\xce\x883\x8d\xcc\x11\x03\xd7\xcf\xc7\xce\xfd\x90\xfd\
*\xd6\xd38|\xe8\xd4\xd0\x05IF\xd6qpxG\
G\xb4s\x97/\x01eR8\xb6\xf2\x85\x8a^\xf7\xbb\
\xc3\x05l\xb3~\xd7\xb4dS9\xe5zI\x15%-\
\xa6\x9f\x8ce\xff\xbe\xf2\x85Q\xd4\xa4\xbbx\xf5\xd1t\
\xa4)\xab\x92\xa1\x15\xe5M\xc0\xe6+\x9d\x0b\xb9\x9ex\
\xedY\x5c\x0e\x16,\xb4#\xa0B\xb1\xf6G\x09\xd8N\
%A\x9aIz\x02\x09\xda\x18|\xd2j\xc5f\x17\x1b\
*\xc5\xf3\xd1A\x80\xff\xbd\x96\x0a]\xcac\x1b\xbd\xd3\
\x0d\x82\x0d>o5\x89\x06\xb8\x09\x99mT\xed(\x9e\
\xac\xd4\xa3\xd3\xc6r&\xf3\x06s\x9eX\xf6\xab\x97\x5c\
\xb3\xeeW\x94\x8a\x1b\x22\xd5\x05`\xa20f\x0f\xb1\x82\
\xa3\xcc\xdeW)rp\xd4\xf9\x9b\x06Y\xc4\x92\x10/\
H[J[W\xbe\x0e\xbaA\x9c\x08'\xc8\x83\xd1P\
S\xd7\xef\x12\xf57rk\xa1_lM\x12\x22x\x94\
\x05<6\xccCw,ZQ\x1al\x82.\x97\x1a6\
\xb5\xab\xbe\x84\xf9%\xe6P\xbf\x19\xa3\x87\xba-[\x81\
~\xe5\xe6b\x9b\x8c\xa9\x8a\x0cB\xed\xb2e'\xa8\xd8\
\x8c\xf3\x1a\xf2\x10\xbf\x9d\xb3h\xe5\x0b\xda\x95\xfe5!\
E\x84s\x07\xf9\xfau\x22W\xadrZ\xb6B9\xa3\
\x8bLYL$\xe7)\xd9\x13\x9b\x168K\x0c\x89\xaf\
\xf5[\xeb\xdaL!R1|\x8b\xfb\xcd\xb7\x7f\x93[\
?\x91^\xa2\xbc\x09\x08\xd2\xd2\xfax\x8f\x10X U\
\x07\xd6\xcdB\x22\x99\xb1R\xcadB\x16N\x0cH\xc9\
\x1a\x03\xe5\xab0]\xae\x9d\x91\xc0\x8a\xcc\xb2b\xac \
\xe5\xf0}\xcci\x81\x1f \x90:\x97t\xb0\xb9\x88&\
\xae\xd2V\x18k]^.\xeb\xaa\x83k\x99\x1el\xac\
\xa1)\xf4=+2\xeb\xfe\xc5\xe7\x9b\xe6\xc9\x16\xcb\x83\
\x1b\xcb\x11\xc0,\xbf\xad0\x02\xff\x16}\x1f\x8f=\xb6\
}\xe1,X) \xb9,14\x0f-\x95\x15S;\
\xb8rd\x14\xb7\xf1u\x84\xc7\x11\xda\x17\x19!d\xa3\
\x05\x95\xfc\xb3\xc8x9Zd\xf7$v\x0d\xaeE\xc8\
\x06\xfb'\x98W\x17\x1ap\xb1\xd2\xe1\xb5\x11\xf6\xf0\x89\
\xee\xbe:\xd0w\xca\x84\xfa9\xd5\xb2\xc6\xbc\xfeE\xdd\
+\xe0\xaa\xca\x1aC\x8f\xfb\x8e\xa7k_\xcfk\x7fy\
F\xf1\x7f<\xbfvu4\xc7%\xec\xfc\x16\x17\xf9Y\
\xfd\xd6\xc1\x0f\xfb\x06\xfb\x8e\x11\x8b\x15\xfe\xca\x03;\x86\
\xae\xbe\x17\xed\xd8\x0d\x0a\xd2\xb3'bm\xc7\xa2\x87\xce\
F/\xbf\x15m\xbcl\x1c\x1d\x077\xbe\xf6\x90\x11\xac\
\x90\x16^\xbb\xf1U\xa1k\xfbD,\xf0\x8aX\xe2\xc0\
\x17{*\x0a\x8f)G\x18\xdb+B\xab\x00C\xb1k\
\xa2\xa7\x8a5\xe5\xc1\xf5\x1bKM\x9f\x9fF\xaa\x97\x18\
\xb6\xb0\xe9%n\xf8n\xc9IW[\x0ao`\x1a\x95\
\xb1_\xa7u\x0e\xe5&A!\xc7\xc1\x03Md\xd9\xaa\
\x8a^|\xbdF\x05\xbc0\xbcq\x83\x87!\xabJ'\
&\xc2S\x84\xfd\xa6\xa0\xca\x87f/\x03\xe1\xa6\xa3\x5c\
\x16\xe9\xe1j\xb0\x1e\x8dvW\xa4\x03\xcf\x5cV\xbc\xfb\
\xb9\x1f\x94\x83h\xd50\xce\x7f\x93\xc4T(\xe6\xf5\xa2\
\x8d\xeb\xd1u\x18\xbc]\xb8\x19\xa7\x22*\xad\xa9\xb4\xfa\
\xfe\xa6C\xd3C\x9f\xedg\x99rQ\xa21\xec\xbe\x0d\
\xfc\x0cC\xab\x86N\x04\xd0\x92f\x81\x1f\xc7\xc1\x8av\
\xa3{\x86,\x1dW)r\xeb\xfb\x0f\xd4$H\xc2+\
\xcf\x18\xa2\xd9\x04\x96\x5cK\xc8\xa4\xda\x88\xcf`Y\xd5\
_\x08u_\xc0\x10Ta\xd1\x7f\xe7\xca\xa2~w\xc1\
\x9aZ\x099U\xae\xda\xb9R\x9c2\x9a\xdc\x16'0\
\xa5\xf8\x0d!Mm6\x0a\x1c\x14\xcaz\x7f\xad\x8a=\
\x1b\x8d\xbd\x86BEc\xf7\xd6\xe8\xe6|*\x1ct\x80\
\x8cU\x16\x02\x88\x97\xef6\x90\xdb\xa9y\x05\x95\xa5\x91\
j\x1bx\x9b\xf3e\xf07T\x130\x22\xe4\x86\x80\xf5\
@\xb9K\x16\xe4\xb9\xe7j%\x7fTa\x0b\x95;\x80\
\x11\xf7m\x88`&\xf3\xee\xe0\x14b-\x9fm\xea\x87\
\x8d\x87L\x07\xae\x0d\x95\xcb\xde\xf8j\xb9\xc0\x0f\xac\x13\
\xb1Y\xca\x9e-\x8e\x00\xc7k\x02*\x04\x10U`?\
\xddE\x9bG0S 8\x0d\x1d\x92\xea\xe8\xe1-\xa2\
\xfc\xd3v\x14\xec\x94Q\xf1\xae\x93\xf2F\xc1\xb5\xa6\xb4\
\xfc\xb1x\x936\x91\x81\xbc\x8d5\xbeT\x81\xa9\xbb\xfe\
~\xe7\xaf\xaao\xd7*L\xca\xab,(*+D\xa8\
\x91\x0f\xbf p[\xeeA\x0b\x18\x94I\xe4\xce9w\
\xdc\xe8\xe9\xe5\xb9O\x9bX~^\x86\x022\x00\x1c\x12\
\x8e\x8c*N!\x18A\xa4\xe3H 49\xa7t\xe5\
\x95\x03k6o\xce\x1a\xb3y\xf3\xdaGV\xdfD\x98\
\x8fK\xcf\xcc\xe4\xca\x08d\x1eP\x11\xedl\x8e}\xb8\
\x9f\xe9\x1ck#\x1b\x22\xa0N\xef\xd9\x17mj\x8c\x9e\
\xbf2|\xf4\xcd\xc1\xb7{q\xf5\xbd\xdd\x8b\xf0\x8d\xcb\
\x1f\x0c\xf6wY\xa8\xc5\xa7\xcb^aarZ\xf4\xd4\
\xc8\x158\x13j\x1b\x96=\xb7\xe2q\xd7~\x81\x96\xd9\
\xbd\x19\xed\xef\x10l\xe6=\xad\xb1\xae+C\xd7\xf6F\
\x1b\xdfboO\x8a\xa04\xb1\x95\x5c\xbao\x80\xc8T\
&\xf5V\xe3C&\x91,KtH\x1a\x932Jp\
\xc8\x12V9\x0c\xban\xf8\xee\x11\xc9\x99\xdf\x0e\x90\xb9\
d1\x1f\x99\x0a\xa6x\xfc\xee\x85\xb2\x95\xbfU}(\
\xe1\x9f\x90\xca\xa1\xec\xd9\xef/\x0f/\x11<\x9d\x14\x02\
\xca^\xcdj\x0a\x87\x1b\xfd\x87\x05\x19<qy\x9ex\
7\xdat(\xe8D\x99F;ZI\x1d\xb1\xbc\xb1\xb9\
q_\xc6\x19\xb9\xb7\xe2\xf2r\x0e\xb0bJ\x17\xb7\xcc\
\xf9\xbcZ2P\xd9\x0e\xc8p_c\xae(n:\xf4\
\xbd8 \xab\xbc+\xfb\x90A\x9aw\x8f+\x81\xf5\x03\
 \x91Q\xc8\xf3 \x09\xa7\x93v6MV\xa4\xc0\xfa\
\xcdEX;\x01\xcb-n0\xcd\x9a6\xd3\xad\xce}\
\xdfN\x94\xb3\xbf)\xcd\x11\x06\x8dW\xf33L\xf7\x08\
\xa3g\xb2\xaf\xef!M\x15\xf4\xe2\xa3\x9a\xa8\xa0W\x14\
\x05\x8f\xfb\x0bK_~~\xd9sq\xae\xf9\x09\xcb\xcb\
\xd7\xc5\x01\xb5L\xc6\x8ee\xd3]I\xb6\xb3\x84\xa06\
J\x13\x97\xb3GO\xe5F\x00\xd7\x8a\x8a\x22Uf\x80\
\xad\xad\xf6H\x0a;\x91T\xff\xcdd\x8f\x94`fU\
\x8d\xe9\xb9\xa9\x5c\xaa\xb0\x06%?\x1f\xa9\xac\xb21\x13\
\xc2\xa8\xe1\x9e\xa4\xcf[\x96Kb[\x89\x12\x82\x92\xbc\
\xa2\xa0\xd2f[K\x5c\xf9\xdb\x9c\x88k\xac_Q\xb9\
\xce\xb4\x02\xa6\xeb\x06\xa1\x95\xbf}\xfe\x97\x9a\x15'\x93\
\xd72\xecA\x85\x82&\xd5}\xf0\x18\xc8\xe7\x1f<\xb4\
\xea\xce5\xd5\xa1/G\xa6\x16\xedY\x91\x09\xafk$\
ZzO\xe8\x99\xfc\xf6\x91@\xd1\xd8\xd2\x94\xac1\x91\
h^;\xd0\xb5E{\x14\x8a\xd4'^\x8c\xb0\x97S\
M\xb9\x83\x22|8X\xc5\xf4\x18\xd6p\xe1k\xecv\
/\xaf^;7X\x5c\xf0\x1a\xd7v8\x1b\x14\x05<\
\x12@\x81\xad\xeeJ\xcb\xfa\x99\x96\xf0WtVa1\
:\xf1\xc9\x9b\x99\xaaU\xa1\x989\xd3\xfe\x8a\x9d>d\
\x1dD\xd4\xf0\xe6u\x15\xf7\x99\x80\xd6G_\xbcW\xe3\
\xf5\xf8\x8e\xbb\x08\xff\x0a \x87\xa7\xcb\x89\xd1\xe3;F\
\xd57\xe6{\x08\xc2]\x06\xb9\x89\xbc\xea\xb2\x9aj\xaa\
;\xcf\xb4\xe7\xb2f\xdd\xe9\xe6\xa5\xd7\x99\xe4\x82(\xa5\
\xf1\x85|G\xa5\xd0\x12\xb5\x84\xcd\xf6;\xe6\xe2D\x07\
]\x85\x95\x17\xdfhR\xe8MF1\xad\x95yJ+\
w\xcaj\xa2\x99yF3\xdfd;X\xa5W\x9e/\
\xd8\x88(\xaex>g\xaa\x96D\xf6\xf3\x13\x9eg\xf3\
\xf6\xbd\x04\xf7\x12\xcb( \xea\xe5\xf9\xebx\xc4\xf1|\
\x0a\x18\x98\xff\xfc\xd3\xdf[a\x06H(\xa4\xc3x\xc4\
\x8f\xf2V\xb8\x9b\xf8\x85E\x0cW<\xa8K\xea\x0bI\
\xf9\xbf}\xa5T\x0b\x8dI+\xae\xd9P\xb16R\xc0\
^\x1b\x95\x91Wjl\xd1\xa6\xb6j\xe3e\xb5|T\
\x1b\x85\xb3\xcc\x1a\xd4;\x01\xcc\x04x\x10\xef\xff\xb7\xbd\
5\xcau\x1fp8\x09\xd8\xb3\xd80v\xa8\xa4\xf7\xae\
\xaeU\x97\xbd\xee\x93p:\x14\xb9m\xc9\xd9.]]\
&\xd1\xdek*\xd5`\xdf\xde\xd8\x9b\x0d\xd1\xf6.\x8a\
}\x05MX}\xbf\xa96\x19\xcd\x94,\x80\xa3\xa6\xad\
5\xe7\x09\x85>\xe3\x1e\xad\x01\xa6\x9e\x90E>\xdaq\
0\xda\xb8}\xb0\xaf\xc1d\xf9\xb2\xc8\x85s\x10\xddf\
\xaa\x93K\x0e3\xd3+Y\x12s\xa1\xbbL\x83\x8a6\
\xf6\x18\xca\xf2\xee\x1f\xbf\xfcum\x92\xc6\xfaN\xe9l\
\xb6\xc2\x80\xd4\xad`\xddx(aA\xc2\x82\xe0lA\
\xabU\xc0y>\xc4\xcf\xdc5\xb6\xb6\xba\xba\xa2\xea\xa1\
\x05\x0b~]\x7f\x9a\xf3g\x15TT\xd0\xdf\x8c\xa9\xd7\
\xcc\xcc\xe3\xd6\x95\xf3g\xa7\x95\xc867i\xdf\x14\xf7\
p\xd8\xb0\xae\xbc\xa6\xdar\x85\x8e\x12C\x95\xb4\x81\xc7\
\xefX\x89\xc9u\xd8e\x85\x0f\xec\x92\xb3V\xb3u\xa8\
\x19\xd6'T\xac\xddX\x1e\xc9gK0\xdffRO\
\x81\x0b@\x83\x1b\x8f\xad*\xa8\x8dX\xcb\xde\xf6\x9a\xeb\
xN\xae\x023a\xb1\xe9U)\xbd\xbd\xf5\x15\x1dF\
_\x15\xa9\x5cW\xb0\xbe\xbcf\x83e\x9e\xbb\xfe\x96]\
?\xae],Y\xb0\x80\x98\xb1cXj8/$e\
\x1a\xce\x8f\xaa\x04\xf7n\x9dP]Y\x13!B\xb4\x82\
\xf5&\x11\xb3\xe7\xba~\xd5~]\xcfdG\x93z\xfa\
\xd5\x8d\xa4,[U\x93\x19\xe9_}\xb3s\x13\xc7\xd7\
*\x5c?[\xe8\xe4\xab\xbb\xd1\xdf<p\xf5\x08\xcf\x9b\
\xb4\x8b=_\x86\xeb[$\xac\xb6\xc5\xdc\xf4[8I\
\x0c\x9d\xbfu\xdc\x96n0\xee\xbb\xea\xf4\x96\xc2Jv\
\xd8\xd6\x05u\xce}s\x07Pr\x9ab6:E\x5c\
\xe8eJ20\x92R:'\xfc\x8b\xfc\x03\xa0WW\
:>{\x0b\xde\xd2EuH*F9\x06\xd8\x17\xc4\
\x8e\xbc\x13\xed\xe8\x8a^;@T\xfa\x96\xbe?\xe5\xcd\
\x81\xb3\xf5s\xf4\x16\xd6`'7[\x157\x84F\xf8\
\x08\x8a<l[?\xc7\xd8U\xf4\xc2v\x0b\xc3\x84\xd3\
\x8dG\x95|c\xe2\x01r\xe4,{\x8c\xf0Dm\xd2\
~\xc7\x7fK\x83:\xd0\xd3\x1b\xdb\xbb\x13#\xcd\xd3\xc4\
\x99\x91\xaaF~3<\x9f\xf8\x8d\x13\xc8\xa9=4e\
\xef\xaf\xb2\x7f\x8a\x80P\xdcC\xca#\xe9[j7\xe8\
\x95$\x92\xb8\xb5G\x1b/\x0d\x5c=4\xbc\xffHt\
{\xc7`\xdf\x99\xc1\xbes\x14Zgy\x0fap0\
\xfex#Wr\xa5\xc6YB\x09\xa9\x229U\x06/\
\xb3\x8e\x95Az\x1f\xca\x1f\x97\xcf\x19\x83p\x84\xf2\xb2\
N\xaf\xfebKq\x84\xec\xf3Xa\xa9J\xa2\xaa\xee\
-\x12'\x95\xcf4\xf7*\xf6[\xdbz@_j9\
\xafQ\x84\xb5\x81\xa5\xc5\x9628HWG\x97\xad\xea\
\xdaU\xf6\xb1\x9aXc\x0b\xa9\x8f\xf9\xeb\x8a\xb1\x96\x07\
O\xf7\xb1Y\x18\xe8\xef\x1e\xbap\xd4\xb2\x0c\x1e\xf1H\
\xaf\xc3+\xa34\xdaZH\xe9zpXm\x1e\x97?\
Q\xa6\xe2\xc2\x1c\xb0+\xa1f\xef\x82\xa2\xe62\x17\xa8\
\xfd\xa4h\xb3\x0e1\x99\x1f\xee\x8f\x1d{k\xe8\xc2I\
\xe4\x99:\xdf2\xf4\xc3\xc6h\xef>OR.\x9a\x19\
vg\x10\xbfIlWs\xec\xa8\x91V\xebQ[\xd7\
\xf8\x06x\xaed\xa3\xda1\x98\x0dp\xf4\xbe\xb8\x02<\
\x22\x9b\x17\x92\xdb\xda5^\xe8\x9d\x1b\xdau\x19[\xa3\
e'\x96\xa2\xd232)P\xac&\xbf\x91w:^\
i\xd3I\xe0\xd33\xd9\x0b\xd0\xd9\x10=\xac\xd2\x8f\x05\
\xb6~8\xed\x11\xef\x96\x93\x92\xcb\xd2\xea\x22o\xab\xa5\
s\xb8\x0f\x8f\xedBu4r\x96\xe2\xa7\x9e1\xf8\x96\
\xd36;\x18\xf8\xa4\xd0\xb6S\x07\x00\xf1\xaa4_~\
\xdf=\xdf\xdb\x03dk\xacm\x90_\x1c\x1a\xbfe\xb6\
$\xc5\xc5h\x98\xadS\x9aF\x98m\xe4\x07c+\xb4\
_\x19n\xdc\xa9&#\xa3\xa1\xb1\x9d\xe6Z\xeb|\x0b\
j\xe7\xbbk\x1c\x97-b\x87\x89\x83\xdd+o\xad)\
\xcf\xc9QuY\xd82`2\xaer\xb6>\xde9\xee\
\xe1\x5c\x97p\x9f(\x09\xfa\xeb\xca\x84R\x1ed$\x0c\
\xb5\xe2\xfc,f\xeaA\x9drF\xba\xbdrv\x07?\
 k\xe9\xe1Z\xc7\x13\x8c\x15G\xea\xee\xc3O\xab\x1d\
\x13/;A\x8b\xcb\xac'\xc3z~\xfa\xe0\x98\xae\xf3\
\xeb\xb6\xfb\xa2\xde\xc2\x9e\x7f\x91\xf5uZ\x8bf4\xb6\
&\x14\xa1\x1f\xf0\xddi7\xd9\xddB\xd0\xf0\x91\xfa\xa1\
\xd3[)\xcc\xc4~\x99a\xc5l\x90\xe352\x95\x8f\
\x09\xc6\xafB\xf9\xbb\x92/\xce5\xd0m\x81\xd9\x99\x8d\
\xd3\xe1-UE\x1b+\xc4\x9f(\x0d\x9cIf\xb7\x85\
f\x07\x19\x02]\x03\xf9\x166\x9a\x94\xf3\xcfL\xe1\xb8\
\x85u\xa0\x92\x9f\xef\x11\xba]\x9c\x0bo\x1d{\xc4F\
\x94\x9f\x94pM\x14\x7f\x7f\x8a=w\xc3\xce\xcf\x0by\
\xda\xabJ\xdeu*\xff\x1c'\xd7r\x13^-\xdcR\
Q\x19\xa9\x8aT\xd3p\x83\x1c\x8c\xfeTRQU\x17\
|*;\xcc\xffR\xb8\xae\x1a\x84\x15u\xc1\xe7\x0a+\
L\xb4)kG\xbbO\xf8\x82\xaf\xe0m\xaeU\x06\xeb\
\xce-\xe2\xea\xc0b\x87\xa2WgR\xd9\xca\x81\xaeT\
\xae\xf2\xdf\x89/\xc4s\x11\xf7\xd8Z\xf9\x1bg4\xaa\
\xe5\xf7)jR\x15\xdcN\xb8\xca\x87v|\xc8\xbeF\
\x00\x22\xc4W\x02\xd5Tg;\xb8\xb4iNH\xe5\xca\
W\x86\xe5f+g\xfd\xd9\xa8\xb4w\x8f\x9c\xf5T\xa9\
\x85u;\xf7\x1b\xd3\xe0M8\x07o\xeb5\xde\x1el\
\xdb\xeckB\xe3\xb6\xfe&\xf7\xe7X\xc4.\x02zK\
\x15w\xbb\xd4\x05\x07z\xda\x86v\xbc\x13m=K\xab\
\xd8\xa6\xe1\xf9\x8a\x1bI):\xdbxZ\xb9zg\xf9\
\x89\x85F\xb6\xeb\xec\xd0\xceN\xcb\x0d\x8c],\xb9\x82\
\xea@\xac\xd5\xb9\xc9\xcc\xee\xba\xf5sek\xc0^T\
\x07\x85\x86+R\xf1\x12\xbd>y\xcb\xc1\xe0\xc1\x84\xd7\
\x13\x82\xe0\x1f0\x03\xc2]\xc2\x03'$\x9b\x9e\xa8\x98\
\x0b\x01I\x0c\xbe\x1e$\x86\x02\xe7g\x8b\x8c\xa9\x09Y\
\xf3\x14\xbdn\xcbV\x94\x10\x94\xd8?\x9eAR\x8fO\
\x17\xbfsQ\x0an\x02\xa3\xd7\xdd\x1cF\xc2\x06Z5\
\xd7\x09\x15\xb7\xa3\x14\xe6[z\x95\xb9\xfa&\xd4\x1b\xcb\
0\xdd\xa7,L\xd9j&R\xf9r\x0dF\x19\x103\
\xa7\x87\xb7\x9d\xd6wJ&\xb8V\x0bG\xda\xda\xc8\xfa\
\x0a\xf3\xb94Z\xce\x8e\x89z\x8a\x8e\xaaQ[\xd7\x98\
C\xber\x0b\x94!lL,#e\xcc\x9b\x12yw\
\xb7#\xd5\x99\x13\x9f\x88\xbb\x07l\xbd\xe3Y:5\xe9\
#cG\x02\xb0[W\xf4\xd6\xbe\x91\x9bT\xf635\
\xc9\xa9l+\xba\xf3x\xec\xc2>dS\x16m\xb2\x1d\
\xc7y[\xf7\x0f\x5c\xdd\x09\x86\xf3C\xd7\xa2\xcdM\xac\
\x88E\xeb\x8f?E\x13d\x13C\x17>\x8a\x1d\xdc5\
\xea:\xe2\xdaD{\xe1$\xce*\xbb\xc0\x17\xe9\xeb\xac\
#\xa9\x13\xb4\xc7\x9a;\x83Y\x0b\xfc9\x96\xfc\xdb\xf1\
\xce\xc6\x02\xdf\xad<\xdb\xda\xaals\x81\xdf\x16\x9ee\
U\x8a\xe8\xb60\xef\xa5\xaf\xb8j\x0d.\x07\xeb\xcd\x94\
D@_\xd7\xba0\xd0\xd3:\xd0S?\xd0\xf3\x8e\x19\
\xc0\x90\x9a\xfd\xa1\x06R\x0b\xa0l\xffq20\x1b:\
z(\xb5l\x06\x9e,\xf0\x10\x88\x9d\xacu|$\xa5\
\xec\xd50\x18\xbc\x8e('x\x16\xdc\x8b\xef\x9d\x10\xa9\
\x83[\xd8;\xfa=\xbe\xa9\xc5w\x80\xb0mWS\xb4\
\xe3\x03n\xac;bK\xe3'\x9b\xadm\xf0k\xd8E\
\x01k\x8du7\x98\xedY\x82!\xca\xff\xd1\xb50\xa1\
~\xdfn\xc3\x1e\x9cwg(\xb5\xa82\xf7\xe7%K\
\x9c\xb4\xe4S\xe1u\xcco\x07*\x00a\xe2<!y\
\xa0\xe8D\xd7\xdf\xbe\xf8I\xdd\x12<\xa3]r0&\
t\xf0z_\xec\xc0%==\xf9a\xe1j\xec\xdc\xc5\
4\xf8h\xf3\xc5\xd8\x91z%Ky\xfb\xf0\x8e\x1d\xc3\
\x87\x9b\xa2g\xda\x06\xfb\x9a\xe9qm\xce\xf48\xefL\
\xb7\xd9g:\x10\x1aW6\x03\x08\x98\x9a{\x14\xa7~\
\x1a\x12v\xbfw\x22\xday\x81]\xab\x83\xfb\x8eY\xb8\
\x7fRPQ\xab\x14\xa0J\xf6\xe2\x19(\x0e\x9b\xd5\xaa\
d\xe0\xa0\x90\x96E\x9a\xdc\x5c\x92B\x12 >\xefb\
S\xec\xe0\xb5\xc1S\xbd\xd1\xc6\xb3\xc3\xdb\xcf\x92FB\
C`\x89\xc8\xd1g\xaa\xcd2S\x01\xf8'w\x9c\x5c\
\xb3|ob\xfe+Z\x9f\x87\xae^\x8d^\xdd\x1f}\
\xbf\xc3\x1a\xc6\xe3\xdd\x05(n\xdf\x05I\x1e\x10\xffX\
\xdfL\xd4i\xe0\xfb\xe4\x16,\x9e^\x1a\xafIW\xc1\
D\xbe\xd6\x83\x17\x82<-5\xcf\xa7m\xd8\xccC\xe3\
\x01\x8e\x83Zw\xe0w\x07\x1fv\xe1B\xf0\xb2s\xf8\
\x1b\x0d\xd6\xf0\xb1\x0f\x87O\x1a\xe3\xf0\xc8\xb6d\x09\x14\
\xca\x0b\x94,\xc1\xd4\x8f\x04\xd6_\xaf\xc9\x94\x06\xc5\x91\
\xa9`\xda+L\x07\xac\x87~\x16JXS\xeb\xa1j\
\xfb\xab\x81\x9e]\xb1\xfa3<?\x04\x9f\xad\xcev\xb6\
\x8ai\xbd \xd7\xf9\x07\x80\x0f\xd0\xaf\xd8\xcf\x87\xf7_\
\xc7\xa2f\xfb\xf8\xe8\xb1Xs\x17159\xbfE\xd0\
\xfc\x95K\xf4C\xcbM\x91\xf2\xfcG\xbb?\xd5\x5c\x09\
l\x16\xdeb\x8f\xd7\xe1}\x87\x86.\x18\xec\xd9I\xd9\
\xe3B\xbd\xe1tu\x16\xdea=\x8d\xb6\x1bo\xdco\
\x0aV\xb4rv\x98n\x10\x0f\x0b\xaf\x0ds\xea\xb2\x7f\
\xafy\x11\xd4\x05\xd2\x8a\xe9*h\xec\x82\x0bnA\xe0\
\x08\xbbs\x1ds\xe6\xe1\x81\xebG\x07\xf7\x1f\x82\xf9\xab\
\xafK\xb5h\x9a\x8b\xe5a\x90\xdd\xa8\xdd\xec\x8b^\xe8\
\x1fj\xb6\x9c\xc5\x82\x8bR\xfd\xfe>\xf6\x16\xb4\x17O\
\x0c=|p\x8c\xba\x19\xfa\x86O|l\xcal\x0b\xfd\
!7i\x99\xba\xb2{\xdb\xd8\x9af\xf7u\xb4g\xbb\
\xb5xd\x93\x12B/\x8a\xc7\xf6_dG\xa8\xa1B\
\xa18H\xe4\x1c\xea9/\xc8(CT\xbf\xb0o\xe0\
Z[\xb4\xb3y\xe8\xfc\x09\x0c\xa7\x0ds\xe4\x11\x06m\
$\xf4L(\xa1\xf6\x0d\xf7%`\x15F\xca\xc7\xc0\x15\
\x9c{\xec\xcf\xc6\xdbE\x8a}\xe3;y\xedp\xc1X\
\xfb\x194E\x0b\x0e\xd5\xd1z[:\xa73\x8f\xc7\xa4\
\xc6\xfdt\xf0\xb4]c\xfd\xbch\x15\x16\x0c\xb5\xd7\x9d\
\xdb\xd4\xbf*9\xd2\xcf\x97&\x96\xa5X\xa8\xf9\xed\x9d\
\xa1\xd2{\xd4~\xb6\x0f\xf6}4x|+;6\x91\
\xb7`\x0b\x9c\x01\xec\x99\xd2\xb9k\xe8\xfa\x8e\xd8\x91c\
\xe6i\xc8E\xb3U\xad\x8aIs\xc5\x5c\xfe\xc0^1\
C\xad(\x0dP53k\xeeQ\x0e\x87{M1\xaa\
\xc5\x09\x17Ds\xa7m\xa7w\xdd,\xfb4\xb2T\xe1\
Na\xcblw\xec\xc2Nv\x9f0\x0d\xc0\xd0de\
q\xd8M\xd8\x00\xad\xe0O\xdab\xb6s_\x85_\x8d\
\x8d\xfc\xc2\x91\x00\xa8\xf2\x00\x06\x04\x0cbel[e\
\xfd\xdf\x97\xb8\x8e\xa9GU\xf1d`\x11\x89-\xaa\x82\
\x0b\x17B\x95\xe5lz\x044&HT\xf4\xfc\x9bC\
-\x1f\x0cmo\x8f\x1d2\x8e\x9e\xd9\xd9?\xaa\xe8\xc5\
!\x81Fk2\x0b\x17\x83\xb6\x19\x06S\xb8\xa0V\x8d\
/\xf8\xbb\xda\x06\x8d\xbb\xe8\xc1\x81\xbeF\xb6\x90\x84\x05\
\x9f\x9a\xdaw6\xd6|\x99\x9d\x85\xec\x0fd$\x15\xe6\
\xd1\x0bW`>\xecn #\xa2\xb7\xe5\xbc\xec\x1f\xe1\
\xa0*M\xe8\xf8G\xbeR\xd6\xf3\x95\xb2\x8e\xde\xb3\xcd\
\xcf\x86\x8f\xbd\xf8\x09\xa9!;\x1bs>\xcfo\x7f\xed\
\x8b\xae\xe2\xd2\x84m\xa9\xadS\xf6&\x8eL\x0d/\xc8\
\xf9\xbc\xf4v\x0a(\xc8}\xae\xb6a\xcbp\xe7&\x8d\
\xc1\xa6\x04\xfd\xe4\xe7\x1aSD\x86\xae\xef\x0enY\xbf\
n\xc3:\xf6\x0a\x1e:\xd1\x1e\xddu\x8c)\x22\x8ej\
2t\xa91\xba\xa3\x17`\xa93}\xc3\x87NAq\
9pf\xe8\xfcE\x9e\x87\xf90;\xb1\xd8o\x99(\
\x04/\xd1\xf7\x9e;\xcc\x8eH\xd2\xf0\xcc\x93\xfcG{\
\x13s\x17+Gd_#.\xeaf\xe3\xe6MG\xc9\
\xe6/G\x02\xa1\xf1\x004\xc3]\xd1\xd2\xb5\xf9\x80\xa2\
\xfc\xc9\x9a\x1c>\xb73\xd6\xb27\xda_/\xbc\x13\xef\
\x1c\xb0\xe4\x03x<\xfbG\xf9\xaf\x1c\x18\xc9o\x7f\xa3\
\x1dx\xf6\x91\xa9\x90\x8b5\x14>V\xc3\x96=\x92\x85\
\x22(\x15\x19vF\x02\xd8\x02/\x9f,\x9f\x8b\xd0@\
\xc3\xfc\xf1\x12o\xfb\xfd\xe8^\x98\xb8\x99\xaaFPx\
\x0cF\x7f=\xbb/\xc5\xaa\xdau\x8c\xed\x0a\xee7\xf9\
p\xf8\xc0\xb9\x81\xfe\x830\x10_\x7fw\xb8\xfe\x18\xd7\
\xf7\xb0m\xa0\xba~\xdc\x16\xdbz2zjg<3\
J\xc8\xd6\xf5\x91\xaf\x15>\x93\xfbs\xb7\xf3\xf4w\xde\
\xfd\x94\xd0\xf8-OG\xfa\xd1q<\xfa\xbc\x1f\xe3|\
HM\xfc\x0f\xb9\xd1\x7f4\xd6\xd2\xc6z\xe5\xf9\x16\xf7\
\xe7\xe2s\x9a\xd9\x04\x0c\x9ek\x19\xe8\xddE_A\x8f\
F\xbfo4\xec[\xd9?*\x9d[6\x03\x9e((\
\x9f\xec\xeb\xd8\xd7\xe4\xb7\xcba\xaf\xfd\xe3\xca+\xa1\xc9\
%\xbf\xcf\xffmm\x03\x0f}\xb8\xa2\xa8V\xcf e\
\xd8\x91\xf7\x98\x8a)x\x1e\xb9\xa6\x8a/\xe0=\xc5a\
\xa9\x8ck\xb4\xb1?z\xfe\xca@\xcf\xbe\xd8\xe1\x8fX\
\xdf\x11{\xc7c\xecb]W,D\xd9i\xf9of\
\x1f\x0a}\x09c\x09FN\xe7(\x1b\xe8\xdb\xc5v\xf8\
@\x9fP\x1c\xe9\xfb\xec;yV\xfe\x9b\xc0\xe9\xe3\x14\
i\xf9\xac\xab\x18&\xf28'H\x16\x93\x1ck\xa9w\
\xb4\x8c\xe8\xce\x1e\xa6\x9e\xfe\x19\x07G\xba\xdb\x5c\xfe\xdb\
\xb9\x8b[\x1f\x8a\x5c\xd6T\xf2\x19\xde\x06X\xbf\x9b/\
\x0d]h\x8du\x9d\xb3+\xe3\x13B\xd1\x9c\xb5\xab\x96\
\x01j\x0a\xddR\xd1N\xfb\xdeb\xaa<S\xb3\x09a\
J\xba\xa2q\x05\xc0\xc9\x16\x9a\x97\xff\xd7\xca\x15\xd0\xd7\
\x17me7\xfa\xb9\xe8uC1\x09H\x9f\x9c\xc6\xe6\
\x19 \x0f\x9c\x9d\xc6\xd3t\xb2\x8b\xe2v=-\x0d\x8a\
_\xf1\x8fe;zjx\xb5\x22){\x96\xfd\x98\xb6\
lU\xfd\x1d\x91\x05Ec\xd8\xc9\x9c\x93\x90\x9b\x10T\
\xb0\xbew\x0d\x5c=2T/\xf2\xd89\xb7\xa6\xf1\x95\
\x900\x92\x12\xbe\xd1\xa9&\xccI\xa3\xba\xf12}>\
*\xc0\x7f\x02\x17\x0b\x87\xe2\x9aZp\x99\xe03B\xa9\
\xb5\x0d\xad\xd7[K\xb8\xf5-P\x08\xf2\xad\x08\x10\xb2\
\xf8\x19P\xb1\xca\x85\x1e\xa6S*\xc8A\xb1\xe4\xe8e\
\x0a{\xe3\xd6\xa1\xf3=\xf4\xf1x\xc7v7\xa8\x0eF\
<\x02\x9a\xbb\x84\x9f\x8f\x90\xb2\xfc\xb7\x84\x8f\xb5\x5c\xfe\
\x0f\x88\xbeznq\xdc\xf1\xa5\xd9\xed\xbf\x19\x09\xac\xd9\
\xbf\xad\xb2\xeb,\xd3n\x9f\xcdk_\xfb\xec\x81\xc2\x17\
\xfeG\xdd\xddm\xad\x8a\xa6\xbfD\xf4R\xde\xe0\xe2r\
?\xda9\xf4\x11\xde$\xd1\xde\xfd\xec\xe6f\xefk\xa8\
\xc4'\x0f\x22D\xe8D\xfb\xf0\xd1\x93\xd1\x1fn\x1d\xec\
\xed\x01Z\xc7|\x22L\x92G\xbe|\xac\xb9\x804\xf5\
\xe0\xc6c\xcd\x9c4V\x15\xe3\xa8\xe5\x94I\x13\xd5\xf8\
(\xd8\x93\xcb\xccB\xc5\xfc\xb7;7\xad}\x8a\xc8\xc8\
\xb6~^\x98\xfeb\x86\x80\x0c\xb03M\x0b\xe5Z,\
\x04\x9e\xda\x89\xd5w\xa2I\xe5!\xc3S\xebT\xb7\x83\
\x11\x10\xc7\x17\x07\x02\x18\xa6\x144\xaa\x06\x91\x1c\x1cS\
\xb7\x15!\xcc\xd8)\xd81\xcaj\xb8_4IL\xc3\
\xca#\x90=4\x06\xfbvS\x9c\xb2X\x17|\x83X\
f{\x0a\xda+|\xe6\xe5\xfc\xda\x06\xac9\xee\xe4\xde\
^\xf4S%\x18v\x96H\xf4\xde\xc2\x94\xe4^\x1c\xbe\
\xca\x22\x8a\xb5\xbc\x1b\xeb\xe8\x88\x1e2\x8f\x0f\x88\xed\xfa\
b\xfdK\xca\xe6\xa6l\x07\xfb>\x8e\xbd\x7f\xdc\x0c\xfc\
e\xc5w?\xb7j\xbc\xb2%'R\x85\xe1F\x1c\x9d\
\x96\xcd8\xc1\xad\xa3\xcd\xec]\x9ez\xf6\xc9\x9d\xce\xb3\
4\xdc\xd69\x84\xc9\xcc\xfdjh^\xee\x9f:7\xd5\
6\x18\x08\x8fyB\xda\x89K\xae\xed\xe3x\x07\x0e\xc1\
\xb6kP\x98\xd8x\xc4\x01t$\x02\x98\xa4\xbc\x01\xb9\
\xc25:z)@\x05\x07\xae\xee\x1c\xbcz\xdeX\xcf\
P\x10-\xf6\x13\xa1\xccY\xed'h\x01\x14\xd3\xde\xe2\
\xc4,m\xee\x18V\x1c^}\xadJ\x9a\xa8B\xc4\xcf\
\xd6\x8a\xbc\x1d-\xa9\xb1hg\xf8$\xd6\xa1\xa5x\xd1\
\x98\xe5\xdd\xbb\xf7h\xc5\x91Ht\xdf\xa9\xe1\xa6=\xe6\
\x22\xf9\xd5K\x1b\xc3?\x09E\x15\xb2\xbc\x89\xe4P\x8f\
v\xb4\xb2[\x8d\x1d~\xc6\xcb\x0d\xd4\xbb\x18,\x04]\
g\x8d\xc1\x90myZ\x86\xedjc>\x07\xc1\xfa\xfb\
\xae\xc4\x9a\xdf\x89\x1e\xbe\x86\x04\xa6|$\x99~D\xf0\
\xa2x3\x92\xa8\xc5h%\x91\x01\xc5\xb8}\x94\xe8,\
o\xe6\x95\xf1TE\xe4^1\xd5oV3\xe4\x8e\xe9\
X*\xcd\xd6\xa05\xf2M\xcb\xd0\x1c\xa0\xb2d\xba3\
L\xff(\x9e\xdf\x1e\xbe\xd1z=R\x0d]\x1da\x9f\
.R_T\xed\xdc\xc5\xae5\xb6\xddc\xfb?\x22E\
\x9d\x02=G\x8f\xba\x93ms(\x92\xa9>\xb2\xe2|\
\x15\xb3v5\x1c0BQ\x91\x99\xa9\x9a\xd3GD\xb8\
\xfb\xb4RK#r\x9f\x10\xfc~G\xf4\xca~\xea\x13\
\xbb|9P8\xbcv]I\xf5_\x10c\x86\xe5\x1e\
\x0e\xa2\xd55\xb5PU\xf1\xc4\xca=V\xffem\x03\
N\x00\xa9V\xb8\xcbA\xb4\x81\xeb\x95\xeb\xa4\xfc\x90\x8d\
\xb6\x1ec\x87\xac\xe7T5\x9cF2\x0e\x10\x0a\x1c\x8e\
\xf0\x91\x00\xde\x84\x07\xc7\x1c(\xdc\x96\xbc\xfa&\xac\xae\
\xb5\x0d\x9ar\xf7\x88h\x8c\x0er\xae\xcd\xd1A\x8eW\
\x12\x7f\xef\xb1\x13\x9d\xdd\x90\xc0\x9b^\xfe\x80\xac\xb1\xfc\
$\xb6\xe9}\x01gd\xb5\xf3A6a;\x1f\xb8\x89\
\xb10\x1d\xe0\x99\xb2b\xfenn\xc0\xb4\xb8\xca\xa7\xa0\
to\xee\x22\x88L\xec\xdc)\x1a\x00\xd6\x09\x1a\x7f\xeb\
@\x13\x91\xbc\xc3\xcej\xa7\xa7\xff\xba\x90\xad0\xc93\
\xa9\xc1\xb8\xa4\xf5\xbc\xbf\x9c\x1bdQ\xf3\xb3\xb5\x0d\xf4\
\xb1\xca\x03u\x86.\xf30\xc9\xa4\xf5b\x7f\xb8\xa6\x18\
D\xf7\x81x4\xf6\xbcx\xe7\xa3%K\xbc\xc5\xd9\xb3\
;v\xc0.]\x8b\x08\x0d\xa8\xa6W\x83\xa8H\x16\xdf\
\xd9X\xb2ddj\xe8\x8b\xdc\x7f\x0e}\x1a\xfe_\xb5\
\x9f\xbdZ\x04C\xcf\x96\xa7\xf3\x1b\xcb\xef\xa8N\x82\xff\
\xcb\x8d$W\x05R/`\x04%\x95\xbdog\xb4\xe3\
\xc0\xe0\xe1\xdd\x83G\x7fH\xf6\x1fv\xacE\xaf5\xc6\
z\x1a\x07;\x9b\xc8\x0df\xed\xb2\xb6\x08d\x97\xad\xf3\
\x9d\x08\x0b\x8bv\x04Z\xde8\x93P\x88\xd4x\xcf\xf3\
i\x0aUpTw\xdfgR\x0aDhU\x03\xa2\xaa\
\x7fq\xbc\xab\xbc\xc5\xe9)eYWq\xedD3\xfe\
l{P:\x94\xfcU\xe3q\xd8X\xb5\xc6\x19\xa4\xbc\
C\x0a\xdf\xfc\xa3+\x88\x13 \x112h\xa7\xbaj\x0f\
I\xa2J\xce\x065\xee\x92\x9c\xefu}\xa1\xdd%\x8d\
\x8dL%\xb3\xdc%sr\x96J\x08\xd4H g'\
z.\x01w\xc4\x11P\x98\xde\xf9\xd2\xe6\x1b\xda\xd7<\
\x18mlV\x81QP\xf6\x9bv\xd2\xd7\xd0\xf88l\
\x01x\x93\x5c?2x\xb6\xcd\xfe\x95\x89x\xba*\xeb\
\x89\xbfW-\x85\x94\x99E!\xcb\x9cNB!v\x02\
-H\x08\xe6\xac\x0d\x8dW*\xa4Q\x85\xe0\x82 \xfb\
\xc3@\xcfNK\xe5\xb9\xb8LEXz\x01{\x0b\x15\
&\xcc\xe7\xa0\x95HB\x10f\xc5\xcd7`\xe9\x82&\
Y\xfb\xfb\xce\xaf\xbb\xc6\x00\xban\xe9a\x1d,(.\
\x9c\x1f\xd9\x14\x09F\xcf\xb3\x03\xf4\xf2\xe0\xbb\x17\xc8\xf4\
%\xd4\xe1\xc3\x1f1\xfd\xd4X\xb6h\xd6\xb3\xcaI\xa4\
}\x95\xa3\xb8v\xa1\x88\xe2\xf6\x0b\x82\x17\xd7\xdf\xe9T\
\xdc\xe7\x9d\x8e\xe2[\x9e\xae\xcb0\x8a\x9fk\x19\xec=\
c-\xae\x05\xf1\xca\xe2\x1c>c\xc0\xf1\xf7\xff\x9b\x1b\
\xc8\xcb\xaeZc\x8e\xf7\xff[\xa4_\x9d\xe3\x0f\x07z\
wY\x0a\xedo\xd1\x0a\xb1\x1b\xdb\xb8\x17Q\x88\xcdc\
(\xe1\xa9\x047(6\x95\x0a\x07CO=a\xec4\
Q\x01\x0f\xe1\xa7\x12\xd6\xb9Q\x14\xa2\xca\x8auO\xad\
\xb36b(\x13\x01iM\xb4\xa9\x0b)\xa8\x92\xfb\xf3\
\x9a2oq\xee\xf1\xed\xb3\x16\xc7\x8dg\x14\xe7\xd7\x9b\
\xa1v\xa2\xf8\x9a\xda\xf0/64\xe7\xd6\xac\xf9\x5cS\
\xce\xa7\x8a\x8aL\xc7\xe9\xe8\x8a]j\x8e6\x1f\x8e\xf6\
\xf5\xdau\xf5I\x90#\x0f\x80-'\xaa\x93\xd4m\xc4\
\xa5\xf0\xa59x\xfe\x04\xbbR\x0cESU\xb8\x8c\xd1\
\x99bjXqF\x0a\x04\xf1\xdeOG^\x9c\x9d\xe7\
\xads\x01\xaf\xb1\xad\xbbd\x00\xb4w\x97\x7f+\xf6\x93\
\xd1UY\x99\xef\xab8\x9dl\xfc\xb4\xf2Eo'\x87\
\xf6\x1e\x1dl9d\xed$\x0eYmJE;\xc2\xa0\
e\x9dX\x9d\xc7=\x89\x1c\x9d\xe6fd\x85\xf4\x88}\
*H\xbe/\xe3vh\x9dRp\xa9\xfbg\x8a\xd4\xa6\
F\xcb\x835\x95\x8ai\xe9K\x03T\xd4\x9eH9%\
\xa7t\xed\x03Z\xd0*\x8a\xc7\x8e\xf7\x10\xf8\xc3pm\
!\xe0\xd4\x8c+\xd1^'wE\x9b\x0e\xb1KX\x0d\
+\xb1<J\x92 I\x09A\x1bK\xb5l1f(\
\x09\xb2\xb8Q\xda\x9dJ\x12\x88\x06n\x94\xd6\x03\x90)\
\xe9t\x94\xb9\xe5\x12T\xd2\x1c\xa3\xdb\x08\x06\xd7n\xe9\
\x1dM\xdc\xb8g\x1cj\x13P\x92\xdd\xc4_\xaf\xfb\x17\
M\x1d\xbd\x8bj\xf0[\x16\xe6\x0f\xbb^\x1aDm\xd4\
S#\x1d\xc0\x83gp\xe0e\x91<\xa9Xz\x83\x1a\
\x04\xad]\x1cB\xbb\xd1\xd3\x8f\xa6Gw\xf4\x0e\xef;\
\xc4}\x1a\xc0'\xf8\xbc\x86'\xe4&\x17\xfdkE/\
\xe2\x81Z\xba\x94\xfc\x1fwE\x9bw\xc4v\xb2'R\
/E\xff\x0c\x9dib\x0fy\x9f\xda+\xd2_\xbe\xdb\
\xaf\xf6\xe1k\xb1\xe3;\xec\xb5\xa7\xa1\xf6\xd6\xdfq\x0f\
\xb0`\x91H\xa8[\xb6\xb4d#\x8c\xa1\xca\x87pY\
\xd1\xe6\x8b[\xaa\xc1\x14QGvNcDHXV\
@\xc7\x9eg\x8d\xb7\x08\xfau\xfd\x11\x81>\xffu\xfd\
Q\xeb7\xe5f\xbd\x5c\xb6j\x19\xf8\x80\xbd\xdf\x04\xd8\
\xd2\xd9w`\xee\xef\xba\x12\xed\xdc\xedS\xbb=\xe4[\
{\xf0\xdd.\xdf\xdai\xa8\x8d\xd1,L7fd\xaa\
\x90\xc0\x07\x14&\xd08\xf3\xc2\x07\xa3\xac\x182j\x1b\
\xa0A :^s\xdf\xcd\x22iL\xb3%9P\xb9\
I\xc99\xba}\xf8P\xa7\xdd\xe4\x9f\x0a\xb1P\xe8\xd7\
\xbb\xfe\x8f\x89$HX\xc4?4\xdfv\xa8\xd3\x19\xda\
\xf8'\xe5\xb0\xa2\x1a\xd7w\xc4L\xee\xac\x94\xdc\xaf\xe6\
|\xee\xb1\xb94\x1f\x80\xef\xd5js\x09\xa0x\xf8\xd3\
\xbc;\x81\x1cR\xce\x04\xaa\xd2\xb1\x93\x8d1A\x87\xac\
\xed\xe8\x18(\xaad\xc7@M@q\x97\xc0\xcb\xdb\x92\
\xca\xd1e\xed\xa2\xe5\xd8\xa2\x8aq\x8e\xadTT4G\
\x1b\xd5|G;\x11Z\x89r\xe1p\x15\xc4\xfc\x18V\
\xa8\xac\x18\xea\x87\xa6\xc0\xdcE\xc5\xb1&\xb8\xf6\xe1c\
f4\x14\x9f@<M'\x11\x9c\xb9j\x8f\x8e\x0f\x1f\
:e\x8e\x91 \xd6\xd5M\xa4T\x98\x1e\x97v\x13i\
\x86\xac(=?\xaboF\x16w\xfd\xad\x0e\xbfS\xc5\
\xa8~\x1d\x18\x7f\xf6]\xe2`-+\xfcN\xa3AN\
\x22\x82\x14c,%N\x84\xf0#\xeaD\xa1\xb8\xaf\xef\
k\x16\x84\xaf\xbeY\xb4\xa7\xabu$\xb0*y\x05w\
R\x80=\x05f\x08\xa2\xb7S\xee\x8b\xc5$\x8d\x83\xc4\
\xf7\x0c\x1f\xe4^h\x0e\x88\x91Z\xdeq\x80\xfd\xb8\xe5\
\x81\x1d\xf8\xf4B\xb4\xdc\x1a\xd3\xd1(\xa6\x1d\x07\xc3\x9a\
Z\x5cJ\xa5s@\x07\x02\xf6%\xd5J/\x9a\xe3\xab\
\x80\xce\x07\xa6\xd5\x0ac\xd5\x91w\x86.\xf41\x0d\x17\
\x03\xc8\xcf\x22c2%3\x8d\xf6\xa0\x0e\x90L\xfb;\
:\x85(\x7f\x15\xfe\xf1\x00>\xebZ=\xe1\x12\xcd\xe5\
\xc2\x8aC\xfa\xbam\x0a\xbbK\x1aU\x11o\xfe\xd3\xdb\
\x86\xce\x98\x16uh\xcc\xb9I\x07\xd7(\xedp\x0d9\
\xda\xdc\xc4\x1eT\xe6\x0a8\xaet)\x89\x86\xd9\x94\xc9\
9o\xb4\xfd\xc0\x0b\xda\xf7\xc3|xF*z\x0b_\
\xdb\xfdS\xe9\x1d\xc1\xab\x17\xa7\xe4\xea\x9b`\xc0\xf1\xb1\
\xa0>F\x1e\x12\x84\xbc\xb6\x5c\x19\xde\xd1\xa1\xfaI\xe8\
\x09,\xee\x07\xb6F8\x0cd\x14\xb3\xea\xe3\xe8G~\
;\x19T\xc8\xf8!\xcd)#S\xf9\xfb\x86\xfd>\xf4\
i\xf8\xc6\xcb'[\xbaV\xdfD\xe6q\xd0;\x85y\
r[\xf4\xceE\x82P\xcf`\xd9\x96\xd6\x17\xc7`\xa2\
\x9a^\x00H\xa0\x87\x11}I\x1f\xe7\xf7=\xf6\xd6\xe0\
\x916\xc0\xc7i\x0ds\x02\xa8\xe8\x9eva\x94\xe7\x06\
7s\x19\xf3\xaew\xfeenV\xed\x1f\xd9r\xaeX\
\xf3@\xe8S\x00\x90aqTv\xcd<\xa7c\xc3[\
w\xe0\xe6=\xdc\xc3\x96t\xb4\x7f[\xb4\xa7\x87\xb5N\
\x10c\xb2HZ6\xcb#\xdc\x85\xc5^Y\x08g\xa6\
I\x81q_\xb5\xdc\xf0\xc1\x0a\xb8\x83#\x87K\xe9C\
\x8e\xe8\x03\xedS\x1e\xcd,\x9e!\xdc\x11\xa0\x1as\xe4\
(\xb5{FC\x1d(K?\xa7\xa1\x9fH\x10\x85~\
\xa2\x97\xe0@4\x1cos\xa8\x1f\xec\x10\x8c\x1diQ\
\xfb\xc1\x9a\x1c%\x8cZO\xf0\x94D\x86:\xa3\x172\
p6aA\xc2|\xa6\xf2\x13\xd8\xb4\x96c\xb5\x5c\xa5\
t\x12U^0\xff\xbb \xee\xb3\x90\xdd\x83\xf0b\xbc\
\xc6\xc3\x16\xa0*\xf6D\xadsQ\x1c\x09\xe1QE\x86\
\xf1\x82\x9b\x0c?\xcf\x9bP\x84\xd4\x01\xdf\x13D&\x95\
\xcaiJ\x22yfx\x12\xac\x85\xef\x1eia?q\
\xc2wc\xed-\xc1\xef\x95[\xe8\x95\xd3\xd1\xc8\xc8\xd4\
\x9a\x177o\x96\xd0o\x1dcB\x22\x80\x10\xde\x7f\x08\
Tf\x0a\xec\xdb~\xe3,\x0aW\x95,\x81\xf7\x08\xd3\
\xc7\x93\x18\x8e\x81\x8a\x02\x0e\xab\xf0O\x80\xb4\x07\xafk\
m\xc3\x96\xa7W\xfe\x07H\xc44\x12\xcdg\xa2;?\
d\x8f\x09\xf2,\x89\xe9\xe4\xf0\xb3\xcf\xea\xb7\x92N\x83\
\xf3\xe8L3\xdb[\xc2\xaa\xcd>v\x07\xfc\x1e\xb0^\
\x9f\x07\x84\x07\xcc\x1b\xa7\xceD/\x1a\x96\xc1,\xd9\xaf\
\x9c\xd2\xc8\x0e\x9e\xf1s\xea\x9a\xcf\xdb*\x08\x8b\xc8\xfe\
]\x91PMN\x99\xc8\xafK\xc7\xae\x5c\xd1\xe4Ro\
.\xd1zu\xee\x87h\x857\x01\xa21\x1e\xcd\x16\x5c\
\xb80XQM\xab\x1eK\x93\xf5\xa1\xe32\xf9-9\
\xce\xfc\xa0\xb9\x1c7i\x872\x87\x06\x196\x07\x14\xf2\
\xb1\x8d\xf3\x0a\xa3\xdb\xc6\x03\x12\xa7\xe4\xb1\x1cRu\xbb\
\xe5\x10\xadz\xec\xe3\xbc\xb8\xdd>\x9e\xb8\xe6\xff]\xfe\
\x94\xf2%\xbb\xb6E\xf77\x99I\xb0^\x0d\xdf\xc4\xc1\
\xa6A\x17\xd3(\x84\x84\x0e/;\xcc\x90\x87\xa6\x00\x09\
\xa9t\x86W\x22\xd8\xa2I\x91\xfe\xd7\xc8\xf3\xa3<\x92\
y\x82d\xcb\xdb>\x05%\xb5T\xbc\x01Q\x96\xb3\xb8\
\x18\xe8Q\x14\xc7\x1e-LG\x03\xb4Sq\xaeB\x1f\
.\x9dS:\xb6\xe4\xf7\x91\x075]\x8723\xd3\xee\
l\xee\xa2N8\xdb\xd41\xec3\x8d\x99\xe9\x22\xb1\xc3\
\x1f\xc5\xf6]\xb1\x1c\x8b\xb3\xbb\xfe\xb9\xf8'8\x0e\xd1\
\xd3\xc2\xf4\xcd\x9bk\xeb\x9a\x96c=d\x8d\xc1\xedf\
\x1c\x90\x0fF;\xda\xa3;\xfa\xe4\xe1\x8c/a\x8d\xb3\
m;x\xe8j\xf4T\x03-\x168\xb2\xf9\x15\x16\xef\
\xbc\x5c\x5c46g]h\x1c!!\xd0ba\xba\xda\
\xe2H \xfc\xbb\xec\xea\xa2\xb1{\xee\x02\x80\xb1\xb5\x92\
n{\x85\x088\xa4\xf6\x84\xdd\x0e\xd44^|F\xd3\
\x18\x8f\x8e\x0f\x07\xae\x9da\x87\xd4\xf0\x9e\xf3t\xf1\x0f\
]xKB\xb7l\x0c\xc1)2%\x98:}\xed\xb1\
\xf6\x1d\x83\xfdo\xc7\xf6\x99\xea>^W-\x1d\xb9\x7f\
\xa9\x16\xe7\xef\xaa3\x0d\xd1\xe6C\xd6\xe2\xda\x13)\x10\
\xef\x19\x16\x90\xc5\xcb\xefX~^Y\xddJ\x15\xd2?\
\x8d\xe5Z\xfbz\xe8\x0f\xa1^u\xb9\xeeF\x02\x81\xde\
^K\xc9eK\x95\xd0\x01\x94\x8c\xf6l\xb7D\x0fL\
\xaa}\xbd\xeaO\xf2n\x87V\xa1vh\xf7\xe0.\xa9\
\x10s\x05\xc2\xc0y\xa1r\xe4\x22\xccr>q\xff\x97\
\x13\x82\xe8\x8a\x00\xbd\x17\x1ba\xd1\xf3\xa8\x11 \xc9\xb9\
\x1d/\xa8\x85\xbeQ\xaf\x07zw\x05\xb7\x14\xdb\x02\xa4\
\xe7\x14O[5\x0eg\x04\xd224\xaf\xde\xbcU\x05\
\xb1\xd3\xe3\x84i{;5\x05\xe91j\x91\xce\x0fJ\
\xbc\x10m\xfa`\xf0\x9d\xad&\xac\xdd\x85\xbe3\xbd\xa5\
\xc9\xc7*\xc5\x06\xb0s\x0c\x22\xc7\x90\x19\xbc\xf0\x99\xdc\
_+\xa7n\xc7\xeea\xb6y:wS\xbcY\xb4\xf5\
,G\xcf^\xf7\x131.\xae\x88\xb6[\x10\x11\xfe]\
\x1c\x11l\xd7\xdc\x82\x88\xd5\xb1x\x22.\x9f\x8e'\x22\
\x05\x22\xd6|V|N\xdd\x08\xbc\xea\x95\xeb\xb1=\x16\
\xac\xc9\x87\x9dc\xc0\xec\xeb-\x8e\x9d\xbd\xcf\xb4\x85B\
\xbaA\x04\x9c\xa6V\xb1\xdb\xa43\xd4\x8aN\x8cx\xb1\
\xb6\x10\xef6\xc5\x04\x89R\xc2\xfa\x91`(4zm\
e2\x9d\x89\x8f\x84\xe6\x925\x06\x00\x22 *F\x02\
P\x98C\xb3\x01 \xd2\x12\x10\xdf\xaf\x0a\x82\x0e\xc3\x91\
D\x04\xb8\x00\x08\x93\xde\x0dW.\x09\x18\x15\xff\xadu\
P1\x85F\xf7\xf8\xc4Y\x07\xd5\x98\xf14\xb5J\x9c\
\xb9Ft\xa4\xb7\x1d\x8aw4\xec\xc4(N<\xb5\xa6\
y\x5c[2\xd3I\x8c\xc3T\xebX\xc8\xed\x8b(\x11\
\xf7\x8c\xa2P\xf0\xfb\xc2\xbc\x8fY!\x80 \xf8\xec\x13\
\x8d\x06qP\xd0Q%\xb8\x81\x14\xbb#\x17CO\xb1\
\xe0\x16\x87-\x1f\xdc@\xe6\xe9\xcfdkn\xe4\x80x\
\xf2Y\x9d\xc9\xbc\xb8\x86\xa6\x96\xc5\xad \xea9\xea5\
\x8aW\x0f)\x9dq\x9f\xcd\x0f\x9a\x97&\xbd\x84\x1c,\
\xd0\xad>\x98yg\x81\xd1\xf7v\x96\xa0\xf7\xd6\xce\xa2\
x\xf8\x0exv@\x87\x84w~\xe9\xed\x0a-\xbb\xd7\
f\xbfP\x15\xe8\xd0\xdb\x10\x13\x92ps\xf7w\x0b?\
\xb8\xdd\x9c\xcf;YU\xa9$\x0c\x13\x9d\xb4\xd3\xe1d\
\x84\x7f\x03\xa4\x0f\x1e\x19\xe8\x1c\x9e1\x00\xa9l>\x10\
\xfeL1\x9fu\xbcC(\x1fzF\x88P\x13\xfe\x98\
\x89\x17j\x12\xcc\xfe\x11\xde\xc5\xd0\xfep\x15I\xf4C\
~;h\xef5l\x10\xdb\xea\xef@\xa7n|\x8bT\
?\xd6\xc2\xe0\xbe\xf7c\xdb\xce\xaa\xe0\x07\xdc;\xfd\xf5\
\x88\xc9\xb1c\x98\xc27BQ\x15\x9a\x0c{\x80r\xd5\
\xcd`Oh`\x1a\x0d\x982Y\x01\xac9\x83nh\
Ks,\xb8\x0f\xad\xeb2\x18\xbe\xb1\x22S\xea\x0dx\
\x02\x86\xe6\x81,6\xe7\xd5\xee\x9f!\xbeS\xe9\xc5\x1c\
\xc88\x22p\x07\xc2\xed\xd9sN\x9ce\x8d\x97\x07\xae\
\xee\xa5\xe0O\x9b\xed\x0e\x8d@e&\xe1H\xef\xc0\xf4\
\xca\x059\x9f#\xb6A3z\xf0&HAv\x84\x0f\
]8\x1d\xdb\xde\x08\x1d\x92\x87*Q\xa0\x83\xcd\x98\x80\
V\xbc8^\x8b1\x81\xb7\xe1\x87\xe2\x8d\xa7\x1cg\x86\
o\xbc\x98\xd1\xb9)\xeb6\x89f\x93;\x16\xf3E\xa8\
t4\xad|\xd0\x83h\xecT7\x93\xcb\xfa\xeb\xc1\xb5\
\x89\x80\x08>\x85\x0ep\x9d:d\xe3f0\xad7J\
;S\xac\xe6\x18\xfb\xc2\xd0`:X\x18v\xd8\xcd7\
\xc37\x90\xd8W\x90\xe4\xf8\x91\x1e\x14\xbb\x04@\xd0\x0f\
\xd5\x8dw\x01\xcf\x9b\xae\x8b\x9c%G\xe3A\xe0*\xa0\
\xd0\x09\x0d\xbf\x01\xa2\xb5=\xae\xe7\x00\x05l\xdb\x1d\xd0\
)\xa8\xb0\xf2\x85\x9cEFq\xa6\x12n;k\xde2\
\xbfS\xc3\xd2I\x952\x8e\xbf\xbcD\xccc\xd5\xda\xcd\
\x9f\xc0p1\x12\xc0\xf5\x18Jh~\x96\xae{\x0c \
=}4u\xb4S\x9c\xc0\x83m\xef\x0d\xbe\xdb\xe6\x80\
6\xe9\x1a\x1d\xe8\xa9\x87-Q^\xfc4\xe4\xcec\xc7\
2Q\x13\xa8\x0fh_\xc3\xe7\xdc\xe5\xb4C-\xd8\x81\
:\x22)@\xc2<\x85\x12x\x1c\xc5\xca\xde\xe8\xef\x9e\
g\xd0\x01\xa7;\x19\x01\xaa9#u\x01\xe7\xd3r\x03\
d\xeft\xean\xa9Ff\x003!@:\x02\xd7\x91\
I\xc5\xe7z\xf8\x0aE\xa3\xd3\xea\xf7\xbb\x00\xf0\xdc\xf5\
\x18\xd0\xe81k5\xa0e\xad\xc8D\xe4({\x88\xdf\
#\xad\xf6\xabo\xc2\xcfeSM4{\xfe<n\xc0\
\xbc\x18=\xdf\x1d;r\xccqO\x883U\xd1T\xec\
\x06\xff'\xd1j\xfb\x8f\xcb;C\x9f\xae\xc8\x84\x17;\
4/\xeb6\xb8>`bEO\xf06.+\x86\xb9\
\x9en\xcd\xdd\x9f\xd6d\x02\xa2\xca\xa1/\x0d\x00\xff\xaa\
)\xe5\xa8/C\x1f7\xc4z;a.egS}\
=;\xe7\xd8\xa2p\xbc\x22\x88&\xa2`<~\xdb\xc3\
\xcb\xc5M\xff\xee\xc5z\x8a\x87\xa9\xf2\x13\x86\x00#\xc0\
\xe3r\xa4\xb0\xed\xa4\xcc\xbbS\xfa\x9d\x04\xdf\x9b-\x07\
V\x90=\x14\xb483\xa2kCJ,\xbb\xa3\xf1\xb6\
\xbc\xd9\x0a\x80\xab\xf3\xb4I\xbaN\xea\x83\x9f\x85u\xa2\
P\x0f\xfc\x0c\xacI\xa8\xafa!xy\x1b\xfa]\xe6\
\xbcQW\x12\xca\xda\x11\xe8\xbc\xb8\xc7TF\xc5\xedH\
N\x14\x8f,\xad\xff2\xfc\x8b\x97\xbf\xbe-\x19I\x87\
r\x93J;\x95\xfb\x9aWv\xc2pb\xc7/\x03\xae\
}\xf8\x1a|Q\xcdM\xb17\x0d\x88\xedtH,Y\
R4\x16SR\xffe\xeea\x19;\x89,\x14J\x00\
\xce<!\xf9\xc0%\xf6\xc0\x11F\x96\xedW\xa3\xad\x87\
\xd5 IJ8a\x89\xc4\xc9\xf4k\xa5\xa5\xab5\x15\
-mK\xf6\xb4\xf7\xc8\xad\xb47t\xa6i\xf8\xe4n\
j\x95}\xa7o\xf3\xa9\xd4\xbc\xc6O2\xd1i\xc0N\
Q2\x1fu\x94\xe7\x86\xb6p\x04y\xee\xd3.\xdb\xb7\
\x02%\xe7r\x95\xc7\x87XS\x9cR\xf7iN\xf5m\
\xbc\xf0\xd0\x16\xe7\xe0\x980\x12\x90I\xa1Jo\xe7I\
\xa92;\xef\xde\xfd\xf7j\xbc\x15\xc9\x97D\x1b\xbb`\
t\xe0G\x9b\x83\x07\x13\x16s\x5c\xf8\x87\x86w\xd8<\
\x9a\x89\xcb\xf35\xa0t\xa7\x8d\x96$\x80B\x16\xa8\x22\
/l\x83*\xa6\x89\x0ay<\x01\xe6\x02\xb0\xd4+\xc1\
%T-\xef\x89\xec\x05Og\x1bW\x8e\xa8i\x82\x1c\
\xa9\x96\x0d\xe4\x98\x82:\x1e\xc4\x22/mG,NB\
q\x1f\xd36U\x1b\x1d\xf6\x0d\x11\xc6^\xf5\x87}\xa3\
\xb8\xc7\xac\xcd\x8b\xdb\xcd\xda\xbc\xb8\x07WH\xc5\xad\xb8\
B^\xdc\x83\xf0\xe3\xc5\xed\x08\xbft\x14\x8f\x0b*\xa7\
\xca\x7f\x06\xa8\x5cJ\xacm \xb4\x05\xdf\x0fO*\x0f\
`E\x22\x1e\x89\x12|\x11|\xfaIc=\xe6\xfd\x8f\
\xcag\x95\xf5\xb8w\xeb`K\xbby\x06w\xef\xde\xb3\
\xb7K9\x83y\x80\xd6\xf0>C\x07I|\xfe\x97\xbb\
~\xa2\x88;\xfc\xe6\xd0\xd5\xd3&\x91\xcc\xe7+\xbb7\
\xcf_\x99\xad\x0c\xe0\xe1^\x84+\x9e\xd9\x19=g\x9c\
\x93\x8beq\x5c\xb4-\xc9\xb5\x7f\xcc\x0b\xc0\x16\xb4\xa6\
#\xf7\xab#SW\xc6\xba\x0e\xe3w\xc4\x9b\xb0\x22S\
:\x1e\x94\x1b#G\x15N\x97*n\xce\xc3=L;\
\x11d+\xbd\x1d\xd1\xe6\x03p\xf7\x9e\x7fs\xf8P#\
\x95d\xdbY\xc4\xd4\x1d9\xab\xba-,7O`E\
z~a\xf9\xa2\xd2\xff\xa9A\x22\xd3\xb8\xf9\xe7d\xac\
\xe7\x83\xd8\xb1\xbdv`d\xe2\x8a\xf4\xd7\x1eR\x87\xcb\
\x06OH\x05\xd4\x81`\x0f\xca\x11J\xa8*\x89m\xb0\
\x08V\x92\xe2%\xd15d\xa8\xbc(\xb4\x22\x13\xea&\
4\x9a\xfcvX^G\xa6\xe2\xc9Qz\xcf\xfe\xbd\xe1\
\x1bx\xb7\xe1<\xd4T^\xba\xd1\x8e\x88c\x90\xb0z\
\x00\xedq\xab+\x1bCq$\x1e96|\xe0#\xc7\
\x0dL'\xa4\xed\x89\xb3\x22\x13\xc8\xd7P*N\xdc\x96\
?\x16\x9d\xd1\x82\xf2\xa6C\xb3\xe1\xf0WXa\xf9\xe1\
:t\xe6tlw\x8f=\x10/cE&\xfc4\xa1\
\x87A:\x01\x85\x0c\x06:\xac\x06\xc5\x9a~\xaf\x03B\
\x19\xe8\xe9#C\x80\xd0\xaf\xb8E\x8e\xe6\xd8bk\x9f\
\xbe\x22\xd3\x85\xed\xc0~\xe3\x5cP\xc8\x94\xe4n\xa1o\
`\xb9\xe8\xc8\x1d\xe1\xe5p\xae\xa5\xe5\xb9\xcf\x1a\xf87\
U:$w\xde]\xf6\xb1f\xa7\x9ce\xca%\x89\xec\
\xaa\x89\x9d\xff\xd8n\xbf\x5c\xba\x82\xc7\xf6f\x05dl\
o\xd6x\xcaJ\x99\x15p\xa3g\xf1o\xfe\xb0\x19?\
\x12@F\xa6\x9cZ<sa\x96\xc8k\xa7\x12\xca\xfc\
\xaf\xe7\xdd@(\xf0\xaf\xeb\x8f\xa8\xa1\xc0\xbf\xae?\xca\
v\x06\x9d\xe3\xecW\x9e \x5c\xfa\x03\xf5\x9c\x95\x84\x1b\
\x88gj\x02\x1a\xb9\xe7\x9c\x93\xd2\x0a\xbe^Y\xc5\xa6\
\xc2\xb2\xc5\x9a\xbc\xb2\x9b`m8\x04\xf1YFD\xf8\
=\xe8\x22\xa5i\xe6(7q\x96\xf3\xbe\xda\x02\xc4g\
\xaf\xc8D\x12\xd0\xe7\xd7\x86\xe6a\xcd8t`\xcfr\
PfpU\xca\xda\xa5\x1a\x95\xd3}\xfc@\xe8\x80k\
\xfa\x10\xf4P\x9a\xde I\x0c\x0e\x9f\xb82x\xf8\xbc\
\x9d\xed)\xe8\xb6\x84\xad\x85\xc73\xd8\x16\xf3\xda\x0d~\
\xb3,o\x1b\xf4\x88\xe4\xcfg\xa2bdC\x15\x8f\x03\
-\x11\xe0\x0a\xe5\x00\xe0\x00\x0a\xcb\xaa\xe3\xe3\xe7\xcf\xbb\
\x9a&\xf8\xec\xe3\xd0\xad\xa60=i2\xcc\xb3\xcai\
\x8e\xe7\xcc>;\x16\x86mx\x8c(\xf2\xd2b\xb4\xc1\
\x8c\x92\xfbUm\xc3\xd3\x08\xb2\xff\x8f^\xddOcK\
\x0c'\xecT1\x8fF\xb6J\xb7%\xc3q\xac\x1c\x8d\
|)A\xf9\xe6\xdecsd\xda\x14\x7f\x7fR\xf4M\
6\xac\x97o%\xc9\xca\xc4\xe8\xf1&\xf0\x8f4\x9ea\
'\xdbp\xf7>C\xf0\x0beJ\x9e\xa4$,\xf0F\
3\xee\x15\x85\xbclg\xb5\x0d0\x00\x22\x05\x9c`>\
+\xe6\xafXP5\xab\xfc\xd0\xf7\x92HIv\x86\x9b\
\x9d8 \xf8\x07\x07\xb7\x14\x14\x17WF\xaaL\xae\xe8\
\xf9\xd8\xd58\x07\xe4)\x80\xe5\x0c\xec\xa1\xcc\xbd\x86\x96\
\xf3\xda\x8d\xdck\x0f\xd1\x1e\xa5\xed\xae\xeeuZ\xdd\x84\
ITr\xad\xedi\xf7\xcd\xb56\x07](+\x8aT\
G6\x8dLM\xf8v\xc2\x22\xb6\xaf&\x96,\xe1\x5c\
_\xdfL\xb8\x9f\xfd=+!\x88\x0c$\x9aa\x90\x9a\
?\xf7C@1`e=\xfc\xedE\xc1\xe8\xc5\x0eN\
U\xd7\x1b\xfc\xe6\xfd\x8b\xb2\x82\xeci5\xbc\xe7\x98\xcd\
\xb5W_Y2\x81rl\x85\x7f\xd3V\xaf\x84\x0fO\
\x89\xfe\xf0\x22\xdb@\x84\x1b\xe6\xac\x1d\xb8D-\xd1\xc2\
\x89 \x92Q&\x943\xc7\x98A\x8d\xac\x90\x8fv\xcb\
+\xdcJP#\x13\xe1QW\x89\xa5\xc6\xae\xae\xa2\xb8\
\x96\xd7Y\x14\xa7-c\xc2B\x92\x9b\xbfD\xde,\x0f\
\x1e\x83\x13\xc8\xc0\xd8\xb0\xff#;\x1ec:*\x8ax\
`v\xab\xae\xbe\x09z\xfb\xda\x06 \xb7\xb4\x5c\xbd\xf3\
H\x94\x03\xa1\x13\xd0\xb1\xcb\x1f\x90\x09\xdf\x01j\x93I\
\xd7L*\xc9Z\xd1\xe4\x05$\xb7\x8d\xad\xf8\x92\x173\
\xb2\xc7Q\x8e\x22\xf6\x06Ij\xca\xcfM\xea\xda72\
\x95\x1d#\xf3\xa0\xa9P\x02y\x91\xd9\x07\xf4\xda\x15J\
\x16\xa8\xf5\xec\xbf\xa5\xca\x02\xfb\xcb\xe8\xa9\xee\x81\x9ew\
`:\xd9w\x1ey\x10\x81\x1deG\xc6e,\xaa\xee\
}\xd0\x07\xd9\xc1\xd3#\xc3}H\x19l\xbe\x18tR\
\x22\xcd_\xbf\xb1\xd4\xb2\xf4\x16\xa1\x8f\xe0\xeb@\x0e\x1b\
\xb5\x97xgB\xd3\xca\x9b\x80\x8f\xce\xcd\x92\x09\xba\x95\
>=C}\x12\xcf\xee\xcb\x17\xa2\xd7\x1a\xccnyT\
/1\x95\xcd\xc2/N\xcb\xc0\xd2\xaf\xc5\xe8W\xe7\xa2\
\xcd\xe3\xd4>!a\xd3\xcal\xfc\x14a \xab\x92C\
\x0f\xe3\xcf\x91GWdn\x99\x1bJ8x\x87\x06\x0d\
\xa4\xbe]?<x\xb6\xcd2X\x94$\xf3\x5c'\x15\
\xa0@\x91\xe8\xc5&\x90$\xd2O\xf6]\xc3u\xf2\xde\
{\x03=\xf5\xec\x90\xb7]\xf0/f\xc0n\x0fLB\
\xeb'\xe1\xbf\xde\xff>\x19\xdd\xdfx]{\x9d\xcd`\
\xfd c=\xe1\x0e\x86\xcel%\xa53\xda\xb8\xdd\xfe\
dK\xd4\xccBIv\x83\xd0\x14\x142o\xc3\xf0\x7f\
\xa9\x9b\x06\x15\xe3\xdd\x86\x89+W(\xa1\x8fIlU\
\x0d\x5c\xddk)\x14Z\xa4\xbc\xa6x\x0a\xce\x81\x9e\x0f\
\xcc\xb8)\xf6\xa6\xd9\xbcy\xff^U\xa0\xcd\xc2\x9d\x02\
c\xf8\x1b\xdf\xd9\xadFk\xf3\x82\xb1\xfa\xbe\xe1\x1d&\
\x1f\x88\x05%\xa6$-1\xbb\xabF\x9a'\xf9\x04\x8c\
\xa3\x10\xd2\xf0\xa92Q\x10\xb4\xa3\x07>2,\x16+\
c%K\xd8`?\x8b=\xc9\x06\xbc@\xb1\xe3\x8cg\
\xcf0V+\xf8\xec\xc6\xd2\xa2\x02\xc3b\x93i\xd6d\
\x7f\x9b\x17'\x0f\xe7\x14M^p\x9eoF\xb6$\x0a\
\xeaUfF\xc6\xec\x1af\x13\x8a\xe9\x96\xdc\x82\x8a\xa5\
^Fr\xab\x04\x82\xc6\xc7\xbb\xb5_\xdb\xea1lL\
\xf5H\x18<\xbd\xd5\xd7\xce1}\xd5x\x5c\x1bH\x01\
\x81\x8d\xc2\x86\xa0\x98}\xfc\x06\x9e\xbd\xe15%+\xc3\
\xd7\x80p\xa6\xa0\x04\x9e\x1bB\x18\xe4\x914\xae\xea5\
3\x05\xef\xaa\x099jH\x06w\xc0\x99.\x98\x059\
\x9fk\xeb\x22@\x05}V\x07dzB\x94yq\x9f\
\x10eH\xd7\xee+Q\xdc\x079(\xdd\x8a\xde\xe2\xe4\
6\xb4|\xa0B\xe2\x9ad\xa7o\x9d\xbe*\xd9\xab\xa6\
\xb5\xce\xb3\xe0\x94\xbf\xc6N8\xa9\x91\xb1S{\x14h\
\xf2\xb4U\xc9\x98y\xf8\x94\xc8\xffoM+5\x07\xb1\
\x12D\x06\xc2\xf5~\xc7\xd1?z\x0a)\xd1\x00\xcc \
pd\xe3\x00\xa9\xe8\xcd\xab\xcb\x1b\xaf\x05\xaa(\x0dP\
*\x1e\xee\xc6\x16\x1c7=\xbd\xec\xda\x03\xdc\xd8\x1a\xc0\
2kU2\x22?\xc0M\x997\xc1\xe52\xc1\xc5[\
\xd1\x8b\x17\xab\x96\xa6`\xb1\xd3\x10\x11L\x02\x9e\xac\xd3\
\x978\x8d\xd2\x0b\xd6\xfe\x9a\x99I_E\xd4$R\x97\
\xc1\xb7m\xfd]\xe9\xdc\x97\xf3\xb5\xa7\xd3\xfdN\x93\x0e\
G\x89\xaa\xe58\xd78k\x8c\xe9\xad\xf6\xf6\x82\xb6\xf6\
\xe8\xce\xce}\xb9\xbd\xff\xf5\xc7\x94\x87Z\xdc\xd6\x9c\xab\
9\xda\xf2\xce\xd0G\x1f\xc5\x8e\x9ao\xb0U\xc9\xd8\xc3\
2\xc8\x85\xc6Q\x8b\xce\x98\x05\x06n\xbe{\xd5\xf8\x16\
g\xdc\xecQ\x1b\xd3H,\xbe\x00\xde)X\xb9s\xb3\
\xf0x\x06\x1f\xa0E\xb4t/\xee\x84\x8d\x9b\x0d\x0e\x7f\
?\x13A\xa0yz\xf93\x87O\xfd3\xd8\xc2\x17\xaf\
J\xc6\xe4\xc9 \xb5\xce1[\x7f'\x07}d*\xfd\
t\xf5\xcdey5\x99%Kr\x96\x82)5|L\
\x83u>\x83\xb6\xd8\x8a9\xa2E\xb3a\xac\x95\xf9\x00\
\x98\x9d\xac\x00\x97?\x88\xee<\xce\x0d\x01\x97\xa2\x8d\xcd\
D\x8b\x0a\xe7\xbb\x15\x15\x9a\xae\xf7\xad\xf6\xf5\xdc,\xcd\
\x998\xdd\xafm\xbb\xf7\x90\x89\xa3\x5c\xd8\xae\xb8\xae/\
\xb6\x96h\xe2\xc4\xfa\xd1\xc5\x0d\xee\xfbx\xa8\xc1\xf0U\
O^\x95\x0c\xd4KM\xd9\x81B\xa0ar\xb3\xb4\x0d\
\x00a\x02\xe7\xb2\xaf\x0f\xbcz\x1c\x0b\x83I\xb5[\x0a\
VM\x8c\xa8,\x1a\xec}\xb5\xff\xa2\xb9!X!\x1e\
\x9b \x13f\x8at\x99\xa5c\xbb\xb2#\x9b\x94\x84\xa1\
3I@\xf0{\xc8\x98\xe9&\xcc\x8c\x1dia\xaf-\
@\xa3\xcf\x19\x0b\xe1\x01S8\xe8qM\x7fnB\x09\
\xd7\xe1\xf9\x8d\xbf\xe5oV\xb81\x1e\x99Z\xa3\xc4}\
\xeb8tK\xd6od\xb7\xfeP\xfb\xf6\xe8aS\x0d\
A\xd3#\x81em/n\xe3)+\xe6'|K\x89\
\xfd\xe0B\xa1\xc4\x9e\xde\x16\xcc\x9a\xff-\xb3\xdf\x19\xaf\
\xcc\x90\x06\xe7\x91\x80\xc8G\xa1Q\x1d\x15\xa6\x83\xc7\x0f\
e\xf2\x85W)\xd2_V\xac\xbc@.v\xc3\xcf\xad\
\x98\x97\xd1\x1c%\xa6\x90\x14H\xcd]\xe4T\x14Gu\
\xe7.\xd3\xd1d~VF\xe9\x1c\xe0{\x09\xf9\xa1-\
\xdd\xa9h\x13\x99\x129@X\x22A\xec\xebv\xba\x94\
C40\xad\x9f\xc0N\x01\xa2(\xf2\xbc+\x96\x09E\
\xa6\xc3\xfd\x82\x00\x15n\xa0\xe0\xc1\xbf\xb6`\xc4\x00\xe4\
\x1b\x99\xb6\xd2HZ\xbc\x14[\x89\xab\x16\xd6\xfd\x93\xba\
h\xdf\x1f\xec3\xae\xf0\xa4U\x0f\xad\xfc\xa3\xc2\x95>\
6z\xb17z\xa1\xc7B\x94\x9e\xa8\xb1/$\xd9\x19\
\x17RPh\xe5\xdf\xae9\xadh\x19D)u\xa1)\
\xdakx9&IZ\xaa\xd57WdB=S\xf4\
Q\x85\x89\x0a\xe7\x92\x04\x08Y[\xf4\x900)\xa4g\
\xc6-\xb9\x223/\xc0\xdelc\x0e\x14b\xd6e\xe5\
,\x0e\x9f\xcdk\xd7@\xa2\xf7\xab\x82>\x93\xd8Yp\
qr\xc0(\x8c\xe4\x9d\xed\xfc\x9d\x068\x81\x1d-4\
\xcdm\x81\xc3VX+\xdb\x92\xd1J\xd1\x19\x85\x8ck\
\x8e\xa7%q%\x10V\xb7g\x17\xb5\x17\xdbu\xc6\xc2\
\xca5e\xd5\xf2\xfdm\x0e\xec\xa8\x9a;\x80\xd7k\xc8\
\xdf;\xa3\xef\xef\x87\xf1\x15\x10\xa3\xeau\xd5\xebM\xc4\
\xefl\xc8(L\x8f,\xde\xf9\xaa\xcd\x99\xdc\xb9\xe9\x85\
2(J\x8a\xfd\x9eK\xc4\xae\xdbwi\xe8\xe3\xcb\xae\
\x13\x99\xd8]IU2&[\xb6\x92\x97\x82|\x02J\
\x90\xe7\x14\x8f<\xdf\xf4\x02S\xdc\x8eJ\xa2ZO\x88\
\xee,\xaf\xa8[\xe1\xac\x9d\xe6\x8a\x05\xb8\x93\xeb\x9a\x0d\
\x869h\x8eG4!:\x85\xa2\xa9\xab4\x86\xd3\xc5\
m@\x92\xc7\xb5V\xd5ei\xae\xb0{\xbd\xe2\x15\x02\
\xb9\xa1\x0b\xa7\x07\xfb\x9a\xec\xfe\xb1\xc9\xael\xba?\xeb\
\xfe%\xfc\xb8r\xd1\xe9R\x85\xd1\x84l\xa2\xed\xbd\xe6\
\xa1\xe8\x08\x03,\xb1s\x93\x92\xb6i\xaa)j\xf0\xea\
y6\xdd\xc3'\xae\x98\x97\xb9#\x87\x93&\xb2w\x87\
f\xbf\x9a\xe1\x91%X\x13\xf9S\xc4\xc7\x06\x06\x89\x9e\
\xc8'.\xc3\x1e\xf9\x14@q\x8cG\xc9\x84\xba,\xe5\
\xd4\x14U\xf8\xf6:\xb8\x8b\x0d\xaa\xbd\x1d5\xaa\xdfi\
\xc7J\xe9\x88\xe2\xda0\x89\xe2\xf6q\xa1\xe2\x19\xafF\
\xcd\xe2\xdd\x83\xc7\x0csK\xaa,^\x96\xa8\x98\xd8\x95\
\x0a\xb1\xe3\xc6\x09\x97\x0a\xf0e\xf8q\xa0\xac\x94:\x97\
\xdfb\xab\x94M8\xc1\xa3\x8c\xb3\x1dA\x11\xca\xd9\xce\
\xa3 \x8c]\xb2\xfaf\xe8\x9e\xb5\x7fc\x1a\x11\xc0\xda\
\xaf\x10r\x5c\xfe`\xa0\xe7d\xb4\x7f\xbbcB\x08Z\
\x8e\xed\xc7\x99\xda*\x88P\x83\xd3\xbc\x02\x83_\x1b\x09\
\xc0\xe6f\xcf\xff\x86g\x80bq{\x04\x0d*\x0c\xaa\
\xe0\x01\x11\x0d\x0b/\x1a\xb7\xb9\xb9\xb9\xc6`\xce\x14D\
k&\x0ct\xf5M\x8d\xa8t,\xae\x1e+W)/\
\xa9&\xd0\xa1\x92\x16\x0b\x04+\x99\xf3\xbd\xf2\x11\xbdd\
cc\xac\xcf\xf0\xfb\xcc^}\x13P8\xa0\x8f\x8a\xfe\
\xb5\xf9Y6\x087^.\xcb\xbb\xb3\xfcO\xb9?\x87\
/\x0c'\x92\xf6\x92x\x90K\xe2,H\x1cv\x04\x02\
\x8e\x13\xed<~\xec\x02\xf8L:w\xc7\xfa\xba\xf1s\
\xf2\x8c\xf1\x03\xca\xfe\xce\x98\xb2\xfa&\x22\xde\xe3\x18\x88\
\xd2\x9c\x00f_\xd3P\xd0O\x88\x9c5G\xd84S\
\x98;-\x06\x9cq4\xb1#\x01\x80\x08\xe1\xfb\xc7\x19\
\xa3\xe4\x80\xfff\xbcf\x10oB\xc0c\x8e\x0e\xa0S\
\xc7\x92\x1e\xfeqj\xde\x7f\xa5vn\x0a\xcd\xbb\xe5\x95\
\xaa\xb2\x08\x18+\x95\x9b.\xce\xdd\xdaJ\x9d\xc9\xba\xf5\
'[F\xc8\xf0\x7f\x19\xb6\x92\x19h\x98\xa3\xb8U\xb3\
l<\x13I\x12<\x19J\xd8\x09_\xb3\xd6\xc8\x93\xc9\
TR\xb2\xf1q\xc7\xf9m\xca\xf5#\xeb\xa9\xe4|2\
\xeer\x9b\x8f0\xc4:p\xeb\xcc\x1d\xda\x0d\xe9\x0a\xb3\
\xa6H\xb6|\x83\x06$\xe3\xdf`\xc5\x92e\xae\xbe\x09\
\x97#^\xd6n\xc2\xe4\xf0\x0d\xa0\xd7\xeb\x86:\x16\xc8\
(x\x8d\xeb\x89\xc9\xe2\x9eF\xe1\xc9\x91K\x0a\x18k\
\x8e\x5c\x1f\xec\xef\x1a\xba\xb6\x9b\xb0J\xf6\x83\x06\xb6\x12\
\xbds\xdc\x10b\x9e\xe77\x0dS\xf4DO\x0am\x8b\
t\xcd\xee8\xd6I\xe5g\xf8\x8a\xac9\x02\x95\xcdU\
\xdb\xe0]\xd9D\x90\x80-\x07\xe6\x11e\xbb=\xe6M\
\x18\xa8n7\xa6\xc5\xc8u\xedp\x22\x08X.\x7f\xf6\
Xv\x9e\xc8_X\xdb\x00\xcf\xb9\x0f\xde\xf0^\xa7M\
D\x0e\x10\x95\xeb\xad`\x0c\xb1\xc0\x17(&\x5c>B\
V+\xee\x04v(\xb7-\xcf\x97\x87\xb2b\xc6f5\
x6\x11\xf5\xf0\xb5\xd4\xce\xffv\xeeb\x83\xdc\x96j\
\xf7\xe2q\x13\x87\xe56\x89\xda\xd6zI\xee~\x834\
a\xf5M\xc4\x8aJ\xa5\x95\x82\xb11b[f\xe7\xa5\
\x00/\xd4\xf5d\xc7?\xd66\x80\xd0B\x19\xbd%\x90\
\xd7yd\xf0\xa3\x93\xaa\xf6\xea\x04d\x8ba\xe4i\xb8\
\x09M4|\xa8a\xe8\xfanh\xbb\x9c\xc5\xc2>\xb0\
\x91\xcb\xfb\xdb\xf4.w\x9d\xb3t\x99\xdd9%\x0b\x90\
t\xb0\xac(\x7fb\xe5\xd2\x91\xc0+3\x0e$ \xb4\
BQ\xe6\xc1\xe4|Ad\x14d\x8b\xa5\xbfc\xb0\x05\
\xf1\xe2\xb1\x03\xc7\x87\xd9\x0fy\x1c\x85\xe5\x16*\x1dK\
 \xa1\xba\x7f\x19\x09,{J\xbe\x9f\x8dc1\x8b\xd8\
\x09\x84G\x96\x838\x80\x1b\xbf\xda\xa4\xbe\xad\xe3\x9d\x92\
l\xd0\xd7>\xb0j\xbc\xed\x0cF\x07\xe8U\x06G]\
(a\xeb\xef\x9df\xff\x02\xcd\x1e\x07\xa3\x8az\x1aS\
/\xf0H#\x87\x1d\x02#v\x18\xb6\x98Gn\xb5E\
\x0e\x00\x16\x09\xc7\x81\xf9[\xfd\x9f5\x15\x9a\xde0z\
\x0f\x00\x08F\x8aq\x11C|\xf9|\xb4\xdf6\xdb\xe5\
wl\xde\xac\xcfvO\xe3\xe0\xdb\xc66\x9aN%y\
f\xa7\xa9\x00\x11\x03@\x85-Qz\xbb\x96fr\x9e\
#A\xe6i\x12h9\xc2@\xd1>a[\xdc\x9eK\
\x92\x1d\x96\x00\xe8i\xb6>\x1c\x96\x84\xbc\xb3\x1b\xf7\xd2\
\xa8Nm\xc3\x0b\x0b\xf3\xbe\xbf-\xd9c\xab\x95ua\
\x8co}+\xba\xbb\x15\xef\x7f\xab\x0e\xc5\xc6\xa2\xeb\xd7\
\x0a\xa0\x08c1x\xba\xcf\x82)b\x87\x02^2<\
^F\xcd$\x8bC\x81\x9e32\x0e\xc6\x96P\x16\xb5\
?Y\xbf\xc4z\xa4\x80s\xf0\xfdm\xf1\x8e\x94\xd9\xc4\
l##\xf86\xf5\xb6\xee\x94\x16e\x8a\xe2\x03\xd4Q\
\x8b\xd4bR\xf58>\x90c\x9f8?t\xfe\x94j\
DvB\xf9\xa8Y\xcb\xc9\x00|s^nVkJ\
\xeev\x9e\xba1\x00\x92n\x09\xac\xdc\x96\x8c\xd1\xf7\xe4\
f\x83\xc2D)\xe7\x90\xcb\xaey\x8f\xcc\xce\xd8N\xdc\
\xdc\xaa\x8b\x1fV\x12>=\xbe\x09\xdbx\x0c\x8cgz\
\xecy/2\xa9\xa4\x88\xe3R\xd3\x90\xfbA\xc0\xa69\
\xb2\x822\x09\xb9\xbf\xfb;\x95\xc4k\xe6\xbc\x89\x8e\x00\
\x1f[\x1e\xd03\xea\x03\xed\x03\x0b\xe8E\xa6\x08\xcf\xd2\
\xb2-\x07D6\xf0\xac\xa0\xe5=:\xc5\x9eU\x5c\xf3\
\xe7\x8f\x9aL<\xc3\x11\xe2\xd1 \x94^|E\x8a\x91\
\x8a\x81\xa53I\x04\x11\xd2f\xc8\xceY\x18\xa4\x92H\
7CVW\x04\x8a\xc2\x7f\xd3\xf9\xd2\xe6q\x9ae-\
\xcb\x91Aif\x5c\xd2m\x1e:*\xa2!\x88e\xdb\
j_c*)\x00\x9e\xa4\xf0`\xb7h\x8b\x08*)\
\xa11\x1du\x86\xb6\x86}e9\xc2 \x04\xf7\x12\x04\
\xda\x85\x09\x13\x0d\xbf\x89H\xa4aZ\xb7\x09\xcb\xba-\
|\x0382\x15\xc6F\xd09\xc0\x00=\xf1\xb3y\xf1\
\x1bD\xa0U\xc7\x05\x810S\xa0m\xc3\xa7\xbb\x90=\
G\x87\xd6\xf9\x86\xdc\xb2\x03\x07\xe6\x94\xad\xbfi\xbd\xcd\
\xcd\x22\x0bw<\x05z#a\x91f\xf9]D\x9db\
\xca\x06\xf4\xaa\xf3\xdd\x03WZx~Yr\xcb\xbb\x11\
\xde<\x99\x11\xc5v\x9a\x1c<\xb7\x97\x1ePvK\xcf\
\xf6\xe8E\x03\x8a\xb8\x08\x85l\xee\x1a\xf63\xfc\x1d\xab\
\x98\xe2hJ\xf8\xaa\xaeJ\x88(\x06P.\xd2\xeb\xc0\
\x09VW\xd6Dx MI\xc1\xfa\xaa\x88\xd9\xad\xc7\
\xabv\xa8\xdd:3\xb8\xcbd\xcd[\xf3@M\xa6F\
\x1d\x13\x88\xf6\xf4\xf0\x08\x10\x1b\xf1Kb(a\xdb\x5c\
Uf\xcf\xd0\x99\x06\xc3r\x03\xfe\x01\xc5\xb2\x0b\xe7K\
04\xbe\xfe\xcb\x8a^\xe5\xee\xce \xfe\x01n\xcc\xdd\
X\x1eD\x82\xde\xedW\x91\x9c\xd4\xbc\xcc'C\xe0\xb6\
d\x9f\x18\xa3I$\x88\x1d\xc9>\x01EsP=\xfb\
G\x91\x05E\xbf\xf7\xf6*\xaf]\x00\xd3hJ\xaa\x94\
7,\x09\xed\x13\xc6\x5c\xd9Mv\x1d\x07#\x98\x06\x13\
\xa3\xa1=\x99\x92|\x08\xa1Ph[2\xb4{%;\
W\x1a\x15f_@\xba\xbd%\xdbV*U\xd4\x10\x15\
\x13\xddjVP\xc5$\xf9\xba4\xf8p\x03\xb2\xa6\x8d\
\x057\x85;\xbe\x93\x8b\xfe\xd5[\x9c\xc8\x01\x0d\xfd@\
\xb6\x82*\x8akg\xa2Z\xc9\xe2\xe0\x99\xf9\xe2\x8a\x9a\
\xcc\xad\xbfC\x06_\x10\x19e\x8d\xe9\xdc\x14\xfe\x05b\
l\xb7%\xef\xad\xa9\x1dxe\xf6\x9b\xbfT\x5c#B\
\xd6EJ\xefKTE\x9f\xd5o%\x13\x06\x05\xdf\x02\
\xa9\xbe\xef\xfc\xe0\xe1\x83\x83\x0d\xa7\x07\xb7\x19\xc7\xfdt\
j\x0f\x9e\x80\xac1\x94\xf9e\xd5\xf8\xd6W\x22W^\
\xf8>\xe8D\x14\xbb\xbbl\x8b\x9c\x02h\xc5I\xf5r\
\xe1\xca\xd0\x85\xa3\xb1\x13M\xc4tf\x9d]Xo\xb4\
\x94\xccbv\x85)\xc6\x9a\x98y\xbe\x1cC\xbc\xfd\xb3\
\xc6\xa8\x0e\xcb\xac1p\xe9@o\xa1\xd9\xd7\xf6j\x96\
\x10\xdd\xde\xc8zI\xceI\xd0K\x91w\x87TW\xb9\
8|\x88\x9c\xd0\xb0\xc6\xcd\x17pDZ\x18\xfa\xe6\xaa\
\xfd4Y\xf3\xf0\x1c\x840\xe2\xaaVt:E\xa4\x1f\
c\x1e\xbd\x08\x1d\xc6<\x22\x0a\xb5\x0e0Z\xd0\xc8\x80\
\xd3T\xf9vJ\xe09\xa8\x88N\xf3\x80\xfd1f\xf2\
\x1b\x1a\x5c(\x85n\x16kG\xac\x0c\xe3\xdf\xaa\xa5\xc0\
q\x86\x964A#p_\x1d+jV\x12\xd6\xf8w\
\xc0i\xfc\xdbf\xe3*{\x8do_|\xcf\x00\xf4B\
c\xdd\x9f\xe8\xb4`\xa7\xdc\xe7K\xc3C\xd1F5\xac\
\x14m\x93eC\x08\x8d\x026T\x0b \x9f\x22\xaaR\
\x88\x14\x07\x84\xda\x83\xc951o\xbc\xdc\xfc\xa5\x06\x13\
\xd5\xc5\xf0(.\x1f\xe0\xa8*&\xe7\x89\xd0\x1f\xb2?\
\xecx@\x135]\x155\xd8\xd7\x00\xe2\xaf\xfe\xe3X\
\x8bV\x81\x93\x7f\xf0\xd0\xaa;\xbdB\xed\xfd\x22a\x83\
\xfd\xbdLR\xdc~\xedl\xec\x0c\x81\x09\xb1+[\xd1\
 \xb5~\x0d]jd\xeb\x99\xd8\x0e\x87\x0fuZ\xf4\
E\xbe#p&\xe4\xffV\x89E\x93;\x82\xef\xf9\xc1\
\xfe\xbd\x16\xc2\x86,\xd9\x93\xc2t\xe8\xb4\xd0\x99V\xdf\
lk-\xf9\xbd\xe4\xfc\x02\x9a@\x96\xd1\x98\xd5\x16\x0b\
n\x8b\xe6.\x81P\xe2\xda\x137\x96\x22O$mj\
\x93\xfd\xd7\xba2\x01\x88B\xa6]\xcd\x03&FS\x00\
\xac\xae\xbf\x1b\xdby\xd9\x87\xcd_\xf6\xaf\xe8\x1f\x94\x98\
=\xb1Lc\x1d\x9d\x83\xa7\x0cU\x22\x1dU\xc8\xe3J\
X\xbf\xe2\x1fk\xbc\x0e3T\xe2\x0e\x15\xe4\x87h\x01\
+\xc7\x03\xff\x8e\x97g\x14\xff\x07r+j\xf4\x87\xf2\
;\xce\x9e\x88\xb5\x1d\xa3,\x8bv6\xc4i\x10\x013\
\x0a\xa7~\xf0p|x\xc5\x91\xb5\x04\x14\x10\x92\xcd\xc3\
\xbas\xb5\xbd\x1e\x88\x97\x0ad\x8a\x9aC\x04i\xb2\xa1\
\x1fk\x86\x82\xe9ju\xcasM\x9a\xb0\xddb\x10\x90\
\xedk#\x9b\xa6\x0a\xf1\xc9k\x83\x8a9\xa5\x0a\xfb\xb8\
\xe88\xd4\xa2\x1e\xc3`\xbbHv\x1c\xd6\x8dP\x13\xd8\
\xf6\xb0xU\x8a\x9b\xe2\x17Z\xb6Z)n\xbe'\x04\
s\xf3\xc7@o\x13\x11\xf2\x89\xb5kP\xdf\xc4v\x1f\
\x84\xd61*\xf5\x0d\xff\x00\x8f7W\xb4\x13w\xfdz\
\x80\xb2T\xc5z\x9e\x7f\xf3\x95\x19\xeb\x7f\x0e\x98\xa5Z\
\x95\xe7*\x17\xf9\x22\x10DX\x7f\x07\x0e`\x841 \
\xda\xc6\xf2\xd5\xe4\xf8&\xd3\xcf\x91w\xa0ws\x8f\xa6\
\x9aE\x82\xa0\xcetT\x8b\xc0/\x1e\x9d\xe3\xfb\xd5z\
\xbc\x88h\xc7\xe6Z\xe7J\x04.pP\x96\x87\xc6\x95\
\xcd\x80Y\x89\xf8\x08\xc4\xfa\xb79\x04\x17\x09\x91\xfcz\
'\xe2rp\xf8\xbdw\x82\xf4\x1c\x87\xb9\x80o\x0c\x1f\
\x87\xa1lx\xf5M`\x95\xe24\x16\xd4\x1ac'\x1b\
\x073\xc5\x11=\x13\x5c\xb6\xab\x92\x11\x04]\xf6\xb3e\
m\xe0\xb9\xad\xe8\x05\x99\x0b\xe7\xb7\xcdb\xff|C\x09\
V\xec\xeb\x1d:\x7f\x1ea\x18<\xd49va\xdf\xc0\
\xb56\xa2\xb7\x05\xd2\x97S\xbc\x04\x17fe}\xc3\xcc\
\xcc\xd4\xa6\x10{\x98&\xee4\x11,i\xe7\x1c\xe0\xce\
\x03\x1f\xce\x81,\x1e\xf87a\xff\xab0G:\x0ea\
\x9e@<o\x82\xe9\x16V\xde\xcfKI.T\xb6\xfd\
\xd7\xc9R\xa9{\x87\xdd\x0c\xe2q\xdc\xc4\xb6W5\xac\
\x83\xca{\x8a[\xfb\xbc\x85\x9eB\xa1\xdc\xe7Jo\x87\
\x99\xba\xec\xa7[?\x87\xc5]\xf2\xf8\xbb>\xbd\xac\xdb\
\xa04\xe2\xf9Y\xb2\x04\x8e[\x22\xf5\xc9}n\xeb\xe7\
\x1e\x9f\xe9:j\x06\xa1\xc8\xfd\xddd\xb3\x8e]\xe8\x88\
v\x5c$\x8b\xbc\xca\xfc\xefq\x07\xc2z\xc1\x15Pz\
\xc2\x82c\x87;z\x1d\x9e \xb8\xed:.\xfa:X\
g\xe1K\xac\xd97\x1d\xf2i%`n\xa6\xe8\xa7%\
\xdf&\xe7\x99\xb6\x84\xceMF\x03\x00\xbfI\x10\xb2\x06\
\xb0\x9b.\x04\x12I\x9b\xca6c\x05\xde\x05\x9c\xde\xea\
\x19-\x1d!fj\xb8\xb9\xa8R\xb2\x04\x8b\x0b\x93\x05\
}\x14S3\x12\xe8\xcc\xe8\x0c\xe5\xb7\xe3\xd2\x81e\x18\
\x96b-\xb8\x9d\x08\xdb\xd8p\xd2\xaa\xe2s\xe2\x8c:\
\xf7bwCG\x92)\x0b\x84\x83\x94\x1b\x8fmg\x95\
\xc1\x1c\x17\x88G\x097\x1b\xc5\xb1b\x00\xb0\x07\xb4\x9a\
\xa0\xf5 l/\x1d\x0b\xefV\xe9\xed\x9aC\xe2A\x12\
&\xa6^\x07\xa1K\x07\x83d\xa9&bv\xb6\xcc\xac\
\x0e\x0c\xdeQO\x82J\xc5\xe0m-\xee\xc1%Rq\
+.1C\x16/Y\x82T\x1cr&5G\xc6\x0c\
U\x00 \xda<C\x07M\xae\xdd\xb5\x91\x82+\xb8i\
\xb9\xa6x\xf0{5z\xaa\xc1\xa2xL@q\x0c'\
\x05\x0f*\x9e\x05^\x89\xc6\xcb\x09\x054\x8e\x5c8:\
q\xdbmZ\x1f\xfa\x03\xf1\xe5 \x0f|\xfd\x97\x9d\xc1\
\xc2I\xe1\x82\x83_Q\xb6\xcb\xfd\xe4\xfb\x14\x09\xfeN\
\xbc\xc7\xf5sA\x8fCI\xe2\xc1\x10T\x7f\x1c,O\
;O\x0c\x9f\xb8n\xd9?)\xd2\xb1\xaa~\x9c\xebQ\
5\xf6\xb3,\x8e\x1c\x19\x84\xf6\x8f\xc38\xb2X\x15E\
y2\xa0>+\xe49\xb7DC\x92!\x1b\x8d\xd3\xd4\
\xbdjS\x7f\x86\xec@\xfe\xb7\x9b\x9f\x85lMZ\x1a\
\x93\x86]G\x1d\xb7\xa3\x03\xf2\xbf\xddz}[\xa5b\
ggU.n\x1fj1\x82\xeb\x1e\xc2\x01\xe0Zm\
C\xe3a\xb2\x83i\x99\x0c\xcf\xaej\x07\xb5\xbd\xe3\xf6\
\xc8\xc5\xda\x06\x0a\x0fS\x0e\x8c\xe7h\xd7q\x1b.8\
&\xb9\xf5\x8e\xcc\xc9\xae\xedY\xd7\xf1\x04\xaa\xf9\xdav\
0\x15\x03Y)\x22\xcc,\xc7\xc77\xf5\x1eR\xebP\
\xc9\xb0\x10\xd5\x1eB\x153\xfa\xf6]\xa5oN+\x9c\
\xa1\xfe\x02\xc19\xbc\xca'\xd7\xc4\xe2\xf5'\xdd\xe9\x8f\
\x1f\x95\x97h\xd1\x87\xca\xab\x8b\x93s\x08\xad\x05\xfa\x0a\
\x0f\xff\xf6\xd0\xcf\x81=\x8d\xdb\xa9\x85&\x93u[B\
\xaan\xc0\x08}Zz;\x0ep\xf8\xbf!-7i\
\xcd\xed\xd8\x8a\xa1\xf1\xc0\x03\x1c\x9cTz\x0f\xaf\x93\x0a\
-\x09\xbaQ^\xe2\xc1;\xd0\x22+\xff\x03\xb4\x0aG\
\x9d*\xdf\xe9\xff\x19\xc1\x0b\xa2(J\xa4\x1f!\xda\x5c\
r\xe0I6\xd1\x0b\x5cib\xa3\x94*l#\x03}\
\xb8\xc6\xc9\x9fK\xaevA.\xd3\xdc\x04\x8b:\xdf\xf5\
\xac\xe6\xe0{\xa7\x99\xd0\xe1\x93\x0d\xb1#\x08[OM\
%\x05\x8d42v\x7f\x0f\x9f\xb8BMs\x19\xd7\xa9\
\x03\xe4(\x94-z\xc7\xf5Qs\x5ck\xdf\xc8M\x0a\
=\xe3\x1d\xdd\x91\x80\x1c\x13Y\x22\x94P\xfb\x86w5\
[\xbf\x7f\xf0\x10\xebA\xd3\xc0\x9569\x10\xb8Z\x94\
\x9e\xabE\x06z\xea\xd9\x9f\x0d\x95\x00\xbd$\xc2\xcc\x9a\
{\x0c\xd2\x8et\xd1\xb6\xe4\xc4d\xfa\xb5\x8d\xabc\x82\
\x93ER\x07\x8f\xdc\xa5f\x8f\xf4\x05\x92d\xf0;\xff\
7\xa5c;\xef\x0e%\x84\xffK2yj\xde\xca\x19\
\xf2N\x7f\x07\xf0\x89\xeb\x87\xc8\xb5F\xbc\x9dv\xff\xe5\
LH]\x95\x8cw\xbe\x1fv\xc1\x90~\xb1\x89\x1e\xfd\
&F\xc1P\xb3)\xf6^E\x93(\x1e|\x19jo\
\x22I\xcc\xeb\xb2\x96\x10`\xca\x8d\xa2\xc0\xbb\x0c\x036\
\x8a#v\x85`\x0c\xad\xaf\xd46@#A\x04\x93\xf6\
\xd0\x9e'\xd04\x92\xf6\x8e\x00\x0c\xe08\x95\xe6\x0c\xc1\
\xb0h}\x83\xcf\xc2\xc7I\xec\x8a\x03\xf4\xf7s\xd7\x8a\
\xc1SQ+\x1c\xf8\x1f\xc7{+\xd3\xb0\xe3\x0bH\xa3\
2\xbe\xe0^5\xed\xba:\xcf\x8e\x13\xd0\xde\xf7%\xe8\
{\xe9\xd8\xd1=\xe9v^JP\x98*<\xca\xd4\x87\
#-\x16\x1f\xbb\x87\x99\x92\xceo\x93\xd1\x1b\xbda/\
&\xef\xf4\xd2\xc3\xc7z\x94s\x0e\x9a\x06\xeb.\x98\xea\
\x09?\x8d\xb7\xfe\x97B\xd6\xfa=\xa5c\xf1I\xc4\x90\
\xda\xfa\x096\xbaK\xcb\xab\x87\x0d\x01VZ\xfc\xe3\xfc\
\xf6pU\xf8\x86K\x9b\xa9\x1c\xc4%\xa2\xf5\x0fN@\
u\xe5\xdf\xebp\xa6\xb2[Kp\x0b\xe9d\xbe\x9eH\
#B\x9c\xb2\x9b\x16O\xc1\x9d\x1fr\xaa\x5c\x8dE\xd3\
r\x8e.\xb1}\x88\x9a\xb9\x0bk\xc7\xfd\x0c\x99\x1a\xdb\
\xfa\x09\xab\xe3\x7f\x82\x99\xf9\xcb\xd3\x7f=\x81\xf6h=\
\x9f-{N\xf0\x8bQ\xb9P\xef\xd5zw\xeb,\xa8\
Sd;\x92\x0c\xd9x\x95\xcdP%{\xc8\x8f\xedO\
\xb5\x0c)\xb3s\x11\xc9t\xf9\xc7\xed\xfd\x1d\xba~\xd8\
\x81Ly8\xc7\x0d['d\xfbe\xb8\xf0\xde=\xde\
$\x16\x86\xd9\x22\x9e\xb0\x84T\xf0\x05C\x11\xb3\x9c\xd3\
\x8b\xec\x0d\xa4\x12M0)^\xa3\x1c\xdfk\xe26\xce\
O\xce\xfdm\xe5\x9d\xa0Vb\xba\x8fe\xeea\x22\xcd\
\x1a\xa3RIK\x17\xdf\xb2U\xca\x19\xbb\xca\xdeU\x9e\
\xd0\x83\xad\xc1\xdeNbgJ\xd5\xd7\x09\xd9Y\xe1\x0d\
T\x0c\xda\xaa7\x10\x01\x1a\xe6\xf1\x9c)?\xea\xe0\x94\
\x9c\xa5\x91~\x1a\xb5\xb8S\x95\xa9vo\xf8dS\xb4\
\xb1y\xa0w\x973j\xfe\x937G6\xd5\xfd\xbf#\
\xfd9\xeb\xf7\xb7\xddBc\x7f\xa15\xf6\xeeA\xd6R\
\xb4\xf1=\xbe\x15Gmo\x8a$x(\x9d\x03\x843\
%\xaf\xc4\xc8+F\x10\x85\xe5\x01\xc1\x93\x1c\xf3\xec\xe4\
\xb24\xa2\xa5!\x10i\xd8C\xe3\xb0Y\xa0\xea\xae=\
\x1a\xfa\x834\x11\x84o@\xad\xc3\xef\x0b\xd3\x81=c\
G\x94N\xdc\xf7\x8c\x0c\xc3G\xd2v\x183i\xefs\
\xfc\xabf/`\x8a*\xd7\xe8\xa8$R\x0aq@\x1a\
\x16\xa7\x1f\x89\xdft\x89\xb2S(\xc2\xdd\x0bQu*\
(F\x0a\xa2\x05\xe7\x97]\x9dU\xe9\xa1[R\xe6\xf8\
\xf3^M\xcee\xa8f\xec\xb3nY\xc8\xc1\x8do\x9a\
`\xd9;\xc1\x83\xff\xf6.4\xb1\xbc\xb9\x02\xa0Xd\
\xd9\x18H\xc0\xb7q\xe4\xb8\xc6\x1b\xa9jl\xe3\xbaa\
\xfb\x8f\xd7>\xa2\xf8\xfdus\x8d\xaah\x00\xeeG\x10\
\xc9\x8f\x1bb\xc7\xfb\xad\xafB`\xc1\xd4\x8b\x9b\xe0\x99\
#\x01\x99\xeb\x10?\x97\xcc\xd4\x1a\xeel\x89h\x98\xa3\
\xc2\xd4[\xdd\x01tb\x0dP.C\xfe[\x95\x88\xda\
\x0eX\xe3\x93\x05\x8c\x03\xe9\x136=BD\x91\xead\
\x16V\x9d\x84OR\x11\x9b\x90u\x04\xbc\xd1b=\xb9\
,LC\xd1\xfau\x11\xa6\x1d\x19\x8f\xff\xbd\x89\xcd_\
j\x5c\xd1\xdc\xc2h\xe3\x8a\x86mR\xb3I\x06D8\
\xae\xd5\x029I\xdesp\x86\x80\xd5I1I\xf0K\
\x8d\x5c\x1a\xc4\xd7d\x9a$8\x12T\xe9\x95\x84w\x9a\
V\x1f\xafw2\x10\xcf#9\x13\xc5\xb1?\x5c\x9b\x80\
D\x9d\x19\xef\xabL&h\xb8^`\xcaT+\x80\x8a\
8\xb3\xbd\xb8\xbe/\x1b\x19\xc9\xe0A\xbe'\xebf\x1a\
;\xbc\x0aO\xcb\x840\xcf\x89\xbd\x9e\xfd3\xda+\xe8\
1\xb53l>\xe5^F\xf4\xb8<\x13\xaa\xf0\xc2\x0c\
\xaf\x8d\xac_?\xfa\x1b)\x90\xffeMdeK\xce\
ZO\x0e\xac\xebW\x07\xf7\xbf\xc5\xce\xd5h\xa3O\x0e\
\xac\x14T\x5c}\xdf\xc6\x0au\xc0y\xa5\x8f\xde\x8e\xf5\
n\xb7\xb6\xc3}\xe0j\x15\xd9\x0e\xb9\x9f\xad\x15SQ\
\xf1\x95\x19\x07F\x0a\xfeN\xb1\x96\xf0j\xb1\x03\xc7\xa3\
{\xf1\x08\xb3\xf6mg\xa3\x92\xd4]\xf4\xcd\x9e\xcb=\
\x11\x8f5\xd7\x83A\x0f2C&\x0ai\xb8\x93\x80\xe0\
\x16\xb0\xa2JR\xc0w^\xfbY\xd1\x19o\xf1\xc1\xc3\
\xbbc\xbb\xceX\x8b\xeb\xdeE*n\xf7.\xa6\xc8\xe7\
\xa5\xb7\xb8}s\xccDql$I\xf3\x0e\x0b\x18\x8e\
\x1c,N\xcfew\xbf*H%\x81\x17NGJ1\
\xa2pw\xdb\x08\x04\xf152\x87%k\xc1\x85(O\
Q\xa5SVJ\x082\xa3\xc2\x13_*\xcc\x7f[\x99\
\x93\xad'\xa3\xa7v\x9a\xc3\xc0\x0aiL\x83\x01*h\
\xe7\x1b\x9c\xd9\xd9\x10>\x06~\xdb\xac1\x12i\x975\
\x06\xa4c\xdb\x92\x01\x97\xd4\xc2u\xe7\x91 b\xb9\xfd\
\x0c7\x0b xP\xd38-\x19\xb2\xd6rL\xa5=\
\x9e7\x80\x96\x10\x1a\xa8\xe7\x01'\x99\xc3}\x07\x81\x04\
\xb6\x9eK\x89\x85\x93r\x8f)\x9f\xdd\xdc\xc9\x1e.\x86\
\x82\x84B\xf1\xd1\xd9T1\xde\xfb~\xad#\xa4\x8a\x89\
(\xe2\x87Q\x84\x1fM\xc5$\x8c\x14\x12\x87\xd8\x0dh\
\xd7u\x9cB@\xfb=\xd3\xd1d\x9c\x18\xf8\xc4\xca\xb9\
\x9c\xf5j9\xa7S\xdf\x97\x9d\xaa\xaa)*\x8aD\x8a\
#\xc5\xf4F\x87~,\xc8\xe1J\x0a\xd6\xadW~\xcc\
U;\x0a\x1c+*(/b\x07\x9a\xf8\xa5\xb1\xe0\x0a\
\xe7\x84\x7fa\xf5\x97M\x01\x1a\xab\xa3ktOY\xa2\
\x96\x91,\xc9\x9ed,\x15\x85\xb6%k-L\xa4\xa2\
@\x1dZ\x05\x8b::\x22\xd4\xa9c\xdf\xdf\xbc\x8e'\
XO\xd4\xf1\x0d\xd9\x9b\x8d^\xa1^\xd6\x18\xc2\xae\xa9\
\xc8\x03\x8a\xa3@\xbatW\x8f\xf2\xe0\xd4T\xc8\x81\x13\
6A9\xd3\x0d\x07\xbd\x0b\x90\x83p\xd9Ph6\x1a\
\xd0\xceHo#\xe2UC\xe7\xfd\x95K\x22%\xbb\xfd\
\x04\x95\x0c\xd4\xca\xe6Vx\xa6\xcd\xe2\x8f\x83\xc2Z%\
\x02`\x93\x0e\xe0\xbd\x95\xdas\x12\xb88\xe1FcK\
73aN\xc2}.L\x99\xf2&\x93\xe7,\x989\
\xe7>\xc3A*\x17Zm\x83\xf4L\x87\xc6#\x94K\
\xc2+[\xb6\xc2q\x89\xd7\xb8\x82\xd7\x5c\xa2.A<\
\xbf\x1573r\x92\xf0\xb8.\x15h\x09 \x0b\x91\xdb\
\xf0\xb7\xba\x05\xe5\x99R\xf8L\xee\xcf\xa1\xb2\xa8\x9f\xdc\
\x86\x03\x9b\xab$\xd6\xe2PI\x8c\xe2\x5c\xa50\xd7\xe0\
3\xb9\xbf\xde\x96\x1c\xb9\x92w\xa7\xb2\x069\xe5\x08\x96\
G\xd7\x95h\xa7\xc9\x05\x00\xaa\xdcm\xc9 h\x82\x06\
\x0fJ\x95\xf0\xe3+\xfeO\xdd\x07u\x05jp&\xd1\
\xe2\x22\xf7\x05\xe7h\x12\xf1\x02\x9c4%\xfa~}\xf4\
\xd8\xb1\xc1\xab\xbb-\xd7\xca\x5cH\x87\xbbb\xf5M(\
\x93p6\x11\xa2\x06\x89\xac\x9c\xc8\x06\x8e'R\x83\x19\
\xa95\xf2\x22\xb8\xa4\x00\x82U\x1b\xd0\x1az\xba\x816\
Z#\xea=\xe7\x9b\x86;\x1d\x1d!\x027\xb6|\x16\
\x83\x05X#r\x9a*x\x7f%][pqp\xe0\
\xeaN;\x83S:\x08\xd1\x99\x94l\xfe\x92.a\xff\
\xae\x86\xdfA\x1dr\xce\x91\x9d\x1d\xa9,\x89TWo\
4\x1e\x90\xb0\xa1\xe1\xbd\x22\xadm\x07\xc7\xc8\xa8F=\
\x87\x8f\xe0\x83\xe6o\x12\xd5\x86\x86\x07\x86\x12\xd2\xe8\xc3\
f\xc4)\xe1\xd9\xba\xc7\xee.L\x87\xce\xc0\xf7[\x03\
\x00L/>\xeamE0&\xd2\x11\xd2\xdcE\x8a\x82\
\xd8\x8e\xec\xc1\xcc\xb7V\xf4\x94qmN\x93\xad\xc8\x9c\
\xd8\xd66\xe6hm(\xd9\xafGo`\xbel\x00\x0c\
e]O\x86\xfe02\x15g\xc0\xea\x9b\xaf}\x91\xfb\
\xf3\xc2\xf4\xdc9]\xc5%K(\xa4X\x83*>\xa6\
5\xc9\xd9\xef\x86\x0f5\xf0\x04y\x87Ec\xec\x0dx\
\xa6\x0f\xc0\x07\x98!\x8f\x0f\x1f:\x05\xaa\xe5\xfen;\
\xbaq\x8a\xec\x07E\x17\xd2\x80jN\xfdYj\x8bN\
\x90\xa1;\x96V\xbf~\xba+V\x8e\xa0\x8e\x14\xf0\x0a\
U\x07/\xbeD\x0cVm\x03\x86M;c5\x894\
$\x90\xcbG\xc8~\xf0\xa6@\xa2\xd6\xab\x80\x90a\xed\
@*\x8a{\x16\xc0D\xb5\x82e\x96y\x13\x9e\x9b\x83\
\xb2>Zo\x0e\xbe\xeah\xe7\x84fc\xef8d?\
\x1a\xb1\xa4HE \xf7\x0c\x9c\xff\xb4mT\xbe\x1fk\
<p\x00[\xdc\x08AK\x13\x02\xe3\x04\x99\xa5\xa0\xe2\
\xde\xff\xa7\xe8-\xef\x87\x0c\xef\xbdf\x09#\xe3\xdf\x8d\
\x892\x8a\xf3\x891\xd9\xdc\xd5\xf8\xaa${\xcc\xd4$\
\xc1\x8e\xea\xbcPU\xd9\xa8\x10\xe4\x0fM\xe3\xe1NV\
n\xf7\xe1._\xcf\xe6S\x06%5fE!\xd8\xce\
\xa0\xc8\x8bW_|a\xbb\xb7\xf8\xe0\xae\x0b\xd1\x93\xc6\
\xebq\x82,NPB\xd7\xe9\xa9Vr\x80\x83\xd6\xc6\
:\x1fU\xdf\x91\x02Ok}GNCq'\xb7\x85\
\xf2\xa6\x07S\xbf\x1b\x14*D89-\xe8\xa5ND\
\xfd\x06\xcb\x08\xefAh\xf3\xb8m\xc92\x86\x1f\x97\x9d\
\x5c\xa1\xa1y\xcf\xff\xf2\xd5q\xc4\x9fW\xb2\xa4sb\
g(\xfc\xbbPj\xcb?\x81\x1b\x08\x07\x98\xeaU\x11\
\xcd^\xdf\x01\xeb\x15SVU\xaaMv\xf5)\xab\x18\
\xc9\x1d\x0f\xbf\xc9\xae>\x87P\x0f\x11\xb6\x04\xdf\xea\xf8\
\x10\xd93\xce\xec\x11<C\xfct\xb3E\xd5\x16m/\
\xfa\xa9>\xff\xef\xc6::l\xf3O%\x15\xbe\x88\x80\
S\xd6B\xfe0\x1f\xc5\xd9\xe8\xe6$\xe4&\x047\xf5\
\x83\xea\xcb\x9bu\xa2\xb6a\x7f[\xed\xeb\xdb\x92\xeb\xce\
\xb5\xb9\x118\x0b\x84P\xc9\xf5%\xa3\xc5(\xf3\x04T\
,v7v\xec\x86N\xd2\xf7Q\xac\xd5\x98\x88\x09h\
\xd7\x12\xa1{\x17\xc9\x1d-N\xb7h\xbbBF\xc6\xb6\
\xda\xbb\x16\xba\xb1\x09(\x84\x06\x22\x17\x8d&Xq\xe1\
\xe5\xea\xf21\xe4\xa4\xa06T\x22m\x1c\x9d\xfc!\xe6\
\xd1\xf2\xda\xee\x9f\xc2\xbc\xae\x16\xbf2\xbc\xa3\x83l\xe9\
\xa6\xba,\x8a\xcb\xdcw\xaa\xba\xecVC\xb2;\x03\xfa\
Y\xf8\x1a-V\xe9\xd7\x04?\x0d\xd9:G\xa6\xe2B\
q\xd3\xe9!>\x02l\x0f\xe4@\x04#\x5c\xc9\x12\x98\
\xe5\xb0\xa7\x9c\x06#\xd4\xa0X\xaa\x8a?\x93\xa8l\x9c\
k\xcd!1\xa5\xdb\x88\xe7\xe1\xa3@\x0b\xa2\x89p|\
\x8a\x82W\xed\xc0%\xb2\xe7\xd1\xc64\xcfp\xf1\x15:\
\xdd\xa2\xda\x17\x1f\x88C\xe1\x1b\xa1\xf1\xb9YX>9\
\x91\xf0g`\x8a\x97\xe9k\x8d\x0c1\xf7\xc7Z\xae\xc1\
\xc0\xd8|Q\xac*D\xd7\xffP\xb0\xc1+9m\xe3\
%zI\xb5\xd0\x15L$\xed\x01j\xbb\x95\xa2`6\
\xea\x10\xdd\x01z\xc7-C\xe9\xcdk\x0b\xd3\xe5E\xea\
a\xda\x7fPP\x1eH\x12\x04A-E8a\x9e\xe4\
\x08\x8a\x8ar\xe5\xfa\xf2\xea\x07\x8a\xc6\xbc\xd1\x8e\xb1\xf1\
\x0ck\xfb\xd6\xc1\xbes4\x08\xf6a\x9d\x8d\x8a\x00|\
J7\x05\xf9r\x00Ds\xc2$\x86\x95\xd8\xf8\xfbI\
\xa4\x09\xf8t\xbc7t\x22\xa8\x80ro\x9b\xef-;\
J\xd8tHG\xf8CBp\xc6\x9e\x84 \xae\x97\xb6\
VN\xc3J\xe7P>[\xcd\xdfM\xc8KXJ\xbf\
7\xa8X\x05\xff\x06~\xf7\xfa\x17u\xafp\xe5_\x94\
\xc7\xb2@\xf2\x80\xecqp\xa4\x1f\xbc\xa3\xf6?G\xa6\
&l`\xe7ZQ\xc22V/X\x9a\x90\xdf\x0eO\
)lK\xae$\x1e\x1d\xbb\x94\xc9\x07\xdbv!O\x7f\
\xe2\x9e|\x1d\xb1\xf6\x96\xa0\x1a\x9e\x11\xfcu\xd3\x9e\xa0\
\xb8\xf9:\x0e\xb2\xe5\x8bS0?\xfb\xbbyK\xf9o\
\xa4{\x12\x1c\x1f\xbc\xe4\x87}\x83}\xc7\x82\xfc\xf7\x02\
\x98\xc9\xd3\x10\x80\xc2\x87[\xc2\x87O\x5ca\xbblC\
A\xd1\xb2p0v\x04/\x0cr\xcb\x92\x9d\x8b\xb8B\
\xf6\xb4\x07\x97n\xdc\x10)\xac\x8c\xbcj8\x9a\x8a\xc6\
\xcahA\xe8\xc1\xa5\xf7`\xde\x1c^Yd7Y\xc4\
\x9eX\xf3\xd8\x7f\x1f\xe4\xffv5\xa8E\xec\xcb\xb4\x90\
E\xae\x1d\xc7\x8e\x1c#\xc2lX\xe8\xaf\xb5\x81\x80v\
Q\xd6\xa2\xc5\xf3\xb2\x1e\x9c\x97\xb5\xd8\xd8\x9dEc\xb1\
\x80v?\xf7\x83r3W7\x05\xfc\xb99\x12\xd1\x1c\
\xf9d(\x92JM\xce\x1d\xb4\xe3\x92\x1fZv\x141\
\xedH\x1e\xb9-\xb9|n\xe7=\xd8M\x92\xb5\x15\xd1\
Z<ZZQ\x15j\x1b\xb8M\xf6\x8a\xa2\x0f=\xcd\
\xda\x15\xe4\xf3<\x97$\xb6\xf1\xc7m\xec\xc5.\x12n\
\xa9\x89\xb3\x89\xdf\xbag\x97P*p\x18\x922\xc5\x9e\
\xeb\xa625k\xd9Q\xf4\x03\x94\xea\xe1*\x9e\x19\xc0\
\xb3T\xb5Sd\x96\x93\xd3RF\x04\xf0\xd4\x00r\xbd\
\xd8\x8f\x96T\x97\xdaT9\x8et\x06S\xa3[n\x9d\
\xf0\x0dd\x15&\x07\x0dn\x06L\x12\xa7Mu\x0f\xa3\
\xc5\x1eiX\x94<\xa50-V\x87\x16Hd\xa0\x14\
\x5c\xaafvI\x8d\xc5)\xc9N\xdb\x94\x82B`\xe3\
SnM^\x90\x18\xf7\xfc\x8a\xb7\xd9\x8a\x9b\x18\xbb\x94\
\xa2\xe6P3\x22\x81\x94\xe2\xbb\x9a\x07z\x9b)\xa2\xc7\
@\x05\xa28X\xe6j\x1b@\x9cS\xb2D\xab:\x9d\
\xaa\x8a\xc0k\xb8I\xc9d\x7f\xc9.\x8c\xb5]\x96\xaa\
'\xd2a\x02XY{\x22\x9d\xa4\xa2=]\xad\x9a~\
\xb7k\xcf\xf0\xc1c\x16\xfdn6J\x8ed\x80}\x04\
\xf6\xe2\xd57k_\xef\x1c\xe3\xfe\x9d{#\xd8\xdf\xdc\
\xa8\x1b\x92t\xa3\xbf;\x8b[\x86\x11\xae\xb8{\x98\xbb\
\x90\xb3\x5cS1\xfe\xe6m\xe9Y\xd1\xd2\x96\x84W\xb8\
O\xbaF\xda\xa0\xb5va\xef\x8eH\x93\xb9\xd2\x03\x8f\
\x85\xdb%\x9bq\xfa\xb3\xe5\x95\x9aH\x0d\x0c\xd0\x9en\
m\xa9\x82CU\xeb\x9b4d\x9b\xd7\xdd?\x84\x7f\xc1\
\xb7Y(!\xd7\xcdN\xca\xd4hv+\x05\xbf\x1b\xca\
5\x1c\xc4\xa8\x80\xe3\x91<`\x9amu*U\x93\x09\
\xe6\x85/\xcc\xc7\x98\x0a9z\x12\x09\xaam\xdf\xb5\x89\
\xc5\xd3\xeaf*\x9b\x81s\x81\x192QH\x87E\x0a\
\xd20+\x0a#M\x16G\xacra\xbaf\x1c\x9d\xaa\
V\x149\xac\x9b\xbb\xecV\xcf\x09 4\xe31\xa9\xfc\
\xb6P\xd4dE\x86s\x15\x98\x9d>\xb5\xe7\xb2g\x9d\
\xef95\xbc\xaf\xde'a\x14\x8a{\xb6$\x15\xb7o\
I\x14\x8f\xb3%y\xd5[\xdd\x92\x89\xc5\xe7\x22\x8f*\
\x93\xb0\xe7\x5cl\x9f\xe9\x91@\xa1\x84\x05%\xeff\xbb\
0\x8f\xf1TtA\xac\x1b\x94OF4&\xb4\xd8\xd2\
\xdb\xb3?D\xd6\x00\xf03\x12c$\xe9\xe3\xabo\xe2\
\xfa\x01\x0cb\xd9\xbf\x17\x8d\x09\x1f\x83\x09DE\xc2\x08\
\xad\xbb\xbf\x9bV?\xc8\x17\x88\xc0Q2I:Z7\
\x7f\x11q\x82.b\xdf\xbb~\x14\xda\xd5\xaecd\x22\
\xb1\x1c\xc0S\xd0/\xd59\x89^h\xd1\x8a\xb3\xa8u\
\xd3\x1dIM\xd8\xa3\x18S!\xd6C[9Q\x08\xf2\
#\xaf\x14u<\xee\x17\xa7\x8e\xd5\xfd2\x8b\xea\x80\xb4\
\x0a:t\xc7\xcf\x9e\xff%p\x8d\x12\xdc\x81{_\xbb\
\xb4\xa44\xe2\xa9\x12\xe8\xa1\xeb\xfb\xd8\xc3\x9b\xa0\x8a\x1a\
\xee\x83_\xf4\x961\xcbP\x1b\x05\xb6\x09\x0c\x19p\xba\
*M\xcd2\x9bBH?O\x19B\x1eX\x8b\xe0 \
_$\xdc\xb7\xa7NG\xa8\xa9\xe5\xb3\xf0\xb1\xe7\xd5L\
wY$\xdeq\xd5\x99\xf32\xd0\xdb4t\xe6\x87l\
\xea\xa3\x87\x8f\xdb\x22\xbd\x0cS[ \x9e1m\x8e,\
NG\xc8\xea\x9b\x91\x07\xdbZe,\xbc\x0fC\xe8c\
\xaa@\xe7`\x01\xf6{\xdf\x15\xa6\x02S\x97\x09\xa7s\
K\x14\xa2\xd3d\x1f\x04\xe4\xc6\xee\x84\xcdP[\xe5\xd0\
\x1b_g\xec$W \x91\x12*\xfeK]\x88C@\
h\x1dF\x8f\xd1S1\xefZO\x01\x14_\x91\xb9\xac\
\xa9\xbc\x13K57)\xfc8,\xdf#\x81P\xbei\
d2O\x01\xd7vt\xf4\xadXo\xa7\x08 hn\
\x8a\xb6\x0b\xcf\x07\x14\xf0+\xc7\x84k\xc5f_\xb2=\
\x08e\xbf\xca\x8a\x22;\x94\x07\xa1j\xa9>\xf7C\xb6\
z\xad\xdf\xaf\x13\x81\xcbg\xb9\x8d\x08<\xc5x\xcb\x07\
\xe2\xbd\xe2\x83\xb2\xb8\x1di\xafp\xbeMU\xc5\x8c\x82\
\xb1\x9f\xacK\xf5L\xfd\xdd^I\xbes?I\xcaY\
~\xbes\x93\xc6\x011E\x95\x11\xdd\xb9\x1fD\x0dv\
\x96\x07)\xe2\xc5\x8c\xb8\x22Nu\xfb\x8ap\xbef$\
\x05f9\x08RB\xfb\xa6\xebV\x99f\xf1\xdc\xe6\xf2\
,Q|i\x10\x06\xc3'\x82\xcf\xcb\x8a\xb1.\x8d!\
\xe6\xa6L\x0a1\x8f\x9d;Ek\xce:\xcfZ.R\
1\xcf\xf6D\xa4\xfc\x12:\x90\xd0\xb2u\xfdP\xc1D\
y\xf2\xd9.!\x18\x90No\x8d}x6\xd6\xd0\xa1\
!c\xec,\xf5\x18\x10\xa4&PzA\xb9\x07x\x1e\
\x02C\xbb\x8e,^\xf5\xa8\xa6]\xef\xbb\x14\xbdx\xcd\
\xa2]O\x81\x91,~\x9a\x07\x91\x8b\xc1?\xcdC*\
\xe8\xf8=\xf9\x12&\x8a4\x09~\xa9\x11Rx*\x00\
}\xb7\x09\xf6\x7f+\xed\xbeLC\xa0\xd3\xee\xab\xb9\x07\
|h\xf7e\xca\x01\xb3\x1d+Q\x03/\xee\xcd* \
\xdb\x89\x97F\x80W\xd4\xa8\x11d%\xdf\xe2\x1a\xe3\x9f\
,n\xe5\xf7\xa3\xe2\x1a\xbd\xbf\xc8o`\xa7\xf7\x97\xc5\
Uz\x7f\xb5\x82\x85\xde\x9f\x7fy\xe7\xa2\xae]ZF\
\x0e\xf1\xe5\xc3\xef\x1e\x1c\xec=cO\xbf\x91\x09\xcc\x86\
\xc5HU\xc8N\xb7RnJ\xaa`?\xabTx\xdc\
\xa6\x10j\xc3y\xf8\x17\xd6\x94VF*6V\x1a|\
n\x89\x1a\xcbJ\x92\x9dS%\x11\x89m\xd5B\x1fY\
:9\x17\x85|H\xf9\x90\x017\xb8\xec\xb9\xf0w;\
\x17-{N\x136\x97\x84\x19t|\xf7/\x82;>\
\xbas\xeb\xd0\xf5\xc3\x88\xa2\xb769\x81'\xdc\x95f\
\xa8\xfb\x1d\xa1\x13dF]\x9e\xda\xe8~\xe3s4\xd7\
f\x92\xdd\xa99\x85\x9c\xce\x001@W\x84\x95\xd5\x03\
Z\x98\xe5x\x95\x1d\xc6\x0f7\x0e\xc7\x0f\x96\x90\x02\xb1\
o|g\xcb\x09e\xd5p1N:lk\x0d\x9d\x81\
\x86j\xd8\x19hR\x91\xa4\xce\x80?qM\xd2\x17\xfe\
4W&\xb6\x13@\x9b\xf9l\x021\x89\xf7%<\x9c\
\xf00@8\xca\xef\x5c\x10\xcel5\xa5]0s\xce\
\xfc\xeaM\xd5\xf7=\xfc\xf0h\xd0\x9c\x94\xd0\xbc\xc8e\
m_&\xd9I\xa6\xa7\x83\x8c\xda}\xf8\x88\xa8\x1f\x1e\
+\xacU\xff:U\xf7<ox\xb4\xcf\x93K\x82\xf6\
\xdd\x1e\x80l\x89\x11R\xb6\x22\x97\xa4\xa2\x80\xccc\xe2\
2%'Qg\xe3\x9c\xe3t\xb6\x16\xf7\x1cBT\xdc\
\xe7\x10\xba\xb8\xe6s-;^\x00\xa1\xeb}>Y\xf0\
\x92\x00\xfcQ3@\x11\xe2\xc7F\x10\x88\xfc\x88x\xd4\
\x1f\xa4\xa8\xe4\x85L\x1f\xfa\x1d\xfb\xef\x03\xb0\xf1d\x8f\
[\xb9\x22\xe7\x09\x97!\x932#\xd2\x13\x9f=\xd5\x11\
\x1e\xbc0\x88\x00\xdd\x07\xb28)<\xcf\xe7j\x8c\xa8\
\x8c,\xd3\x9c\xdb\x13a\xf3 \x0b\xb4\xd5\xbf=\x07\xd8\
no\xdc\x02\x06\xc0\x13\xcd\xa0\xc6.\xdc\x83\xa7\xd1\x87\
\xfbe\xb0\x02\x0d\x8d\x13\xbd`\x86,\x048~\xfc\xdf\
W\xbe\xa0\xe5\x88L#)\xb4u\xed\xb9 \xb3P\xd1\
/\x7f\x85I\xae\xaf\x1d\x0d\x5c\xb87\x81\x85B\xa4o\
9\x1a\xd2ds2Y\xa2\x22p\xaa*Pe\x02\x1b\
M\x0e\xee\xcb\xf8r\xe8\xf6\xb4\xbd/U9\x92\x12\x09\
\xa1\x1fy\x13@I\xa8\xbd/\x0d\xa9*\xfd\x91\xc32\
MD\x84\xb6\x08\x1b4\x05\xbb\xb1\x03S\xfc\x02$\xb3\
x0j\x0d\xdd+\x1a\x22\xc83\xe1\xf2\xf8\xfb\xd5y\
\x1e\xda\xe5OS\xe5#\xf4\x0e\xb27\x8f\xa7\x0fQ\xe0\
#\x86t\x8a\xbb\x13\xc4\xd9g\xfd\xc9\x143d\x038\
\xac\xc1\x8f7Z\xe7\xe9|$\x96\xbc[\xed<l\x83\
r`\xe2w^D\xfb*C\x13\xaf\xf3|\x9dK7\
\x22>@N6<_%\x0b\xf2fS\x1a\x0b\xf0_\
`n\x94OZJ\x8d\xaanD\xfa0\x8d\xfd\x8a;\
\xa7\xd8\xa5\x1e\xed<M.hp\x84\x11A\x06{\x1b\
\xf4\xda,\xfd)\xe8\x92\x86}\x09\xc8\xa6l\x08\x98Y\
(\x0e6\x9c\xc27r\xb3\x00\xfc\xc3\x17<\xff\xd5\xd6\
\x12\xab\x0bw1\x89\x12\xfc\xb0<,\x83\xc0\x80\x825\
\xe2\xe2Q`\x0bG\xf5\xe2\xf2E\xdb\xf6B\xee7\x10\
wG\xf4;\xf4\x16\xa9}}\xd9\xd2\x83c\x14\xbc\x1d\
5w\xa1)\xda\xfc\xae\xc8\x10 \x09w\x9c7\x09\xf2\
a\xf6l\x1f>\xf1\xb1\xf5\x84D+\x9cI\xead\xdd\
L\xca\x11A\xab\xab0\xdd\xfa\x81\x8f\xa9-\xaa\x9f\xe9\
$\x89p\xd6[\xac\xb9k\xf4/\xe5'\xa8\xa4\x9e\xf7\
\x9e\xa0*\xc3\xbcoE\xdb\xd1K\x15\xedG/\xff\xea\
\xee\x15mO#\xec\x05\xf7\xa7\xb6$\x97\xec\xdf[\x98\
^\xf7\xc1\xce\x1b\xda\xabC|\xf5\xf0;\xec\xeb\xb6R\
X\x0c\xdd\xb2\x96\xc5\xc8\x93v#\xf8\xef\xea\xee\xc1\xbe\
#>8\x7f\xc0U\x15%\x85\x03O-\x87-aZ\
1\x09\x9e\x07\xdaT\x8dy\x9b\x8f\xaf\xefc-\xe9\x95\
\x19\x9aV1\x96\xd5\xf5\xc1\xa9h.\x82$\xbbs \
(\xcf\x8a\xf2;\xaa\x93\xa4\xc1\x16+\x06\x11tZ\xbc\
a\x96zV\x80>\xa9\xb3I5\xde\xd2*\xa1\x889\
{\x10\xe2\x22\x22 PS\xbc\x84o\xc0H\x22\xed\xff\
\xad\xed\x88\xdb\xcc\x9b I\x984+\x95\xa4%0\xd3\
\xbeP>B\x84\xb8+\xde\x02V\x98\x027G\xcfY\
\x10@\xcb\xc8\xcb\xadQ\x95\xa6\x09&$J\xe6m\xa5\
'\x9d\x86\x8a\xabo\xa2j\x1cZ\xbb\x0c!H\xe6\x9e\
\x89Ch\x97\x02\x81u\xc3+_P\x0f3\xfe)V\
6\xd1\xd9(\x8e\x81R#\x81\xe4\xdd\xcb!\xdb\xfa\xc9\
\xff \x09\xf3\x8d\x06R\xee`\x89\xe2\xf6\xb9\x08&\xc8\
\x96=\xa9\xd4\xee\xd2Z\xf0K\xab6G\xd6.\x98\xf8\
b:\x99\xbb\xcd~G.jTt\x8f\xa9\x92c\x0d\
\x1d\xd1S]\x8e\x05<N\xdf\xa1\x14[9\xec\x02\xb2\
\x0f:]\xa6\xda\x8a\x9d\xee\xe2\xb6\x92\x05.\x1d \xbb\
\xab\x8c\xb0T\xaco\xa1\x07\xae\xe3\xc1\xd4\x85d\xc4a\
?[`\xd0\xfc\x04\xb7<\xa5\x99yg\xd1\xf2f\x9a\
\xe0\xba\xaau\x85\xeb#u\xc1\x05\x92h&\x18;z\
\xc2n\xfeME\x93\x86\xcd\x87\x0b\xf2=F\xd2P\x87\
\xae\xeb\xda\x06@\xb2\xd6\xff\x5c9\x8eh\x8f\xc9\xfcS\
\xf0nq\x1c\x15;4\xadr\xd6<^\xbe\xa8\xf4\x7f\
\xd6\xbd\xd2\x9a\xa2Y\xea\xa5\x9c\x9e3\xc4\x1a\xcc\xceS\
\x90\xe8X\xad\xf0\x19\x1c\x81\x0fZ\x9aO\xf3\xeet\xf3\
Ck\x89\xae\xc5\xe0Hb\x1a\xa6\xa7\xecV\xd3D\xdb\
3X;\x82\xcb\x8anM0\x82\xdaoE0\xffr\
J\x7fiX\xab\xc5\x97\xbby>\xe3\x18\xaf\xa7p9\
\xec\x85\x89\xec\xf4\x9b7\xef\xdf\x0b\x87\xa3v_\x89\xee\
\x09j^\x9e\x93~\xf0\xed^v/\x09\xcf\xa3\xf5R\
\xca\x90bq\xa6\x86\x7fR\xf2\xfb\xe7?\xda\xfd)E\
\xc9+\x8a\xa6\x22X\x1c\x97\x1d\xad\xb1\xc3L\xf0[l\
\xf38\xe1\xf0\x06n\x93\xcb~\xa6(yE\xa6\x8c\xd1\
\x02\xf5c\xcb\x1f\xdf\xfc%h\xab\xf0[D\x8d\x94\xff\
\xe3\xb1 \xd8 \x5c&T\xd9^\x1b\xf2\xaa\x1f9\xab\
\x86p\x11\xbf\xe3\xd0\x19\xb0\xc8Kn)\x1eq\xc1\xa3\
J\x86\xfb\x8f\x83\xe4\x99\xf3DX\x07\xb0t\x0e\xd2h\
\x12\xeb\x9a$vP\xcc\xd5\xd4\xee\x91w(\xaf\xa6C\
\xb7f\xbf\xa8&C\xe0\x86\x87s\x7f^\xdb\xd0\xf5E\
y\xe7\xf2\xee\xdd{\xf6v\x19\xc2>B\x80\x00\x93\x04\
\x8e\xe1\xde\xce\xe8\xbeS\xc3M{\x86\xf7\x99L\xc54\
\x1a\xeb_\x82%S\xdb\x1eS\x9c\x0f\x8c\xbd\x7f\x5c\x84\
jY\xf7F\x0aD\xbc1_\xf1\x1f\x07D\xd5\xfe\xb7\
-^d\xde\x22\xa2t\x98\xc2\xf7SlJ\xa3E\xae\
\xcb@\x95\xdb\xd1A{\xd2\xda\x22\xa6\xd3\xdb\x22\xcd\x8f\
\x11X\x80\xe2D\x00*\x09Q:\x17m\x1e\xe7]\xc0\
\x0e\x91\xa7\x87\x0fe\xe8\xfaa\xa6\xdf[?\x03Bs\
J\xd7>\x00\xcd\xd9\xfb\x19b\xf545\xc6\x8e\xf7\x90\
\xb6l\xdd\xa2\x10\x01z\xc4\xe7\xd7j&\xe1\xa9\x9a\x10\
N\x95\x18=\xe4C\x9e\xeb|\x1f,\xff\xb5\x0dP-\
+_{\xe9^%pB\x91E\xbe\x00,\x0c\xaeA\
\x0e\xb6\x5c\x89\xd5\x1b!\xc2\x81\x92w_\x99Q\xf6j\
\xf8\xa6vl\xa4\xc5\xba\xb7\xc1\x0e\xb2\xab)\xda\xf1\x81\
\x8f\xf1\x1d\x15\x99\xfa4\x19:\x9bQ\xf1\xc8\xd9\xe1\xfa\
}\xa4\xa1\x19c\x81\x8a\xd0\xaeq\xd9\xe6,\x85\xb9R\
\x19\x0b^\x9d4l\xf1\xb6il&\x8b\x87\xb5\x03P\
\xb4m=\x97\xb0i[\xcf'\x97\xbc[\xb2\x04\xda\xba\
\xc8\xbb\xe4\xe1=\xe3\x02.\x09\x85\x9f\xd2,Y\xa2\xf0\
\x13K~\xffb\x86\xa2\xd3\x1e\xfe(z\xca\xb0aM\
B!\xebA\x90F\x15\xe2m\xfe\x00*\xe3mk\xab\
(,\xb0\xfe\x15\xb1Hl\x15\xc5\xd2\xb0VLAE\
=\xbd0U\xf2I/\x0c\xbex\xcd\xb7\x88\xe2\xb1}\
W|\xd2(!\xdb\x1e`\x8br\xf8%i\xe2fo\
\xc6\x889\x94k\x8f\xd0\x89l:<\x1c\x89\xf1\x0c\x03\
sGk\xa40\xdd\xf2\xde}\xe4\xd6\x1b\xc4M\x1a\xff\
\xf9\x9b\x86.\x10\xbd\x09\xf2$A\x9dT\xd67o\xc8\
\xa1/\xa1\x04H\xa43\x1a\xd3X\x9a\xb0,$\xdf\x22\
\xca4\x1e\xa9\x1f\xb8\xbaK}X\x18K\x13,\xee\xca\
\xd2\xe4\x8c\xed\xc6\xe4\xa1\x90\xc7\xcc\xcb\x0b\xda\xcd\xbcI\
\xa5sr\xbe\xd7\xf5\x85\xf2\xd8cWXc#\xbb2\
,%a\xff\xd6Kr+\xb7\xa1-\x96\xce\xa9}\xbd\
\xeaOzj2\x94\xe6\x0f\x7f\xfbS\x92I\xd7\xd3\xac\
\xa2\xbc5\xcd\xea\xdc\xd29HM%\xd3\xa9\x8e\x04V\
%\xbb\xdc\xcf\x88\xb1-\xd9(w\xa6\x86\x95g\xf2x\
\x0e*Bs\xc0Cr\xb1\xe9\xcf\xe3r\xce\xd0\xa2\xd7\
\xed(\x8e\xbb\xd4 t_O\xfetB\xf9\xcb3J\
\xbeN\xa0+k\xc1J\xdf\xc0\x22j\xe1\x8c\x94\xac\xb6\
\xfa\x10\x11z\xb35\x8a\xe9\xc9\xd290>1\xe9U\
\xac\x9f\x95\xec\x7f\x15\x09\xaf\xa1\x8d\xf2\xae\xecCPT\
\xd7T\x81\x921\xe7\xd5\xf0\x1d\x85\xe9hS\xc0\xca\x95\
\xd2\xca\xc8}\xdf\xedCUQeQ\xc5k\xe2\xf8\xde\
\xd1\x84\x11#M\xf9\xca\x87\x187\x1e-\x81\xd4&\xcd\
]\xa2{\x84\x05\xa7j\x96\x01\x9d@\xc3\x00\x86%\x90\
.k\x83HM\x12k\x12q*\x1b\xc7=}&\x0c\
\xfd\x04\x83\xd6r\xe8Lwe\xf0\x1d\xef\x00\xe8\xec\x19\
sDW\x0c\xee\xa8\x89\xae\x18+L\x91\xad\xf5\xa2\xe4\
\x95\xddz^]\xd4a\xea\xe7\xf9n{\x9d)\xa5s\
\xb2k\xca\xe7\xe6f\x91\xfd\x8c\xb8\x83`WS\xd4\x19\
:<>nc\x0d\xbb\xe9T%;\x10Y\xd3,\xcb\
\xb3\xfe\xcb5\x9fo\xe6\x04\xd0\xd2Pe\x18~y^\
\x80h_\xef\xe0\xbb\x82\x02Z5L\xf9[\xc5!\x1b\
\x99\xe1`[\x92f?,YX8\x15\xf9\xf3H>\
e~\x13v<\xc5\xd0'\x08\xd8\xb8\x85\xd3\xd2J\x16\
Z\x91Q\x1an\x0e\xe5\xd6O\x10\x8a\x8e'\xa4\xdc\xf4\
\xa0\x06\xd4\xbe\xeb\x11jW\x8d\xd7\xd0\x8c\xff<p]\
eEfk\xd4\xf7c\xd3J\xe7\xe0uT\x98\x8eK\
:4\x1e\x89O\x95\x83\x9e5\xc4\x9fC\xb80\xc8r\
\xce.\x15\x9e\xdc\xd42\xcf\x903\x92\x81\xb0%\xce\xbb\
ww\xf68\xc0\xa7\xb4y&i\x1c\xab\xf5\x1e\xa2\xc0\
\x05\xf3\x1e\xe8P\x09)eYrxe\xc2\x94\xa1-\
\xb9x\x11e\x13\x00\x16\xaa\xe85\xb0sw\x11Hh\
\xa0\xa77n\x1eo\x0f\xd4h\xac/\xb4(\x95J\x1a\
\xdbA5\x9fY\xfbV\xfcc\xc9\xe6\xe5\xed\x1b\xea)\
\x018>-j\xc8Y\xb7E;TV\xd41FP\
\x8d\x8d0LaTg$#|\xa3\xf6\xf7Eoa\
\xd3\x87\xbeX\xb6\x9c\x1d\x9b\x05\x09\xc5\x88#\xe4\x81\xa9\
.n\xe8[\x8e<\xa8\x03\xec\x08b\x0a\xc2\xae\xb7\xe8\
X`\xfas\xac\xa1#XP\x5c\x18ti\xd5\xec\xd4\
\xebh\xd5\xe3\xe3\xe5r\xfd\xa6y.`yP\x014\
\x1d\xf1.\x04\xb5\x11\xd4\x8e\xd2\xbcX\xd5\xc4D\xacS\
U\xbf\xc0z4\xacON\x0c\x9e\x93\x82\xd1U\xc7\xe8\
({\xf9d\xf9\x5c\x22\xef\x84\xd9\x10%\x1c\xa1\x0f\x93\
P%\x15\xa3\xaa\x929\x07\x1c\x9d}\xb4G\x99\x16@\
%\x0d#\x9f\xd9\x93p^[Eh|\xed\x1fW^\
\xf1I\x0b\xf9-\xa3\xfd\xe8\xce\x8e\xa1\xf3\xe7\xd1\x8b\xc6\
~v\xc9\xdcRf\xc8\xd9f\xcb\xcf\xff\xb2\xe0\xef\x10\
\xfa\xab\x8e\x81\x12Mj\xb4\xca\xc1\xf7\x14\x17l~\xf8\
-\xb4\xd7\x99\xd1\x9aJ\x99qn\xa9\xbd\xe1\xfan\xf6\
\xf2w\xb2\xe1\x8c\xd2^*\xda#K\x96\xba\xee \x93\
\xacV\x06/6\xc0\x9f\x18pS7Z{\x14\xddD\
\xc2\x9e\x91\xa9X\x97\xdc\x8e\xbd\x81S\x99U\xb1\xadS\
\xaa\xa1\xcf\x1e$\xdc'\xcd\x80\xa3@\xc5\x8e\x8a\x9eS\
\xbe\x1e\x1e\xa3\x89U\x0c;\xf7\x86HUUA\xa9\x89\
RK\x91pT\xfd\x03$\xa6\xd4\xd4\xc9E\xf1\x9a\x99\
\x95\xebT\x9d\x5c\x81\xa1\xf6\x9e\x19ly\xdb\xb2\xe3\xa8\
\xa2a\xa7V\xaa\xfa\xda\xa9\xd3\x1c\xee\x00\x1e\xe0\xaa\x19\
j\xa7jL\x01\x92\xca\xcfn\x9f\xe5\xdd\xc7B\xf7x\
\xc5\xb8\x04\xa1\xf6X\xbdb\xd3d\xc5U\x19\xaf\xcc\x90\
7.&L{{\xcf\xd2\x04\xb1\xa7\xcd\x81\xe3\xc2\xf1\
\xcf\xa7\xc5\xfe\x1a\x9f\xab\x8a\x960\xdd\x91\x00~\x02\xf8\
p~{\xe9\xed\x12\xaa\xa9\xd1\xaf\x18M\xa9`^\xa0\
\xd1)\x1f\x08\xc1\x87;w!\xb8@\x01tZ\xaes\
vN\x1c\x1c\x93\xfd#\xba\xfb(\xfasdjh\x5c\
\xe4\x0a\x9e35\x99\x91~\xc4\xeazH\x85\x1f\x03\x0f\
\xe9\x89\x8f\x91'\x94fP\xb9\x81\xd8\xfa\x03\xabg\xd7\
\x15\x11A\xbc\xef,\x88Q)\xac\xd9\x8f68Q\xbb\
\x9f\x92|\x82\xaa\x10\xaa\xe2\xc1dC[\xf2\xa10\xca\
Dq\x19\xe6?\x12(\x1a\xcb\x11o\x22\xa9LBp\
\xd58\xa6\xd2\x8e\x0b%4\xb9\xe0\xabLU\x1c\x86\xb2\
\xbd%\xc8\xf3\xca\x04\xe9\x17\xec\xb3\xc0\xa9s\xca V\
\x0c\x22\xe6/k\x0c\xde\x0a\xdb\x92[>\xeb*\xc6\x9f\
0\x90\x86\xbe<K\xc2\xcd\xb6\xd2\x13\x00\xccg;{\
\x86\xae^\x15/,\xab\x06\x90\x22\x03\x06\xb4\x0fw\x22\
\x02\x0c\x17\xbb,\xde\xb9h\xcd\xe9\xac1@\xf0\xaf\x1a\
\xb3\xf2\x85\xf0O\xe4n\xd2\xc6p\xb1\x16\xf4q\xfdp\
\xb4\xf74\xb2.\x12d\xff\xea\x9e\xd8\x89\x1f\x22\x16P\
\xddk\xd6\xd1\x9e\xc3\x1b\x15\xee\x0cW7\x05\x1a\x0e\xf8\
gX$\x8d\xc1\xc8\x12\x16\x05\xe9\xe6pTR\xc2\xcb\
\xc9\xf0\xcbs\xbe\xc99f\xa3\xd1\xd0l\x98\xd20\xda\
\xa0\xb8\x1a\x09 !+\xe2D\xf2\xdbq\xe2j\xdfz\
\xbfh\xf0\xca%A\x93IF!\xce\x83\x85c\xbf\x99\
S\x91\xb0M\xc3\x0fX\x1f~\x13j\xb3%\xb9\xf9K\
\xb9\x83k\x1bp\xae\xe4\xff\xf6\x95R\xc5\x94#[\x02\
\x7f^\xf3%u\xdb\xe2s\xf8i\x13\xbd\xfe\xee`\xa3\
a\xc6\x08\xa2\x01\x8c\xd5\xb2_\xbd\xb41k\x0cF\x10\
O\x7f\xe2o\xd5\xe8\xf9\xe4\xf8\x11\xbaF\xe4c\xda*\
\x06\x8f\x1b\x07\x1c\x1eW;\x85\xdf|\xd9\x14\xb10\xcb\
\x83\x0d\x97f\xd1\xd8\xba\x8c\xdco x\xb80\x1d\xb9\
~4\xc8\xf8\xf7\xd4\x86\x1d\x8ee\xf5\xb4\x13\x08\xcbv\
\xee\xd1h~\x97B\x88\xf1$\xe0Y\x7f\xec\xe0r\xbe\
\x84\xc8\x9f\x83#IB\xd6G8\x187o\x02f\x13\
\xbd\xd3\x9e\xc2\x8f\x89Lu\x8e\x9f\x87\x9fK*\xa2\x9d\
\xc7\xa2\xe3W\xce\xbcR\x0f\xed\x8f\xe64\xde\x87\xc7;\
7aTj\x1b<\x06kj\x8b\xbc@\x94\xd6\x8f\xdd\
;V\x83\xf5L)\x07\xeb2/\x11\xc6x\x8e\x8aD\
\x862\xa6\x14\xb7\x1f\xef\x18\xab\xc4h*r%\x02K\
\xd8\xe4\x81\x8d|\x22{yp\xe8\xa3c\xec\x900\xef\
\x10\xa5\x15\x9e\x90\xe2\xb9\xad\x9fo>\x10\xfe\x8c\xc7A\
\xfbeG\xc9\xb2\xb4GOBn\xdf!\x92FD=\
\xfb\xa5O\x99)\xc9.\xb1\xab1M#)\xbaZ\xa3\
\x04*|C6v\xc6\xa1J\xa7\xd9\xb9\xd1\xdf,\x14\
\x18K\xbc\xc2\x14\xb4P:wE\x96\xcbf\x91\xf3\x04\
x\x8b\x14\xa7>\xc9U\xd8(\x1a\xb7S\xde>\xeby\
X\xf6S\xa2~\xadm\xc0\x11\x05oF^\xbb\xc8\xf5\
\xc0\xc3\xfe\xdd\xfc\xb7B0\xcf\x7f\xe6\xf2\xcb\x91\xc1\x86\
;9\xd8\x99-r>\x84\x9f|\xc6zV\x1b\x97\x94\
\x13ufj&\xa2\xb8\xc6\x03\x95\xa6V\xb1\x13?M\
GE|\xd0\xfe\xb6\x97\xf3K\x96\xec\x7fu[2\xcc\
Tk\xaaV\xfc\xa5\xb6\xb8\xe6\x89@\x0a\x9a\xe6\xfez\
<\xa1\x0f\x5c\x1a\xde\x0f\xd69\xb2?\xc1:ut\x87\
}\x81\xf1\xaf\xf1\x04\x0cHy\xb6\x80\x01^\xdc\x0c\x18\
\x10\xb1\x1cq\x02\x06\x8c\xc0\x90@\xbc\x00\x10>\xa3j\
\xb2'y\xb5\xb0\x1d;\xa5\xe0R\xf7\xcf\xe0x3\x86\
\xc0H\xfa\xe4\xeca\x9c\x05\xe7\x0e\x92?\xcez\xb7\xc3\
\x5c\x84\x038k\x8cd\x1b\x08\xcd\x06\x0cOOK-\
\xd9\x5c]\x06m'\xf9\x83\x18\xff+\x97\x04o\x9c=\
\xcd\xbc\x96j \xc9\x9eI`\x02\x0a\xe1\x0c,\xfa\x87\
e\x87\x95\x10\x98\xbb\xa88\x1dk\xb1\x8e\xce\x81k\x87\
-\xb10)\xa8\xad\xc1l\x02\xa2\x9e\x15`\xc3\x8b{\
\x82\x92\xa9\xb8=Y\x16\x8ac\x19j\x8f\xda4\xaa\x22\
\xf0\x5c\xd6\xb7\xea7Q\xd1\xe1zz\x82\x93F\x88\x84\
\xf7\x9c\xcf\x03\x81\x14\xb5<\x94\x82\xebn\xec\x08\xcdM\
xZS\xaaX\x03.\x07\xd4\x13\x1b\x99\xd6V^\x1d\
\xcc\xae\xdcX\xbb\xae\x98\xe9o\xcbs\x9f\xb6~\x9a\xe6\
~\x11\x9f\xe6\x03\x1b];\xa3\x1b\xb1\xa0\x91\x15Y+\
\x1e_S\x8b\x05\x01<\x99\x9e\xcc\x22v\xfc\x040m\
\xb4\xd0\x8e\x5c\x8c\x1e\xadg3.\x98\x86\x08`fO\
f\xb1\xf6\xc1\xe2\x7fY}\x13\xc0\xe7\xda\x06@\xaa\x0d\
\x1b\xd1\xac\xd8\xf1+\xecds\x02\x18\xd8G\x12\x98:\
\x9e\xe1h\x0a\x0c\x90\xb9Y\x91\x8b8\xed$\xa7ah\
\x9cr8\xcc\x12\xc6\xf2\xe6\x8bp\xce\xd0\xe1\xa60\x1a\
2}\xd7r&L\x86\xd8\xf0\xff\xea\xca\x1e\xc9\xb0\xf8\
\xb0\xa6\x0b\x91\x1d\x07\x98\x06\x0fF\xed\xf8~\xabi\x10\
\x96\xdf>\x12(\x1dK\xfd,Yb\xe9\xe7\x1c!\xb4\
s\x17ns\x84,\x88\xde\x22?_\xfc\xde\xceF\x03\
DJ\x00\x18\x22\xcd[\x1c\x1f\xdcb\xd1\x94\xe4\x1e\x10\
\xb0C>\x87\x7f\x86?n\xa6\xdb\xac\x89\x86\xac+\xd0\
\x8e\xd4\xfb=M\xfew\x10\x90\x19\xde\xf6\xd0\x8a\xe7\xd3\
\xee\xf5m\x87\x0b\xf6\xfd\x96t\xc8C\xdf\xb9m\x02\x1a\
\xc5\x06\xcd*q\x970[\xf3~\xc2\xe8P\xbdn\x83\
iq )\x0b\xf2fc\xa6k\x1b(\xeb\x85\x82)\
\x98!\xa4p\xf0\xb1\x98c\xa6+\xc8\x04\x17\x16pA\
\x0a\x97\xf8\xfb\xc8Ee\x07\x93\x0c\xeel\xb4n\x07\x14\
\x97@=c\xeeg\xa9\xd5U`^\xbc\x99v\xc4\x92\
yk4\xb1\x8eMk\x14\xb1|\x97q\x91qv\x99\
\x146\xda.K\x82\xf9K\x8b\x80\xe4v-\x1b\xbf\x08\
\x95\x0c\xce\x1eI\x09\xa5\x96\xcd\xe03^\xc1\xe3\xd6j\
yV\x92\x1aN\xb1\xaf\xaawR\xd2\xaf\xebO3\x95\
\x0e\xd8\x92\xf7N`\x11TTFj\xd7m\xac\xa9\xb2\
\xa9wi`(\x14\x96\xae\x8d\xfcP\xafS\x0c\xcd\x9c\
\xa9\x90\x1b\xaf6\x16\x9b\xeb\xe8\x11\xb3\xae\x13\xb1Y\xc5\
\x95\xd0\x0a\xcf\xcf\x00\xf5\xab\xa6\x9e+\x11Qz+<\
\xa0\xb3\xaahc\x85\xfccuA5\xeb\xbb\xa5\xe3\xc5\
\xff\x11JX{4\xb287\xab\xb6\xe1\xd5\xffo\xd9\
\xaf\x94\xe7\x01\xcfx\xce\xfd\x12'\x10b\xda\x8c\x05<\
x\x0c\x98\x22s\xe929\xcb\x9e\xd3\xec\xd6T\xfb\xea\
N\xcb\xeeNB\xf1\xe7\xd7*\xf3\xc7\x0b[C\xd0 \
\xb8I\xf1X\x0b\xc1\xb1\xa3oY\x9c\xd6\xfc{H8\
\xbeH\xab(\xbe\xc7i\x8a>\xc9.\x877\xab\x8d\x86\
h\xd6\xfe\xf9\x89/\x97\xadZ\xa6(:g\xdf\xb1\xa4\
cJ\x01^PC\x09\x06\x08\x19hG\x03\xf2\xe2\x00\
\x16\x1a\xc59\x84\xd0x:Q\xf1\xce1\xb8\x09`\xcf\
\xcdy\xa5&\x93l\xba\xd8\xc4\xe1\xdf\xe0\x0eFn>\
=_\x84*\x92\xd0\xf8d\xf7\x8d6\xbe?\xd0\xfb.\
Y\x7f\x85\x03\xb8C\xf87(o\x9fO\xa6\x91\xb2\xa2\
\x15\x990\x8c\xeaTYN{_!\xa0\x16YG\x05\
7\x96a\x8d\x962\x14\xd2\xc7\x89j=\x0b\xef\xe3$\
Y\xc7H\x9b\x95\xa6\xd6\xb4\xe7\xc9\x9a +\x03\xbd\xab\
4z\x97Z\x95\x10\xbc\x96\xa6\x83\xb262\x1a\x84f\
\x83%\x0f<<trf\xdf\xad\xc5*\x19\xf2\x98:\
E\x1cy\xc4\xcb\xe3\x1e\xa3\xf5\x87l\x8eJ\xd9\x94E\
\xf8TU\xf8(rR \x07I\xc1\xf5\xa5\xc5j\xf3\
\x1c\xdf\xc6\xd3L\x16g\xa7\xcfzN\xa2\x096\xb2:\
\x99\x0dGa$P\x84lY_P\x18Y_G\xa9\
n\xac\xd3\x05\x89\x86\x8c4U\x86\xbdr\x00\x95\x01m\
\xd0X3eE\x0eS\xb03h\xa6\xcb\x8a\xd0\xe6C\
\xb3\xe1:\xd7\x80334\x11\xe4\xb7\xb9r\x89|\xe7\
v4\xcdLH\x84}N\xa6\xa4\x8f\x83\xda\xff\xba\x90\
\xde\xbc#\xb6\xf3\xa4\xca#\x18\x07\xbe?\x8d\xcb\xb7\x86\
\x01*\xebt\x8a\x90\xac\x87\xfcY\x96\xead)\x8e\xec\
\x9a\xe8\xb4\x22f\xba*\xc6c\xc3\xb4\x08\xcb\x820\x89\
\xfb\x09\xce\xa6\xfb\x09w,~\x16\x97\x03c\xa1hH\
\x81\x071\xf9\xb8\xa6\xe8\xb6\x95\xe9j\xe2d\x9fD\xdb\
\xdc\xd9h8\xca\x9cV\xbe&Z\xa1\xa84\xaf\x83\xcc\
\xba\xb5\x00\xea\x8c\xb3\xb58\xa4s\x94\xad\xc5W6\xf2\
\x8e\x18D\xc4b\x96(\xc9G<Rb.\x82L\xbf\
\xd4\x15C\x84\xb4\xef:\x1d\xb1\xeeX\xf4\x00\xbc\xac\xdc\
\xa0\xc5D!y\x19\xf0L\x1a|\x83\x04\x92GZ!\
+\x15\xc2y~2\x827\xd9\xa24e+D\xb1\xcf\
\x19\x80\xe6\xe5\xff5l\x19\xdcRo\x9c|2-\x91\
\xe0\xd3\x17\xfc?=\xe7\xa2\xd7\xb7KS\x03\x99\xeb\xb7\
Y\xb7.5E\x1f\xe2!L\x9a\xe1i\xc0\xe9\xbc/\
7\x12?\x03A-\xea=\x03\x89V\xd4:\xa2\x82\x5c\
8^\xfe\xc7\xa9\xaa\x90Qr>\xce\x962o5\xb7\
\xa4*\xfb\xcf\xc8-\xc9\xb7=\xec\xdd\xa0\xf3\x02\x08B\
\x83\xec\x8bm/\x02\x168]\x97J}j\x1d\x88\xd2\
h\xe1\x1b\xb78\x10\xdc\xd14J\x07\xf9Q\xb2\xf6\x81\
U\xe3m\xc7\x06\xa1\xc0k\x1b\x5c\xe2&\xe5\xccZ,\
Z9\xde\x13\xbdp\xc5LgE!\x00\x1e\xba&\xcb\
Y6[v\x00\x8d\x00tD1\x95\xe1\x1b\xe0\x05\x83\
W$\xfc\x8b\xfc\x03Z\x18\xa7\xd2\xacG\xbcX\xde\x9c\
9LxI8i\x94\x8d\x8c\x17\xcd\xe2]dj:\
\xf4\x1e\xf2\xd3tP\xc7\xf7\x80\x11\x98\xab8\xac\xe7R\
\x04^y\xa6\xbe\xa3\xbe\xee\xe2u\x00k\xd6\xbf\x03b\
qZ;\xc0w3\x86\xd4\xcd\xe8\xa9\xc51\x88\xdd,\
\xc8\xb6\xf4\xf4\x9d\xf6\x80\x86LH\xd4\xe9\xbd\xd4#\xaf\
0\x1d\x13\x89\xdf+\x082\xb5\x0dc\x0a=\xa7\x1f \
\x8e|F\xa9\xbc\xf5\x83 \x1e\xbbKf}QFV\
\xfb \x13{j\x19e~\xf3\x03#\xa8\xdfp\x18o\
EnP\xc8\xe5\xf8@\xe9:`w\x1c\x0d\xbb\xdfB\
\xf7\x13\x1b\xbe\xf1\xc6\xebo\xb4k\xc8\xaf\x05\xa35\x00\
\xfbQ\xdf\x99\xc1\xbesv|\x18\x1f\x18/\xc2O\xf9\
\x80\xa9R\xbe\x17\xc7\xe7\xa7h\xdb\xd0\x82r\x96\x15\xf3\
\x9a\x8fTsb\xadG\x11\x1a\x81\xf1\xdeB\xbe\xb0\xc0\
\x97\x1bb\x96\xda(\x99\xf9\x1d]l\x81\x1fA\xc4,\
y\xaf\xd9\x89\xc3(\xcb\xb3\xb1\x8c\xb8\xd7\xd5C\x1e\xe6\
C\x02\x02\xf9\x1e\xdaw.\xc3N\xfb\xbe\x88\x17g\xaf\
\xa0\x91\xa9\xdd\xff\x1bn\x97\xd0\xb8\xd57C\xf7\xac\xfd\
\x1b\x1b\x0d\x05\xe5\x86s\x04\x7f[\x08\xe6\xef\x9a\x1b\xfd\
\x87\x87\xdf=H>\x98\x81\x1ex\xc4\x07zNF\xfb\
\xb7\xbb\x84\x14N\x828\xc3\xfe\xc4\xfb\xf0I\xe4Q\xc0\
Z\xdb\x7f\x5c\xdei\xa8A\xb3dK\xad\xb1}\xd7\x04\
\xa8\xf5\xe3\x86Xog<\x95(\x0b\x8cq\x1d\xb7\xef\
\x7fu$\x80\xf5S\xd1{pR\xcb\xd5\x91\xa9p{\
\xb3\xd3aA\xce\xe78\xec\xf3\x0fH|\x85\xc64\xc0\
\x19\xe5\x86\xaem\x1f\xde\xcfsx\xf2\x055\xd0\xc3\x99\
Q\xce4\x83\xcc\x92\x5c\xe2\xec\x8c\xa0\xd8\xde\x8e\x0b\xb4\
\xd3\xd5$\x0a\x96\xe3\xffI\xcam\x0d>1Pzo\
^\xb7\xb2\x9bpA\xf2U\x94u\x1b\xa5\xf3^\x95\x8c\
\x08|pF\x86f\xaf\xe0\xa9}\x0f\x14\x96\xfe\x00\xfe\
\x1a\xa5\x9b/9i\xac\x89|\x8c8\xb8\x07\xcf~\x18\
=\xdf\xed\xc0\x89\xe8E\xc5\xfa\xe2\xa6\xf0\xbe\xd8Da\
\xfa\x82]\x92=x\x98\xaaK<\xd6GO\xc6\x8e^\
'\x07\x8f\xf55Z\x0c\xf75\x80\xae\xb0\xf4k\xe4+\
l_\x9f\x22\xb74\xe1[EV%+\x11\xcb\xdc\xb2\
b\x5c%\xf0ClK\xc6e\x8b\xf5\xcao}'m\
\x16\xaef\xfc^\x03\x0e\xb1\x16(.\x97;&\x1cP\
\x87L\xddD\xf7\xbf\x969\x8b\xeek*oc\xbb(\
\xfb)k\xfc\xc7/\x7f\xbd\xb6\x01\x94p#\x01\xc4\x1d\
\xb0eS\x1d\xd9\xa44<'v\xa1\x03\xcd\xec\xd8\x11\
;~\x19~\x0b\xce\x14\x87u\xc1\xc3\x0d\xb0X8\x05\
\x94U\xe7d\x0dt\x9dU@\x97\x01!\xac\xbb\xc3\x02\
\xbd\x9c\x86\xa1\xad\xfd\xe3\x96\xd9\x12\x80\xcd\x13\x11\x0fw\
nBzbE\x87\xd7\xf3\x0d\xab\xf8k\x99o\x98\x83\
\x15\x8e\x9e\xb0\x0c\xfe\x04\xb4\x81\x874\xb2\x0f\x8c\xa8t\
\xb9\x94g\x9c?\xa4)\xd1\xc0\x8d~3\xd5\xa0^\xdb\
e\x84P\xf6\xaaM\x8e\x87\xf7\xc10\xa7\x81^O1\
\xa7q\x1a=\xa3\xd0\x86\xcf\xb7U*\x85>n\x1cj\
\xf9\xc0\xd0\xb0,t\x9f\x13G\xa1\xef\x9c\xed\xd6\xa1\xf5\
\x08\xb7zh|\xf8\xc1\xdd\xcf\xa9D\xa2\x0a\x88Q\x97\
\xe7\xacDr\xaa\xc3\xc9\xc2\xe7\xc6\xe4\x115\x9e\xb5\xd4\
\xb20R\x83\xd5\xbf\xcc\x80L\xde\xe5\xb4\xc6\x8d\xd2\x05\
Ee68d&\x97\xf4\xd7\x91M:\x01*\x02\xe0\
CQ\xec&\xdag\xca\xdd\xf2\x88\x90K@\x1e\x1b\xf7\
)\x85\xbd\x0f\xf4\xbd%\xd4^\xb9\xdb,\xf6\xdd\x144\
\xaf\x11o\x04H\xbc\x9dr\x83\x17\xf7p\xbcRn;\
+<\x9d\x17?\xb8fE\x9bQ\xfc\xfd\xbe\xe8\x9bm\
\xd6\xe2\x1e\x04\x03\x15\xb7\x22\x18\xb2Q\x1c\x07[a:\
\xbe\x00!\x0a8\xded\x00\x04\xd6x\xfd\x1d\x80n\x00\
\xe1P\xdb\xb0\xf2\xb79\x11\x80\xfd\xc2?A\x1dNa\
35|\x8c\x18\xdc\xfe\xff\xd6\xbe=\xb8\xca\xe3\xcaS\
\xd8\x8a\x10\xf2\x05\x5c\x1a,c\x89%\xd7\x0e\xc1\x1a\x85\
\x87<v\xec\xd8q%6\xeb8\xb6\xc7\xbe\x80\x84\x83\
m\x1e\x8a\x1e\x17\x81y\x1a!\x19K\xc3D\x92\x05\x88\
\xab\x07\x97\x97$\x0bl\x81\x87\xd7\x04#\x1e\xb1-\x90\
\xc0\xcc\xd4\xd4N\xed\x0e\xe3JM6\xe3\x9a\x9a\x99\xcd\
\xec\xc4\xbazd\xb7\x86\x1a\x92\x9dM%E\xee\xf6\xef\
\x9c\xee\xef\xeb\xfe\xba\xef\x15N\xed_\x89E\xf7\xe9\xfe\
\xbe\xdb_\xf7\xe9s~\xe7\xf7\x03\xc2G\xdb9jy\
X\xb9/\xa2\x9c\x00/\x83+\x19<\x1e7?\x89\xc5\
\xf2\xe5\x84\x00a\xc8\x04\xe1\xac\xcea\x8f!8ab\
\x7f\xbb4%yo\x0e':\xfbtb\xb8\xd1C\xae\
\x08\xc5\xec-\xd3\xf7\x5c-\x9e\x04\xa6\xa0e\xed\x00c\
)\x90d]\x8bAN7\x9fi\xe1 nJTA\
@\x890\x12\xcb\x14\xd8N\xa1\x0c\x86QH=\x005\
\x15s1\x9a\x81s\xba\x9f\xad\xcb\x9b&O\xfa\xb2$\
%r#\x9927\xfe\xbb\xf1\xbd\x0f\x5cp|\xef\x99\
\x1b\xff\xef\xb2l\xbd\xd1@\x22n-\xb7\xd0\xc6\xdf\x96\
\x1c\x05+\x80\x11]\xcf\x1d\x19\x18J\xc4\x8e2\x0b\x80\
;\xc6>'z\xfe\x95\xf7V?\x8a\xa5W\xd7\xb2\xfa\
\xf3\xaa\xb3]\xcf\x08C\x7f\x05\x22\xc0\xea\x8cW\xf3K\
\x9f^\xbaQ\xab\xb9|T\x1a\xbct\x92\xd7%~\xbe\
\xcb\xd7F\xf6\x9f\x15\xc7 \x0d\xd4\xccD\x81\x10\xc58\
\xde\x9b\xe8\x10\xdb\xe3Y\x97X,\x0d*\x06\x0b`}\
\xd98\x19tc}\xa7\xe11}~\x82`W\x9d\x8f\
\xc0\xfed$w\x8b\xf6\xc9h\xfc,\xce\xe6\x01\xfax\
j\xee\xf6\xf0Bh\xaeDY\xb4iQ\x97t\xb1\x87\
L\x00\xf7\xb4_\x97\xb0w\x0e\xeb\xf5\xf5\xf8u\x8dT\
K.7\x96\xbf\xae3\xe1R\x84\x8e\xabn\xee\x18\xdf\
\xd0\xb5\xac\x9d\xe5\x1bY5\x06\x0e)\xf8\xda\xebZ\xe0\
\x1a\xe3\x8e\xa4\xe5O\xd8\xec\xc0E\x10\xaa\xec\xba(>\
\x12O\xd6\xd1\x97\x8e1\x8b\xd3%\x17\x08\xdd\x9a\x1co\
\xb2\xbe>P\x8aK#\xb8\xafW\xe2\x85tU\x19/\
d\xfc\x9d\xe3\x8e\x17\xd2U\x85\xfb\x92\x817\xcb\xe5\xc6\
\x12\xf2\xe8\xc4\x99\xdd\x8d\x8e(\xd3\xa1\xe8\xb6I;\xcd\
\x9d\xb5\xab\x95{\x824\xb6\xa5\xd4*\xc7N\xab\xd7\x8a\
\x8e\xd1\xedU\xffh\xbc\x08tJ=U\xe4\xec\xc0\x8b\
`\xf0\x8a\xca\xa9\xca\xec\x1d1#\xb8\x99Fi\xaaX\
\x95\xc6\x93\xca\xa9J]?\xe73\xceAG7x\x0b\
o\xbcy\xb2\xc1\xbfS,\x0d\xa6\x06o\xf1\x13\x02\xce\
\xe6\xe4\xe8\xc9\xdc\xf4w%\x7f\xaf\xfd\xe6C\xfb\x84\xf3\
n\xbf>\xd1\xc8PU\x09qC\xb7\xa4\x0a\x91j\xbc\
\xb2~it\xf1K\xcb\x9f\x22\xf7\x03ENU\x94'\
\xaf1\xf2\xcc\xb3\x991\x03\xbe\xae\x82\x04\xc1\x0f)\xaf\
\xaa\xda\x1a\xad\xb1\xf3\xcb\xb3aX\xb1/%C\xb8X\
\xab\xba/\xe3\xe3\x9f/\xcdj\xbcJt\x16\xba\xe5\x98\
\xac\x9b\x08F\xc1\xe1\xec\xc7\x93\xfc\x9b\x08[\x96A-\
3\x96d\x1d\xfd\xb0\xa3\xa4w\xa2\x7f)\xbew\xe13\
E\xb7m\xcb\xaa\x9c\xb2\xff\x1e\xe0\x15\x92\x05\xcd\x89\xc8\
\xa7\xc0\xdb\xa8\xc4\x07\x87\xbe\x01\x7f\x89\xccW\x15P*\
\xae\xa2\x1d\xfdU<\x0b]\x86g\xa4\x1b\x94\x0e\x09q\
\xc4\x8b\x19\xb5\xef\x19\xdf\xdf\xcfX\x07q\x8e\x8f\xb5\x9d\
\x18\x1e\xea\x90\xaczZ\x96\xc4\x8b\x9c3ff\xf8\xd2\
Y\xae\x97BH\xc6%\x99\xf0\xde\xcf*\xa7\x80o\xe4\
@-\xa3\xc8\x91\x1c=\xd4\xa6\xc9\xd3\xcc\x11\xd3\x02\xa6\
\x99\x08G\xc6\x0f\xf63f\x1c\xf9)bP\xc1\xcfa\
\xcb\xd6d\x1a0\x97,7\x96\xe554\x92Q\x03@\
\xdcj\x08m\xb1I\xe1\x18\x0e\xb5m\x8a\xaf\xcc^\xfb\
\x5cF\x8e+\x88\x0c\xaf\xc4\x17\xa8f,7P\x98\xb8\
\x17k\xb5\xd7\xdf\xe3\xa1\xc3\x0du\xd1\xad5\xeb6o\
b\x91\x95+\x8dx\x96c\x97\x85\xcf\x94c\x86\x9d\xd9\
}\xf1\xb4\xac=\x9c\xb7T\x9d\x1e8\x81\xc2\x0f;\xd9\
4S\x91\xecq\xfd\x95\x0b\x10\xa3S\xebyEW\x13\
`XB\x84\xd9\x9dZ]\x04\xdc\xa3\xbf\xdf(\xd4Z\
\x07J\x82\x09\xf5h\xbf\x7f\x9d`*\xcbM*5\x8b\
\x89\x0b(c\xbb\x99\xb4\xd77\x88\xf7[\x1fP\xaf\x99\
\xe1\x11\x184l\xd8\x5cY\xbea]\xbdC\x95&\x87\
M\xd5\xd7\x1f\xda\xe7\xdf\xa1\xbc\x8e\xc4\x1bd\xf9a\xf9\
\xa9U\xcf\xfc\x9b\x8cSd\xccz\xfb\xb5_\xa6\x12\xfc\
E)\x09\xa7\xef\xe6\x0czxQ*\xa2\xe9\x1c\xe4\xe4\
\x83lV\xdc)%\x9b\xd5l\x0c\xfbJ\x16j \xd2\
F\x03\xe6\xb3\x9d\xc4\xd1]\x5c\xfc\xf0\xc5\x02\x02\xabk\
)\x9a\x83\x13G\xe7\x18\xae-\xacx\xb4\xfe\xc6\xbeO\
_.\x93a\xda\xafg\x14g<\x9c\xf1\x18g8\x93\
\x05\xd5w\x82\xc8\x98z~e\xc7?6O\xae8\xb4\
r1\xab|\x96\xb5#Rd\x15\x08\xbe\x89\xda-\x8e\
\xe9\xd0\x11\xa6\x18\x8a\x13\xfd\xef\x8b;\x86\xf0\x04U\xdd\
%eI\xbf^\xfc\xf0c2M\x8a\xda\xa7+\xbd\x10\
\xbb\x16\x1f\x08\xef\xc3\x129\xd89\x12\x03\x96\xc2\xd3\x00\
\x15\xeb\x9c\xe3H\xe9\x0a\x0d3\xf1d\xda\xd2\xa5+\x8e\
uv\xa1\x91\x89\xd1\xe5\x86nTh&\x8e|\xdd&\
\x8ex\xcb\x17F\xa3\xe6\xc9\x9077\xa0\x8a\xf7ps\
\x14{\x5c;3\xd2\x91\x827>\x1b\xbd\x8d\x18BH\
\xf6s\x06\x102\xb1\xe7\x9a3\xb2\xab\xba\x85\xcd\xd8\x1b\
\xbb\xca\xb4%\x09\x9bc\xe7\xdeM\xec\x1dp\xac\xc7\x99\
]\xbf\xdd\xf7c\xdaO+\x08\xfd\xc5E_oi\xdf\
\xb2\xf8\x0c>\xc2\x87\xd4PQ\xbem[t\xeb[v\
\x89d\xed\xfa\xf6_\x98\xd8\xf7\xd1\x83Cc\x1f\x9eN\
\xf1\xd0\xb5\xeb\xbb+V>\xb1\xe2\xd7F\xf3\xf1w\xdf\
O\x9c\x1fL\x9c\xbb\xe4ln\xa8\xc1\xcb\xe6n)\xf8\
\xec\xc8\xf5\xee\x8a\x15\xcb\xf5;\xfc\xe8\xa1vX?\xdb\
=|\xf5\x80\xe5\xdfq\xf3]e\xc9l\xf1\xfdo\xd3\
\x00{3\xbcn\xe2\xc5\xdd\xb8\xd2\xbae\x9b\x03\x9f\x97\
Y\xf7k\xbd\xd2y\xf4\xf0%G\xb8-\x1bx/\xe3\
\x92\x1ab\xb4W\x8a\xfb\xe8\xf6+5\xbb5\x9bG\x9b\
F;\xedJz4\xd2i\xb2\xb9\x99\x83&;s\xfb\
\x86\xde\x9fj\xe6\x8e}\xe0*\x0f\xdf\xbe!\xf2\x1f\xab\
k4,E\x88\x1b2#\x87\xb3\xf9\x8e1c\x8dQ\
\xf3\xd1+]\xae\xb0\xdb\xf6Amq\x88)\xf4'\xfa\
\x1d\xf3\x1c\x8cu\x18\x8d\xc6\xfa\xad+G\x18\x8dpH\
\xca\x92\xf0\xd4(\x8d0\x1b\xe0S\xd2\xdf\x82R\x035\
\xb2\xdfj\xaa-\x0c\xec\x0e'\x9b\xb0\xbf\xb9K\x0d\xd1\
\xbc\xfb\x97=\xdf\x0c6\x1f\xef\xfb\xd1\xf8\xfb\xfb\xecO\
\xf7\xe7:\xf1\xea\xe8\xc9!\x07\xf1jV\xfd\x82\x15K\
\xb4+\xc6\x94\xd1S\x1d\x89\xb3q\x97z\x01\x84\xe35\
s$\x01\xefh\xa4_\xe2D#\xc7%.\x1b\x8dp\
\xab\xd5\x9e\x83\x1a\xf2\x8d\xd6r.Ts\xf3\xe6\xafw\
q\xdf\xfcg\xa3\xa3W\x81\xd5\x02\xc4\x802c\xdc\xa7\
\xe7\xb3)\xbd\xe6\x0a\xde,\xab}i\xf6\xddWm\xc7\
(\x0a\xbex\xdb\xa3\xe8\xc8\xc5\x14\x08J\x8c\x02\xbb\xc1\
w\xc6]\xad3\x82\x9aWY\xa1\x96{T\xa7\xe3i\
\xa3-\xe8\xed\x8a\xb6p\xeft\xd1\x96Y\xe8\xca\xc5\x22\
i\xb8*\x1fdC^Q\xc8\xed\xd2Uj\xd6\xd3\x10\
V\x06\xad\xdf.ge\xa6\xe1\x16f\xb9\xbd\xc1\xcc=\
]\xf5\xddZ#*\xc8\xb3\xbc44j\x9e| \xb3\
\xf5\x96\xe6\xa5\xa9\xda= 7[\xed\xfd\x10\xb5\x81?\
\xd8\xd4s\x87\xf6\x0bS\x0fq\x9e\x8d\x1f\xb3%\xed\xdb\
#:Lw\xf4L\x97\x03\x0d\x9a\xe3\xf8\x11C\xe9~\
\xbei~\x07C\x19)W\xef\xe4\xd6DZ\xd4\xc0w\
\xa4ut\x07\x8afl\xf7!/\xb8d\xa2\xa2\xc7\x87\
\xea\xa9\x084\xfb|\xb1k\xb15\x10\xe5\xf4\x86[:\
\xfa\x81\xb8\x0a\xad\xdbT\x15\xdd\xae%\x84%u9\xd7\
8Yu\xc9>\xcf\xad\xf2\xea\x981\x9a\xb5=-\xb5\
\xf9\xf4\xb3ERDa\x1f0W\xac9Nh,\x0b\
^\x98\x22i\xe6*S\xa7\x1a<B\xe6\xb2\x980V\
e?\x107Iu\xb5zd\xe2\x89\x9a8\x11cr\
ON89'\x5c\xc4=\x95o\xa4\x9eJu\x11\x15\
\x97\xff\xdb\xeb\xf7\xa97\xb6\xf49\xfc%\xf0\xae\x16\xb9\
\xa7\x03\xda1*\xe1\xa4\x14\x89\xfe\xa2\x12;[\xe5\xcf\
\x9c\xea\xfd\xa4\x99\x14\x92\xccb\x1b\xa27\x93&\xe7\xe5\
\x9e\x14\xa7\x90\xb17\xf9\xb9\xb0\xdbN~-\x00\x8c\xc3\
\xae\xf2\xcd\x08\xc3\x83\xc0\xdd\x06Y\x84\xef\xfd\xac\xf1\xde\
5\x8b\x0cW\xfc!\x86sx\xc5\xbda\xc9C\xcd\xb7\
\x12\x94\xabaRc\x8d\xdd$\xe1\xee\xf2\xd7C\x18\x19\
\xa3\x98AJ\x09\x13!k\xee \xe5L\xbd#+\x0e\
\xad\xbe\xb3\xba[s\x0d\xe6\xd8F<\xa1\xa1\xc4\xa5\xb7\
\x13\xe7\x0f\xba\x22\x910k\x91\x0b\x84\xa4)w\xa1\x22\
\xba\x80\x9b\xcb\xc4Ds\x17\xe6\xdfrc\xa2\xefFG\
\x05%3\xee\x8c3Ug\x1fH\xe6\xbe\xd4\xd1\xd8\xaa\
\x8c48v:\x8a%\xea\x88\xa5\x85\xfb\xb9\xd5\x91\x96\
\x0a\xdf\xae\xad}\xdc`R\xccr\xb3'\xe6\x22S.\
\xd6\xd3\x8b\x19\x9b3\xaa)\x02\xe2\x87\x0c\xa6rJ<\
\xfc\xe2\xe6\xea\xca\xf2m\xf6\xbc\xc6\xb9^\xde\xc81\xe6\
r\x1f\x19\xa6ug\x1a\x11\xb8\x0a\xf8\xa6\x9c2s\xfb\
\xa6hn\xe4\xdcdswJ-\xd3\x98N\x96{\x0a\
\x99\xa8\xcb\xd3\x1aQ\xc5\x9dub\x99\xba\xf2^\xf3\xbb\
41w\xebXD\x1f\x0e\xc3i\xc73\xb5\xf7Bh\
Vd\x1c}*'G\x86\x8b'am\xe0\xeeY<\
\x09\x85|\xcd\x93\xb9F\xc7 \xecyT\x96o\xef\xbb\
:<t\xfc\xf3\xc6&\x19s\xa7\x043h \xa8\xa8\
\x0f\x81\x07\xaf\x80\xc7I\xed3\x0b\x83.\xdb\xa1\x0f\xda\
<\x19\xa5\x92\xc6`Ei\x06C\xe8\x9d\x06K\xc1\xae\
\x8a\x01\x8cB\xe9\x904\xe6,\x82\xa6\xe6\x81E\xc1\xcd\
\x9d\x8bb;\x9aW\xfcd\xc7\xcb\xf1\xe9\xf1\x88\x7fi\
R9\x1cl\x09\xc8*\x14\xdf\x11\xbb\xbe\xbc\x10_\xbc\
\xcfC\x82m\xb1g\x12\xb8\xf3\xd0\x1a\xb1\xea\xd8V\x00\
3\x22'Q\xddZ\xf2(v\xf2\xc6\xcd;\xcaU\x88\
u\xd9\xbfV\xe4Q\x8d\xfd\xff|\xf9Y-\xa4\xd5#\
\xcb4\xdb\xf6\x8f\x0e\xbd;\xde\xd8;vm7\xdf\xc7\
\xac\x84\xd1\xe7\x8d\xcd8o\x00I\xc6\x0e\xe3\xd1\x9a\xf0\
6\x0b\xde\x0a\xe2\xe1\xe3\x8e\x1c\xd7f\x08\x08\xe9~r\
A-\x1d\xedM\x07\xc5\x98z\x906\xb1\xaf\x07\x05\xa2\
\xfc\x9e:\x9b\x13\x87\x5c2\x0b\xf4f!\x06\x1f|\xb3\
,\xf9n\xa5\xa4\xd1\xdc'_\xc2\x8eeDR\xef\x97\
\x9dM\x02&\x190s\x06Y\xb3\xad\xd2\xf0P\xba\xa2\
\xf0\x90jn\xc4\xe0s\xf5.\xee\x88\xfbL\xbd#\x89\
\xa1\xd5\x88\xe3\xb1R\x13D\x9bi\x1b\x09\x17\xd6\xd4U\
Z\x12hY0\xa5\xbd\xb1)\xdc\xd1\xf1\xba\xe8\xe1L\
A0\xd9v\xa8\xc7q\xe5\x0f\xa9\xe6&\xf1\x83\xde\xc5\
M\xfc\x90\xb9\xe3\xc6\xea\x93\xda\x8e5\xf8Ab\xd0\xc2\
~f.\xfd\xcf\x1a\xe4)kt\xc8\x05$\x9b\x81F\
\x91\xa9\x8d\xb7\x84\xc7\xf9\xb5\xcaS%\x8f\x1a\xdab\xb3\
\xb9\x93\xf0H@$\x05\x07\xf2\xccH\xe7)q\xa9p\
\x8b\x8a=\x02c8\xd3\x01\xf8P<\x94\x19\x0bm\xf7\
\xa4gu\xc9W\xf1ok\x9f\xd4\x0e\xeb\x05<\x18\x9f\
\xf5\x8cvb\x9fu\xa1\xe7\xa6`\xff\x8ew\x8c\x1c\xbd\
\x92\xb8bW\xa4\xa9\xc1\xd7,\x84d\xb3v\x15\xd5\xcc\
\x0a\x17\x82e\xf0,\xa8\xe3\x8eg\x22\xff\x91\xcc\x86\xdf\
-&\xbc 8\xe5\xe4\x94\x8a<\xcd\xcf\xda\x9c\xe1\x1f\
\xdas\xd9\xfe\x8d+\xadr\xb6\x0b\xd4to\x5c\x01\xdb\
\x0d9Y\x9b7Y\x8bj\xc7\xa2\xfa\x1bF\x80m\xa8\
U\x5c~\xec_\xfa\x80\xf1K\x0f\xedu\xfc\xd2!\xc8\
w\xd0\xd9\xf4|\xc63^\xe3\x1c\x96\xe6\x08/y\xfe\
\x19\xebWG\x87e\xd3*\xfe[\xe9gP9\x08V\
7pG\xe1\x0a\x8f\xb4\xed\x11^\xa7\xf7]\xbb3\x89\
\xb3`L\x01bPu\x00\xdeGk6\x0fH\xa3Z\
bRV\x1a\x10\xdd\xa3k\x96\xf4X\xd1\xe7\x1aoA\
OS\xfb<\xc8\xd0H\xe3)\xc06)\xed\xe9|<\
\xbe\xbe\x83tG\xccE\x9f\xc9L6\xe0]\xdb\x99d\
'l\x8f\x9f\x0d3\x06\x85~HvuR\xe5\xe7\xc0\
\xa3\x8dL\x05\x1aV;\xed\xc9\x7f\x85KO\xb8V\x0b\
\xc7\x89>@\xd2\xea\xc21\xb8\xde`G`\x88\x14\xb8\
{!H\xa1\xe38\xa5W\xac\xa9\xe2\x18((\xba\xde\
\xf0\xce\xe1\xc1\x9e$\xc3/)V\xb8\x10N\x98\xc8\xaa\
\x9b%G\x97F\x8bC\x00\x1f\xb0&e\xf1T\xb0h\
\x19\xb9\x1b\x1eZ\x5c\x8bcG\xc5\xfb\xfby\xe3\x11\x86\
$xj\x95?o|\x97\x85\xd6]h\xd1\xe0(\x04\
\x1b\x0e\x8eQ\x94j\x0c\xfe{\xba\x01rx\x00\xbc\xd1\
\xe0o\xe0I\xff\x04\xfb<\xaat\xd4\xc4\xdd\xed\x063\
t6\xdeZu\xb3\xf5\x0c\x02\x91\x15y%E\xc2/\
\x90\xbfLi\x1f\x94\xe0\xf1\xdbh\xd3]\xaa+\xa9\x05\
\xa8:\xb1m\x0e\x5c\x1c{\xff\x0c\x871\x01wn=\
J\x07\xbbFS\xdd\xd9\xc7\xa2\xf1\xfc\x8b\xb9\x0a\xe4\xd4\
\x0cY\xe0T\x1b{\xa6>\xb6\xc7\x0c\xe2:\xf7a\xc2\
8\xbaC\x92Y\xc8}J[tD\xa1tDD\xd4\
\x1c\xaf&\xd8\x9c\x1f\xcc\xd9\xdc\xc0>\xcb\xe6n\xb0s\
6\x95X\x18t\xed\x8c\x04JA\xd7\x0e4\x92\x91?\
 \x98\x91#\x7f0\x0f(\x13\xbb\x82@*\x04m \
\x92\x8bu\xfc7\x8d\x1fu\x16cL\xbcB\x82\x85\xe1\
\x86\x0d\xeb6\xae\xdbF\xf8|{2c\xdb\xaf\x98\x93\
A\x1a\xc1\x95\xcc0\xb4E\xb2\xdc\xaa\x22\xd9\xb8\x09\x18\
j\x22!\xa9#\xe2T\x10\xc9\xc7\xcd\x9f\x1e\xa6J<\
\xdeV\xca\x82IL\x81\xaff\xcd\xd7\xfcpCU\xed\
\xd6r\x9cTV\x12,\x13\xf9Q\x7ff\x9c\xb2\xb4\x10\
\xc0J\xf0\xcegyM+z\xf7\xb8.t\x17\xa0z\
\xfdbrw\xd94\xf2?\xe9\xe2\x83l{\xa4\xe3}\
\xc7/\x12B\xf3=]\xb1\x1c#\xc9\x93+\x01\xfd\xa7\
v\x8d\xbf\xbf\xcf\x9d\xea\xa1qL\x9c\x99\xcc\xde\xba\x15\
\xe4U\xf3d\xf6\xea\xdf\xb4m\xd1\xd2o3\xf5n\xd0\
m\xef<=\xd6\x11wQd\xc0D2\x1b\xd1\x925\
\x8b@\x87\xae\x19)`#p;\xa4\x86\xe4\xc7\x1cj\
p\xa5\xf2\x9a~\x11\xf3\xdf\xfc\x14\xf4\xec\xef\x1d\xbe\xbc\
\xc7\xf1jbw(\xb6f\xff\xe2\xef\xb5\x07\x1b\xb3u\
C\x90}\xb8\x12g\x0b-\xb1\xb5\xda\xf2\xfa\x03\xbf7\
\x8ao\xb6\x94o[kK\xbe\x22NF\xeeU$\xa3\
\xc4\xf7_8\xe6\x15~:R\xe2\xec\xa0\xe2\xa6\xdao\
h\x85A\xad\xf3\x01\x1d\x83\xd8v\xd9-\x15\xb6\x9d\x06\
S\x90>k0\x0d\xceg\x01\xca\xd1Qel\xfcr\
L\xe2\x9e#\x22G\x05\x92\xf1\xc3\xa82V\xaa\xe5n\
\x02\xe5\x982\x80\xa9(\x1du\x10\x8d\x15I0c\xb6\
\xba\x87\x81\xcd4\xc8y\xe4\x0c\xd3:\x94\xe9\xd2k\xd2\
\xe5\xbb\x0759\x88&\x1c*\x05\xfa\x07\xb6\xf1.\x8d\
w\x96\xabW\x08\xa6\xa8t\x0c\x96\x19\x22Z\xbblj\
2\xb4\xba\x8e\xc4{\x8b\xe1\xfe\x82\x8a \xf8C\xd8e\
\x87\x1c\xa8\x95\xe2\x18\x97?V\xda\xbe\xe7\xd95fr\
\x82\x94\xf36\xb1\xbb\xfa\x10)\xb0\xbbo\xff\xb3\x96\x1b\
\xc9\x1a\xdb{$\xd1a\x9f\xbdeol\xfd\xee\x8e\xf1\
\xd6U\xda\xb6$w1\x1c{\xd6\x0fD\xcd\xc5\xd6\xb7\
\xf8]L\xa9\xf1V\xc9ak_{P\xdf\x06G\x0f\
^\x90\x91j\xe1\xcb\xc4\x0e\xa7\xdb\xf2B{>\xaf\x8e\
+\xb6F\xed;>\xf5g#\xef\xc5\xc1\xcfh'\xb9\
~]\xa5)\xd5\x8f\x9d:9\xb2\xcfBI\xe4\xb4\xad\
Y\xf6B\xe9\xdfD\x12\x11\xfd\x9b={2\xb1/\x96\
\xd8\x1b\x1b\x1e:!>\x11k\xed\xb7\x1d\xf0\xe2@/\
\x12\xfdFx\xf1\xff\xa8\x9c\xb4\xbcpi]\xe43$\
\xcd\x229Q\x1f\xb30w\xac\xff\xcf\xc3\xdc;,<\
\xa8\x91\xf6&\xa2\xd3\xf8xx\xa8K%\xd3b#]\
\x16\x9aaV\xdb\x01\xd4\xdb!\x9f\xe6\x1b\xc7\x7f\x19\xc6\
\x8b\x84q.\xb8\x93\xb6n\x7f\x80L\x83a:\xcb\xcd\
!\x9di\x84\x90\xb3\xdca\xe3g\xd0\x88h.\xd7\x12\
\x11\xc9\x06\xcb\xebYH\xff\x8d\x7f\xad$\xfe\x99*\x16\
m\xc1\xd9\x0d\x04P<?^\xea\x0d\xf2\x08\x0f\x12.\
]\x1b\xdd\xb0A\xf9A\x0b\x1b*\xd7F+\xd7G\xab\
(\xb9!\xef\xef\xd7\xce\x8c7\xf6\x8d7\xf6\x8e7Y\
\xf0\x94\x99\xf6\x94\x02\x82Ay\xc60)\xb5\x82fH\
CFn\xc632M\x1a\x91\x89\x97`\xe7\x0d\xae\xce\
\xc9|\xce z\xc7\x9a\x8d\xc7,\x94\xaf\x8f\xb9\xa7\xfe\
P\xb6\x04\xcb\xd4V*>\xda\xa68E%\xffT\x95\
x\xa9\xfe\xa4\x9e1'\x05\xf5\x03\x95g\xa4S\xd2\x03\
g\x16\x8a\x97[\x15\xdd\xf1\x87\xf8\xeb\xb6\xf2\xad\xd5\xd1\
m\xe0\x1b\x0d7\xd4T\xad\xb7\xc9\xd5\xbcG\xd9$~\
\xd5\x8dD9\xb3U'\xd5R\x83n\xaa\xddX\x11\xdd\
\xea N\xa9\xe2\x0a\xc2\xe8\xc2\xca_\x01u\xacb\xa4\
\xcb\xf3\xb4*\xa3\xfb\xbd*A\x96X\x93xc\xde\x07\
\x0f\x7f\xe2(=\xca\x81\xd5\xe6\xc9\x86\x03?]Y\xe9\
t\xfb\xf0y\x0aQ\x9c\xcc\x87>\x81%Tv\x9f\x8e\
\x0a\xc6\xeb#%\x02\x97VY\xaeo\x09\xeb\xb8\xeeW\
\xf1\xafh>T\xc0\x0a-\xd7\xd1\xc3\x1f\x8aIY\xdb\
,\xec\xa0\xf4T\xdbf\xb97\xd5\x8fZW\x0b4\x87\
;\x5c\x91\x87\x07\x07\x0cv\xcd\x22&\x1c\x5c9\xb9\xec\
\x8d\xee\xa4\x0a\x98\x18\xafe\x914\xc9\x22\xd7\xad]\xf2\
\xb0eb\xff\xee\x8f\xf9\xa3bY\xa6\xc4\xd5\x0b\xf0\x9a\
\xb5p\x8a\xfbM.\x22\xb8\xc8\x9f\xd4\xfc\xce\x9a\xc8\x17\
\x87DV\xde\xde\xf4\xfe\xbf\xc2\x1fW\xaa\xf9\x130\xb7\
J\x92\xd0U\x12\xc8~G\xb2\xe0\xf7\xdd\xd7V\xdd\x84\
\x5c\xb5\xf7d\xcf\xeaO\x06hoU\xb4n]e\x14\
\xc4u\x87'\xde\xec\xc4\xc7\xcb2\xd6\xceE\x83@\xa7\
\xb5h\xe2\x1d\xa3\xa7l\xec\x19|\x94\xe5\x85\xfaEW\
6?r\xda\x81\xa9\x22\xeb(\xf1\xb5\x9b\xa3\xc6\xc0\xd9\
\x1cA\x1d\xab9\xc5m\xac\xc3\x5cUUo|Z\x8b\
\x80\xc9\x0f\x97\x81\xdf#\x1fYO<\x07\x8f\xb0\xea&\
 a\xc9P\xe4\xd3\xd2\x1b\xc4m<\x0eRSr\xb5\
\xeem]\xabs\x82(k\x17\x195\x06e\x91!\x04\
P$\xf71]\xb4\xbd\x14\x09\x7f\xa7.M$}P\
M\xf9\xd7(\xbd_B\xd3\xc0$\xb4\x09<bO\xc0\
\xd3\xfe\x95E\xf7(\x08\xa7y\xa4\xd4<\x0b\xeb\xc3s\
\xe2\x9f\xf5\x93U\x11\x87_\xc8b\x0f\xe7g\xf8\x95c\
\xad\x17tX{)\x0f\x05\xf3\xf6Or\xd1\xbd\x03\xc8\
\x9fDM+\x19*y,z\xbe\xf4\x06\x88L\xd2\xfe\
$\xfa\xb4\xa8\xc8\x01U\x17\xf8m\x98\x1a3\xfdO\x92\
mi0\x86\xd2\xa9/\x86T\x10\xda\x08\x22\xe5\xea\xce\
q\x8aP\x12\xd5K\xde\xd7\xf6\x8a5\xce\xd1\xddc\xe7\
v9\x9b\xafk\xdes\xd5j~\xb2y\xecT\xab\xb3\
\xb9!2*\x9b\xbb\xf5D\xe7\xa29\x90\xd8\xabn\xa2\
tD-\x06T\xc3\xa8\xb3\xd4@;\xcd\x97\xc6\x18\xa9\
-<\x00\xaa#\x91\x88\x14~\xdd\xda[v\xee\x16\x06\
\xf6RM\xce\x89\xc0\xcc\xe1\xd3\xc6\x14\xac\x91\x1d\x9c\x82\
5\xb4\x01\x00\xe6\x00\xda\xd7\xe0o\xc2\x95yL\xf7\xea\
\xech\x8b\x93\x1a\xba\xe0$\xae\xea<\xf5\xad}^\x0f\
U\xc9\x92\x1e\xb5?\xdb\xa1*\x03\xab\x9d\x95\x82\xa1\x1c\
\x8d\xc4\x16\xf1]qM)\xd5\xae)\xd48\xfc\xdd%\
\xa5V\x10\x0f\x1dt\xf0*7u\xc0P\x1eA\xcbW\
\xb2\xea_B\x11D\xf1$\x9c\xb6\x87\xfe\xf9@\xed\x8a\
\xe5\xcd\x93\xd5\x050Y\x00)\x03q\x06C\xca\x00\xd9\
}\xff\xdb\xfbciW\x15F\xa0\xec\x86\x0eWP\xfb\
\x1d\xec\x07\xcc[8L\xda7\x01\x99\x1f\x96<\x00N\
\x07\xc5\xcb*\xf5\xdf\xec\xd89V\xf4r\xfc\xd8\xd89\
0\x9e\x8a\x1b[\xbe\x13\xfa0\xea\x00<\xa5\xcb\x97h\
~`\x81TxS\xc0\x02&-M\xbc\x1bwx\x80\
\xf4\xc2Q\x0f`\xca\xbc\xb3\x05\xae\x0ap\x87\xa1i\xd2\
\x01]t9\xe9\x94Z\xe8\x85\xb1\xf9?\xd8\x04F\x8a\
Xv\xc9\xdb\xc9\x10\x8aP\x97M\x83\x8a\x0eN\x22\xfc\
\x00\xcd\x93\x03d%O\xb2Ef\xa7\x18\xeb?\x96h\
\xdd\x8fo\x90\xe5u\xc4~\xcc\xd29\xac\x08@\xaf\x1d\
\x81\x97T\x04%\xb4V\xf4d\xb14n'\x8b\xe7\xac\
x\xa5\xf4\xb3x$z\xa5\xe7\x9b\x7f\xfa\xf4\x842\xad\
b_\xbe6\xde\xdd?vm\xf7\xf0`'.\xe7\x97\
\x9b~\x1f\x81\xd6|\x10\x191G\xb4\xf8\xccP\x1aT\
.\x1c)3\x22|/S\x17y\x1c\xd1\x0d[\xa3\xe5\
5\x8e\xb8p\x0el\xad\xba\x09\x9a(\xed\xd7\xe1\xbeb\
3#\xee'\xeb\xd6\x87>\xdd\x19k\x161\xadL\xe4\
\xd3\xe5\x85\x88\xeek\xf4Fs\xd8\x02G\xa5=\x02\x19\
\xb8\x05\xc2\x09\xa2\xb0\xbf\x8b`\x0bf}m1-\xd8\
4S\x9a3e\xc4\x1c\xd1\xa5l\xc0tL\x01`F\
\xe8\xb8\x05\x80\xe7\xae\xaf\xc2\xf1\x86\x07\xb8-:\xbf\xc7\
\xc7\xce\x9d\x90\xd5s\xf4(\xbf?\xaf\xdf\xec\xd8\xd6\xe0\
\xc8\x18\xaf\xb4/v}\x83^?9?\xcd\x88r\x95\
t\xf6!\xaew\xa1\xd9I\xecB\xcfGu\xdc\x7f\xa4\
8\x04\x97\xdc\x17 C,\xf2\xc6P\x05\xdb\x87\x03d\
\x82)\x99\x103\x0d\xa9\x87,\xb7\xc8\xc3l4Zu\
S\x09\xd2\x98o\xd8|Vt\x87\x0f\xa4I\xcf8\xdf\
\xab\xcbY\x89\xd5\xec(6k\x95\x84\xbd\xd1\xa1]\xee\
pb\x0e\x9a[\x01)\xea\x902 \x95\x19{/\x96\
\xa1?\xed\xd9\xb1\xd3\x96\x87\xfe\x00\x1aa\xffX9y\
y\xa1*\x04Q\x9eCY{\xed\x97\xa3\xcfi1:\
2!wpq\x1f\x04\xb9\x13\xaaA\xa4\xcb\x10\xef\x04\
\x0e\xf0\x90M\xe4\x10\xfb\xe1\x9ai\xc9\xec\xd2\x1b\xf1\xed\
Z6!w\xec\xdc\x87#=\x9d\xc8&\x88\xef\xa3q\
\x8f#\x89\x10\x8e]_\xf2_\x98\x10\x99a\xafAZ\
1}Q\x0c\x0c\x0f\xed\xb4\x99\x8fmr1\xcb\x03\x88\
]/{\xaf\xf4\x97\x91\x9c=?\xc1PX\x81&\x9b\
\x17\x99\xeeL\xec\xfd\x91x\xc7c\xa7\xf6K\x05K\x96\
\xfaqF\xbe\x16\x00\x22\x0c\xfe_L\x15\x81i\xb1\xe9\
\x90\x1e\x00\x88JP\xb3\x00:z\xe4\xec\xab\xa7D\x9f\
\xd3V\xd4w$*Xr c\xca\x1c\xb0\xe6\xc0\xaf\
\xac\x8d&6\x12.n`\xd2zN\xf3\x83\xbd\xe7P\
\xabc\xa5=\x80\xd9@S\x0d\xea\x11\x95'T]w\
2\xb4\xb4\xc3\xba,<,g@\x0aj\x9e\x86\x84\xa9\
\xb2\xd6\x9e\xd8\xd5\x91\xee\xbe07\xf5x\xce\xac\xc6\xe3\
\xb79\xe6\xc4\xc9\x8f<\x8c\x8c\xa3[-\x0f\xc6\x03\xe9\
\xfb2F\x925\xfd\xbcf)\xb0n/Xa\x08\xde\
\xa4\x09\x95\x95\xdd\xd3\xe8\xb9\x16Q\xc7\xed\x91\xf92&\
V\xce\x92\x05xv*\xd6\xaft$C\xefg\xb3$\
\xf7z6\xdc\xb0\xa9|ct\x07?qCy\xa53\
9\x9a\xcb\xa3\xe0\xb3XrW\xe0vY\xe0Y\xe3\x0f\
A\x5c%S^\x22g\xfbv\xf8\xf3Z\xda\x81(M\
\xfc\xfb\xf5w\x01\x96\xa5\xeft\x86M\xef\xe3\x12s\xe4\
\x00\xcc\xd8\xb5#\xa3\xa7\xdb\x18\xa7e\x81\xa4\xd4(\x81\
\x99\xde\xa3[M9\xc7\xbbUo|G\xc6\xcf1S\
\xef\xaf({\x5c?\xca,ebO\x13*1*\xf2\
\xaa\x8e\xef\x1f\xa8k\x01\xd4\xc5<V|sc'\x9b\
\xb8\xb6\x02\xde\xcd\xfe\xe3\xe3\x07\x1b\x91\x10#\x5c\x8bc\
\x8e!5\x80k\xb9\xa4CV\xe7\xeb\x1d\xbd\x97\x7f\xc3\
x\xf9\x0f\xdafn\xeb\xb5\xe7\xc4\xae\xe3#4\xc5t\
a\x8b\xbe3\xf7|\x9e\x05X\x15\x99\x04\x06^\xf6|\
)2\x7f\xcd\xb4\xed\x83T\xf7,\xb62r\x11[@\
N\x9f\x0cU\xe4-/T\x17\xdb\xc8|}\xe3\xd4\xde\
\xe9:\x86\x9dr\xa6\xc1\xc3i\x0a\xcf\x06\xa1\xba\x9e\xce\
\xd1c\xfd\xba\x90\xb0\x0c\xc0\xf4\xb6\xf0\x12C\x5c\xa4\xb5\
\x8bY\x14\xbc\xdb2\xb8\x14\xac\xfd\xd7\xf1\x93\xcc\xc5\x93\
(~>\x15\x8e\xf5\x9f\xc6\x22\xd8\x7fX\xce\x94x\xf7\
\xf4\x10m`\xa6\xe9H\xf5\x0b1f\xcf\x1d\xf11{\
\xf3[6Mg\x1f\xd7n\x014\xea\xf8\xb1\x8fQ\x8e\
\x97z\x03\xc4\x8d\xc0\xe2#\xb7\xc2\xbf\xa9\x87W{\xfd\
\xf7\x1fl\xbc\x85\xfd^\xc7u\xdd\xe6\x14\xf4}_\xc7\
\xc19\xde}\xbe>\x11\xff\x0d\x18\x91\x99\x07\x1d\xc3\x9a\
\x0f\xec\x0e\xda\xccKm;Y\xb0\xeaf\xf5\x14<\x1e\
b\x80\x86\xea\xeb\xa2\xdb\x1c\x0d\xdc\x5c\x03\x17\xc5I\xca\
\xcf\xc6qA\xb7Dl\x91\x9a\x08&\xb0>SM\x07\
\x91T\x9e\xd2\xe2\x7f\x8b>\x1e\xd8b\xbe\xadOC\x85\
\x8c\xf6\xea\xf3\xe1\xa0\xab7\xab\xe1k\xfd#\x07/\xa7\
\xdcw\xe6N4\x07D\xdd\xcc\xfb\xc0\x17\x1b\x9f\x03B\
\x8e\x91\x17L42n\x09J\xe01\xe8\xe1|\x91\x19\
HUY\x8d\x08\xc41\x9bo\xb9gc\xcf\x04K\x04\
\xbc\xfa\xa8\x1eW\x81bmv\xab&\x9c]\x9ay\xf1\
\xda\x91\xac\xfcT\x89\xae\x87\x95\x1d\xb3~$v\x1dT\
\x15\xd8X!-\x03F\xa2\xba\x16\x00\x8a\x8b'\xe9\xa0\
\xdf\x8c0\xc1\x80IyL\x9b\xeb70W\x22\xae\x90\
\x9b'\xe9\xca0E\x11\xb1K\x02\xd5\xf6yc\x13#\
\x81\xc3\x00\x05\xbf\x5c\xf2\xbcc\x1asx\x1a\xe9\x07\xf6\
\xeb\xc0\xbdaS\x8c\xe0p\xe1\xf5#\x04\xd9,\x1cs\
|\x8c\x18[p1\xee\x85\xd6\xa1\xc0\xa9.>\xee\xbc\
\xa3!\x85\x9cY\xec\xbaR\xa0\x85@$\xc8)#m\
=_\xd2^\xda\x1c\x0c\xa1\xc9\xceJ]H\xe2\xad\x1c\
\x1el\x13\x07\x93\x8b\x9e\x87\xf1+\xcc{\xbat\xe3\xe2\
\x97,\x5c\xd9\x1c\x1fW\xa98N\x13;\xcf\x0e_\xed\
H\x07!\x0b+\xe0m\xc9K\xadk_\xeeOs-\
(\xf6\xcd\xf3\x22<v:\xd1q\xe8\x0b\xdc\x00\xb2q\
K7\x94\x8eC|\x07w\xeb\x1d?\xa9\x94\x15\xf0C\
\xd1\x0a(Ei\x0b\xfca\x86\xd8\xf1\xc9\x1f\xc9Y\xfa\
t\xec!\xff\xdfQ\xe9\xaa\xcd\xfaY]~\x81\x7f\xbf\
\xf0\xcb\xa5\x8b\xc2J\x96N\x82\xee\xbc\xf3]8\x09\x89\
\x9dMc\xfd\x97\xb8\x15\xd5\xb7\xba}-\xc4\xac\x96v\
\x18i\xfb\x5c/(%\x0e)w\xca~\x01\x13P\xe3\
}\x9b\xa27\x19a\xa9M\x5c\x06\xb3bs\x88\x1a\x8c\
\x98_\xf7\xc3\x0a\xf4\xf6\xa5\x1aN\xd8\x17%&\xd8:\
.(\xe2\xc3\xdfy\xc2M\x9d)\xbc1\x1c\xc8\x967\
\x96\xee21\xcb\xef#\x8es\xe9@/\x9b\x86PS\
\xc0o\xd5\xad\x88\xd3[w\xa9\xbd8\x9d3>{]\
y\xff\xc6\xa4tW\xc7\xb1k)\x07J9|\xc9\x02\
\x84\xe3\xe8\xafrO-\xfb_\xa5\x9f\x95\xfe\x0d\x8e`\
|\x8c\xdad#\x01\xeb\xba\x17\x87\x0d\x94\xe2w\xb2\x81\
\x95\x94\x03\xa2\x9c\xceb\xfex\x1d\x0f4\xcd\x9f\x9c\xb1\
\xb5\xdc\x13\x18\xd6\xfd\xbes\xb9\xb7\xee5\xba,h.\
\xa2\xeb\x17\x9bx\xa3+\xf2l}\xe1-\xee\x19\x7f\x00\
\x98\x5c\xbcr\xcb \xeb\xa7\xbf~\x1f\x16/\xc5\xe6\xc8\
\x0d\xd2O\xb8d\xa8\xb4\x8f6\xc5\xa0[\xb4&0\x11\
\xf9!\x82lkP.o\xaeZ\xe6\xcfJ\xc6\xf2\xa4\
\x8bd\x9fqp\x11;\xfb\xe4\xce\x9a\xc6u\xcaG\x14\
\xc7\x96\xa50\x09\x7f8n\xa3\x0bR\xb8\xb8o`\x09\
\xaaq\xfa\xc6\x86~\xac\x0bg\xc5\xc9\xd1\xdc\xc8\xa9p\
p\xc8\xce\xa9\xe4\xa1\xa5B\xee\xb9#\x09C\x01\xd8\xa7\
;\x92\xf0@\x90J\x0f\x82\xf0\xf4\x1d\xb7\xa38\x16\x15\
\xac\xfa\x1d\xc4\xcd\xa3\xc7\x92\xf0r\x98\xfd\xed\x5cG\xcb\
e\xae\xcew\x0b\xfc'\xc6\xabkQ\x8f\x00\xe8\xa1\xee\
{\x0f\x05\x10\x9f\xc8wO\xf8,\xb3a[\x16\xda\xa4\
\xfb\xed\x0a\xa4}.\xb2I\xff\x0b\x12\xd5 J\xd2\x0c\
\x0b\xb9l\x81\x8b\xd2\xdc\x1d\x17\x81d\x1b\x17\xe5\x9e/\
5OF\xf1U]Kt[\xefO\xd7\xfftq[\
2\xa4\xe2\x98\x1c\xbfL\x16l}\xae\xbb\x02,\xca]\
\xa7W\xfc\xef\xd5'\x813Ao\x9f\x92\x9d\xf9\xb7\xc5\
=\x9a\xaa):G\xbav\xa3\xd8\x0c\x14\x8f\x1f\x0e_\
=0r\xee\xe0\xf0'X\xdd\xce`\xa7\xf8 \x18O\
\x87:\xf1\x0b\x8d\xe3\xbd{\x13\xfdW\x13\x83'%\xb8\
\x9b,\xdb\x1b\xaf8+\xadh.\x1dy\xa9\xa3\xb9\x1d\
\xff\xd2uZ\x8b\xe6\x0e\xf4\x89\xa1\xac\x0f\x02\x8d\xc0\xae\
\xa8}\x10\xd4\x90\x19\x15\x9d\xcd\x8dJd\xd9\xdc]\x8f\
\x5c\xdcq\xa3l\x9f\xd8\x81~\xb0\xf4\xa5\xfa\xfa\xb5O\
&\x0b\x88\xee\xfeV\xc9Q\xf2\xb4\xa7\xd6?\x84\xea\x8d\
H\xa2\xf4\xa9\x92\xac 7\xff\xd8\xc0\xb9\xc4'-\xd8\
o\x9a\xae%vv@\x8b\xfd\xe8\x15\x00]$\xa7\xfd\
U8\xce\x1aL\x85k>\xc4\x9bH\xb4\x0f&Zw\
\xa5L}=Z\x1b\x8dG6\xcd\x8b\x7fy\xc9\xe2W\
w\x14OZZ\xb4\xf49\x9d\x87\x0d\xd0\xabdh\xf1\
\xb3\x91O\xbb3\xe2\xf9\xf1\x08\xa0\xa7\x06\x08\xe7;c\
\x03?\xc2u\xfa\xa3\xb6\xf1\xc6\xbeD\xd3\xde\xc4\x89\xab\
\xc4\xa4\xdc\x93\xd8\xd9\xca\x04k\x0c\xcdB:\xe8*.\
\x84\xe3G\x1a\xb9\xd6\x96\xa1\xa9n\x0cNV\xe7\xdfv\
\xfc\xeb\xb6;\xb5\x8d\xe6\xaax\xc6\xcb\xa3q\x8b\xab#\
\xb3\xf3_t:\xa9\xb1\xab\xe7\x5c\xc5(hd\x0a\x8e\
rC\xb7\xe0h&|\x18\xdd&\xdc\x12\xcb&\x1a\x19\
\xfc9!n\xe8\xa6\xcd\x99\x85\xb0\xaaC\x22\xd9\xbc\x1d\
\xe4rh\xd5\xd3Av\xdd\x07\xa4!\xc2\xfb\x8b\xff\xad\
\xf1QT(\x06\xd7\xb6\xf2|i\xac\xbc\xaa\x22\x5cC\
@(\xae\x02wl\xec\xcf*Z\xd7e\xd3*\xa1\xc1\
\xf6\x1d9\xc7\xad\x19a\xe2\xec(\x00]\xaf\xfdo8\
\x1c\x9dZK/\x19\xb4\xaf\xe2\xb6\xd7\xbe'\xfc\x1d\xf1\
H[\xc3\x8a\xc0\xe3\xb0$\x14\xd6\xffM&\xb8&\x94\
f\xca\xc3lA_\x94\xa2\xba\xf3\x0f\xe4\xe8\xc4b\x94\
\xa2\x94s&lT\xe4)\xaf\xd0qD\x15\xc8lu\
k\x97\xe1\x0e:w\xf6y\xb0\x06\xaf\x17\x1fq\xb2\x80\
\xfc\x96_/\x0b\xe1\xbf\xc0\xa9^}'\x16_\xcd\xef\
\xc4\xbdD\xf7\x8c\x1f\x95#pB\x82>[x\x07\xf1\
v\xf1\xff9\xb9/|%\x89\xdc!\x97\xc1\xed\x1a\xcf\
\xc1\xe0\xd0\xb4\xc6\x0d\x0b\x81E\x0c\xcf\xa8\x81\xba\x16\x5c\
:\xd6\xbfYz\xd3\x1a\x94d\xad\x15\xb1m\xbbW\xb4\
\xa3+U\xa7\x83}\x14\xaaA\xb1\x13\xdf\xd6\xc0O\xea\
\x03\xcb\xbd\xfa\xf7\x1e>\xc4\x00\x83@\x95h\xc8\x03\x18\
8*Cs\xb9\x8b\xa2d0b\xc4\x05^G\x83w\
\xc1\x1d\x17f;\x06(h\xba\xd7\xdf\x0d\xfb\x99\x81>\
\x1b\xff}e\xd5\x81\xffZyB~\xf5/j\x98i\
\xee=p!q\xa1y\xfc\xc0'\xe2\xa9\xc5\x97\xff\xa2\
s\x0b\x89\xff\x9f\x86\x0b\xc5\x93\xb0\x05o\xbfR\x91\x07\
\xf0ztw\xf5<\xed\xab/bc\xe3\xcd\xfd\xa3\xfd\
\x17\xc4V\xcc\x1b\xac\xb8B#\x16L\xe8u.\xa6v\
\xc9&\x02\xc8\x05W\xe0\xd5\x07WN\xb7\x08\x08\xf3\x19\
\xcc\xc5\xbd\xd3\xd3\x10f\xab\x8aK\xf3\x97Q\xd5\x926\
\x13Ud\xf3\xefV\xdd\x5c\xf9\xd0\x8e\x9fho\x94b\
\xb4\x88\x08\x9d\xbf0:\xf4C\x9bSDx~Fr\
5\xc4=\xdc\x19\xd4\x19R{\xe8\x19BYo\x11\xbb\
\xe6[\x195\x1a\xde\x9c\x95\x86\x9e\xa9\xdd\xb8\xa5\xe6\xad\
\x1a\xeb4Bg]\x85\x99\x9b;T\x98C\xdc\xf2O\
\xff\xc4\xa0 \x9f.a);\xdfv\x93z\xcf\xd3{\
q1r2\x14\x1f+\xc9B\xadQ\x05\x01\xac\xc0Z\
S]\xf4f\xc2\x08\x86\x9aV\xbdze8Zo\x9f\
\xc6\xa1\xcfR\xeb\xad\xb2^Er\xdb\x1c\xf9\xe1h\xdf\
\x09W\x90\x03\xb3\x08\x1ch<\x82\xf3@\xcbEs\xb0\
\x83\x00\x11\xd3z\x06L\x1e\xda\xe7\xc4\x1d\x89'Db\
`\xde?\xc3D\x1b\xcea\xab^\xd9\xd3\x14\x1cvd\
_\xcf\xd8\xc9&\x9b\x84\xec\x8fY\x8f\x89\x11A\xda}\
G\x82\xdb\x0c\xac\x8f\xb5\xeb\xa3\xf7\x1a\x0a\xe5$\xb3\xfd\
\x5c\x96\xb6\xca\xe7x 9\x8e\xedP\xa9\x9f\x91\xc8r\
\xadw\x89\xb8{\xd3z\x86\xee\x8f\xc7\x0f]\xb3\xfd\x8b\
\x9f~\xefg\x9a\x7fA\xc4M\xf66\x03\x19\xa4\x9cH\
\x86\x86'\x9a\xceM\x85s+\xee\xb8\x0e\xa0P6\xfa\
\x00\x1b\xaa\xcf\x83\xd4\x8e\x9c\xbbR.\x9a\xfb\xbckF\
\xc7\x02\xd9\xd1\xa4Rs\xdb\x09\xc1\x8ee!WZH\
\xd3\xf15t\x04\xb7Kq\x08G\xc9\x92\xda\x03\x0b\x8b\
\xa7F\xbe\xd93\x89I\x88\x8bCbw_\x92\x11\xc6\
\xf1\xb2\xac\x9da\x90\xc5S\x8b\xefX/\xf9\x07\xe3\xf9\
\xab\xbf\xd1<\xb9dE\xc5Ku-\x88)\xf2_#\
S\x97\x85\xb4\xcfd;O\x83\x99[P\x95\xae\x9d?\
\xa8J?\xd9%^\xa4Gb,\x1a<\xbf$\xcc\xe7\
\x12n\x8a\x04\xb2\x14\xcd\x88\x01\xe6\x04\xff\xa7p_\x13\
\x97.!F\xd9\xda;\xb2\x07RD2LI\xff\x8a\
\xcf0\xde\xee\xfa\xbe\xf0\xb0\x01\x18+O\xcd\x09c\x9d\
\xb5\xbej\xd7\xcb\xaa\x0a\x97\xaa\x9f\xe6\xe3P\xa5wp\
\x87v\x15\xbd\xf6\xce\xf8\xeev\xbd\xe06q\xe5\xb2\xb8\
O\x89?\x22\x8aMSr!\x85\xe2\x7f\xb44\x8a\x8d\
\xa5g\x12\xa2\xfd\x08\xb1T\xe4\xbd\x9ao\x05Z\xae\x1d\
\x16g\x89L<\x1e\xfb\x88#\xf92\xf2$\x8e\x93\xe3\
\xbd)\x03-E\x80RUN\x01\x9e\x0f\x1f\xc6\xe2\xe2\
\x86n\xf1\xa3>\xb4\xec\x05p`\x95\xb5W\xbc\x04\xe6\
\xd4\x000\xe9\xdb\x0c\x9f\x12\x0e!\x03\xfa\xf8\xeb\x19\xbe\
r~\xb4\x9f\xae\xf0$\x1d-y\xa8\x91A\xe8\x90\x9c\
\xaa\xa9\xd0J\xd9\xe0\x810\xce\xe9\x10\xb3@\xa4\xc0\xe6\
\xa290\xa0Vs\x02vZ^h\xfd]\xab\xf7V\
\xe4A\xe3\x03\xeam+\xf3\xab\x8b\xe2\x19\x1a\x10\xfa~\
\xee\x8c}\x83\x05?H\xba-q\xbeW\xec\xc0\xe3\x8d\
\x8d\x0e\x5ct&\x80\x03\xfa\xbep\xc4\xc1Xq7\x1a\
\xa9\x10[\x00\x9bI\x1d8\xbe\xe6\xc6fN#h\xc2\
\x94\x03\xb5\xcd\x93\x0d\xd1\x84{d\x22\x9c\xf8\x84\xe0\x02\
9\xd5\x13\xb2-`C(]\x02=_\xa5\xe2_]\
^[\xd8\xf4K\x5c\x14V\xdd\xe4\xc2Z}\xfd\xfa\x06\
\x10/;xzx\xb0S\xd2\xab\x0e\x5cL\x99h\x9f\
\xad\xa6R\xfa\x8b\xc6[\x84\xac\xcbh\xfa\x0d\xac\x070\
\x04\xf3u\xfb\x89\xbdP Rt\xf8\x8d\xb2\x08$\x0d\
\xbc`\x86z\x82\xea\x8c\xbd\x7f\x87=\x1e8,\x9fr\
E\xb7=r\xa4q\xec\xda>\x0e\xf11.\xcbZ/\
j\xca\xa9h\x99ts\xb7E\xcb\x14V\xd3c\xff!\
\x19Bp\xb2\xac\xbd\xf4\x06r\xe5\x81\xd4\x90f\xdb\xf3\
^\xb0\xeb1T*\xde\x89`#e\xc8\xddo\x82V\
\x1d\xfc\xcf\xc5\xdf-\xb9\xd7\x98\xf6L6-\xbd\xce\x9e\
>\xf1m\xb9g\x9biTMe\xb9\xeb\x1e\x16H6\
0\x99\x12\xa9\xc8\xc3\xb9\xe0\xb3\x83a\xff+k\xaf\x9c\
\xa2\x10\xfa\x9e\xb9B6G\xa9\x0f|q\xb4\xc93\xf5\
{\xbcSjnP.\xd6\xf2\xed0+\xd3\xb7\xe3\xc2\
'\xcb\xb7\x9b\x8b\x96\xf8\xf0\xf0\xa5#\xdb\x91\x0c\xad9\
\xb3f\x11\x886\x01\x0d\x88\x9e\x0f\xa4j\x1f\x97\x96(\
\x9c\xcb\x9f=';\xb0\x95\xf56\xc3\xc3`\xe1\x0b\x86\
\x04t\x9dO\x99\x9e\x0d\xe1\xb1\xe1\xea\x07\xe01|?\
\x22\x9f>E@\x9ek\xc6!@o\xd5\x11\x15\xf8\xb5\
+\xa4A\x9f\xae\xac([\xe9\x16\xea\x1f\xbe/I\xe8\
ln\xaa*\xc9\xe6NU\xa5Bz\xb17q \x00\
/\x8acR\x01NR\xc0b\x9e\x94\xe6\x06.\xf2\x09\
 y[\x98\x00S\xc3\x9e\xdc\x16\xd2\xe5n\x1e\x1e\xc7\
,\x7f\x99\xfa\xd2\x96\xc3\xc8\x03^}\x94\x0e*]\xf1\
\x9ew\x1a\x8c\xe1\xd3e\xe7Ov\xba\xa9\xc3\xe9%E\
/\xeb\xc4\x972\xb3\xd7u\xd9\xc1\x94ECT\x17\x19\
\xf2\xafr\x08\xa2Hui\xbc\x16\xfa}\x14\x89\x80r\
\xb3\xc0\x14\xb8\xa3\x9c\xa1\xeb\xf6\x8b\xf5,\xea$\x02\xba\
\xe3\xe41\x07\xa6\xcb\x8e\xd1\x13\x9a\xf45R,\xd9\xb9\
?<\xa1\x9a\xf3\x8b\xe4\xea\x5c\x14\x5cDr\xd6\xdf\x8f\
bBR\x8ep\xcaf{\x03<\xa5\x0f\xe0\xbdz\x14\
\xe2r\xa5\x05\x80T\x1f\x1c\xe3\x8aAhCL\xa8+\
KI\xdb\x86y8]&\xd0\x01\x9f-\x87\xfe\xe0\x03\
>Z&\x90\x02\xcf\xb6\xd0\x91\xa1t\xa9L\xfa\x92\x99\
\x1d\xcb* \x94_\xb2\xcf\x8d\x95\xae\x9e\x10\xd1f\x14\
\xc0\xeb\xc3\x22v\xcc\xd5\xee\xf6\x9e\x9d\xb1\xd6O\xf7d\
\x09\xb7e\xe4\xa8M\xfen\xf0\x10d\xb9i\x06f\xa0\
\x91\xbf\x91\xe3\xc4z\xfd\xa0\x1f[\xe0N\xbca\xef=\
\xc7\xc7\xa8\x9b\x1d4\xdf0$y\x02\xca\x1e\x8b]\xd3\
D\xf3\xee\xf5\xcd\x81\x1e qe\x10\xcb\xd6V\xd1\x9b\
I\xb6\x1a\x9845#\x9aQM\x8a+\x86\xd8\x04[\
j\xa8,\xdf\x16\xad\xde\xec\x10\x9bX\xa0\x12\xc0p\x9f\
y5\x22\x81\x88\xe7\xabkQn\x1a\x98\x06J\xfb\x8c\
_\xfb\xdbF\x16\xd7\xf4\xa59E\xe8\xe9\xa8\xb1C'\
)\x08:\xfbR-T\xcc\xe3\x9b{\x9a \xe1\xd4<\
9\xbe\xbd\xf43|K\x9cAm\xdeZ\xb6\xce\xf7\x05\
\xd4\xc8C\x00i\x92 \x93\xb8\xe90zVr\x94\xa8\
L\xea\xf8\xfbG\x1co\x8d~J\x86\x032\xa5\xbd\xf9\
\x1d\xc8h\xa9\x02\xffy<\xf6\xeeyS\x04v\xc9;\
\x91[\xe2'}\x8d\xaf{\xd1\xdd\x1a\xc9\x94\xfc)\x91\
V\x1d\xba\x1a~M\x5c\xce\xdc\xcb\x22\xa4\xec\x98\xb4\x8c\
zow\xf0\xe9n=\xe1\x5c\x92\xd5\xb3\xda\xdf\xfe\xed\
\x1c3\x82*\x17\x86\xec\xcb\x944\xf1r\xbf*8\xe7\
\xf7n^\xa6\x0cs\x1d\x87\xf4Jt\xef\x8d\xa7\xfa\xfa\
\xe5\x00$\x0c\xf5\x94Q\xd1^`\x98em\xa7\xf6A\
w\x81;};\x0a\xc3Hla-\x08O\x1b\xaf\xec\
Ayhj\x10E\xc9\x22&V\x22\x87f\x9d\xef\x91\
\xbe\xa5\x8a<\x99\x9d\xc0\x0f\xf9D\xa0p\xf1>i\xb9\
\xb5K&&\x9e_\xf2D\x8a*Fg\x1dA\xee\xc4\
\x85\x039\xe8\x08\xd25- :]v\xa3e\xe3\x88\
zR\x1fD\xde^\xfd\x96\xbbO\xe2\xf8e\xfbv+\
\xfa@\x97\xb7x\x12\xd4:+\xf2\x90\x07\x14\x8f\xbd\x5c\
2Rl\xcex3\xa3&\x90\xd5\x9d\xaf\x80\xd6\xd0\xef\
\xfd\xbc\xb1\x89\x85=\xf16(c\x18^\xbenS\xd5\
\xe67kR\xe4yiD\x88\xc3\xf0\xcaB\xd1\x89\x9f\
\xa6MQn\xf2\xb0\xbc<\x90p\x8c\xbf\xc4\xa8\x06%\
U6\xd6>\xa7h\xe9\xe9\xa1\x5ci\xd5M*g\xdd\
\xc0B\xe9.X\x8bT\xf3\xb2\xf6d\xa8\xec\xbdU#\
K\xb6\xd5\xfd\xaa\xf2\x04\x14\xbf\xf1+\x16OR7\x1c\
_%\x0d\x84\xbeJ%m\xe9\x9b:\xf8\xd0@x\xc7\
;\xa9\x00\xad31pr\xf8\x93S\xa3\x87?\x84[\
C\x0a\xdf\xfc\xa3\x82\x0aY\xbb\x13ybi\x92\x96w\
\x7f\xbb'\x96\x96\xd89\xe0*\x19\x8c\xbfZyJ\xd3\
h\x9b2\xdet\x02\xa6l\xc0\xcf<Dr\xd5\xecQ\
\x1aU]\x84\x9c}2\x04\x11>u\x91\x89$\x02\x9e\
\xd8\xc3\x1c\xc2\x95xe*\x94\x82\x80.\xa5\xf5\xc5\x93\
\xe9W\x9a4\x0e\x98\x18\xb9\xe2\xee\x92>\xed\xc7 \xab\
\x08\xa0\xc4\xfa\xec\xafN4\xc7Wg\xb8\xee\xb9\xb2\x0b\
}un\x07~\x96\xde\x11\x9e\xa6B\x11\x1a\xd5bE\
\xb6!\xe9^j\x80BwE\xd9\x02\x0c\xe0\xa2\x9eA\
J\x1a\xb9\x90d\x08\x8e\x22XGp\xf0zC>\xc6\
C\x06)i8\xff\xcc\x89\x11\xac\x12r\x0d\x99\x8d\x84\
=\x0f;\xda \xc6\x87\xd7\x84\xab\x1f.\xd9$b\xd0\
\xb1\xfe~\xfc\x7f\xbd\xa2\x8d\xc7c_\x8a\xaf||\xc1\
\x96P\xbd]\x1d\xf0>\xe9/\xae\x9f\x0bW\x10\xf3\x96\
%#zNW.\x07\xcd#sM\x8a\x16\xd9A\x01\
\xd0\xad\x17\x89>\xd5EX\x13\xeaF\x80\xf0+\x8b\xc0\
2,\x93\xd5\x8c\xb0\x8d\xeb\xb0c\xb6\x0b:\x1fZ:\
\xc6\xbd\x80Y\xf7\x95\x1a\xac\x07\xd9\xe4\xab\x01\xd8\x08h\
\xb7w}C\x01\x0d\xf5))\x85\xd2\xe9\xd5\x04\xb6\x15\
j\x9b\xc2\x19\xc2\xc6[\xfa\xd9\xeb_I\x86\xb0\x14\xb1\
&\x98\xbc\xad\xf2\x18\x9f{\x9a3D\xb5\xd7\x5cF\x8c\
\x8b\xb9,\xe3$\xd7K\x11\xb6\xe9\xa7\xa0\xa3ryE\
/\xcc\x22s\x22\xae\xdam\xaf^OR\x16\xa8\xfa\xcb\
\x87\x0e0|\x0c\xd9\x0a\xfd\x8e\xe5\x0d)\x8cJ\x19r\
E \xe1\x950\x8f\x1c\xe9\x1b\xef\xfe\xd0C\x86qZ\
\xc3\x85@D\xd1t\x90\xad\x9e\x9f&%[}6\xfa\
@\xeaO{\x99\xd4\x83\x05\xfd\xac_\x09O\xa7GH\
$\xb6\xdf\x8e\x90\x84\xd1R\xdf\x03\xf0\x1e\xf0\xf4\xd6=\
\xb3X>\xbd\xb5\x0b\xe8Y\x9ctw\xcb|\x0c\xc5\x17\
\xdbU7\x11R\x86W\x83\xf0\xb2\x1e\x1b\x97\x83\xa8\x9b\
,\xc2\x05\x14<f\xdf\x86\xc3\xc9\xeew\xda\xf5\xd7\xab\
n\x1aH\xbf\xe9\xd2\xd6\xc0E7$o\x16\xe6\xc3}\
0#\xda\x8dn\xd4\x16\x06P<E\x01+<)\xb9\
\xff0\xd7o*\x9cN\xd8\x1c\x00\x8f\x5c\xd7\x02\xf3\xd5\
w\x06\xd4\xd7\x8b\x9d\x83\xf0\x93\x13\xb0\x9d\xc8\x8d\xaf\xf4\
\xa6\x14N\x97\xcf\xc2!.\xe2:\xbe\xd1x\x8b\xd3\x92\
\xceg\xf1\xa2Z\x92\xb3\x97\x18t\xbdl\xa4k\xa3\xc3\
\x00\xa0Y0\x16 \x8c\x11q\x82c\xbdv\xfd\xb5\x99\
]\xe3\xe6\xee\xec\x1a5\x07\xa03\xd8\x9c\xb1\x98\xce\xa7\
\xe5g]\xfclu\x11^l\xea_\xce{\xd4\xe1\xab\
\xbb\x10\xcf\xe3\x5cD\xfa_\x8e\x9e\x16y\x90\xe0|8\
\xc9a\xadlL\x9fj\x8e\xf2\x83|8\xda\xa5H\x1a\
P\xcc\x1a\x92\xf7\xc6\xf2\xc9Q\x09\x8e\xe1\x93!\x84)\
\x15b\xc9\xfeF\xf4\x90\xb0\x14\x00\xd2\xb0L\xa9\x1e\x0a\
)\x1e\xeb\xa1(\x85c]\x19\xb9y\xfd]\xc8\x94\x94\
~\x1f\xf4tZ\x9ae\xb6\xd7\x15\x81dN\x93t\x1c\
e*:G\xe2\xe5\x81}\xd7\xa3\xdfR7\xb6-\x83\
\xcc\x80\x86\x8f\xa0\xae\xa5\xf1o\xd7l\xc6\x10\x9a\x1b\xb5\
;6r\xf0\x13\x03'|ip\xe4\xecqE=\x89\
o\x00WTD\xc0\xcf\xf3\xd8\xf6\x82\x92n\xb6\x16\xe3\
 \xd7\xd9\xbaJ\x06\x85\x91}\x9e\x12_\xbf\xd8J\xc9\
\xa8N\x00\xa6h\xd1\xc0\xe9\xdc\x85\xf1(\x8e\x80\xa0\xe1\
\xfc\xeb\xbf\x82\xef\xd4\xa7\x9c\x9f\xe27\xd5\x9c<\x16%\
\xd4\x10\xad\xf6\xba\x9cX\xe4\xf0\xde\xdb\xd46\xf4\xe6\x1e\
8\xd2\xa9w\x8a\xda\x14t\x89\xdc\xb5wJd.\xf0\
E\xa5}\x15o\xad\xbf\xff@f\x99\x8f\xbc\x9c\xc3\xde\
\xc6\xf0\xa56\xac\xdd\xcb\x1f\xf3eU\xb8u#{.\
\xc3\xed\xbaz\xc8!\x82\x96\x0b\xb3\xa8h\xf2\xd3\xe0\xda\
\xcd\x9a\x0c\xca\x8a$3\x11\xee\x5c#\xdf\xbbW\xe3\xb0\
\x08\xc9\xde\xe7\xdfu\xf0V\xccP\xcd1\xb4\x959\x9f\
\xadw\x95\xc3\xa7\xc9\xa2[\xc6\x0c\xb7;\xa51\xb7\xab\
=\x17\xc6*\xdf\xae\xfc\xb1\x9f\x84i\x9e\x8c\xa81+\
\x18\xa2@\xcd\x08\xe9.\x94<p{\xce\x8c\xec\xddK\
\xe9\x17\xacX\x0e\x15{\xc8h*IsG}\xbd\xf1\
\x98 K\xaa\x03\xa7\x0e\xb3>\xa8\x8f\xe7\xd1g\x91\xce\
o\xfax\xabE\x8c\x17J\xc7`\x97m\xc95\x85\xd2\
\x095\xd1\xc7\x01:\x13\xf3\xe3\x00j\xc73\xf0\x9f\xa4\
7L\xd4&\x80P\x1d9O\x9f\x08\xc3r\xac\xa0\xea\
\xbeOu\x86P\xd1\xd7\x05\xfeF#\x9b\xa3\x87\x1b\xa7\
\xe3\xe8\xc94\xe8V\xb2R\x90\xab\xa0\x91\xc1=\x14\xe2\
\x86n\xe2!jn8M\xb2\xb9\xdbc\x0a\xa1\xb9Z\
\xb1\xc6\xdc\x03\xeb\xd4\xd9\xd1Z\xe6\xaac\x9a\xa5=O\
\x5c\x95\x96\xc01\x10\xbe\xcc+\xcb\x0b\x91[\xdc\xf0\xf7\
@/\xe9\x9c_\xa8\x021S\x22\x0c\xc8c\xe7\x01^\
\x8d\xd8S\x8e\x9c\xe6\x1c#\xceIB7\x19\xf4_i\
\xdc\xd6\x08\xa6\xd0\x03\xc5\x92\xaf\xc5\xf3c9\xa5\xcbV\
\xf4\x0a\xb7\xa3\xed\xd5f\xb1f\xd6\x92\xda1\xa0iO\
d,\x04\x9d=U\x0f\x96\x8b\xbfl\xe1\xbf$C\x91\
\x19J\xf5\xa5\xbe\xben\x876\xc9\x17x\x92\xe3G\x1a\
Y\xf0%\xd1\xb1w\xac\x9fT\xeeO6\x87\xd7n\xdb\
\xb6\xa5\xe6\x89\x85\x0b\xa9\xc2\xb0|\xcb\x16\xf1\x7f\xe1\xc1\
\x5c:\xa8K\xc4\x8c\xfe\xf9\xe0\xe8;W]\x9e\xf6\x81\
\xae\x15\xbd\xc8\x1cB\xf38\x99-\xfc\x90\xf0\x96A\xe2\
8\xf7AS_\x19?\xd8\x94\xe8\xef\xe5\xe4!\xeb \
\xdf\xb8\xd2Z,\xb6\x82A\xc5xn\xf3\x9b\x1fX\x18\
;\xae-\xc1\x83\xef\x8c\x9d\xb3Y[\xd0(\x88\xf3\xe7\
\xa6)q\xfe\xd9\xe8\x83\xab\x80\xb6\x0e\xa9\x07;\xfcv\
\xf3\xda\xba\xe1\x1f\xfcv\xef\xf3z\xf3\xfe\xd1\xc3=\xa3\
\xd7\x86\xc6\xaeZ\x9a3\x14\x060nCt\xd9w\xdc\
\x86\xb2\xd1\xd2\xc4\xd3\xc9\xc0\x80\x13O7\x03\xcd\xe9p\
\xces\xa4\xfaf\xcb\xaeL\x1b\xafX<Sf\xfe\xc8\
\x18\x08ij\xd6\xd6_\x07x\x08\x115\xcb\x18\x11\xd0\
\x8c\xb6}0z\xa6\x8d+08@f\x1d\xbd0\x86\
\xeb,\xd2\x18*\x8f\xfcr\xef\xbe\xfd\xda\xd1K\x06\xf9\
\xd2\xca\x89\x0a=\x9d\x9c8x||\x97\xe5\xe8\x86a\
V\x06u\x06\xec\xcc\x9e\x16[+`\xf32\x8c\x03\xae\
]?m\xe7|\xeb\xa6\xf8\xb7\xd7\xdb\xb1\x83f\x91\xe4\
\xbd&\xf5\xa0D\xed-\xa9\x87l \x1f\x84O^\xac\
9u\x84v\x10m\x8b\xad\xac\x86l\xdc\x90\xf1\x069\
\xef\xb5Lb\xea\x93\xe2y]\x1b\xde\xa8\x8d\xd6F\xab\
,\xd7\xbd\x08Bf\xd1\xf3\xf8\xdd\xeaZ\xa0\xa7\x03\x0f\
\xbagR\xc5S\xec\xe8\xc6#\x04\xc7\xf8\x8d\xb8_o\
\xd7\xb6\xaaw\xe2\x80\xa2\xe0x\xc4\x0f\x89\x02\x1c-\x8c\
?~\xec#\xcf\xdf\x1d\xbb\xb6[\x826v\x0f\xe2\xc2\
m\xaf\xc7\xb9\x98\x00^&\xf4\xce\xebZ\xaa3\x0e\xbd\
\x19\x8f!\xce\xc6k\x00\x7fE\xad\x90\x0fw\xe0\xc1%\
k6)\xa2c\xfc#\x8d\xe2\x8a6\xf6\xc9e\x8e\xb3\
y\x0bCJ\xa6Sa\x90\xe5\xa6v\x9d~\xbd\x0c\xe1\
\xc4W\xfe{\xc9a\xb0\x96h\x19\x19\x14\xe2\xc8\xd2\xba\
Dg[\x22v\x98yKl\xd1ya\x02\xea\xd5\xda\
*\xa0\xae\xac`m\x1d)\xdd\x19{\x9al\xfe\x11\xb1\
\x9d\x8e\x9dlJ\x17\xbf\xce\xec^\xf9\xde?h\x9b\xd8\
\xbb\xef\x8c\x0f\xf5\xd8\x8d~\xb9\xef\xc7Z\xa3\xbe\x1f\x8d\
\xef\xb6\x0b\x8f\xd0H|\x05_\xf3\x1afs\xc3\xf0\xd7\
R4} W[\x89\xdc\xf4\xe7\xf6u2\x07\x8d\x9b\
'\xbf\xb6_\xab\x92\x99\xce\xcd\x81`\xfc\xe1~\x87\x08\
\xbd\xe8\x13\xcb\x09*\x14\xb3\x8exJ\x85\xe2\x10\xf4\x80\
p\xdd\x04\xd8D{\x85$\xfa\xc3<c\x8c3\xb1\xee\
\xdfzG\xbe\xa7B\x09\xc8\xba\x7f[\x86\xbc\xab*+\
\x04\xa5\xbe\x7f\xaf\xcc^\xfb\x1c@\xa5\xdaZ8vY\
\x9c\xe7\xc3\x97\x86\x1c\x18\xda\x95=w\xc7\xb2q\xb3\x95\
\xda\x18(t\xa9\x94\xe5:;2\xbe\xca\x9b\xd5\xaa\x9b\
T\xd8\xdd@\x91\xe8r:\xb4%K1\x0en\x5c\xf6\
'\x10p\xf9\xf6\xf8\xfb-\xe2\xfe\xcf\xb7\xe5p\xc3\x96\
\xe8\xd6\xca\xa8\xd8\xd1\xbe\x8a\xdd\x8d\xa25\xa7\xc3\x0d\xd1\
\x0d\xe5[j\xc0V\xbc0\xcc\xa1\x824r/\xdf\x82\
\x22\x1dU\x03aFQ*\x8a\xc1\x8c\xcaH\xdd\x03,\
\xca\xe5Dq^\x93\x11f\xb95\x94\xc8\xa3\xe0'\xc0\
$\xfb\x18\xcd\xeb\x93pMtC\xb4r[\xb4\xaal\
Ky\xe5\xfa\xf2\xeahM\xd8\xd7b\xa3*yY\xda\
\x93\x92J\x16\xf31I\x94\xd9\xb2\x9bD\xb9\x10\xcdW\
,_\xff\x91\x8b\x04X\xe9\xc3U\xcf\xd3&Z(\xcd\
\x9d\xed\x1e\xe9\xff\xc8'\xfe\x0d(\xc6\xb9\xd8\xbc0\xd4\
\xda\xc7\x1b\xfe\xe2\xbd\x9f\xb1a1\xe4\x0b\xe2\xa2\xb38\
#\x92\x11^9\xb5\xbd\xdc\x88\x8e\xd0 #G/\x8f\
\xc5\x9a\x91rQ\xd6\xc3/\x94.\x8e\x84\x11\x7f\xbe\xe0\
*\xa3\xce\xc5\x18\x1b\xf6WO\x81\xab\x16\xe4\x97\x926\
/\x1eC\x0d0{k\xa9\xb8\x9b\xe8-\x1a~\x92|\
\x8bno)\x0b\xcd\x8d\xc3\x8c\x1a\xbbt\x8b\xde\xe9\xd2\
\xbe\x87,\x06A;\xf0\xb0]\x9d\x01\x07\xe6L\xcf\xe8\
\xe0)\xb7\x03\x13\xc2\xe8V\xe1G.K\x22\xa6-\xff\
Hf\xbfq?*#5\x8fr:p\xf7\xddG\xb9\
\xea\xd1\xa5\xb2\x93,\xc0\x9e\x01\x1f\x09\x87\xa3q\xb1+\
@u\x19o\x14\xe4\x1c\xc9p\xafu\xcf\xfb\x7f\xba\xf7\
\xf4\x0d\
"

qt_resource_name = b"\
\x00\x06\
\x06z\x92r\
\x00a\
\x00d\x00b\x00l\x00a\x00b\
\x00\x04\
\x00\x06\xc4\xee\
\x00i\
\x001\x008\x00n\
\x00\x0f\
\x02\x05\x9d]\
\x00a\
\x00d\x00b\x00l\x00a\x00b\x00.\x00e\x00n\x00_\x00U\x00S\x00.\x00q\x00m\
\x00\x0f\
\x00{/\xbd\
\x00a\
\x00d\x00b\x00l\x00a\x00b\x00.\x00z\x00h\x00_\x00C\x00N\x00.\x00q\x00m\
\x00\x0f\
\x00t\x1f\xbd\
\x00a\
\x00d\x00b\x00l\x00a\x00b\x00.\x00z\x00h\x00_\x00H\x00K\x00.\x00q\x00m\
"

qt_resource_struct = b"\
\x00\x00\x00\x00\x00\x02\x00\x00\x00\x01\x00\x00\x00\x01\
\x00\x00\x00\x00\x00\x00\x00\x00\
\x00\x00\x00\x00\x00\x02\x00\x00\x00\x01\x00\x00\x00\x02\
\x00\x00\x00\x00\x00\x00\x00\x00\
\x00\x00\x00\x12\x00\x02\x00\x00\x00\x03\x00\x00\x00\x03\
\x00\x00\x00\x00\x00\x00\x00\x00\
\x00\x00\x00h\x00\x01\x00\x00\x00\x01\x00\x01\xe4\x83\
\x00\x00\x01\xa1#\xe4\x8es\
\x00\x00\x00D\x00\x01\x00\x00\x00\x01\x00\x00\xff\x86\
\x00\x00\x01\xa1#\xe4\x8ep\
\x00\x00\x00 \x00\x01\x00\x00\x00\x01\x00\x00\x00\x00\
\x00\x00\x01\xa1#\xe4\x8er\
"

def qInitResources():
    QtCore.qRegisterResourceData(0x03, qt_resource_struct, qt_resource_name, qt_resource_data)

def qCleanupResources():
    QtCore.qUnregisterResourceData(0x03, qt_resource_struct, qt_resource_name, qt_resource_data)

qInitResources()
