# Resource object code (Python 3)
# Created by: object code
# Created by: The Resource Compiler for Qt version 6.8.1
# WARNING! All changes made in this file will be lost!

from PySide6 import QtCore

qt_resource_data = b"\
\x00\x00\x9f\xcd\
\x00\
\x02\x1c\xd2x\xda\xc4}\x07|T\xd5\xb6\xf7>\x93\xe9\
\x95&\x1d\x1c\xaa\x80\x10\x08\x9d\xd0;\xa1\x06BQD\
`\x92L\x92\x81\xc9L\x98B\x8bQz\x87\xd0{\xef\
\x22$4i\xa1\xd9\x1b*\x82zATZf\x92\x00\
\x0a\x08\x8a\xddo\x9d\xbdO?g&x\xdf{\xbf\xef\
\xdd'\x93L\xceY\xbb\xad\xbd\xd6\x7f\x95\xbdv\x87\x13\
\xa9\x95?\xbe\xbfq\xd5\xa7\xb5\xaa\x9f\x1b\xbb\xed\xccw\
{\x10B\x1a\xa7g\xcc\xb0\xa4n\x08\xd5\x9f\x86P\xdf\
w\x11\xaa0\x0e\xa1\x01j\x84j\xc4!\xf4c\x0cB\
+\x1f\xc0\xe7n\x84\x0a\xe0\xef\x0f\x9a\x22\xaac<B\
\x0f\xbb \xf4d\x1aR\xa5\xfd\x88P\xc5\xf1H=w\
\x03B\xc6uH\xbd{\x0aB\xb6\xcf\x91\xfab=\x84\
\xaa\xfe\x85\xd4\x7f\xc0\xa7=\x1di\xfa\xb4B\xa8\xd9!\
\xa4I;\x8bP\xdbAH\x93\xb1\x17\xa1\x8eW\x91\xe6\
\x95\xc6\x08%\xd4\x86\xcf\xb5\xd0v5\xa4Y\x18\x80\xcf\
\x07H\xb3:\x15\xa1D-\xd2l\xd3 4\xb2\x11\xd2\
\x9cw\x22\xe4\xa8\x834\x9f\x7f\x80PZ\x16\xd2m\xff\
\x18\xa1\xbc\xd6Hw\xfacD\xe5\xa4 \xfd\x812\xd0\
\xdfa\xc8\xf0\xc3#D\xbd2\x01\x19\x1d\x87\x11uu\
52\xee(FT\xbd/Q\x95\xb8\x1b\x88\xaa\xff>\
\xaaZ\xe6\x0fD\xcd/\x87\xec\xa3;!\xb4\xad\x1a\xb2\
\xcf\xeb\x8eP\xad\x14\xf4\xfc7zD\xf5\xff\x055\xbe\
\x9d\x00\xcfMG\xcd\x7f\xdc\x8a\x10u\x0f\xb5[>\x1c\
Q\x157\xa2\xee\x9er\x08\xc5\xe7\xa0>\x93\xda!d\
HE\x09\xda\xf7\x10zo;\xea\xdbz\x15B\x96\xf7\
P?\xfb\x5c\x84\xfe\xf3;\xea\xdf\xfb$B\x95\x97\xa2\
\xfe\xeb\x92\xe1\xf3\x14\x1a\xb8\xfa<B\xcf>F\x03\xdf\
_\x8e\xa8\x9f&\xa3\xa1\xaf\x1cBT\x97\x7f\xd0\xd0\x99\
\x0b`>\xae\xa0\xe1\x0bv!\xd4\xa1\x04>O!\x04\
]\x1a\x9e\xf76B\xed\x17\xa3\xe1\x85\xf0\xd9A\x85^\
8\x0e\xf4\xfaUB/u\x9c\x80\xa8\xaf\xda\xa0\xd1K\
\xe1\xf9\xb4\x0f\xd0\xe8\xfb?\xc1\xdf\xf7\xa0\xd4\xbc\x86\x08\
\xfd3\x079\x0d\x06\x84bn\xa0\xf1\x15z!j\xfc\
h\xe4\xa6\xdbw\xfd\x842\xdb\xc3|U\x1f\x85\xb2*\
\xfc\x07\xa1K\x97\x90\xefe\x18\xef\x88\x13h\xca\xe7\xc7\
\x11\xfa\xca\x8f\xa6|gA\xd4\xc1\xf5('0\x1eQ\
\xebL\xe8U\xc7cD\xe5\xaeA\xd3/C{\xd3\xae\
\xa2\x19\xc7\xf3`=[\xa3\xa5C`\x9d\xa6U@\x07\
\x16\x9cFT\xb5\xf5\xe8hR?D\xd5\xac\x80\x0a\xbc\
;\x10\xaa\xf6\x11z\x1f\x19`\x1d\xea\xa2/&\xbf\x89\
P\xdd\xba\xe8\x8a\x0f\xc6\xa9OEW6\xe7#\x94\xbf\
\x02]m\x03\xedV\xdf\x87\xae9\xae \xf4\xfdU\xf4\
\xfd\x17\x0e\x84\xae[\xd0\x8d2\xfb\x10\xf5c\x05t\xf3\
\x8d=\x88:s\x18\xdd\xca4#\xca\xba\x1b\xdd\xae\xb7\
\x12Q_?F\x85'\xe1\xbd\xb3\x15P\xe8xG\x84\
\xd6\x96A\xa1\xbf\x9c\xb0N\xbdQq\xdea\x84\x16t\
A%'`\x9e>h\x83J\xce\x03\xdd[\xf3\xd1\xdd\
8\xf8\xbc\xbd\x05\xdd\x0b\xe4 \xf4\xccG\xe8\xd1OY\
\x08\x85O\xa3?\xac#\x11\xb5\xbd\x0b\xfa{C\x1f\x84\
fd\xa2\x7f\x06\x94G\xa8\xf3L\x0a\xcdIB\xc8\xb9\
\x8d\xa2\x86\xd0\xcf\x15S\xaa\xcc\x9e\x08\xa5\xac\xa44\xb7\
V#*\xc5Mi;\xb7@hV#\xcad\x1c\x8c\
\xd0\xc6\xc7\x94\xb5\xf3\x13\x84\xe6\xe5Q\xb6\xf2\xc0\x7f\xd9\
\xbb\xa8\xf2;\xfa#j@\x0e\xf5L\xce\x1b\x08\x1dr\
S\x95\xc7\xdcC\xe8\xe0-\xaaj\xee{\x88jR\x81\
\xaa\xf6\xf9o\x08\xad\x9aJ\xd5\xf8\x18\xde\xdf\x94L\xd5\
\x0ex\x11*vR\xcf\xe5\xacF\xe8\xa7\xaaT\xc3g\
G!\xea\x93\x1f\xa9\xe7\xd3\xdfFT\x8b5T\xf3\xb8\
\x03\x88\xaa\xd3\x81j\xfe&\xf0k\xdaM\xaaE&\xec\
\xbb{s\xa8V\x83?E\xc8|\x8dj\xdbr>\xa2\
^\xbaAu\xd8\x02\xf3\xfa\xfa\x04\xaa\xcb\xd1\xb2\x88\x1a\
U\x8b\xea>O\x85\xa8\xbc\x87TB\x17\x98\xff\xe2\xdf\
\xa8\x84\x94\x1e\x08}\xb4\x86\x1a\xf6\xd3G\x88\xf2M\xa5\
^\x9aR\x07!\xd3T\xca\xf5\x0d0\x99\xb1\x1c\xe5>\
\x08\xfb\xb1\xd2+\xd4\xb4\xe3\xc0G\xc7:P\xf3[{\
\x10\xa5\xbeM\xe5\xbe\x0a\xdf\xa7=\xa4\x96QG\x10\x1a\
\xf6>\xb5,\x0e\xf8a\xca\x14j\xed\x07ua>\xb3\
\xa9\xf5\xf8\xb3\x09\xb5\xb5?\xf0\xf3\xd9\xbb\xd4\xee\xa3\xaf\
\x22\xeaC/\xb5\xbf\x0b\x85P\xd3[\xd4\xfe\x0fj \
j\xc8B\xea\xc0\x9b/\x224{\x03u\xe4\xed9\x08\
\xd5\x9bH\xbd\x99\xff\x11\xf0\xe3\x18\xea\xad\xb8\xc9\x08]\
\x0cQo\x0f\x18\x81\xa8\xaa\x9d\xa8\xb7\x93`\xff\x8c\x1d\
H]\xc8\xdb\x04r\xe7y\xea\xd3\xec\x1b\x08\xdd\x19H\
}v\xfeuD}\xd6\x8f\xfa:\xb5\x15\xa26&S\
\xd7\x9a\xff\x80\xd0\xcf\x1fR\xdfg~\x0f\xfb\xae\x1e\xf5\
}>\xf0\xf3N\x0d\xf5\xfd\x03\x98\xe7j\xf1\xd4\xf5\xcb\
m\x11Ur\x90\xbam\x8cG\xd4\xf2x\xaa\xb8\xf7\x22\
\x18\x7f\x05\xea\xee\xc4\xdf\x10\xd5\xeee\xea\xc7F\x99\x88\
:\x7f\x99zp{\x12B_?\xa6\x1e6\x1d\x87\xa8\
\xba\xb7\xa8\x87K\x03\x88\xdaq\x89\xfa-5\x11\xf8/\
\x8d\xfa\xed\x9c\x0dQ\xd9\x99\xd4\x1f\x8f\x86#\xb4\xfa4\
\xf5\xf7\xebs\x11\xa5\xbd\xadB\x17\xb5\x08\x05\x13U\xaa\
v\xf9\x88\xba\xb4Nez\xfc,\xa2\xcc\xb1\xaa\xb2o\
MA\xd4\xf53\xaa\xf2\x97\xbeB\xe8\xdb?U\xe5/\
\x1fC\xe8\xa5\xe5\xaa\x0a\xdd\xe6\xc3\xefgT\xcf\xc0\x1e\
\xa2<\x13U\x95\xee\x17\xc1\xbew\xaa\xaa\x9c\xaf\x8c\xd0\
\xccK\xaa\x9a\xc3~B\xd4\xcd\x8fTu\x8f\x1eGT\
\xaf\x01\xaa\x06\xd5/ \xea\xd3G\xaa\x86\x0b\x9e\x05\xfe\
\xb5\xab\x9a\xae\xaa\x05\xe3\x89Q\xc5\xbd3\x0c\xa1\x9e_\
\xa8\x9a\x1f\x069\xfa\xed\xab\xaaV\xad&#\xea\xf5\x14\
U\xeb\xcfz#\xe4\xf9\x5c\xd5\xce\x0a\xfdk^]\xd5\
\xee\x8b.\x88z\xce\xa6\x8a\x1f\xabCT\xc6\xcb\xaa\xf8\
\xef\xa1\x1fK\xf6\xab:$\xc0x\x93\xee\xa9:\x1e\xf8\
\x0bQ\xa3\x1b\xa8\xba\x9c\xba\x85\xa8\x86\x9dU\xdd\xd6\x80\
\x5c\xfcd\xab\xaa\xfb\xa1\xc1\xb0\xcf\xdb\xa8\xfal\xfa\x1a\
\xa15\xe7T}\xcb\xc0|6w\xaa\xfa\xe5\x80\x1eh\
8^\x95\xf8`3\xa2\xdei\xa4z\xd1\x0e\xfd\x0c\xc6\
\xa9F\xee\x08!\xd4\xa6\xa1j\xac\x15\xe6s\xe00\x95\
k\xf9\x17\x08M^\xab\xcal\xfa<\xa2\xba\xbd\xab\x9a\
P\x1d\xf4H\xb5\xba\xaa\xa9-A\x0e\xa5\x19T\xb3B\
\x13\x11\xbaQ\xa0ZPg6\xa2\x96TW\xad,\xb7\
\x1d\xa1:\xd7Uk\xe2\x07 \xb4h\xaej\xcd\x91\xed\
\x88j\xbfF\xb5\xae\xf1\x09D\xf5;\xa5\xda\xf02\x8c\
\xef\xe2(\xd5\xa6\xcfa\x7f\x9f\xfc@\xb5\xe7\x9d\xdb \
'\x1b\xa9^_\x0b\xfc\xd0\xe9\xb2\xea\xc0Y\xe8G\x8f\
F\xaa\x83o\x81~\xea\xf4\x8e\xea\xe4.\x90\x1b\xc9\xe5\
U\xe7\x16\x00\x7f\xa7\xdcU\xbd}\xeb;\xd0\x1bo\xab\
\xde\xb3\xd8\x11\xf5\xee\xd7\xaa\xf7F\xc0\xfb5'\xab>\
\x5c\x09\xebq\xe0\x98\xea\x13+\xc8\xf1\xc1\xd5U\x17Z\
\x81<y\xd8Iu\xf5\x07\xd8\x9f\xf5\xdeW];\x03\
|\xf3\xe3(\xd5\xb7K\x16\xc3\xbe]\xa3\xfa\xf6\xe6Y\
D-\xf2\xaa\xae\x7f\xbe\x0b\xda;\xab\xba\xfd\x10\xf4\xda\
\xd0WT\x85\xeb`\xfc\x09\x09\xaa\xc2O/!\xeat\
\x81\xeaA\x85\xb2@\xf7\x89\xea\x97\xeb\xf0\xdc\xc8]\xaa\
_G\xc7\xc2g\x03\xd5\x9fKA~\x95\xab\xa0\xfa{\
V\x18\xf6\xe3\x1a\xd5\xdf\xdf\xc3x\xf3\x7f\x8d\xa1.\x81\
\xbc\xf0\xdd\x8dQ[t \xb7\x1b\xc5\x94q\xbc\x89\xa8\
\x09Y1ek|\x81\xa8\x9e\xba\x98\xb2Gf\x82\xbc\
\xe8\x1c\xf3\x0c\x82\xefk\x5c\x8ey\xe6\x1d\xd8/\x85s\
b*\xd5\xab\x8f\xa8\xea\x93c\xaaN\x98\x04|\xe1\x8d\
\xa9z\x08\xd6\xebk\x7fL\xcd\xb7\xb3\x11\xb5\xacZ\x8c\
\xfdO\xd0\xd5o-\x8bi\xdc\xf5-\x90\x0f\x9e\x98\xe6\
\x1dA\x1f\xacx/\xa6\xf9F\xd0g\xf1\xc91-\xf3\
^@T\xf1\xf8\x98\x96w\x80\xef\xef{c\xe2\xfb\xde\
A\xd4\xcf\xc1\x98\xf8\x8f\x81/\xd3\xef\xc7t\x5c\x01\xf3\
\xbf\xa8yL\xe7-\xb0/\x17>\x8a\xe9\xd9\x16\xe4@\
\xd7\xefc\x06|z\x00\xa1*sb\x06m\x07\xb9|\
{J\xcc\xa0\xa30\xfe\x13\x091\xc3\xef\xc5\x00\xbfv\
\x8ey\xb1\x00\xf8\xef\xe2\x83\x98\x91\xef\xc0\xfe\xbc8'\
f\xcc\xb2\xe7\x10\xb2.\x8bIm\x02r\xa6[ &\
u\xe3-\x84\xfa\x0f\x89I\xcfK@hBnL\xe6\
\x92\x9d\x08\x9d>\x19\x935\xe35D\xbdW)fB\
.\xccC\xc9\xea\x98)a\x90\xd7q\xaa\x98\xa9\xd5A\
.\x8f]\x173\xb5\xe3s\x88z\xa1_\xcc+\x97\xbe\
D\xd4\xe2\xab13\xb6\x82>?\xf1u\xcc\xcc\xe3\x85\
\x08\xb5v\xc7,\xb8\xf6\x0eB\xa97c\x16\xf6\x1d\x81\
\x90.?f\xc9`\xd0\x93\xbf\x0f\x8b\xc9\x9d8\x13Q\
;\xfb\xc6l(\x0b\xf2\xd4\xd2:f\xdb1X\x1f\xd7\
\xc1\x98]\xe5\x80\x9fk]\x88y}1\xf0\xfd\xe7{\
b\xce\xb9\x06\x22\xca\xbd1\xe6\xdd\xba\xe9\x88r\x1c\x88\
y\xefA\x0d\x84\xfa$\xc7|\xb9\x18\xf0N\x9b\x1b1\
_\xae\x98\x86\xa8G\xa3b\xae\xb6\xa5\xf9\xaeK\xcc7\
U\xa1\xfdc\xb6\x98k\xd6\xff\xc0~O\x8b\xb9^\x1b\
\xd6\xfb\xa7v17\xf6C\xff\xf7\xbbcn\xfe\x09\xfa\
o\xec\xa0\x98\xf0\xab\x80\xa8\xdc\x1bb\x8a\x97\xc1|U\
6\xc7\xdc\xbd\x09\xfcy\xea\xdb\x98\xbbO@>\xa1\xcc\
\x98\x87o\x03\x9f\xbeX\x1c\xf3\xf8\x9d\xaf\x10\xf5\xbd/\
\xe6\x97\xd8z \x9f\x0e\xc6<I}\x1d\xa1\x1frc\
\x9ed}\x09\x18\xeb\x87\x98\xbf\xf7\x80\x1c\xf8\xf1\x9b\x98\
\x7f\x06lC\x94nw\xcc?\xdb`\x9c\xdbBj4\
\xe2\x1a\xe0\xb4d\xb5\xe6c\x90\xcf\xe3>Uk\xe3\x00\
\x1f\xfd~Em\xbb\x04\xeb\xb7\xbe\x83\xba\xcce\xd0\x13\
\xcb\xbd\xea2\xdfA\xff\xba\x9fR\x97\xf7\xc4\x82\x9e|\
K]\xb1;\xe8\xc5OZ\xa9+~\xbb\x13\xe4\xe5e\
u\xa5!\x9da\xfd[\xab+}\x06\xfbs\xfa9u\
\xe5\xe5\xa0\xc7\xedK\xd4\xb5U W\xde\xdc\x04\x9f\xb0\
^w\xca\xab\x1b\x5c\x07}\xb2\xf9\xa6\xba]\xeb_\x11\
\xda\xd7F\xddq\x0c\xe0\x8f\xad[\xd5]\xe7\x03\xfe\xe9\
\xdaB\xdds6\xc8\xb1q\xb1\xea>\x1d\xf7\x02\x1f\xbc\
\xae\x1e\xaaj\x87\xa8\xf7W\xa8_8\xb7\x09Q\x07&\
\xa8\x1d\xf4\xe7\xe4[j\xc7\x0f\xb0\x1e\xbd_T\xa7\xb7\
\xad\x89P\xe3$\xb5\xb7JsXO\xad\xda7\x0d\xc6\
kC\xea\xc07\xeb\x10\xf5\xc3\x8b\xeaI\x9d@~\xfd\
\xa7\xafz\xf2^\xe8\xf7\xe8\x5c\xf5\xf4;\x0eDyg\
\xa9\xe7\xdc\xf9\x06Q\x95\x12\xd4s\xc7\x81|\x9a\xf3\x8a\
z\xb9\x03\xe8\x0c\xef\xa4^\xe1\xf6!\xe4\xef\xa9^\x7f\
\x06\xf6\x17\xda\xa2\xde\xed=\x0a\xf4\xb6\xab\xf7\xd5\x06\xbd\
\xd3\xbe\xa3z\x7fc\xe8o\x85\xb3\xeaCh\x0dBS\
O\xa9\x0fg\xc3s\xfdv\xaa\x8f\xcc\x85~6[\xaf\
>\xf2\xcf\xb7\x88j3S\xfd>L\x0fz\xb2]\xfd\
\xa1\x0a\xde\xaf\xf2\xa2\xfa\xc3Y/\xc3</W\x7fx\
\x12\xd6\xaf\xd6A\xf5\x87\xd7`^\x07\x17\xab\xbf\x18\x00\
r~\xed^\xf5\x17iC\x10j\x99\xa4\xfeR\x0d8\
k\xeeI\xf5\xd7\x8d\x00\x87\xd4\xec\xa7\xfe\xa6\x16\xe0\xd4\
\xd8\xb1\xeak\xb5A/g\x87\xd4\xf72`_\x94\xaf\
\xa4\xbe\xbf\xf6\x04\xe0\xb3\x0e\xea\xc7?\x05\x11\xf5\xed\x9b\
\xea'\x890\xbe\xf5\xdf\xaa\x7f\xf7\xfe\x89\xd0\xab\xe5\xd4\
\xfft\x06\xfce\xd8\xabA\x7f\xfe\x02\xf2\xb4\x9a\x86\xf2\
\xd8\x10\xfa2M\xa3^\x12\x04|\xf3\x8eF\xfd\x1d\xf0\
\xf1\xac\x974\xc6V\x1f\x02\xff\x865\xe6.M@N\
\x8d\xd1\x94\x1d|\x06Q\xe5?\xd1\x94\xab\x08|m0\
k\xca\xcf\x83\xf5hi\xd7T\xaeJ\xeb\xc1\xdb\x9a\xca\
;\x81\xce\xa4\x8b\x9a\xca\xbb\xaa\xc0\xfa]\xd5T>\x94\
\x81\xd0\x17=5\x95\xbfq\x01\xde;\xa3\xa9\xf5\xd9h\
\x90\xfb>M\xadG\xa0\xa7\xf6\xb6\xd1\xd4\x1b\x08\xf4u\
.M\xbd\xc3\xb0\xefW\x9d\xd2<\xb7\x02\xfa\x1f\x17\xd0\
4\x1a\xf5\x04Q};i\x1aM/Bh\xf7lM\
\xe3e 7?Y\xae\x89\xcd\x19\x86\xa8\x07\x174M\
\xbbn\x81\xf9\xed\xadi\xde\x06\xf6I\xfe>M\xab\x8d\
 \x87\xb3\x125\x9d\xbeh\x86\x90\x8f\xd2t\xbe\x01\xf2\
\xa8\xf7yM\x97Q\xc0\xc7\xb36k\xba\xfd\x04\xfdq\
\x96hz\x1en\x0fz\xbc\xaf\xa6W\x15\x98\x8f\x84\x0f\
4\xbd\x92\x80\xbfW\xfd\xa1Ix\xb0\x18\xbe\xffY\xd3\
\xefg\xc0g_\x1c\xd1\xbcx\x1a\xd6\xa5\xb3]\xe3\x1a\
\x06\x9f\xbd\xaek<eW!j\xf5[\x9al\xaf\x1b\
\xa1\xf7\x0fk\x16\xd1\xf6\xc5\x80Y\x9aE\x17V\x224\
\xe8\xaaf\xf1\x08\x18ORC\xcd\xd2\x9e\xf0\xbb\xf1\xbc\
f\xe5T\xd0\xd3\xb6\x01\x9a\xad'\xbe\x85\xe7kk\xb6\
}Z\x13Q\x15\xde\xd6\xecL\x03;d\xe4`\xcd\xde\
\xf9\x80?\xfaN\xd6\xe4'\x82\xdeh\xb0L\x93\xff\xf1\
c\x84\x1a\xfd\xae9\xd8\x03\xf0\xde\x1bs4\x07\xf7\x9d\
A\xe8\xe5k\x9a\x83\x7fo\x05\xb9wPs\xe4k\xe0\
\xbb.\xd55G\xab\xc3sc\xdahN\x5c\x83\xcf\x8b\
}4\xe7K\xa0\x1f\xaf\xac\xd2\xbc\xfb\x17\xe0\xeb\x99\xdd\
4\x9f\xbc\x05x\xe1\xb3/5\x9f\x8d\x03\xfd{\xf5O\
\xcd\xa5+\xc0?\x0f\xeah.\xfd\xeeB(c\xac\xe6\
\xf2{>X\xaf%\x9ao>l\x89P;\x9f\xe6Z\
M\xe0\xeb\x97;hn\xfcr\x12Q\xcf\x7f\xaf\xb9\x99\
?\x00Q\xcf\xfc\xa2\x09\xc5=\x83\xa8Fe5a\x1b\
\xe8\xbfF#5EA\xd0k\x03\x0c\x9a\xa2\x07\xb0\xaf\
\xae\xb5\xd0\xdc\x19\xdb\x00\xe4\xe5\x1f\x9a\x1f\x8f\xc2~\x0b\
\xab4\xf7\x1f\xf5@T\xe3/4\x0f\xd6\xe5\x00>\xfb\
T\xf3$\x0b\xd6\xe5\xc7+\x9a\xbf\x1c\xb9\x80S\xabi\
\xd5\x87\x01?j\xdf\xd1\xea\xaf\x96A\xd4\x95\x12\xad\xcd\
\x088k\xd5\x0dm\xf92 \xdf\x06\x87\xb4\xe5;\x01\
._\xf6\x9b\xb6\x86\x0ap\xd0\x96\x02\xad\xbd\xfb D\
\xad\x1c\xa9\xad{\x0b\xf4\xd4\x8a>\xdaF\xff\x80\xfd\xf2\
\xe7Mm\x5cK\xc0\xcd\xde;\xda\x96M\x00\xa7\xbe\xdd\
\x5c\xdbnq9D\x9d<\xa1\xed4\xa8\x18\xdek\xa8\
\xedz\xf3(\xa2\xca\xcc\xd7&\xa5\x83|\xf3]\xd7&\
\xcd\x00y\xf5\xcb\x03\xed0\x04\xf8\xe1\xe5\xf7\xb5\xa3\xde\
\x06\xdc:\xe5C\xed\x84:\xb0\xaf?\xd7i\xa7V\x9a\
\x0dvMc\xf8\x84};\xbe\x916;\x05\xe4\xe5\x88\
\x8a\xda\x19}a~\xf5&\xed\x8c\xf3\xa0\x0f\x8edj\
\xe7L\xf6\x02\xde9\xae\x9d\xdb-\x09\xe4\xb1Z;o\
8\xf0c\xfa,\xed\xa2\xeb\xb0N\xd7ZhW\xb6\x07\
\xfd~\xf8\x17\xed\xda\x03 \xe7:^\xd0n\x1a\x0a|\
\xf0RX\xbbi$\xe8\x89\x0dq\xdamc\xa0\xfd\xac\
\xf5\xda}\x08\xe4\xd6\x17\x0b\xb5\xfbG\x03n}X\xa8\
\xdd\xbf\x1e\xdao\xddZ{h6\xd8\x1dY?h\x0f\
\x9d\x00\xdc\xf5\xce\x1e\xed\xe1\x07\xa0\x7f/\xfd\xac=\xd9\
\x18\xf8\x18\xfd\xac\xfd\xb0\x0b\xe8\x09\xfd>\xed\x87\x83>\
@\xd47\x09\xda\x0f\xff\x98\x81P\xd9T\xed\x85\xafA\
\x8e\xf6i\xa8\xfdl\x19\xf0Q\xf8g\xed\x17~\xb0+\
\xa9+\xda/\x93\xc0\x1e\xba\xf3\xab\xf6?\xb3\xc0^\x1e\
\xf5\x8a\xf6\x9b%\xd0\xbf5&\xed\xb5n\xb0\xdf/w\
\xd0~\xf7i/\xb0?Fi\xbf{\x00|R\xee\xb1\
\xf6\xba\x1b\xf8c\xd6M\xed\xf5\x22+\xec\x83\x13\xda\xdb\
\xdb@~l\xec\xa6\x0d\x1d\x81u\xa6ZkC\x17\xc0\
N\xe9\xd4H\x1b\xba\x0aztX\xb66\xfc\x15\xc8k\
\xcf\xcb\xda\xe2\x05\xb0\xef:.\xd3\xde\xbd}\x01\xa1\xc7\
\xbd\xb5?\xae\x00\xfex/Y{?\xd0\x0dQ\x85W\
\xb5\x0f\xbe\xbc\x02\xebh\xd0>zu\x19\xe8\xfb\xfd\xda\
\xc7\x15a\xde>^\xa1\xfd\xb9\xfb\xfb G\x12\xb4?\
'\xd3\xf36@\xfbs\x16\xe8\xc5\xb3\xa3\xb5\xbf\xed5\
\x82^J\xd0\xfe\x1eW\x01\xa1\xe7\xaej\x7f?\x07\xf2\
\xa6~Y\xed\x1f\xa9\x80K\xf6\xad\xd5\xfe\xbd\x09\xe6c\
\xed\x18\xed?[\x00\x97\x94\xdb\xa63\xbc\x0cv\xc1\xd1\
d\x9da+\xe0\x82\xe2\xbd:\xc3\xa1g@N\x5c\xd5\
\x19\xfd0\xaf\x7f\xee\xd6\x99n\x82\x1c\xed\xed\xd6\x99\x8f\
\xb4F\xe8\xaf7t\xcft\x03y\xff\xd0\xad\xab\x5c\x0b\
\xe4\xce\xbd\x93\xbajn\xe0\x87G\xebt5j\x80\xfd\
\xf5F\x15]\x8dx\xc0K\xcb\xdd\xba:\xdb\xc0N]\
\xd0JW\xe7\x22\xc8\x99?2uu\x17\x80|.\x9f\
\xac\xab\xd7\x03\xf4\x93\xfe\xb6\xae\xde=X\xaf\x96\x8bt\
\x8d\xca\xfd\x0e\xfa.[\xd7hz.\xf0\xb1O\xd78\
\x0bpB\xc5=\xba\xf8 \xc8\xfd^\xaf\xe8\xda\xbf|\
\x0e\xda\xfdI\xd7\xe1\x8dG\xa0\xef\x9e\xe8:~\x5c\x1d\
\xa1\xab_\xeb:\x8fi\x8c\xa8\xa1\x03t=\xeb\xf6D\
T\xe74]/5\xac\xe7\xcd\xe1\xba^\x83\xc1n\x19\
\xf7\x97\xae\xdfJ\xc0;\xef\xbf\xac\x1b8#\x0d\xf0\xe5\
b]\xe2\xa84D]H\xd0\x0d\xee\x08\xf8\xe9\x8b\xcf\
tC\xd7\x03>,\xd8\xae\x1b=\x00\xe6y\xd9\x0b:\
\xef[\xef\x22j\xdeE\x9d\xaf=\xd8\xe7\x1d\xcb\xeb\xfc\
\xf7\x81\xbf6L\xd7\xe5\x0c\x06\xf9|h\x85n\xcew\
\xc0Oy\x83ts\xcf\x83\x9e\xfe\xf9\xa2n\xd1\xe7\xa0\
\x9fz\xf5\xd7-\xb1\x02N=\xf2\xae.\xb7\xe7[\x80\
kt\xba\xf5\xef\x81|\x1a\x92\xad\xdb\xa0\x05;>y\
\x8cn\xd73`\xff\xd6L\xd1\xe5\xfd\x0a\xb8\xa4\x82U\
w\xbc<\xac\xf7\xc8Wuo-\xf8\x1aQ\xce\x06\xba\
\xf7\x13\x00?\xd5\xbe\xa1\xfb\xf8?\xb0^\xcf7\xd1}\
\xb2\xcb\x03r\xac\xbf\xee\xd3w?\x01\x9c\xfdH\xf7\xf9\
\x13\xc0\xf3o\x1f\xd4]\xba\x0e\xf8\xaa\xb7M\xf7\xe5\xaf\
\x80\xbf\x8d\x83t_/\x80\xfdZ\xdd\xae\xfbz\xd3u\
\xc0\xa9\x8duW.\xc1\xfa\xfc\xddFwu%\xf0\xeb\
\xb6I\xbao\x1d\x95\x00\xd7\xfc\xaa\xfb\xfe[\xd03\xcf\
\xfbu\xdf\xdf\x07>\x0at\xd4\xdd\xd8a\x07<WG\
w\xe3\xf2i\xd0g\xf5u7\xcb\x80\x5cnu@W\
Rm*\xd8\x11\xd7t%\xb1\x9b\x81\xbf\xef\xea\xee\xfc\
S\x09Qq'u\x8f\x8d\x0d\x10z\xad\xae\xee\xd7\xba\
`w~\xd6I\xf7\xeb\x06\xd0S\x83\xaa\xeau\x0b\x80\
Or\xd6\xe8M\xf9 7/\x8d\xd5[\xee\xc1>\x1e\
pH_\xee~3DU\xec\xab/\xef\x079U\xbb\
\x95\xbe\xd2\x1f\xc0o\xea\xb3\xfa\xaaea\xbe\xcf\xed\xd7\
\xd7\xf1\x94\x07\xbb\xa1\x8f\xbe\xde'\xc0W'\xca\xea\xeb\
\x8f\x019^-M_\x7f\xe5\x10\xc0\x81\x05\xfa\x06\x03\
@\xae\x9a\xac\xfa\x06/\xbc\x8aP\xd5e\xfaF7+\
\x03_]\xd5?o[\x02\xef?\xd47\x19\x0bv\xf6\
\xc3\xa6\xfa&\x8b\xdb\x22t|\x99\xbe\xc5\x81\xbf\x11\xd5\
\xf5\xb2\xbe\xd5\x8d\xb5\xf0{_}\xebM\xa0G\xba\xcd\
\xd6\xb7>\xfb9B\xeb\xd6\xea\xdbt\x81v\x0f\x1f\xd7\
\xc7\x03\xbe\xa6&\xbc\xa5\x8f\xdf\x06v\xcd\xc8\xb0\xbeC\
\xe1\x8f0\xde\xad\xfa\xce\xcd\xf6\xc3s\xb7\xf5\x9d\x03`\
\xc7\xac\xdc\xab\xef\x96\x00|\x9a|Z\xdf\xf3S\xe0\x97\
\xaaE\xfa^{\xcf#jRg}_\x07\xd0Y\xb6\
\x5c?0},B\xb9{\xf5\x89KM\x08\x9d\xfdT\
?\xc4\x00\xfa\xb8\xfb\x0e\xfd\x88,\xc0\xb9\xed\xfe\xd1\x8f\
\x9e\xf9\x17\xe8\x89\xca\xfa\xd1\xf7A\xcf^\xf8[\x1f8\
\x0f\xb81\xae\x86~\xca0\xd8'\x1f%\xe8_\xad~\
\x17\xec\xa9T\xfdk\x15`\xdc\x9d\xd2\xf4\xafm\x04\xfe\
)S\xa2\x9f\x96\x05\xf6\xc9\xc7F\xfd\xb4O\xfc\xc0\xe7\
5\xf5\xb3\x16/\x05\x9c\xddT\xbf\xc0x\x16\xec\x98^\
\xfa\xb5\xda\x16\x08\x1d=\xa4\xdf\x5c\x1dpo\xf0\xbc~\
\xdfr\xc0\xe5UG\xeb\xdf\x5c\x07\xf6\x0f\xb4{\xa2Y\
\x09\xe8\xc3\xf3\xfaS[\x81\x7f\xfcW\xf4g\x16}\x08\
\xb8)\xa0?k\x05\xbd7E\xab\xbf`\xb1\x80\xfe\x1b\
\xa7\xbf\xdc\xf0\x17D\x8d\xe9\xa2\xbf\xbc\xf93\xb0k\xe2\
\xf4\xdf\x9c\x18\x08\xfcxM\xff\xedT\xd0\x9b?&\xe8\
\xbf\xbf\x08\xf3\xd3\xeb\xb2\xfe\xfa\x9d\xde\x88\xda]O\x1f\
~\x0c8\xc2\xb4__2\x02\xe6cn\xba\xbe\xe4\x9f\
\xae\x88z\xf1\xa0\xfen\x1e\xec\xab\xa9\x93\xf5?l\x07\
\xdc\x11\xa8\xa6\x7fP\x03\x9e\xaf2O\xff\xd36\x98\xe7\
\xe9\x97\xf4?\xdd\x86\xf6F\xd5\xd6\xff\xea\x06;\xc1\xad\
\xd1\xfff\x82\xf5m\xf9\xbb\xfe\xb7\xfbc@\xce\xd43\
 {<\x8c\xa3\xba\x81\xca\xc9\x03\xf9~\xcf\xa0z\x04\
|\xb7\xba\x97A}f\x15B\x95\xda\x18\xb4Ka\xbf\
\x0f\xb4\x1b\xf47\x00\xaf\x7f\x15c0\xad\x00\xbe\x8e\xff\
\xc6`zc=BW&\x1b*\xff\x01\xeb\x16{\xd8\
Pep\x15D\x8d\x1ak\xa8\x92\xdb\x10Q\x09\xa7\x0c\
\xcf\x0e\x86\xfd\xfd\xec_\x86g\x7f\x80qm\xfa\xcc`\
\x1f\xf4\x22\x8cGkhrQ\x03\xf6{oC\x8b\xb3\
 '\xbf\xcb1\xb4(\x9a\x08\xfa\xac\x9d\xa1e]X\
\xa7\x116C\xcb\xb6`\xf7\xec\x19fh\xb5\xac\x00\xfe\
n4\xb4k\x0a\xb8/\xf1wC\xbb\x9f@\x1e\xabj\
\x19\xda\xd3\xf6U\x8f\xa0\xa1\xebA\xc0\x977\xe7\x19\xba\
Q\xf48\x9b\x1b\xba\xfd\xf1\x18QK\xf7\x1az\xdf\x81\
\xdf\x13\xad\x86>6\x90\xab\xb7;\x18\xfa\xdc\x06{j\
\xdc2C\xd2o0?\x87v\x18\x86}\x0bx\xf3\xed\
\xd7\x0d/<[\x17\xec\xc2C\x86\xe4\x95\xb0\xefm\xbf\
\x18\xd2\x0e\x03\xdf\xddXg\xc8\xe8\x0d|0\xac\xa7!\
k\x05\xe0\xa3\xe5;\x0c\x816}\x11jU\xde0+\
\x1b\xf8\xc49\xca\xb0\xa8)\xc8\xa9>q\x86E\x81\xcb\
 \xcf^6,>\x0et\xec\xc3\x0d\xab\xd3A\xce\xdc\
ohX\xbf\x8e\xc6\xa7c\x0d\x1b\xbe\x00\xbdRc\xbf\
ag\x01\xe8\x9b\xbe\xdd\x0c\xa7RA\x9e\x8e\xff\xca\xf0\
\x9e\x09\xf4^\x0a2\xbc\x97\x08r!\xb1\x89\xe1\xfd\xc3\
0Ok\x17\x1b>Z\x08\xf4\x0f\xce2|\xea\xbd\x8e\
\xa85c\x0c\x9f\xf5\x03{\x7fP\xba\xe1\xf3\x15`w\
\x0fib\xb8\xd8\xc2\x86\xa8\xf1j\xc3\x17VX\xc7\xfb\
a\xc3WM>Ah\xe5\x9b\x86\xaf\xbc o\x7f\xb0\
\x1a\xae\xd6\xa4q\xc12\xc3\xf5\x8fo\x22\xea\xd5\xd7\x0c\
E/\x82|7\xdd7\x94l\xad\x0c\xfbe\x98\xa1\xe4\
,\xd8U\xe77\x18\xeet}\x1f\xe4\xd3u\xc3\x8f\xe6\
\xa6\x08}\xfe\xb1\xe1A\xd3\xc3\x08}Z\xc1\xf0\xd0\x02\
\xf6\xccQ\x9f\xe1\xb1C\x0ft\xbb\x1b~\xfe\x06\xf0x\
\xd3~\x86_\xe3\x80n\xf5\x1e\x86_\xc7^E\xe8|\
\x07\xc3\xafG\xfa t\xef+\xc3o\x17\x81\xee\xb9\x09\
\xf0\x09\xfd\xcf\xb2\x1b~\xb7\x82\x9e-(6\xfc\xb5\xfc\
\x22B?\x8d2b\xbe\x9ax\xd9\xa8\xbe\xff\x02\xd8I\
\xbf\x19\xb5\x15\xc0\xbe[9\xd5\xa8m\x0d\xb8\xea\xfe7\
F\xed\xc6\x0b\x80\x87V\x18u7\xbb 4\xcfo4\
\x95\x85\xfd\x9eT\xdfhr\x8cC(;\xc5h\x9e\x01\
\xe3uL4Zf\x82\x1e\x9f\xff\x9a\xf1\x99\xfb \xbf\
?\xf7\x1a+&\x81\xbe\xf9q\x8d\xb1\xea}\x90\x8b\xf5\
\xc6\x19\xab_\x84~?>m\xac1\x1cpO\xb7\xdb\
\xc6g\x97\x82\x1e5\xef6\xd6B\xf7\xe1\xbd\xf3\xc6\xba\
\x17A\x1e\xafkl\xac?\x10\xf6\xd5\xdd\xad\xc6\x86U\
\xa0\xbd\x0f\x17\x19\x9b4\x03y\xf6ZUcS\xdd\x9b\
\x88\xfa:\xc3\xd8t?\xec\xd3\xfe\x9f\x1a\x9bg\x03\x9f\
\xbe5\xd0\xd8r=\xd8\xb1_}bl\xf9\x08\xf8}\
A\x8c\xb1U3\xc0\xbd\x8b\xb7\x18\xdb\x7f\x05v\xfe\x95\
\xe7\x8d];\xfc\x8c\xa8\xd6\x89\xc6^u`\x1f\xbe6\
\xc2\x98\xb0\x01\xf0\xdf\xe1\x0f\x8c}\xe3V#t\xea\x0f\
\xe3\xc0\x97\x00o\x1e\xa8l\x1c\xf8*\xac\xff\xcf\x0b\x8d\
\x83b@n\xfe\xdc\xd7\x98\xd8(\x0e\xf0\xdd/\xc6\xe1\
\xbf\x03\x8e|7\xd98b[2\xa26\xdf7\xbe\xfc\
\xdc\xf7\x80\xbb\xef\x18\x93\x97\x82<\xaf\xb3\xd5\xe8/\x07\
\xebZ\xf7#\xe3\xa4\xdf\xc1\xde\xbeA\x19\xb3\x03\xc0W\
e\x8b\x8d3\x06\xd6\x82\xf7\xc7\x1a\xb7\xa4\x01\xceY8\
\xd1\xb8k\x09\xc8\xb3\xc7\xb5\x8d\xaf7\x04\xfb\xe0\xc4?\
\xc6\xd7[\x81\xdc\xddW\xc5\xb8od\x08\xa1&\xf9\xc6\
\xc3\xd7\xc0\xfe\x1c?\xd2x\xf4\xe4\xa7\x88z\xa5\xae\xf1\
\xf88\xd8\xd7\xb5\x07\x18O/\x0a\x80}\xb7\xc4\xf8\xf6\
\x84\xd3\x88\xda\xf6\x97\xf1\xc3\xaa~D\xcd\x1cb\xfc\xf0\
\x1a\xc8\xb5fn\xe3\x055\xe0\xcaY3\x8c\x9f?\x07\
\xfb\xf1\x8f\xc3\xc6\xcbq\x80\x1b7\x1e3~y\x1a\xf0\
\xd8\xeeM\xc6\xaf\xfa\xc3\xe7\xbd\xf6\xc6\xaf\x1f\x00^\x18\
Ul\xfc\xd6\x92\x88\xd0\x7fF\x1b\xbf\xf3UG\x94?\
h\xfc\xee\xe1\xef\x88zw\x89\xf1\xfa!\xd8\x87;,\
\xc6\x1b\x9f\x01\xfeh\xfb\x81\xf1\xf6Q\xb0O\xfa|b\
\x0cu\x82~4yb\xfc\xa16\xcc\xf3\xe6d\xe3\x0f\
g\x81\xce\xe6Z\xc6\x87\xd9\xb3\x00_\xd71\xfe\xde\xb4\
#\xb4\xf7\xc8\xf8\xc7\x065Bc\x0d\xc6\xbf^\x07\xdc\
X\xdbdB\xb7\x01\xdf,\xedm\x8ay\x1f\xec\x19w\
{\x93\xc1\x0b\xfb\xa9\xc6$\x93mG=\xb0K\x87\x9b\
\xca\x0d\x02<\xd3\xe2\x92\xa9|\x12\xc8\x83\xc2\xa5\xa6\xaa\
!\x90\xa3\xb1NS\x8d1\x80W\xa7\xee2\xd9G\xbf\
\x0bvj\x05S\xad$\xe8g\xf7~\xa6:{A_\
\xdd\x18e\x8a\x1b\x0d\xed\xde3\x9b\xe2\xee\xc1\xbe3u\
5\xb5\x98\x04rSs\xd4\xd4\x22o7\xa2\xb6\xe7\x9a\
Zf\xaf\x83\xf9]aj\xf5\x1d\xe0\xc8\xedWL\xad\
;n\x05\xbd3\xc0\xd4\xee=\x90OM\x8aL\xf1U\
\x01\x8f\xc4\xd67u\xa8\x0dx\xa5\xb0\xb5\xa9\x83\x07\xc6\
\xb3c\x88\xa9\xa3\x06\xec\xd0\x9a\x06S\x97\xf2\xdd\xe1\xf7\
U\xa6\x1e\x1e\xd0we\xbe5\xf5\xeb\x0f\xfca\xf8\xce\
4h\x17\xc8\xf3O\x1a\x99\x06\x1f\x9e\x84\xd0\xe2\xc6\xa6\
\xc1_\x81\xfd\xa2z\xd9\xe4\xac\x09\xf2t}\xb1)}\
<\xd8\x8d/\x1bL\x9ek\xfb\x01\xc7\xcd5M\xc8\x85\
\xf1&\xa8M\xfeWa\xfc/,5M\xd9B\xefS\
\x8bi\xea\xe7\xa0\x1f\xe6%\x9a\xe6<\x0f\xfbu\xb4\xdf\
\xb4\xd2\x04\xfb\xbfg{\xd3\xb6} \xcf\xf5\x0e\xd3v\
w\x09\xe0\x8f\x18\xd3\xee\x8f\xc0~\xec\xd7\xd5\xb47\xec\
\x00y\xfe\xc0t\xa6os\xc0\xe5\xc8\xf4V\x05\xb0W\
\xdb\x1f7\xbd\xd3\xb99\xa2Ps\xd3')\x80\xc7_\
\x5cc\xba\xa0\x02\xbbo\xae\xd1ti\x1b\xc8\xc3\xb0\xd1\
t\xf9\xc0?`\xef\x1e2\xfdgL\x02\xec\x87n\xa6\
+cA\x8f\xcd\xdfj\xfa\xa6nk\x90/\xa9\xa6\xef\
\xce\xc3>\xb8v\xcbt\xa3\xfd\xab\x88Z\xb2\xd3ts\
:\xecS\xef\x7fL\xb7\xce\xc3>\xb9\x1c6\xddn\x0e\
\xf6P\xe89Sa\xf69\xd0\xf3\x8fL\x85\x0fA\xcf\
\xbe\xf2\x8c)t\x09\xf4\xd6Yd*\x1a\x98\x8c\xd0\xf6\
\xfd\xa6;\xcd\x80o'\x8f6=\xfe\x00\xf81\xfd\xb2\
\xe9\xe7f\x7f#\xb4\xb5\x9f\xe9\xc9\xact\x84n\xd9L\
O\xb6B\xbb\xcd\xea\x99\x9e\x5c\xd9\x88(ku\xd3\x9f\
U\x01\x87\x0c\xfd\xd1\xacz\xf4\x11\xf0_\xa19\xe6\xa5\
F@w\xac\xd9\xf4Y[D\x95}\xd6l\x9b\xd5\x14\
Q\xb7\xee\x9b\xcb\xfdp\x13\xf6\xffW\xe6\x8a\x13\x00\x0f\
<\xd3\xcd\x5c1\x17\xe8nXm\xae\xbc\x05\xf4b\xe8\
\x8c\xb9\xda_\xc0\xaf\xdaa\xe6g\xff\x01yS\xa6\x8f\
\xb9\xde\x82\x83`7n2\xd7;\x0c8\xa8\xd5\xeb\xe6\
\x06\xcb.\x03\xbdw\xcc\x0d\xf3.\x22*g\x9d\xb9\xe1\
\x17`\xa74\xbdi\x8e=\x03v\xe0\x0fFs\xb3\xf3\
FD\xad\x9b`n\xfe\x5c!|o7\xb7>\x02\xeb\
\x15\x0a\x98\xdb7\x03\xfd2?\xc5\xdc\xa1\x0a\xc8\xb3v\
y\xe6\x0e\xd5`?\xb7\x9dh\xee\xf8\xec\xc7`o\xbe\
l\xeen\x039\xb1\xa4\xb5\xb9g\x12\xe0\x86\x9fV\x98\
{-\x02\x1c\xd2\xb6\xbe\xb9\x1f\xf5\x10\xda\xb9e\xee\x7f\
\xff9\xd0c\xd5\xcd#\xfb\xc0>\xa8\xeb3\xbfT\xb3\
6B\x8e\xbe\xe6\xd4\xb6\xc0\x07\x95\x9b\x98S_MA\
\xc8P\xd1<~\x10\xc8\x8f\xc1;\xcc\x13\xbf\x01\xdc?\
\xf4;\xf3\xd4\x11\xc7\x10\xb5\xb5\xb7ya\x09\xe0\xe9q\
/\x99\x97\xbc\xd7\x0d\xa1\xd9w\xcc\xcb\xa67F\xe8I\
\xa1y\xe5'\xc0?-\xed\xe6\xf5\x0f\x86\x81\x9d\xb9\xd0\
\xbc\xad=\xf0\xfd\xb3\x99\xe6\x03\x1d\xc0\xaeI\xcb6\x1f\
+\x0b\xb8s\xfc\x16\xf3\xdb\xde\x03\x88jQ\xc9\xfc\xd1\
V\xe8\x7fZ\x17\xf3\x17\xaf\x81}9\xf6\x8a\xf9\xab\x99\
`Gu\xcd2\x7f\xbd\x05\xec\x83\xbc4\xf3\xd5k\x15\
\x11\xbas\xd7|\xfd\x22\xe0\x89\x03\x93\xcc7\xba\xbf\x00\
\xf6[\x19\xf3\xad\xff\x00N.\xff\xa1\xf9\xf6\xdf\x80\x97\
\x9a\xf8\xcd\xa1M \x07\xbe\xcb7\x87u\x80W\x1bL\
6\x17O\x83\xfd\xbb\xfb\x9e\xf9nG\xe0\xbf\xd4\x1a\xe6\
\xbb\xfbA~U.4\xff\x8ah~\x1fj\xfeuX\
\x05D\xbd\x93c\xfe\xcd\xbf\x0c\xf4\xe1%\x0b\xb5\x1a\xe4\
\xc0\xa8\xfd\x16\xcdh\xd0\xc7{Z[\xf4\xc9C\x10\xfa\
(d1\x0f|\x19Q\xfb\xf7X\xac\x87A/\x5c\xb9\
l)\xdf\xe5%DM~\xc1\xf2\xcca\x18\xc7E\x93\
\xa5\xe2n\xc01{\x1bX*\xbeU\x07\xd6q\x9a\xa5\
r/\xda\x8e\xa9h\xa9\x92\xf3\x1b\xc8\xc7\xdd\x96j\x83\
A\x0eg[,5L \x97\xc6\xec\xb1\xd4h\x0a\xb8\
S\xf3\xb3\xa5\xc6H\xc0w\xdf[-\xf5\xfa\xe7\xc2\xf3\
\xb9\x96\xfa\xf9\xf0\xf7v\x15,\xf5\xff\x01{\xa4\xdc(\
K\x83\x87\x80\xef\xf7\xf9,\x8d\xfd\xc0\xef\x993-\xb1\
\xb5`>\xbe\xebg\x89\xfb\x08\xf4\xe2\xde\x83\x96\x96?\
\x81\x1e\x5c\xfa\xab\xa5m'\x90;;s,m\xbb\x82\
\x5c\xdf\xf3\x97\xa5\xdd\x04\xd8\xff\xa3\xefZ:\x9d\x86\xf9\
\xe8|\xce\xd2\xe3mx\xee\x5cEK\x9f\xa6\x80\x87\xee\
\xcc\xb6$\xd8j\x81\xfd\xdc\xcd\x92\xf0\x99\x17\xa1W\x07\
Y\xfa/\x07\xf9\xe2\xeed\x19:\x0e\xec\xf9\x8fC\x96\
\x97\xd2\x01\xbf\x07\x96YF]\x85\xfd\xdaf\xbee\xcc\
\x8b\x80\x07\xeb5\xb4$\x1f\x81\xdfG\xeb-i\xeb\xb5\
\x08}\xb3\xc0\x92Q\x16\xe6u\xcbf\x8b\xeb\x0a\xc8\xbf\
g\xf5\x96\x09\x88\xd6c\xbb-\xfe0\xd83w\x97X\
&}I\xfb\x85\xdd\x96\xc9\x95\xc1\xcer\xd5\xb0LK\
\x07\xfe;^\xdd2\xab\x10pN\x97\x90e>\x8dW\
\xd2\xd6\xc0g\x1b\x90\xbb\xe3-KG\x00\xff\xd7q[\
\xd6\x18`\xfe{\x0e\xb1\xac\xf9\xf0\x19D\xcd\xde`\xd9\
\xb5\x0b\xf4\xb87`\xd9s\x0bp\xde\xa6\xb6\x96\xd7\x8f\
\x81\x1d\xf2\xa0\xae%\xef\x1b\xf8~\xe36\xcb\x91\x86\x80\
\xcb\x93\xe6X\xde\xbc\x03\xf6a\xc6\x1b\x96S/\x80^\
\xb6\xdc\xb7\x14\xbc\x0e\xb8q\xc4y\xcb;_}\x07t\
\x7f\xb4\xbc\xf3\x0f\xe0\xfa\xd1\xc3-\xef\x8d\x1d\x05\xf4\x8f\
X>\xb6\x80\x1c\xafe\xb5|\xb2\xa2\x09B\xcd\xbbX\
>O\x049\x93{\xc1r\xf1\x0e\xd8\x17\xd7\xeeY\xbe\
\xf8\xf3WD\xed\xban\xb94\xfd\x0e\xc8\xa7\xb0\xe5\xeb\
l\xe8\xcf\xd6?-Wo\x01\xdd\x06a\xcb\xb7U@\
\xce\x9d\xe9l\xb9\x99\xd7\x09\xe4C\xbc\xe5\xd6\x18\x90G\
#\xc6[\xc2#\xda\x80\x5cjk)Q\xc3\xf7\x9d\xaf\
XJ\x96\x81|x\xa4\xb5\xdcm\x09\xfc\xfa\xe6\xcb\x96\
{\xf6\xb2\xb0_:[\x1e\xdb\x00\xbf\xdf\xfe\xc2\xf2\xb8\
\xeaJ\x84:\x8c\xb2\xfc9\xe4\x02\xd89\xd5-\x7f\xd5\
\x00~?\xd8\xde\xf2\xcf\x13\x90\x1f\xdbzY\xd1\x04\x98\
\xcf\xe4uV\x0d\x1d\x97x\xed\xb1U\xd3\x07\xf4J\x85\
\xbbV\xcb>\xd0\xf3S\xdaXm\x7f\x83|\xbbu\xce\
Z\xbd\x16\xe8\xff\xb7>\xb2\xd6\xbc\x0bv\xfc\xc1\xee\xd6\
\xba\xfa5\x88\xca\xefi\xad;\x04\xf6\xe3\xc2\xa3\xd6z\
e@\xaft\x1cm\xad7\x15\xf4BJuk\xc3\xaf\
\x93`\x7f/\xb1>\x0f0\x8a\xba\xbf\xcb\x1a\x97\x05z\
\xfbM\xaf\xb5\xd5\x19hg\xdajk\xbb\x054\x0e\xf8\
\xd0\xdaa=\xe8aj\xa1\xb5\xdb\x97\x97\x10\xfa\xf5\x0b\
k\xf7%\x83A\xfe>o\xed\x15\x0b\xfb\xa2r\x82\xb5\
\x8f\x1a\xf0\xf3\xc0}\xd6\x84\x8fa\x1f\x5c\xefg\xed\x97\
\x02\xebp6\xd7\xda\xef \xf0\xdb\xd0E\xd6\x17\xba\x81\
\xbc\xbdQ\xd6\xfa\xe22\x90\x97\xb1'\xac#_\x05;\
z\xd9U\xeb\xcb\x99\xc0/\x1f\x0c\xb6z\x9a\x01?\xab\
jZ\xfd=A\xae\xbc\x1f\xb6\xfa\xc3\xbf\x81\xbd\xfd\x82\
5\xd8\x06\xf6\xdf\xf7\x8d\xad\xd9\xa3U \xdf\x0c\xd6W\
_\x05\xfe\x09~j\x9d\x91\x03\xf6\x93*\xd5:\xe7,\
\xfc^\xf7u\xeb\x9c/\x87#\xea\xdb\x11\xd6\xb9ca\
>V\x5c\xb0.\xfc\xa87B\xd68\xeb\xb2X\x90\x03\
\x99\xe7\xac\xcb[\x00~+\xb8h]\x93\x0erP3\
\xd6\xba\x96\x02}S\xa5\x87u]v;\x98\x97\x87\xd6\
\x1dy0_\xc3\xdbYw\x85\xc0No}\xc6\x9a\xdf\
\x04\xf4\xf5\x85\xaa\xd6\x82\x1101;\x82\xd6\xb3N\xe0\
\xf3\xa2;\xd6\xf7ca|\x13\xff\xb1^\xdc\x0b|W\
\xb5\xbc\xf5\xcad\xb0c|\xdd\xad\xd7\x0e\xc2\xba.\xfd\
\xc8\xfa\xfd\xdf0\xafEu\xad\xd7\xbbd\x00>\x1co\
\xbd\x91\x05\xf8d\xc5\x8b\xd6\x1b\x13\x00\xff\xafX\x0a\x9f\
W\x00\xafV\xb7\xde\xb4\x83\x9c^U\xc1z3\xb1\x17\
<GYom\x03|\xba\xf5G\xeb\xadG`\x1fo\
;a-\x1c[\x06\xf4U\x8e\xb5\xf01\xedw\xcd\xb5\
\x86:\xc1\xe7\x9e\xfa\xd6\x22\xeb\xd7\x08\xbdQ\xd7Z2\
\x18\xda;l\xb7\x96\x04\xe0\xfb}jk\xc9\x81\xef\x11\
\xaaX\xc1z\xb7vW\xe0\x9fo\xacw\xc7\xfa@\xdf\
\xef\xb1\xde\xdd\xf7%\xf0C%\xeb\xdd\x1b\xf0\xfc\x99\x22\
\xeb=\x1b\xe0\xb5\xf2\x1b\xad\x0f\x7f\xec\x0cz\xcaf}\
\x94\xeb\x81\xcf\xb7\xac\x8f\x93A\xdfU\xf3[\x9f\xf8\xc7\
\x80\x1e\x1bc}r\x09\xd6\xe3\xedW\xac\xbfo\xa6\x00\
\x07\xfff\xfd\xfd\xf0-\xc0\xc5{\xac\x7f\x0e\x07\xbba\
\x10e\xfdkl&B\x9fh\xad\x7f\xe5\x95AT\xdf\
\x9d\xd6\xbf\xce\x81\x9d\xfe\xdc\x12\xeb?cA\xee4=\
fC1 g?\xcf\xb0\xa1\x9dj\xb0;N\xd8\xd0\
\x0f\xc0WM\x17\xda\xa8\xe5\xd0\xbf`\xae\x8d\xda\x0e\x9f\
\x936\xd8\xa8G`/\xb6~hSu\x9d\x8b\xa86\
#m\xaa,7\xd8\xe3el\xaa\x0b\xa0\x07\xea\xabl\
\xea\x00\xe0\xc4]_\xd9\xd4;\xde\x03\xfc~\xcf\xa6~\
<\x1d\xec\xbd\x8d6m\x1d;\xa2\xfa\xcd\xb4i\x07\xc2\
\xef\x93\xdf\xb4\xe9\xc6\x82\x9e\xfa|\x95\xcdp\x1e\xe6}\
\xfep\x9b\xb1;\xac\xf7\xf0B\x9b\xf1f=\x90\xd7\xbb\
m\xa6<\xd0\xdb\x97Z\xd8L\x87\xe8\xcfM6s\xcc\
H\xf8~\x80\xcd\xd2\xf3Y\x90[mm\x96l\xd8\xef\
\xe6\xc66\xcb\xbaC g\xda\xd9,\xebA.j\xa7\
\xd9\xac\x9f\x00?\x98\x1d6\x9b\x17\xf6\xf3\xd4Wle\
\xba\x82\xde\x9e\xfa\xbd\xadL7\x90?\xd9\xa7l\xe5\x86\
\xc08\xbe{b+_\x16\xd6\xb7\xe4\x96\xad\xfc\xd2-\
\x88z\xe9\x80\xadB3\x98\xef{cl\x15|\x8f\xc1\
>\xf8\xceV\xe1\x00\xcc\xcb\x8c\x0d\xb6JYSA\x1f\
<\xb1Uy\x0d\xec\x81\xab.[\x95<\xc0\x03ko\
\xd9\xaa}\x00\xb8\xbcL\x0f[\xf5ze\x01\xaf\xee\xb2\
U\xbf\x08\xcf\xbd\xfa\xbc\xad\xfa\xe5Y\xf0\x99h\xab\xf1\
\xf0;\x84\x9e\x8b\xb3\xd5\xec\x0arq\xdcU[\xcd\xac\
M`\xa7O\xb5=\xbb\x01\xf4U\xea=\x9b\xfd9\xc0\
_\x9b\xfb\xd8\xecg\xf3\x81O\xcf\xd8\xec\xef\x00N\xba\
W\x06>A\xbe\xdd[b\xab\xd5\xad/\xd8S^[\
\xad\xee-\x11\xe5\xd3\xdaj\x07@\xfe\xcf\xb4\xd8j\xef\
\x80\xf9\x7fm\xad\xad\x0e\x05t\xbd*[\x9d\x85\x80[\
\xcaM\xb6\xd5\xd9\xdc\x07\xbe\xff\xc0V\xf7o\xf8\x0c\xaa\
m\xf5\x12a\x5c3\xbe\xb5\xd5[Q\x1b>}\xb6\xfa\
3\x01W\xcd\xdbe\xab\xbf\x0d\xf0_\xed\xdfl\x8dF\
\x81\x1e\xff\xf4U[\xa3w\xe2\x10\xd5\xad\xb2\xed\xf9s\
W@\xbf\xfebk\x9cL\xdb\xeb\xc7mM\xb6\x8c\x07\
\x9cr\xdd\x16;\x13\xe8\xfcPbk\xba\x03\xf0\xda\x02\
\xbd\xad\xf9\xa0\x0f\x01\xd7\xf4\xb2\xb5\x98\x04x<f\x93\
\xad\xa5\x0f\xfa\x93\xdb\xc2\xd6\xf2f/\xf8L\xb5\xb5:\
\x04\x9fK\xfc\xb66\x03\xce\x22\x94\xa3\xb2\xb5y\x0d\xf8\
lEy[\x9b\xd9\xd0\xaf\x87\xc7mm\xd5\xb0\x9e\xd7\
^\xb3\xb5\x9b\xd9\x11\xe4\xfeo\xb6\xf8F\xc0\xdfo\xfd\
n\x8b\xef\x0cr\xbcMm[\xfc@\xb0\xc3\xf6\xce\xb0\
\xc5\xa7\x83~0\xef\xb6\xc5\x83:\xa2^on\x8b\xbf\
\x0c\xf3\xb3\xb3\x8a\xadK\x12\xd8#?\xef\xb1u\xedB\
\xc7S~\xb7%4\x05\xfd\xf9y/[\xc2a\x13\xe8\
\xc7gl\x09\x9f\xc3\xfc}\xb5\xd16\xe8]\x90'/\
\x5c\xb6\x8d\xcc\x01\xb9u~\xa6m\xd4%\xd0\x1f\x0b\x13\
m\xc9{A~\xdc\xd9`\xcb\xa0\xe3\x15\x09\xaf\xd9&\
u*\x87\xa8\xb1\xef\xdb\xa6^\x07}\xf2\xcbt\xdb\xda\
\x86\x80\x7f\xc6|j[\xdbs\x0f\xa2\xbe\x9ch[\xdf\
\x00\xe8\xc5\xe7\xdb\x8e\x0e\x03\x1c\xfd\xfcy\xdb\x89\xee \
\xd7\x1e\xad\xb6\xbd\xad\x069{\xe0\xa1\xed\xbd\xc7\xc7\x10\
\xcaM\xb1}\xd0R\x03\x9f\x8dl\x1fo\x03;\xd12\
\xc0Fp\xd0\x07\xb6\xef\xcf}\x05\xfb\x7f\xb0\xed\xfb\xbf\
^\x07\xdc\x98`\xbb>\x0b\xf0B\xc1k\xb6\xa2W\xd2\
\x11\x15\x1eg\xfbq\x19\xf0\xf3\xe2G\xb6\x076\xe0\xd3\
\xda\xaf\xd8~\xa6\xed\xd1\x91\x13l\xbfT\xef\x0c\xf2i\
\x8e\xedI]\xe8W\xd1'\xb6?^\x009\x1e\x9ac\
\xfbs\xd0\xd7\x80+\xce\xdb\xfe\x1c\x07\xeb\xd6\xe1\xb6\xed\
\xcfCM\x10\x95\xee\xb1\xfd3\xe3\x17\x84\x0a/\xb8\x10\
\xf5\xcbs\x80\x0c\xd1(dD\x09(\x05y\x91\x07\xd9\
Q\x10\xfeu\xa0\x89\xf0\x9f\x0b\xb9\xe1\xdfd\xf8\xd7\x89\
b\xe1/\xdd\xe1'\x17<7\x1e~\x1e\x02\xdf\xa5!\
\x1f\xfc\xebG\x19\xf0{\x00\xde\xa6\xff\xf5\xa1)\xf0\xe9\
@\xe9\xf8}\x0f\x8a\xd5\xd3\xa6\x02\xe0\x09\xd4\xc0\x18\xda\
p6\xbcunx\xe3\xbe\xe2\xfc\x82P\xee\xea\xfb\xa7\
\x17\x15\xcd8\x19\x9a[\x10\x9aw<\xbc\xfa`\xc9\xdc\
\xc5\xc5\xf9\xabnO\x9b\xa1\xa3_\xe8\xda\xa3[\x7fG\
2Ew\xaf>\x10<\x0e\xff\xf5b\xba\xe4D\xa9(\
\x1e~\xcf\x86\x0e\xf0\xdf\xe4p\x0d=c\x7f\xfb\xb8=\
\xb4\xf3P\xf1\xd1]\xf7O\xaf\xcfNs\xb8\xdc\xce\xd4\
\x1c)\xd5\x81\x1cU/Pp\xc3\xbf\x93p\x87\xd3\xe1\
\xbb,\xa0\x1b\x84\x81\xd1t\xed\xa8\x01\xb4DO\x0e=\
1\x01\x94\x03\xdfx\xe0/\x93\xe0\xd3\x8d\xdf\xa0\xa7\xa0\
!\xd7z\x13\xdc\xfa\xf1\xc3\xe1\xf53B\xd37\x16\x1f\
\xdfR\xb2>\xf7\xfe\xe9y\xd9)\xde\xa0'\x90c/\
\xde\xb6\x08\xc6\x1a^\xb3+tn\xcd\xfd\xd3\xf3\xa5\xbd\
j\x8d'\xcf\x83\xdb\xf5Bk\x19@\xdd\x07\xf4\x95z\
\x11\xc0O8\xa0\x17|\xebe\xecE\x07\xe6\xdb\xd9\xc6\
B\xb9\x07\xa5\x0d\x94C\xcd\xe0\xd5T ;\x11\xaf%\
t\x9e{Y\xd3L\xe9\x8d\x9a\xa8+\xea\x81\xbaE\xe2\
\x0c\xeem\x0b\xbcc/<\xb18\x94\x9b_\xb4r\xaf\
\x94\xca\x1c\x8e\x8a\x0b\x0f'\x1a\x97\xd1\x83&\x5cF&\
\x80\x9e\x92,\xf8\x1f\xe1>\x07|\xebbx\x95\x9d*\
?\x9e&vD\x8d\xb97\xe9g|BN\xe5z\xdb\
\x86\xeem\xe8\xcc\x8a\xd0\xfc\xc5\x5c\x9f\x81!\x8b\xf3\x8f\
\x87wL\x0bo\xd9U\xb4wa\xe8Tnh\xf9\xa2\
\xf0\xc6\xc5\xa1\x05\xdbBK\x97\x10.\x95/\x18;\xae\
\x00\xb4\x90\x09\xbd\xf4B[\x0e\xf8\x8f\x1e\xd7\x94Rg\
\xad\x0c\xdd\x0f\xe0\x95\x88\x13\xc7O\x7f&\xb3\xa5\x02x\
`\xf4\xd0S\x04\x84\x8c4\xa1\xa2\x82\xa3\xe1\x05;\xa5\
$f0$\xfa\xe3\xd6\xed\xa8\x09\xb3\x97\xbd0#,\
\xcb7\x809ra\xb2\xf4,O\xc5\xf3Io1?\
f\xb1\x00\xde\x0e9xf\xa5lHf\xd6\x05\xeb\x10\
\xc4o\xb3\xdf\xd0\xcf\xf8\x08\x87\x09\x18\xb4+\xe9\x97\xbd\
\x89\xbd\xbb\xdb\xebwy\xd2\xed\x0d\xd2\x5c\x1e\x87\xdb5\
\xd5\xe9\xb3g\xfb\x03\x8e@\xd0\x9f\xd3\x98\xe3`\x9f\xd3\
\xefJ\x0d:\xdc\xf4\x0f\xde\xa0/\xc5\xe9o(\x1d\xdd\
\xc8\xa7\x1a\xdd\xff\xac\xd7M\xe4\xbd\xfe\x17=\xac_j\
\x0fc\xe9\xffq\xad\x95\x97\xb6\x16\x1b\x1b+\xa5\xd9\x16\
h&\xa2~x?y\x98Ur\xe3q\xa4\xc9\xc4\xe4\
D\xfc\xb7 |\xd3L &\xabwM\xecgwy\
`\xca\xddn;\x11\x92\xf1\xf6\xec\x89\x0ew\xd0\xd9L\
&-\x1bs\xcdI\xc8\xc9:\x00\xcdrMT\xa4\x9b\
`I\xb2m9S\x95X\x9c\x1fK\x1a\xdeA\x99\xfc\
>\x17\xb08\x90+<\xb7-<=_J\xa2*\x90\
H\xc1/\xd0B \x807\x1eC\x8c{\xdd\xd65%\
\xe0\x9a\xe8\x0aL\x89@\xa3.C\x83e\x88$f#\
\x18`\xb1h\xc5\xe6F\xcf\xa38\x8eZ9\xa0F/\
{\x12p\xae\xa1{\xc0\xe7~>NJ\xb0\x81\x84\xa0\
\x9f!H\xf3\xa3\x80\xa4\x80\xcf*0D\xfd@\xd4\xde\
\x80Pm\xa8\xb4\x16\xb4\xd8\xf3\xc1\xe4\xb8\xb0\xf8\x13\xae\
I\x8eX\xbc\xf3Z\xb1\xab'\xd5\xe7u\xa52\xeb\x91\
S\x9cw6\xb4s\xae\xd2\x1c\x88i\x0bU\x85\x9d\x08\
0\x8ef%\x96&!\x16\xca\xdb\x5c\xb2oQ(O\
&\x80\xec2\xaa\xb4\xc0\x0e\xe0\xf5\xa2\xd9\x9fWAV\
\x01\xc5\xa23yRB\x150!zq\xe9N9\xf1\
n\xf6\x0b\xf8\xc33\xc5\xee\x9c\xe8\xf4\x04\xfc\xd2\x17\xcb\
\xc0\x8b\xb4\x0a\xb1\x83\xdew\x00s\xf1\xf3\xa2\xef\x9a\x95\
e\x1f\xe8\xc8tJ_\xa9\xcd\xbd\xe2\xc7\xd0 \x00S\
\x90\x11\xa1\xe5\xb24\x11\xff$W %#B\x07\x8c\
\x0c5\xd0\x09\xbc\xbe\x85\xb7\xdcS\xa4O\xf6\xe2\x9f\x14\
h@z\xc2\xdcX/\x06\x18X\x92\xc6\xecr\x1a\xae\
8\xf1\x8e\xa15\xab\x9f\xd1\x8d|\xdf\xea\xe0V\xec\x81\
\x0c\xa7\xdd\xeft;S\x02\xceT{\x1a\xecv{\x96\
\xd3\x97\xe9\xf2\xfb]^\x8f\xac\xb7}\x04}`e(\
=\xfaL\xa0\x9d\xaa(\x04\xc4\xdf\xc5\xc1wb\x99V\
\x17\xf7\x82\x96\x9c)\x19\x99\xdeT^*0?\xc5\xe5\
(\x089=\x08M\x07\x0d\x0582\xean\x8e\x94\xf1\
\xf2\x95b\x1e\xe3p(?7n<+\x01~\xa5h\
\x02\xf6\x80\x97L\x81\xdb\xe5\x0f\xc8Y\xa5\x1b\x1e\x07\xa3\
`\x05\xe2L\xdf\xcd\xe1vxR\xe4\x02\xac\x02\xbc\xe2\
\xc5h\x8c\x16\xea\x0e\xbcg|<[v\xf3z\x03n\
\xaf#\xd5\xe9\x93\xbe\xd8\x01^\xf4a\xe8\xe9gp\x0e\
\xc13\x99\xf8'\x1aE;e[\x90\x1d\x1b\xbf\xc25\
\xbb\xf9\xbc\x93\xfcN\xbb\xc3\x93j\xcftx\x1c\xe9N\
{\xaas\xa2+\xc5\x89\x07\xe9\x97C\xc0\xee n\x87\
ah\xe2'\x8d\xf0p\xa4{\xe20{\xe1\x99s\x00\
D\xc23g\x87\xe6\xbc)\x9f\x1d\xf6e\xa9x5\xe2\
W\x15%\xab\x9d{\xc9\x81\x95k\x06\xdeNNF8\
\xfa\x84(\x86&\x12\xde|,\xbcyV\xe4\x96\x99I\
\x16\xbfT|tK\xf1\x993\xd2\x97\xe2EFK\x0f\
f\x13\x05\x98\xc9f\x8d\x14\x96m\x88\x09DO0l\
'\x8e|\x8d\xeen\x17\xf0L\x0f\xd8<\x01\x98\xe4t\
\x87\xcbC3P\x8a\xd7\x93\xe6\xf2eJ[\xec$j\
\xb1\x946\x98\xc5%}\x12+\xbbgI\xab\xd2\xe6`\
e\xa1\x1b\xb0g\xe5\x02\x86\x85\x14\xfcljh\xfc\xe0\
\x94\xebJ\xeeI,<|\x0c{\x81M\xc3\x83y\xfc\
\xa6=\xcb\x07|\xe4\x9c$\xa5\x10+\xa2\xc0\x8a(\x17\
f\xdb\xf4(T+\x11\xaa\xb4(re\xd2l\x1a\x81\
~[E\xfa\x8ab\x0e\xbe'v[*\xbd\x8dxp\
\xc3\xb7$\x10s\xf6I.O\xaaw\x92\xd2\x86\xf0b\
\xec\xce2\x07\xcf[\x86\xee\xde\xcc,z\xe1S\xe5\xc8\
\xbf\xbbd)\xfd\xb0\xb8\xf4\xb0\x9d\xb8c\x19X D\
^\xe0j\xdd\x99\x15\xf5\xa7\xf8\x9cN\x8f?\xc3\x1b\x88\
\xb8\xb8f\xdcV\x16\x9eN\xbeo\xda\xee\xde,\x97\xbc\
cz\xe6a^\xd1\xa8\xe1\xc1)r\xa9\xc9<\x06}\
L\xe0\x96N\x08v\xba\xf3R\x93&`O\xa0\xd7\x8c\
`\x9d\xeeRj\xa3\x04\xd4\x1c\xcc\x1eMap\x0f/\
\x8dY/\x01Y\xd0\x14\xbc\xf9}\x8c6\x95\xcb9\xda\
0\x17\x8b\xd2X\xdc\x0f\x87\xdd\xedM\x01\x94\x84E8\
l\x0dz\x95S\x82>\x1f\xe8]N\xf0y\xdd\x0a\xe2\
\xb6\x8b\xa0\x93Bnew&\xbdo\xb3\x00\xa2{\xb1\
\x9cJ\x95\x00\xb5\xee\x02\xa0f\xc7\x1d!LLoN\
\xb7++\xd9\xeb\xf0\xa52\xa0\xad{C\xb9V\xe7\x9b\
\x96\xebr\x17c=\xfa\x15\xe6\x88pf\x10?\xc1\xcf\
D\x1d\xdc\x01N\xa1\xbb\x02\xceL?7\x17\xc0\xb2\xc1\
\x80|\xf8\x03\xa1\x0f\xf4l;8\x01(\x9aeF\xa6\
G^\x1fvM\xa5\x9c\xfc\x5cw\x9f\xd3A\x8bFf\
\xda\xed\xb4\xc4\x12\xac\x09\xbdZJ\x5c\xfd\x82\xac?\x1e\
\x8c\xaf\xe8\xf1\x12\x08\xcfs\xce\x7f\xd7\xb3\xc6l\xcf<\
vgf\x16 \x7f\xcc2O\xd9=\xbb\xa8{\xa9Q\
L\xa92\xa4\x99\xd4\x88\xe6Ss %\xeeq\x16\x83\
X\x08\x0bF\xb3\xd3\xaatg\xfa\x99\x05\xc8\x05\xf8-\
\xb2\x91\xd6L\xd6\x8a\xb2D\x22\xe2\xd2\x89&smT\
f\xdb\x10\xc8\x22\x10\x95\xce\xc9\xd2&*\xcb\x9a\x98\x8a\
\x91\x0f\xaf-\xcd,\xa9\xa9^\xafL9j\xf1\xeb<\
\x1a\x8b\xe9\x1e\x94\xe1/+V\xd3i\xd8\x05\xe7\x16<\
\xab\xeb\xe1Ls\x04\xdd\x01\xb9l\x14\xa8u^6\x12\
u-\xd7}b\x0c \xf0)\xf2\xba\x8f\xd1\xf4\xbd\xb0\
M,\x17\x9bb\x0aI\xf2)\xe6\xc5&C)\x89\x9b\
\xd5\xd2\xa8\xf9\x9f\x82\x9a?\x2251\xc2\x89\xca\xb1\x84\
Vd\x8em  \xc5Z\x00R\xd4/F\xf8\x150\
I\x1a\xe1\xb34\x15\x10}EL\xd6\xcf\x10\x95oX\
S\x0f\xa7\x1fh(\xee\xc7\x81\xf8]^A\x88\x9dj\
.,\xbdY\xb1\xe1\xc5\xe2\x8c\x17\x1f^\x06=\xf0\xce\
C\x1e>?\xd7\x83\xe8\x0c\xc7DXpG\xb2\xcbM\
\xbb\x08\xd2\xbc>\x22,\xbc\x80\x1fpwd8\xba\xba\
\xa4?^h/\x8d\xf5\x09\xf3\x16-C\xdd\x9b\x96\xe6\
vyd\x0c\x99\x1a\x8d\x08j\xcf\xf8\xa5\x08h\xf40\
:\xc3\xce\x0c/\x053\x88W`;\xf0.ce'\
@sqg\xda\xdb}N\xc0\x95\x1e\xd0!v\x18o\
J\x86\xd7\x8b\xcd\x08/\x88G\x1f\xa3J\xe5B\xa6\x07\
\x06<\xa4+^\xc6\xe1\xcf\xda=,\xab\xa4)\xec\xab\
\xca=\x5c\xd0\x5c\xc0\xeb\x9bb\xa7\xad!\x9aS\xd2\x14\
\xb7\x98\x11\xf5du\x00\x0fe{\xd2\xf2[\xe9I\x1f\
\xb6\xa0|\x82'}>\xafO.Uz\xa2\xc9\xb8\xd3\
A\x91\x9c\xd0\xf5\x9c\xecL\x09\xca\x05Eu\xf1\xf3\xdc\
F\xa7\x01\x02\xbf%\xad\xcc\xdb\xf4\x0ewe)\x88&\
%\xf9\xa2U\x16,\xfdE\x01\x0e\x16\x07\x10\x05\x94\xca\
@j\x96\x8d\x03\x18\x09\xfa\x05\xac\x1ei\xa3\xd7'\x8d\
\xd1\xd0\x00tT* n\x9a\xa1\x03.\xa7\x1f\xb3x\
\xa4\xed\xaf\x14m\x89 Iz\x95\xe2:,\x83I\xd1\
[>\x99\x18\xc9\xbc=\xdd\xcb\xe1\x0f${\xe5r\xac\
5\xbc\xe2d\x1c.\xbc\xfb!\x9a\x02\x15\x8b\xa2j\xbd\
\x9c\x81\x94\x0c\xecl\x10\xebNE\x1fC/2N\x1e\
-\xf7\x82\x01\xc9\x15G/N\x98\xd0\x9c\x91\x85Y\xde\
'\xc2d\x16\xfaE{\xcf\xc9Yn\xafO\x8e\xbe\x9a\
E\xa6\xc0\xf8\x84#Mqe\x11]{\x93(B\x9b\
o\xc2)kB\xe0\xca\xe7\x856&\xeddI\x13\xff\
\xbb\x5ch\xf3d\xfd\x98\x1f\xb1\x11\xcf\x0bmL\xc4\xef\
t\xf8R2\xe4\x0a\xae\x97\x00\xfd\xd3\x9d\x0aD4\x0f\
\xcbb:\x01\xe7\xe4@$\xc3\xb0\x0fG\xcdC\xdcx\
\x9cA\x1d`\xccl?\x83o&2\x91\x8cTFN\
:\xb0\xf0'\x88\xdb'\x98\x80\xbat\x9b\x1eG&\x8d\
\x9a=\x01\xb0\xb5\xfd\x00|`z]\xa9 \x0e\x1d>\
\x07\xa0k\x9f_\x0ec\xe8n\x08`L/W@y\
-\x02\xdcF\x1e\xc1[\xa9\x22#\xab\x99p-\x02\xf4\
>\x1d\x81\x8dTbg5\x93;\x7f\xc5d\x05\xc6\xaf\
\xc4\x5ci&0W*2\xa4\x89\xfd\xcb\x18)\xcd\x1a\
*3y@A\xd5\xd7\x132y\x80c\xc0zJ\x12\
On\xb6i{)\x9ac\x03\x85\x0f\xe3\xb0\xea\xff\xce\
\x9a>G\x9a\xb3\xff\xdbe\xb5\xe2\xfe\xf8`&\xb1\xf9\
\xc7\xeb\x88^^\xdf$0\xee\xe4\x92\xad7\xbc\xf1\x82\
\x92/\xacw\xaf\x17\x22\xf8\xc2\xfa\xc0KN<\xc7\xd1\
%\xda\xd3\x07r\xea\xf6v\x06\xa4\x82\xae\xd4\x80\x8e\x11\
\xba\xe1\xc3\xd1\xae,^s\xf6\xf6y\x83Y\xf2\xe8L\
\x02J\xc4\xf8\x22\x15\xbb\xf0\x9d\xd8\xfd\x12\xcfD:\xf9\
MP&!\xd1\x1e\xdax0\xb4iZ|\xd1\x1b\xf9\
\xa1\xdc\x1drI\x9b\x00\x04D\x926!U.i[\
\xc2c\xe9\x18\xcb\xf8\xa2\xc6~S\xf0\xea\xfb1\xde\xe1\
\xd7\xbejB\xba\x07D\x99\xdd\x91\x95\xe5v\x11\xbb\xce\
\x9e\xe2s\xf83\xe4~\xd0\xd6O\xd9P\x00\xfb\x0a\x9c\
x\xb2\x84N\xffj\x0aM\x05\x5c\x99NoP\xee\xfe\
\x97\x0e\xca\xcf@\x0b\x1f\x87Yi\xd1HC\xc0,\x05\
\x84\xca\x0e\xca\x0f`\xc3G\xa3S\xe7\xe4\x14g\x96\x22\
(\xad,\xf0\xe5\x90}$\xf5\x1a\x99\xb1\x1b\x07\xf6\x85\
\x92\xef\xa8\xaa\xe8\xf5T\xcc\xa9\x84\x0b\xf9\xdeX\x08\x81\
T'\xec+\xb7\xac\x03\x89\x22\x0al\xc8\xab\xb1\x08\x8d\
\x0b\xbf\xe5]\xde^\x8c\x1f\xd3Hw\xf9y\xe7\x13H\
H\xbbtl\xac1\xc1\xe6\xe4G\xec\xf6\xf6\xa6\xba\xd2\
\x5c4\xceq\xc9#9\xbd\xa0K\xb4\x14\xc9\xe2\xf0s\
\x0a^l\xc6\xf9\xac\x10\xe6R\xb2\x9b\x05\x11\x95\x04\x8f\
?\x8b\xc6\xcc)\x8e\xac@\xd0\x07\xad2^'\xde2\
S\xd0\xa1\x09\x928-\x8ey\xf2:4\x81\x89\xc4v\
M\xec\xa7\xb4\xa6b\xe9'\x0db\x99\x13\x18\xe1\xa6\x14\
\xc8\xaa\xae\xf0z\x10^O\x16\xc9h+G\x22\x98\x99\
,\x97\xd5\xb5eD\xf8\xe5\xf4HzS\x96%\x85\x17\
\xc9\xa3\xd0\xa5\x06\xa8\x1f\xbc9E\xe4jKc\xdco\
\xca\x11\xb6\x0a\xfd\x9cS\x88\x87\x0d,\x97\xac\x08A\xb6\
X \xebb\xa6w\x00\xdeC\xe3q34\x97\xa51\
j\xc2\x8e\xff\x15\x9b\x0c\x95\xfa\xb9`\xe6\x07x=\xe3\
\x9dS\xec\x8e4\xd0\x0dv\xa7\x92\x11a\x07\x90.\xb6\
sD@\xc6^\x9f\x8f\x0e\xf7g,\x1c\x06\xc8\xdc\x9a\
\xb6[>\xa3Rb\x12\x01/ W\x9e%\xc7\x8as\
\x05z\x151\xbdI\xb8\x93\x0e&I$E`A\x99\
\xfa\x83\xe6\xef\xef\x088=)S\xe4\x137\x00\xde\x19\
\xc7\xd8\x12$_\xc5\x85C\x17\xbc\x18TZ\x95J\x03\
\x1c\xe3\xbc\xb4\xa2\x9d\xe8J'\x02Pya\xac@\x9f\
x\xf0\x92\xc0|\xe4\xb9^7\xc0\xe5\xb1'\xf5\xe8'\
\xf7\x0c\xd2\xcb\x97\xccpX\x22^\xb24\xdc\x07\xe2\xb9\
J\xc5\xa2\xc3\x87\xc5%\xd6B\xf0[:\xfe+k\xe4\
\x97\xa64\x1b\x0f\xf0\x82\xa5\xefLt\xfa\xd2\xecNO\
\xaa3\xb51\xd8GY^_\xc0\x9e\xee\xf4\xd0\x16\x7f\
4\xe59\xfa\xbf\xe8\x9e\x87q\xbe\xa51i(\xa9\x0c\
l\x88\xd6\xc9\xa6\x11;\x09&:\xd8oA\x90|.\
O\xe4~>\xfd4\xfa\x89\xb3\x0d\x0bB\xb9u/\xeb\
{\xf4i\xf4\x07\xdd\x01{*g\xecs}\x95vo\
i\xc4\xeeMf<\xe2\xa9\x0c\xc2\x0d\xe0\xc8{\x0aV\
\x11N\x05x\xda^6\xdd\xb4\x0a\xa2\xbb\x9e\xccy\x8f\
S$1\x9exy\xcc\x9a\x1bV\x1f\xe1\xb0&\xbbh\
G\xd9$W \x03\x94f\xaa\x93\x9b\xed\xf6\xecbd\
:\xa6\xd8\x93i\xb7r\x0a\x13+\x8a\xe7\x82\xda\xd2!\
\xcf\x8a0\xe44\x91\xe9\xcf\x0f\x99\x9d\x8a\xd2\x06\xef\xe1\
\x9c\x05\xfc\x14L\xc2\xf0Hacp\xc3\xec&\x18&\
\x01\x8cd\x98\xf4\x90\xa5c\xf5x\xd9\xe1Nr\xf8\xf9\
M\x22\x1d`r\x84\x01\x92\xac?\xe2\xf8s3\xf9V\
A\xec\xd3b3\xa0\xc4\xf9\xa5I\x98\xfd\xb2D~\x10\
\x92]\xca\x9b\xf9q\x82\xee\xbb\xfc`\xbc\xd2R\xdc\x17\
\xf4x\xe8\x94);\x89\x9f&\x05\xbcY\xc4\xf9\x11\xf0\
M\x89\x95#\xf8\x01b\xd8\xc1\xfb&\x060\x88B\x8e\
o\xc4\x9a\x85\x17\x8bl\x842\x85\xf9]\x18]\x0a0\
\xa10\x97\xdc\x98\xe1\xf1\x0d\xa3\x80\xb0\x08\xa5\xc3\x96)\
\xf0I\x02L\x80\x0c\xe8\x112&\xcc\xfff\x97\xe2\xa3\
\x1a{\xd1\xbb\x14\x1f\xd9\x0e\xcc\xfb\x97]\x22\xcc\x11\xc4\
aT\xb2\xe0\xb2NaY\xc5J\xa28\xf8\xae\x19|\
\xd7^`,\xd2\xb3\x1a\xe4\x94)\xbf\x87\x02\xd8\x8b\xe4\
gd\x9b\x1f\xb3\x91\x0bX4\xc8)7\x9e\xa5FD\
\x180pW0\x93\xe6#n\xc4\x8d\xb1\x5c\x8bk\xd6\
\xac^{lc\xba<AZA\xe3\xfd\x13\xc8\x80\xc5\
Ju\xf9\x03>Wr\x90V\x8b\x0a~p\xf1\xfc\xf8\
1\xd8\xe4y\xc1\xc4\xf4\xc3\xefTJ\x97\x13\xbfK\x8f\
\xcf\x87\xe7% \xb2\xael\x0c\x8d@\x86\xcf\x1b\x08(\
\x19Zb:\xf2\xa4\x1e\x85\x95\xe2m\x12\x86:\x97\xc8\
\xc3O\x96<\xa9L:\xd8\x00gG\x12\xaf\x900C\
\xa7<C8\xb4dah\xc1\x86\xf0\x9b\x0b\x8b\xf3W\
I)6\x92P$\xcb\xcb2\x87H\xb2\xf0>\x10\x96\
.N\xfa\xa5\xb3\xd0\xcf--\xde\xb6\xa8\xb4\x95\x91v\
\xcf\xc2\x90Q\xee\xd8@\x80\xf5ve\x0a\x5c7\xe5\x82\
\x8f\x17v.F\xcf\xbap\xd67\xdfj\xac\xa8\xd5\xf0\
\x81\x1d\xa1\x8d{I\xffI\xd2rh\xf6\xbc\xd0\xf4\x8d\
\xe1\x03\xdb\x95\xbbUUa\x05\xa4\xae@v\xde\x09\xd9\
\xa2\x05\xc7\xc2\xd3\xa6+\xd3\x89\x8e\x09a\x82\xa2 \xc1\
\xea\x98\xc2\xc4R\xc2S\xd6\x01\xde\x89Q\x82Sz\x99\
\x01\xa4V2|\x8c\xecc(\x9e\xf7q\xd0\x0f\xc6\xcb\
\xd3\x84\xb8'\x156\x82\x11$\xac\x03o\xb3h\x98\xa1\
\x06\xa6\xcc\xf5\xd9\x98\xe8\x08dD\x06\x02\x13Kiq\
(\xacS\x962J\x81\xbf\xb2\xa9\xa9\xd2\xbf6\x8f\xda\
\xdb\x16\x82\xde\xb6\x97\xf4v\xe8\x94,\x01l1\xd2Y\
\xad\xec\xaf\xcd\xc5ci!\x1b\xcb\xef\xff\x7f\xc6\x82\xff\
\xaa\x94\x12$}\xb6%~v\x10\xa8\x04\x02\x83\xa4\x7f\
o\x05\x7f\x8f\x17}\xd3\x1a\xbf!\xc1\x06\xb2\xf7\xda\x08\
\xe63\xe7\x7f0\x9f\xc6D>E\x89\xfd\xb6e\x8eq\
\xd0$\xc0X\xec\xef\xadr\xe2\xc9\x0f\xads\x8c,4\
a\xff\xd6&Gn[\x0e|j\x1b\xae\xec\xc0\xd2\xac\
\xb72@\x8d\x1cx\x91\x86J\xf4\x03\x9d\x93\xecJ\xe1\
\x92\x0a\x82W\xe4\xfe`#~M\xd1'\xdc\x87{\xf1\
\x7f\xcd\xc3O7\xf6o]\xc1\xe5d\xdd\xe0E\x88\x81\
%\x18/7\xa3\x07r!\x0e\xe5\xd4\x8b\x06h\x08^\
\x94\x0c\xf8\x8dw\xcfW\x1aH\xc7<\x04\xb9\x17\x0d\x86\
\xb8\xd23\x02\x0d\xe5!\xc2\x81\x18\x1b)Cl\xb1\x1d\
Gt\x8d\xfc\x88\x8d\x1d6#\x0d\xa5y\xccS\x7f\xa0\
\xd7.@\xd2\x8c\xfd\x06\x08\x86\x09\x88\xbb\x9d\xf6)\xce\
@\xac\xd2\x14y#\xc4\x99\x0d@R9|\x5cW\xfe\
\x96<#\x8aw\xa3pt\xb8T'\xb9\x17w \x93\
\xf2K|\xab\xe9\x8c[\xdb\xc3\x04M\xa5>u\xa9\x05\
[\x0d\x9aH\xf3\xfa\x9c\xe9>lNs\xfes%\x83\
5\x96iKym#\x1f\xf2\xa9\x04m\x08V\x97\x9b\
W\xb9[\x8c\xd0\x17\xb2vtWd\x05\xa0Lx9\
\x8a\xef\xb1\xad\xd0\xe1\xc7\xe4\x18\xd8\x05\xa9\xca\xa57S\
\x9d8\x05\xed\xde4\x1c\xbawFmN\x0f\xa2\x96\x16\
\xf7|V\x87zP\x96\xd3#\xe7\x04\xe61^\xae0\
\x0e6\xa5L\xaer4\x09,j\xec\xfd#\xe4kU\
\x15\x10dw\x059e\xc0\x07f,\x98\x0c\xcd\xe7\xce\
@\xc0+G\xc4\x11)0\x87\x1b\x1d\x0c\xc32\x1e?\
\x91T\xab*\xa2m\x0f\x80hq\xdai\xe7\x9f\x5c\xca\
U\x1444\x84\xdf\xb6<\xfc\xc7\xa4\x86\xe0\x9d\x18m\
\xde\x84y\xee\xd1\xe6\x8d$\xbbG\x98\xb7n\x02\x82l\
\x82\x9d\x9b\xf1\x15\x10\xdcZ\xaa\xbc\xe1\x9a\xab\x85\x9b\xa3\
\xb3\xeb\xdc\x8e\x80\xd3\x1f\x90\x0b\x16y@S\xdez\x16\
\x16\xe6\xac\xbd\xa8\x94\x08Z\x91k'\xcb\x81\xe3^\xca\
\x09\x9f\xcd8\xe2\xc2\xa3\x9d\x8a\xa4%)\x04\x95\xe9\x06\
\xb0\x03WH_!\x7f\xa0\xb6\xac\x89(n\x5c\x96h\
\x147.\x0dT\x98$\x1e\x1e\xb4\x0e\xa2\x13r\xe4\xde\
\xe8A\xd8\x86%\xc9\xa1Qs4\x06\x05\x03Y\xc1@\
\xb4h \x87\x8e\x04\x8d\xd2\xf8C\xee\xc9M\x14\x8aT\
\xde\x93\x9bH\x04\xa7\xbc\x93\x89\x12\x11L\xf3\xfb\x04l\
\xa8\xfbD\xb2\xbe\x0cC\x01\xd8~B\xd0\xe5S\x8aM\
%\x96\xca\x17\x96\xc4h\xec@\xe0\xa4_\x94\x00\xa4I\
t\xf8\xe5\xe9?\xdd\xf8'\x19\xcfD2\x86\x99\x81\xc8\
\xaeeA\x1ao\x03\xd1\xe1\xc1Z\xb8\x05\xbb?\x98\x9c\
\xe9\x0a\x88\xfc\xca8m\xb7\x81\xfc\xc0`MA\xeb\xd1\
\xcc$\x1b\xa6\x1c\xcdNb\xe03/\x89i\xe4\xa9<\
-\x18e\x0b\xa7\x05 \xaa\x5cn\xb1\xdb\x9f=\xa3'\
>\x84j\xa27\xba\xd7\x97I\x9f\x92\x91ot\xc5w\
K\xc9}\xa9(\xa0\x18%\xf3\xa5\xb1\xa2) L\x9f\
R\xcaH\xab\xc8\x03o\x92\x1d\xa5\x9c\x8f\xd6,\x02\xf1\
 l\xbdT.{Y1\xe5M\xd0@0+\x95N\
EVn\xa2\xa2\xb2)#\x9a\xd8H\x87\xb5\x1aG0\
\x83J\x9fX\xee\x5cD\xe4\x89\xad\x1d\x91\xb8<\xf3\xae\
\xac\x90\xa4b\x16^\x97\x88\xd4\x84s\x99\xfa\x14ym\
va[djS\xa3f\xb4\xd1\x03!a\x80\x0c\xd4\
\x94\xcdZ\x8ed\x12%\xba<)\x19M\xe9\x0c\xe6\x08\
&\xd1X\xa0\xe6\xc6\xbc\xe5g\xb2\xad<\x5c|\x91M\
\x97`\x11(\xf1\xc77\xc6O\xc52\x1e\x9f8\xd4\x0e\
\x0c\xdcX\xf8l\x0d\xf0\x8c\xfe\x8c\xc5>\xcdx0F\
\xf1\xff\xb8\xbe4Kt;\x1d~\xa7\x1dz\x01\x00,\
!\x11\x87\xbbi?|c\xbb36=\xd6\x1e\xd7\xae\
yl\x5c\xeb\xb6\xb1q\xb1q\xcd\xe2[\xc1\xffI\xbb\
:\xe4\x7f\xd8\xd5\x97\xa0S\xf1\xd0\xb9\x97\x15:\xd7\xb0\
\x94\xce\xbd\x14\x1f\x1f\xf7\xb2b\xaf\xdaF\xe9\x95C\x01\
\xb8\xb3f\x18\xaf\xa1\xab\x8b\xdavp\xc8\x9d\xb6\xccd\
Z\xdaSJsB\xc4\xad\x94\xee\xf2\xdf\xae^\x1bI\
'\x09V\xa7'*5\x15\xf0\x90\xffi\x17q\xea\xbf\
\xe8\xbf\x5c/\xf1\xbf\xf3~q\xf1\x81\x0a\x07W\x03\x83\
l?\x1ff\x8at\xd1\x84wT\x1c\x0b\xa7\xcb\xf0'\
\xf6\x7f3\xe7+\x1cn\xb7w\x12\xecJ\x9f\xc3\x93.\
_\x11_\x94\x11ICu\xff\xdb{\xaa\x9dh$l\
\xd4\xee\xbf\xdd\x5c|\xc81\xc8\xe0\xe5d\xeex\x8dG\
dx%\xe3\xf1Lb\xcc,\xba\xc7\xfc\x98Z\xe3>\
\xb6\x10m.\x1c\x5c\x0c\x02\x8aN\xa6\x0f\xd7x\x88\x0d\
\x96\xec\x0cL\x02\xd3\xcb\x1e\x87;\xdb\xbaU\xab\x16\xad\
\x94\xc4l\xa4^\xfd\xbb>\xd8E}x\x8a\xa6i|\
\xa8\x94\xdb\xa9KT\xce\xe8l&~\xfe_\xa4\xbdU\
f(\x96\x9a\xea\xd6_\xd6D\x80\xf1\xc1\xa7p\x0a\xa7\
=\xe6\xa4T\xbc7X\x1c/\x8c\x19\xb1\xde\x13^\xb5\
\xd7g\x9b\x0f\xf8\x82\x9e\x14Z\xfd\xb4\xb7;S]\xf8\
\x00\x04\x89\xfe\xd0\x16~\xaa\xbc\x16\x84\xb83\x11\x8c\x06\
\xded`\x9a\x11Z\x0dr\xb3\x95\xa7\xe9\xc5\xcb\x1d\xd9\
\xfd\xd4\x1f\x9f\xad\x11:\x9f\xaa\xe2\x16\xbcA\xbf\xc8\x01\
\xd5\xdf\x99&\xf7?U\xc0\x0dI\x92\xd0y\xaf^\x22\
\x97[\xae\xdcCy\xf6:\x87!\xa2\xaetU\x9e0\
\x81\x15\xf1Q2\xa0\x95\x1a\x8aF\xbc\x02O<>*\
\x90\xa6\x0d]\xb7\x00H\x07\xddn\xb9K\x8cyL\xc1\
Uj\xa0_P\xf4\x95\xd6\xe4\xde*\x0d\xed\x07\xe9\xea\
\x19\x11;Y\x9f\xa3\xf3t\x07v\xca\xd3\xf4J9\xaf\
C\x06\xee\x17Y\x10A\x7f\x86\xf2\xc0I%\xa8>x\
\xeaE\x03\xf7g\xd8\xfb8}\x11\x06N28K\x19\
\xb8?#\xca\xc0\xadh0Sc\xc3%:3\xa2\x1b\
\x1ct\xd0\x87y\xe4\x83\x1aB\xcc\x02~PC\x00\xfd\
\xcb\xcd\x22\xe61\xe11\x14\xfa\xc1)r\x07\xf9\x10\xe6\
\x90\xceD<x\xfey\xfd\x10g\x8aw\xa2\xd37E\
\xde\xe7!\x8au\x89tC\x9ci\x00\x0c2\xe4y\x15\
\xe4\xf9\xa0\xa0\xaa\x0dqKy9\xf7\x89\xf0H+\x1f\
\xfe\x0eb\x09\xe0\xc0\xae,\x81;;\xca|\xc7A\x1f\
\x82\xb8\xcaM\xc0K\x9f\x7f\xf20\x07]ql;\xe8\
\xf1;\xd2\x08\xca\x8a\xbc_\xba\xe0\xde\xb2\x1e\xc6\xff\xc9\
\x89_\xfb\x10'\xedq|\xfa3\xbe\x15q\xd3\x99X\
\xe0\xb1\xbe$\xa1\x05l\x1a\xe2\xcc\xf4\x06h\xbf\x91\xdc\
\x10\xee\xc2\xbd;Qt\xf2\x5c~`W\xdcq\xee\xf8\
\xae\xb0\xdb\x99\xb0\xee\xe2\xaa\x1bL\xbf\xf1Y]y\xe2\
\xfc\x10\xfeT\x03\x9f8?\xc4\xa9\x94>\xd9V\xf8p\
\x04\xcc\xd7\x04u\x8a\x12\xac\xacN\x08\x0b\xe0[\x93N\
\x11c\x95}\x19\x1fe\x80K_f'\xc6\x8bS)\
\xd2\xb9\xcaQO_\x95\xa4\xde\x10\xa7?@\xe74\xd3\
3\xe4\xf5\xb9\xd2\xe9\x22P\xa5\xd6%i \xf4\x96\xe2\
DV\xa2\xd7\xbaFt\xbdW NT\xfb@Pj\
]#\xf9\xdd\x9bc\xb2$\x1d\xd8#;\x82\xed\xe1b\
:J\x0cZe\x883\x10\xf4y\xd8\xb3\xd7\x1e:\x92\
\xa3\xcc\x99\xf1Q[\xc9\x92\xa9p\xa5\xd6j\x88[\xcb\
bU\xb7r\x8b\x84\xa9\x88L\x0a\x08\x99\x0a$R@\
I*\x8a\xcfg\xa9\x87(\x9c\xcd\xa2\x05\x97Rz\x85\
n\x08I\xbc\x92?\x9f\x84##N\xbcL<\x03\xe8\
\x92\x1c\xb0?\xba*\x04\x1bE\xcf\x0b\xbc\xa7F\xe6\x0d\
\x05\xa7i#\xc1KO\x8b\x1f\x9f\xc1\xe4J\x03\x8f}\
\x04\x94\xd9\xa5b\x81\x22\x9b\xa6\xce\xb2\xc7\xd3\x9d\xdc\xaf\
\x8b\xdb\xa5W\x8f\x86\x8bt\xca:\xcd2\xa5\x1c\xdd\xaf\
.\xea\x86\x979\xe9+\x0d\xbbY\x09i\xaf\xbd\x87b\
\xec\x8d'\x125\xf7\x82&\x92\x1a\xc5\x8f\x92\xa4\x08-\
\x87+DD\xca\xf2\x07\x9f\xed\xc3\x15\x03!\x0d\x22P\
\x13\x8a\x11\xb1\xfc\xae \xa0I\xc4\x85\x82 \xaf\x1f\x81\
l&s\xa0\x81x\x9a\x1c<\x14\x12\x10\xcdt\x06\x1c\
\xa9\x8e\x80C\x1e\xfc\x13\x9c\x00\xfd\x17|V\x89\x9c\x0d\
-\x95\xd3\x9a\xcb\xe8\xbb\xf0&c\xf1Q\xd4\x1a\x01l\
\x1b.\x8f\x8b\x86J\x91[i$i\xc5+\x08!D\
:\x97\xf7\x0cC\xdd\x8b\xa3\x08\x91\xce\xe6\x95\x03\xca\xdc\
\xd9@\x09\xd44$\xe1\xc3\x81\x0a\x003\x1e\xbf\xe5\xe6\
Nf\x88\xce\xfe\xe3\xd4(\x96\xede\xc7\x8ey\xa1\x98\
\x845\xac\x9d)\x10`\xc7\xbb\x80;l\xac\xc4r\xc2\
\x16\xd9\xd8#_{C\x0ay+0\xf4i\xf0\x8e\x8b\
l(A\xe0\x1e\x12\xb2\xca13\xb1\xfa\x8a<\xa4\xda\
L\x93\x82\xf0\x19\xa3\xc8\x22\x8e\xab\x93\xa4\x03\x0e\x19L\
!\xa3K\x16U\x9c\x92W\x93z\x96i\xda\xc1\xe2\x15\
\x18p2)0\xa5XN\xeaU\x85v\x03\x02\x95I\
\xe87\x16\xe1\xd3\xc6\xdc\x19v\x7f\x14n$\xfd\xcd\x92\
\x18\xef$E\x8e\x9cr\x17\xba\xa7:s\xfd\xc6\x02\x95\
\xeekc\x02\x5c\x1b\xd3\x87\xdb\xfd\x22\x1e\x8611l\
\x0cp\xcc\x9e\x01\xc6I\xac\xbc\xae\xa4t\x5c\x1e\xdcC\
\x0fw:_:\xbf\xc9\x98wY\x8c\xc4\xcf3\x7f(\
^:\xd7M\xd8>{\xec^\x0f}\x22\x9f\x9d\xf3d\
'\x9d\x93@\xe6\x1d\x1f\x94\x7f\x9a\x99\x17&\xba\x8a\xe1\
\xa9\xd0\xd5'\xed\xb3\x03\xaf\x03;\xd7\xc2\x08\xcd\xd3\x16\
P`g\x9e\xa4\xbd2 \x97\xf8\x00\xd9\xe18|x\
\xcaI,\xa7\xf4\xc2\x0aI\xb8\xaf\xc4\x90&z4\x93\
qR\xf1\xad\x9a\x932\x9c`Q\x87\x96\x9d),\x90\
U\x1c\x0c\x08H4\xc6l6\x85\x89\xa7e\xca\xab\x0f\
\xe2'\xf8\xbc\xf94\xe1!Pn\xf1X\x1f\x99\x13{\
\xd4H|\xdc\xcbM\x9dWtB\xae\x15\xee\xda\xedi\
\xd3\x8b\x8e\x14\x14\x15l!\xb5\x0c\xe9_\xf1\xb9\xc8\xe2\
3\xfbC\xb9\xcb\xe8\xd2\xb2{\xb7\x85\x17n\x09\xad\xdb\
\x1b:\xbe+4\xfb\xb8<\xd0\x9f\x84\x15\xd7$Yn\
\x0f\x9b\xee$\x8cY\x94K\xca\xf0Nb\x93w\xe8\xc4\
&y\xd0\xa2\xaa\x88`\x10s\x05m\xa3\x09\x0b0Z\
\x08\x99\xa0\xc7\xee\xf6\xa6+\xa4v0\xd9z<F\xa4\
3\xdb\xe4\xb83\x09[Q^\x91\xe6\xd6&e\x02\x9e\
\xcc\x90\x87\xaf\x92\xb0N\xf6\xfd+\xadZ1)\x00C\
,U\xa9f\x88\x88gE\x08@\xa605\xa0\x9dL\
\x0dQ\x12\xdeS\xca \xe7\xab\xb7\xa5c\x1c/O\xb8\
hI:\x96%\x08[\xa6x\xdd\xf4\xfe\xa0\x83\x80|\
z8\xae\xe7\x96\x1e\xf4)\xa6d\xd4\x17t\x9be\xc0\
L\x81Ba\x06\x22\xc0/t\xa3\xb4\xa0\xc8\xc4\x0a\x83\
n]n\x18\xf3i\xc6J\xb1J\x13>*\xa1\x1c\x9e\
l\xa4\xfcn)\xf8\x9a\xa7\x17\xcd9+<\xe9\xc1\x06\
#\xd8R\xae\xce\x7f\xb7h\xbcs\x96\x1c\xfb\xa0\x83\x10\
t\xcdWg\x84\xe5P\xb2=Hg\xb2$\xd6\x8d\x9e\
&\x98\xa5`\xde\xbc }Ey\xa5\x04\x02D|\x1c\
\x87}GxtG\x8c\x9d\x1a\xb3M\x0b\xd6\x16\xfb\xdf\
\x9938\xf4_\xc8\xc9\x1c\x05xE\xefDN\xf2\x09\
v\xe2\x14\x7f\xc0\x99\xa9\x04\xed\x85bR~xC\x10\
\x22%$\xec\xdca\x09\xbf\xdcY<\x14sp:s\
\xdc]|\xf2\xcf8\xd4\xe1Kw\x06\x94\x0e\xff\x8d\x86\
\x17\x95T\x95O`=\x13\x13\xc6\xc1\xb8\xbd\xc4\xc9\xa0\
Y\x8a\xc1\xfaL\xe6\xfc\x14?\xb1M\x87\xf2\x0a\xca\x87\
\xcdj0{@\x13\xb3\xd9\xa1\xbc\x1f\x82>^,\x07\
\x08C\x04\xfd\xf4\xe2\xf4\x19qJ\x9dKr\x10;\x88\
\xady\xfe\x98B27F\xf6l\x17\xbf\x19\x1b\xe2\xbe\
y'y\x98t;\x17sf;\xe8N\xc5\xe7N\x92\
\xe9\x9e\xd3'\xb4\x142\x09\x86\x8a\x0e\xf70'e\xf8\
m>\x94\x1c\xdd\xa1O\xae\xc8\x15\xaf\xf8\xdd\x04\xc5s\
JV\x86B\x82\xf2i$\xbb\x84H\xe4\xd3Ee\x86\
\x96r\x8a\xa82&\x15\x8cRx\xd7<\xd4\x1b\x8cX\
s\x97\xee\x89\x8f\x89#'s\xe7\xae\x95\xc8\x94\x19\xea\
s\xa4\x8cO\xa6\xcf_+\x93\xd2\xb3I\xec\xbc\xe2\xa3\
3\xbc\xa5\x8f\x1ddjBzDhx\x18\xf0~7\
\x19;\xb3\xf2@T\x9f^\x80\x8c\xc5!^O\x84\xc0\
\xb4<(\xca\xe7N8\x18%\xe6cP\xa2_\x86\x0d\
\xf9\xcd\xd0wXR7\xa6\x8cs\xf1\xb9\xcd\xe1%\xbb\
BK\x97\x08og\xb8\x7fzCx\xcd\xd6\xa2S\xe7\
\x98R\xcf\xdb\xde\x08\xcdYg\xe7J>\x84r\x17\x10\
p\xa3p\x7fCc\x98\x00\x8f \xff\x98@M\xde9\
\xacltV\x1c\xe6\xc1\xa9\xc7\x00\x1b\xb1\x038b)\
R%\xe2\xbcO<\xa2U\xce\x93\xc7\x1e\xeeH\xfa\xa9\
\x93\x22\xfd,F^;\x18\xac_z\xe9\xd3g\xf9\xf6\
`$tRa\xf4\x12\xa8\x0d\x22\xb4\xcb\x86\x97\xb8\x16\
y+U\xd0\x02\x1dj\xc2\xe4\xe5V\xaa\x12Y>K\
J^\x93$\x9a\x13\xb76\xdf$N\x9f\xe2\x8a\x90D\
\xf6\xe0v(\xa5\x03B\xc7O\xe4PcMI\xc3\xc4\
\x11\x141\xfc\xd8\xa5\xd4F\x85eh\xa25l\x976\
L*\xcdDn\xba:n\xdaUJ\x82\xa6u\x98\xc7\
\x15%=\xb3&\x10\xf13:\xd0\xcbe\x9b\xa70\xd7\
\x14\xf0\xbd\xb3\x0d\x03#\xdd\xe7\xa5S\xccSR\x9c~\
\xbf\x12SE\xa1\x83\x03\xc4\xb4\x95!(H/\xa1h\
o\xe0\x0f6\x94\xbbx\x873\xd7\x94\x88Q\x98n\xb8\
\xd3\xe7W\x80Yz\xd6Y\xc8\x0b\xd3\xe1\x0a[\xc0\x8a\
F\xe0\x0d&\xf34\x8fp\xf8\x94<\xcdFx\x9e\xd4\
S\x11dw\x8e\xf0\xb9\xe4\xd9\x9d\x89\xfc\x93O\xe1\xd6\
M\x96\x14\x17W0\xa4\xf9\x03\xb3\xb8=\x99w7\x99\
):\xce\x9b\xc4r\xec5\x92\x91\xefi\x02\x7fT\x03\
@\xde\xb1`o\xd1\xfe\x11~Q\xca\x8d\x04\xb9\x1b^\
=\xb7\xb0\xe0\x98\xbdA\xa3\xd8\xa9\xae\xac\x86r\xb6\x1b\
\xc9e\xb8\xd1Z\x5cXq\xaa#\xcfv#\xe9\x0c\xb7\
\x04\x0f\xa95\xd5Q\xcev<\x11\x92j,$\xd3\x84\
g;LfP0@\xe84\x91\xeba\x9e\x0e\xf1E\
\x08\xebTu\x14^_\x83)\xb9<L\x85\xaa\x8e\x0d\
\x95\xa6\x89%\xe5e\xdcDBbM\x04\xc4\xcabb\
\xde`\x80\xa1\xd6\xa4\xa1\xdc\xe5*,j/>\x83_\
Z\x02b\x15R\xc7\x9e96\x1f-\xf3\xb0.\xbed\
\x84\x0e\x05d`\x89C\x8c(\x1f\x93\x06--\xd3Q\
.5\x98\x99\x95\xe1t\x80\xe9\xe4sN\x08*U\xeb\
\xa8*#8\x86%\xc8\xdb\xf1,\x9914\x19\xf9V\
\x91\x17A\xd1(\x96<\xa9\xacP\x98\x08\xfb\x0cx\x08\
\xc6\x15#r{\xd3\xe5N\xe1\xc8#5D\x1c`\xc5\
R.\x021\xb9<\xd8\x9aS\xb2\xe1\xacX[y\x98\
\xb0\x8b \xde\x94\xe9\xf2\x04\x03N\x85\xc0k&\x7f4\
\x96\xb7\x902\xf1aX9\xf1,\xe5\xec\xf7,\xe5\xec\
\xf7\xeax\x8d\xbc\x18\x0f\x8ea|-cd!\x0dk\
V\x86\xd7\xe3\x1c\x03\xd37F)\x98Q\x0e\x87\xef'\
b\x12\xd2W\x0d~\xc7D\xa7\xe2[V\xa6\xc6\x94W\
\xe26\xd3\xf9\xe9\x92\x9f\xa9~\xa5V\x9cX*\xd2\xdc\
\x8e\xf3\xd6\x04\xad8}.\x87\xdb\x13\xcc\x94\xb7\x22\xaa\
\x8e\xc5\xb7\xc2\x14\xc2\x92??IY\xa6OR\x96\xe9\
\x8da\xff%3\xd9\x88\xa98\xae\x1d\xe5~\x12\x1e;\
f'\xfb\xc0B\xce\xb1\x8b\xef'\x91'\x85Jo\x05\
\x12\xdd\x8b%\xf3\xf6\x1egnD\x12'\x03\xe4(&\
\x088\x98x\x02o\x01\xf3K\xd0Ip?\x17\x03\xa7\
7\xee\x05hM\xdf\x1c\x96\xcdf\x0b\xe0\xbf\x86\x8e\x1f\
.\x996\xbf\xf0\xc4\xa9\xf0\x8a\xc5\x85g6\x16m\xc8\
\x0bo\x9d+wAd\xe3\x8e\x0b]\xe9d\xa3\xd2\x87\
X\x87)^\xb4E\xc0\x88$\xb7\x0d\xf8\xcb\xc7dd\
\xe2\xb7\xb9\x0e?\x9f\x9d\xea$\xfes\xd8p9F\xc1\
\x85Y\xeb\xb3\xd9D\xb71\x80\x87\xfc\xf0Wy\x80'\
[4\xadc\xf0\xba\xe5`\xb9-.vK\xa6\x91\xc7\
\x99\xbc$\xaf\x91M\x94\xe6\x18Wj\xce\xfd\xd3\xf3\x8a\
v\x17\xc0l\x15\x9e^_\x9c\xbfI\xf1\x0e\xb5\xd2\x02\
!\xbcl'3B?-\x90\xec\xd9nG\xb2\xd3\x9d\
S\xb2qZ\xf1\xee\xe90\xff\xe1\x85\xaf+3PE\
\xa0\xe0\xe1\x18\xc0'\xe3Cc\xb6'\xc7N.\x10\x93\
\xe3`\xe9\xddZFQ%`v\x81\xc4\x13G\x84\x22\
\xdf\xd5g\xd9\x1b\xb3\x8c\xa4\x83xA\x98\xa9\x02\x11\xa9\
P!<\x9b\x036\xca\xb7yE:\x89Y-\x9b\x06\
20\xfb\x8b\x08OF\xbbcn\xe8\xbf<\x03nG\
\xaf0E\x10\xd8\xd9P8\x0b\xce\x97B\xe0\xceX\x17\
\x1d*\x08m^H\x8f\x99I\x5c\xb1\xbfb'u\x0b\
\xb8\xef\x9a\xe7\xc8\xc3:J\x97\xd7\xbc\xa2x\x85\x8d\xd8\
2\xf03\x13&>\xa2\xae\x18\xd6\xe1o\xb7y\x85\xbf\
\xe0\x861\x16\xfc\x8d\xb9s\xe0\xcaa\x9d\xb6\x0a=l\
\x80\xcf\xb5:\x18\x97@\xaa\xe246\x14\xb0\x05\xdb~\
\x03\xfa&\xc2%\xf3\xc2\x9bf\x0a\xa6I\xa1\xee\xa7\xbc\
E\x12=\xe1\x8bCZ8\x9a\x19N\xb7B\x91H\xa5\
\xd3P\xacQ,\xb0P\xf8\xa3O\xb4y\xea\x97;\xbe\
\xff]\x15\x92\xf2OQ~\xa4\xb9\x02M\xf9J+\x9f\
\xdd\xaa\xc2\xd1\xe7V1\xc2\x99\xad\x1eL\x94WZj\
\x87\x1c\xb6UZQ\xd9\xfa\x09\xdc1-\xd9vC\x8b\
\xb7\x86\xf3W\xd2\x17H2\xed\x83\xc0\xa37\xe1\xe2U\
\x85g\x16\x83b(Zw64o\x0e<\xa2\xe0x\
y\x9ae\xb5\xb2\x0d\x15\xe7\x1f\x0d\xaf]\xa2$\xa6\xc4\
$\xe2\x15\xf2\xf3i\x85\xd7\x0c5\x8d\x98m\xc6\xf1#\
0!0d(oQx\xdeR{\xb3\xa6\x91\x13\xce\
\x9e\xb6U\xe9\x1c6\x8d(6\xea+\xf6\x81\xedA\xd3\
H\xe2\xa2\x8c4\xb7\x9a\x07E\x85'\x16\x14\x9e\x98V\
xb\x9f\x1c3\x0fcJ/\x8b}\x1a\x02\xb7%\xfd\
\xee\xe9\xad\xc4\x86S\x8aBL\xc2z\xdcI\x0eF\xf1\
\xa8\x14^\x0b\x17,\x93{\x1dIN\x87W\x94\xfc\x1b\
\xc4\x86\x06\x7f\x95)\x9fR&\xbc\xecTZwKX\
mK9QM|4\x98\x89\x1fr\x85\x98\xe4a4\
qy&\xfa=\x9e\xcd\xfb\xc0\x80\x8a\xce\x15\x84\xd7\x1c\
\x13_\x97\xba\x81q=.]\x12\xda\xb094\xef`\
x\xe34\xc1\xad\xa9\x8bJ\xe6\xce-\xd90'\xb4g\
aQ\xc1\xbc\xa2\x82=E\x05\x07\x94*\xc4`5'\
\x5c\xae\x85\xca\xcb5\x92\xf3\xe3\xf3\x99~\x91#\x82n\
\xe6*?6\x90\xca\xba\x95\xa5\xf7\xe4\x89\xc3\xaa\xcfA\
\xeb\xe1\xfd\xdb\x98\x8e\x1f\x9c\x13^{\xb6h\xe7\xa9\xd0\
\xec\xbd%3\xf7\x12\xd5M\x06'\x0f\xa2\x08y\x81\x89\
3\x08\xf9a\xa1\x02?\xd4\x05a$\x0eH\xf0\xb7\x08\
p!m!/.,>s&tfU\xe8P\xae\
\xd2\x1d\x07RR\x8a\xecL\x93Pf\xe7\x8a\xca\x10T\
\xb80\x11\xae>\xed\x84\x13d\xfc\x02\xc7\x9d\xd4\x83\x1e\
\xc4\xa3\xf1*\x07\xed\xf9H$\xb4@\x82\xeed\xaaK\
\xb6\x1c)\xd9.\x9b\xb5\x0b\xa2P\xb1\x03\x0f\x98\xa4\x07\
\xb8\x98\xc2{\xff.|\x9c\xc6\xa5\x07\xb0I\xc4l=\
\x93Tq\xe8\x18\xef\x1d?\x17\x05\x9d\xc4\xdd\x5c\xabL\
\x97\x14o\xf4sq\x02\xbe\xb2\x1e\x89B\xd2\x82\x91\xdf\
a#\x0bO,\x09O\xdbS<\xf3\x0c\xc3{K\x17\
\xc1n\x0b-\xcd\x0f-\xa0\xef\xbb\x0d\x1f\xa6\xafz#\
\x7f\x82\xefKV\x9d\xa37_\xc1\x8a\xf0\xa6-\xe1y\
\xabII)\xee\xaf\xb0}B'\x8f\x91/\x15\xd4\x8d\
\x11\x17\xfa\xc7\x81\x1f!g\xec*\x99\xbb\xb8d\xe5\xba\
\xe2\xfc|\xa5\xfc\x7f\x02\xac\xbc\x82\x9bg\xe5\xe6>p\
\xc8>\x18Ch\xd1j\xf91\xccl.Z\xece\xa0\
8\x0f\xee\xd9\x04iR\x22q<\xce\x06\xcc\x12]\xac\
\x5cZj7\xcf\xe2\xb1\xa0k\xed\xd9t\xce4@\x01\
\x07\x8e\x1e\x83&\xd9PxnS\xd1\xaau\xa1\xd9\xc7\
\x0a\x0bV\x13`\xacl)\xd4\xc4\x05V\x89\xf3K\xa1\
\xbc\xaap\xa8\x05\xa1\xfc\xd3\xc5\xf3\xf6\xc9\x9dh\xa5\x94\
h\x15\xcey\x01\x18.\xcad\xf4\xa8\x0fV\xa3N\xa1\
\x10)(\xd9\xf6\xa6\x5c\x88\xf4\x14\xd4\xec\x8bP9O\
\xd0\xe6\xa9\x85\xb0\xf7\x01\x8a\x84N\xccT\xba{\x83\x8b\
\xb9\x09\xce\x983/\x85W\x1d\x04\x9d,G\xc1=\x9f\
\xa2f\xa0\xb0\xb6\xa24\xd2Y\x95!\x9f\xbf\xb2\xf0\xec\
\xc2\xd0\xd2y\xc5y\xdb\xe8ET\x0a|\x0e\xff\xd7\x8d\
y\x19\x935\x83)5\xc3\xd6\x91\x16\xbd\xcb\xe7\xfc*\
v\x85`\xb7\xc2\x93\xb4^\x82\x9f\xe5e\xab\x9f\xa6S\
\xa9X\xfc\xb11\xe5\xa7\x9e\x0f\xba\xfe\xddYh\xfe\xa0\
\xe2|T\xc4\xf5zS\xb0\xe9\xec\xc4F:\xde!\xc2\
\x95[\x16\xce_\x1c^5/\xbcy\xa3\xf4\xe5W\x04\
/\xfbD\xc5\x1e\xfc\x92{\x10\xfc\xb8\x97q\x18\x84\x0c\
\xe5rl\xc4\xb9Z<xq\xe0\xbfy\xb98?\xeb\
\x97\x17V\xfc\xe1\x05_'a\x17\x89)\xcf\xdc\xac\xe0\
\xb7\xc7\xc5\xd1\x10\x1a\xd7\x01$\x19Z\xe4\xc6\xcbP\xde\
\xe6\xe2\xf9\x87\x8bg.\x0a\xaf\x93\xc9\xaa\x8d2]$\
\xbe\x9b\x5c\x9a.$>\xd2\xeaT,F\xc4W\xb8\x92\
\xea\x8a\xe8\xe7d\x82\x8c\xbb\x81\xf5O\xf1n\xcbv\x85\
\x05\xb3\x81\xb1\x18\xa7\x12\x19\xe0\xca\xbd\xe1y\xc7Ah\
\xc3\x0f\xc5gW\x84f\xef\x0a-\x9a\x1dZ\xba8\x94\
\x7f2tje\xd1\xfaY\xf4\xbf2\xddK5B\x83\
\x08\xed\x88\xc8/\x1b/\x04)\x8a\x91\xa3x\x16\x84\x80\
 ;\xe7\xe0\xf13\x17\x80\xf2\xc9\x1c\x0e\xe6/\xe4\x00\
&\x7f\xaa\xc4\xcd8\xb4\x02\x9272\x05\xb5\x03y=\
\xc9\xf7\x8f\xed\x0f_j\xd1\x89\xe7\x9cdP\xc7r7\
\xaf\xb0\x91r\xd6\xb1\xea\x8f2\xf7\x04\xee\x08\xd7Q\x98\
\x8c'D\xb3i\xf4\xecc\x85\x00x\xb5\xf8\xdc2{\
\xb6\xdb\x95\xe9\x0a\xe4\xd8\x8b\xb7-\x0a-\xd9\x02x\x95\
C\xb0\xc5\xc7f\x87\xe6\x9e\xa2c\xec{\x0aJ\xd6\xed\
\xa4\xf1\xed\x9a=\xc5y\x07\x01\x85\x81V\x01\xd1\x0d\x7f\
\x05R\xa1\x03k\x99U<\xb0\x01t\x0b\xad\x98\xe5\xfb\
\xad\x22w\xfa\x8c\x14R\x972\x85\x01\xbaE\xa3\xbby\
\xc7\xe4\x00Kz\xb0\x870\xb3\x9f\x89P\x908\x8bC\
\xb0\xd7\x82L\xf4B|\xb6\xb1Za\xc1\x12`\xb8\xc2\
\x02\x06\x02\x86\xa7o\x0f\xed\x5c\xac\xc8Xh\x01\x13\x10\
\x15\x17\xc3\xff\xdf\xddLl\xcf\x9fV\xb97\x83\xfe\x87\
\xe7O\xe3\xb4wh\xf1\x09\x80\xb3O\xbf[@x\xf1\
\xb7;\xa6b\x17:\xb9\xec\x81\xd4;N\x11\xd8I\xff\
M\xf7jI\xbb\x07s;\xefXq\xfe\x82\xf0\xea\x03\
\xcafC\x03\x11\x96u1x4\xc8\x19/\xdc\xd9\x08\
\x01F.\xd8\x05\xe6\x08\x98\x00\xe1\xbd\xdbB\xa7s\x09\
B\x94C\xbc\xa1\xd8=<^\x04\xfe\x0b\x0aB\x0b@\
\x9f\x1d\x08\x9d\x9b\xa9\x94\xca\xeb\x14\xe5a)\x95\x1e5\
\x13_\xaer\xcdQ9\x09%\x97?CB\x19}\xc5\
F#\x11\xc5\xe9\xf9\x8c\x90(\x81w\xe1\x85\xaf+\xdd\
\xc7\x1e\xc4|\xca\xa6\xb4\x071\x17\xb3Bf0\xec2\
\xae~\xb7\x80\xf6\x99\x8d\xc5\xd3f\x87W\xe6\x87\x17M\
/<\xb5\xa8\xa8\xe0h\xd1\xd6\xe9J\x97\x90\x0bi7\
\xc0l\xc6\xc2]z\xf7\x08\xc2\xc2\x84\xe2\xfd\xd3\xf3\xc0\
\x9c\x82\xae*\xb8\xc6\x0f\xcb\xf2\x93&bn\xe5s\x94\
\xd8l\x22\xbe \x04\x99,\x1a\xf4\xa53\xd2=\x9d\x11\
2\xca9\xe5\x912\x98\x22\xe5\x22I)\x8b\xf3\x9bx\
\xe9\x9aD\x94\xb4\x1d'*\x91\x14%0FfO/\
\xce;A\x16\x88\xf6%\xac\x9fU|p&]!\x97\
\xf1y.\x02+\x86\xecc&{\x09\xff\x95\xe4,)\
\x980\xa3%\xa1\x03\x16\xe5\x91\xf1drbR\x1a'\
\x12\x9f\xcae\xf5H\x06\xa63\x1e\xdfr1Y\xb4\xa3\
[3\x80c\xe7b\x9a\xa5\xb6\xcd!\x8cE\xdbW\xb9\
\x07i\xbbk\xe7z.4\x14\x9e\xbf\x07\xd4\x07\x89\xff\
H\xbb\xeb\xe6\xf29\x94\x93\xfb\xfd\x12\xaeO\x16TF\
\xe4\x9d:DUF2n\xb3\xd8\x1b\xd6\xb8\xce\xb7`\
:O\xea(\x0blK\xb0\x22\x8a\x0a\x96\x85\xf2\xd6\xd3\
\xcb@\x96\x04\xef\x1f\x85\x89\xae\x80\xe1\x05\xd1+\x01\x86\
I\xa6\x0863n\xa1h\xe5\x9b\xe1C[\xe56\x9f\
t\xd0\xa2([\x84\xfbuK?\x01\xe1\xc0\xd33Q\
\xb0E\x9b\x90n\x94l;\xc6{i\xb6\xe6\xd2\x82n\
\xe1YZ\x1b\xaf\x9f\x15-,\xa7g\xcf.\x09,-\
\xac\xd1\x95\xd2\xf2\xd9CN\x91\xca\xf8\x99\xc9\xab\x85g\
\x16\x17\x9d\xc9\x8bv80\x9a\x9f\x87\xc1\x13J~\x9e\
\x8a\x02\x12Y\xcc\xe6s\x8a\x00?~\xb9d;\xbd\xb0\
JN\xaa\x00s\xdf\x82\x03\xfb`\xc6\x8b$\xf3\xb9M\
 \xe2B+w\x96\xccY\xae|7M\x1a\xe6E^\
\xf4H\x17\xc2F\xae\xd2\x0a\xe5.\x00-\x05\xdb\x5cJ\
%\x0b\xc4Z\x06W\xb1F\xbc\xd0\xc2\xc3d\xe2<\xaf\
4\xd1\x11$I\xe9KI\x82\xa6hJ\x05\x1b\xb9Q\
\xe1\xb9\xbc\xf0\xca\x93\xe1y\xfbB\x1b\xce\xde\x9e6\x9d\
\xccn\xd1\x81\xf9%\x05k\x8b\xf3vF[5a>\
\xfe\x00\x85\x14\x04\x0bq\xb40\xd7\xd2\xfc\xdbl~3\
y;\xb4\xf3P\xf1\xd1]\xf2\xcce\xfee\xe1\xe8\xed\
\x18>\xb3%9X\x81&\xcc\xafI\xc2\xf2\x82. \
\xf2\xbc\xe843\xaf\x85\x1a2\x0d\x1f\xca\x0d\x9d\x5cU\
\xb2jchf.h$\x9c\x80\x93\x94\xe1J\x0b<\
ON0+(\xa7\xb1\x82^\xb1s\x9f\xa2p\x0f\xbc\
\x14\xa0\xb3\xe7o\x9eS8\xfa$\x92\x80\xfc\xaa1}\
\xa4\xf5\xc7\x91\x925\x07\x88(\x0b-\xd8\x02\xa2L\x22\
\xbb\xe4\xac\xc6w\x92\xb5o\x94\xfdt\xec\x10x\xbf\x93\
\xb0\xbce\xba(\x07\x98\xb8W\xb2\xb0\x855\x85\x91Y\
R\x17r\x07\xa6\xd3D\xecb\xd8G\xc4.h9b\
u\x80\xfc-\xd9\xb4\xbd\xf0\xc4\x12:\xe8\x87\x1d\xcc\xb4\
\x88R\x04\x88\xd5\x05\xc3\x88\x222\xd8&\x95DF[\
\x85\x93\x1b\xe2\xd2\xf6\xf6RJ\xe9\xd7aJ\xd6\x0b\xaa\
\xd9C\x87\xedQ\x0b\xecwSh5%\xca\xad\xd7\xd1\
\x86WK\xdc\xfe\x06\xd2>\xe1\x5ce\x83\xa9\x9c\xa8u\
\xf1h\xcc\xd1\x0a\xf0\xd7\x14\xbc\x18\xed\xe0\x8aY\xe8r\
\x95_\x1e#?k\xc2\xa6\xdf\xa4r\x09q\xac3\x85\
\xd5\x8c~\x1c\xd7!\xd63_A\x9b\x80T6i\xc1\
\xcf\xd9\xe0\x93\xf03\xc2,\xf2\x14\xa6L\x97\x07\xbf!\
8o)\xec*\xd8\xb3\xe15\xc7h\x87(1\x06\x0a\
\x16\x87r\xd7\x14mXV\xb4i\x07\xb9\xa0\x00Db\
\xe8\xec\xec\xf0\x89\xd9EK\xe7\x90\xd8[4\x96\x94\x89\
!\xd9\x04a\xc1\xa2tu\xb8\xc0I\xc3+^\xe2\xfe\
\x90\x9fj\x92\xfat\x94\xf2x\xb0A\xccW\x9d\x22\xa4\
8c \xa2IXQF\x1c\x93\x12\x0d\x84&\xa4\xf8\
\xb2\xbd\xb4\x9eI\xc9\x10\xf3P\x1e\xd9\xfa?sZ\x89\
6\xd1\xbfr-\xa12\x8c\xb6\xf6\xb1\xa0\x9f\xf7T\x84\
f\xcf\x06\xd0\x07\x08K^\xfeF\x0c\xcc\xa5\x00\x9c?\
\xf2@\x8fK~\xe2S\xa8\xcb\xf9\xda0\xc2\xd0\x01\xbf\
\xc4\xedB\xb3\xe7\x09\xb3~h_\xe1\x9c\xc5\x04\x87\x93\
\x11q';i\xeb\xe2\xdc\xc6\xa2\xbd\x0b\x95\xf19}\
qn4\xa3[K,n%<%N`\x12V\x9e\
\xa2_RX\xebF\x92\x97\x9a2\xb3\xe4\x8fB\xaa\x1c\
!eoj\x87\x1f\x0aO,V \xab\x05\x03T\xd6\
\xfaL\x855\xed\xca\x8cS\xbaa\xcc\xe4\x05eV\xa8\
\xc0\xbd\xe6f\xce\xe5\xb8\xe5\xaf\x82\xe8(:\xb5\xe7\xbf\
{\xf5\xd4\x9e\xd0\xbc7\xe4c\x1aD\xfb\xb4\xf9\xeb{\
\x01\x05\xc8=\x1d]\x19s) \x1c\xfb\x91\xc2SK\
J\xdf\xe9\xf4\xc5\xb6\xdd\xf9,0\x022\xec\x03{u\
\x97C\x7f\xe9\xab\xb4{\xbc\x09]\x93\x80Ove^\
\x1f\xe1\xea\xe5\x92\xbf\xdf]\x00\x90\x94\xc1\x8e\x99\xbc\xaf\
\x0cg\xea*H)\x0f\x93\xb9#\xdf\x19\x0c\xa9\xd0\x02\
0\xcd\x0a\xe4\x87,\x84}\xe1\x01\x1ckJ\xba\xc5\xa6\
\x05s\x83\xabS\xc1\xd8\xa9\xc64\x03\xf0,wu\xf8\
\xd8\xbc\xd0\xbc\x0d\xa1\x82S\xca\xb6GmI\xabY\x8c\
\xfep`A\x95.*GR\x8e\xa1\x8bY\xb1(o\
\x1b\xa8\x22y\xa1:!\xb9HH3\xd2TW\x96\xc3\
I\xe5i\xaf/\x9bv\xe1\x99Q\xbb\xac>\x093\xf1\
\xe1U\x07\xc3\x8b\xf3\xe4k(\xec3\x7f\x80&\xea$\
\x10G\xad\xf2$\x88\xe7\x94E\xb9\xcaCf\xc9a\x94\
\xa9<\xd8\xda\xb2\xc1vc\xf2s\x02\xb23\xe2\xcc@\
\x8bWl*\x9a\xbfN\xeeh\x1b\xca\xe5\xa4\x90\xd4\xd1\
(\xf7\xb6J{\xc88\xf10\xb8{\x9a\x9a\xebZ\x12\
\xd4\x95\xe7\xf6\x0c\x12D\x8f\x15\x8f$\x92\x17I\xb0M\
\x9em>\x80\xd1@B\x7f\x8764g\xb6\x82c\xa0\
\xae\xf0a\xfe\x96\xe9\x08I\xf1fBD\xf9\xd6\xe9\xea\
\xf8\xc2Urr\xd6\x8d\xdd~J\x07vh\x12\xe1\xad\
'\x8a\xe6\xcf\x0bo\xdc/\x17s\xc2C3\x5c\x92\x95\
@y\xcfYGC\x80i\xa7\xe5\x81L\xa5\xe36\xec\
}\xbc\xc2+\x7f\xa5\xc9\xdd\xa2B\x0d\x02\xf9\x80[\x0a\
/\x9a\x1b\xca[/\xcc\xf1V\xb0\xb2\x1b\x88\xda\x8eR\
\x06B\xc0/\x98\xba\xb0t\x83\x5cJ<\xcd=\xb3\x0e\
&]Cz\xd0\xa2bh\xee\xa9\x92\x95\xeb\xe8\xe0\x0f\
N\xb4\x88`\xe1\xd7gR\x7f\x02\xcc\xf1W\xf6\xd8\xa4\
\x8b\x89\x8b\xc9\xaa\xf4\x84\xe6\xcd\x0d/\x06\xf3\xefTh\
\xde\x9a\xe2m{\x8b\xf7\xcc\x09m8\xfbtT]L\
\x96VT\xaa\x1b\xce\x86\xb7\xceU\xa6\x1a\xabH5\x9b\
Yk\x92\x83a\xe7\x7f\x13L\x05\xa6\x1e\x9aw0;\
\x90\xe1\xcct\xe6\xd0\xb9\x08\xdb\xd7*\x1dLW\x22\xaf\
\x94\xbd\xcd\x93\xbc5m#\x93\xc9}k\xda&\xa5j\
9J\xb3\xcbT\x19an\x88\xe6k\xdc\xb1aw\xe9\
\xae{\x86k.\xbcw\x1f\x1d=Y}2\xb4t\x99\
<\x8dR\xa956D\xe0\xe3l\xae\xa7m\xab\xe8\x8d\
\xd5\x11\xdb\xea!iKZ\xf0\x97_kVG\xcbx\
Jx\xc99\xd3&^|\xda5\x1d\x85\xb7F\xe2\xe3\
\xda\xb4/\xdf-(*\x1d\xe9@\xbe\x10\x98\xf2u\xe0\
yO-qK3}\xe33)H\x7f\xc2\x07v\x92\
\x9e\xd0V\x06\x86z\xe1M3K\xd6-U\x8e\xd0\xd4\
\x94L\xc9x\xf1\xe5\xd3\xbc\x9f\x91\x10g\x02\x06GV\
\xc9Qn\x7fn\xaa\xc4H\xda\x0c\xbd\xa1\x03\xba\x8a\xe0\
8V\xf0\x9a\x8f+\xc8\xe7\x17D\xfe\x95\xf3\xd6\xca1\
Ds\x17\xc32\x93\x0469\x0a\xe6I+\xe4\xe5\x11\
\x02\xcayy\x0d\x04\xafF-~#\xed\x8f\xb0\x8aM\
4\xa2Qk\xee\xc8\x88F\x11\xb7u\x05D\xe9\xd7\xd9\
\xfaP\xa4\x9a[\x06\x0e\xac\xf9\x85\x8bH\x13\x8c\xb8\x88\
f@7,\xee\x14\xba\x080\xc8\x94C\x0e\xc1\xc3\x22\
\xc6d\xa1\xa6\x92\xb7\xfc\x19B\x8cfR\x8c5\x95\xa1\
kU\x09mE\xbf{4\xeck\xc6'F\x98th\
\xe1H\xb6\x96\xac\xdb)Oq\x12<,\xf3B\x89\x5c\
\x8e\xffU\x90\xfa9\xd2\xac0NM\x02r\xb43r\
\xe51\x9cA\xa8\xe4\x89\x8cT\x08WK\xea\x0eH\x1f\
\x9f,~\x1c\xbaC\x8e\x16\x06\xb9\x0c\x8f\x04\xe6\xf2c\
\xf1=\xc3b\xd5\x1c\xc9s(Nr\xe5\xab\xef\x09\xe3\
\x90\xadI\xc7\xf0\xc1\x8a\xe5%k\xb7\xd0\xee\x81\x83s\
B\x1b\xf7\xb2\xb0\x7f+\x9dM\x8b]\x5c\xa0\xe2\x89\xdb\
@!\x02\xd6G6\x10>\xf7B\xe8\xad\x080\xe0\x8f\
\x17\x9flu\xf2\x14\x89u\xd6\x84\xe9\x18f9\x22\x1d\
\xc1\x84*\x99\xbb\x98\x8e\x87n\xdcW\x9c_\x00\xe6\x14\
\xbd X\x96\xcbe\xa4\xb4?\xca\xebl&\xadDJ\
s\x1c\xca\x99Hlq\xf5tN\xab\x09\x89`\xe3(\
4oN\xd1\xa1\x02y\xe0\xac?Y\x06\x01/\xe0I\
U\xbe\xf1^XDB\xbay\xf0k\xca\x9bg\x8e\xcc\
\xc9\xe2\x17\xe4\xba\xf0\x8aZX\xc2\x86\xf5\x96\xb1'\x8f\
\xfd\x02\xad\xc2\xae\x0b\xb9\xb1\xdb/(\xed\x13-&+\
(\xa2F\x82\x8a\xf4Y\xbf\xf9'K\xe6\xe6\x0aC\x8b\
\xb4\x87\xff\xc4bF\x13\x03\xdf\xcd_\x11:=\xad\x94\
@E\x06\x13\xea\xe7\x13\xef\xf9\x9bh\xf9;\x92\xa5)\
T\xf2\xdd.?\xfeKR\x8fS\x98\xcd\x13+\xe0?\
<\x02`\xfa\x92\xe9si\x90\xb2\xe1\x04\xf0b\xe8\xf4\
\x8c\xd0\x89\x13\x85\x05\x8bI\xa2>q\x8f+\xec\x87Q\
JN\xaf\xa8\x05\xf7\xfc\xdc\xaa\xc9\x8b\xd3E:z\xd9\
\x88\xf4\x11\xa4Tx\xe3|r\xea\x92\x99\xc43\x1bK\
9f\x19\xe9\xe6+-qzJ\x1f\x9f!\xae\x9e\x13\
\xedJ\x13\x9c\x96\x16\xf9>\x8f\xc8\x99N|\xe9\x17\xbe\
\x1c\x0cOI(\xb2p\x17\xc3[O\x87N\xe7\x86\xd7\
l\x0d\xaf\x9aG\xbc\xf2\x8c\x92\xdc8\x1f\xbea|\xb7\
 \xb2\x16\xcd\xb7\xf7\xf4(\x14\xa1\xed/\xbb\xcb\x8b\xed\
J{\xc6\x0d\xc7\x86\x90\x93\x19$=^\xe4\x9au\x0b\
\xb2\x02\x05\xd9M\xa4a:\xef|\xd5\xba\xa2\xd7O\x09\
\x8fF(\xab\x8cT\xb0\x13S\xd18\xeeb\x8b\x80\xe0\
\xd2Mr\x97,9|\x96\xc9\x94t r\x88\xcee\
l\xcf$\x9c\xda\x99z\x93|\x96 [e\x90d\xd7\
\x0b=\xec\xddB\x8b\x8f\x84\xd7\x1c+>83\xbc\xea\
h\xf8\xc0\x0e@S\xa1\x9d{B\x07\xe9c*\xe1%\
{\x8b\x17/\xb5\xc7\xc5\xd9\xb3\x02\xe4h$\xcdV\x07\
\xd6\x84r\x8f\x93\xa87>\xdb\xb0V\x9e.&\x1e\x00\
9\x81\xee\xc5&\xb1Ct\x82\xe4_\x0cN\x00\x91\x05\
\x1d\xa6\xe3.yg\xc8<\xd2=\x87\xbe\xe1\xce\xcb#\
[\xb2\xb4<\x01\x87\xe3|8\xe5\xd2;\xd2L\xbe\xa7\
\x09\xa1`r\xa5\x87P\xaa*6 \x0d\xa3\x10b\x8a\
\x04\xea>M\x0f\xa5\xa4\x94C)f\x5c\xe3\x84$.\
\x0b\x9dDKf\x84V\xcd\x91\x8b\x8a>\x8c\x0e\x10\xfb\
y\xcc\xa1%sB\xb9\x87I\x9e\xa7\xf4\xa5\xe5\xf8\xa8\
M\x90q\x925\xc1q7\xfeT\x96R\xe6\x0a/\x08\
\xbc\xcc\xf52\xfc\xaes0\xd0\x92\xb55\xfd\x92\xbc&\
ad\xcf'\x02\xb6\x02\xc1)\x08\x89\xe4.\x0a\xcd-\
`|hK\x17\x17\xed\xa1\xd3\x94`\xb3\x16\xad;\x13\
\xda9\x8b\xac#\x9d\xfe\x80\xfd\xb5\xd1\xa4\xe8\xf6(\xa3\
\x8cT\xb1\xb6\xb4\xbe\xd3*\xb8=\x97\x17M~\xf7\xe3\
\xf9\x082\x97wz\x04\xd5}\xf9\xdaP\xf2\xb6\xc4e\
<\x07\x0aG\x0d(\x8e\x0c\x936\x82e\xc3\xa47\x7f\
\xee\x91\xc2\xb3{@x\x96,\xcf#\x1a\xba8\x7f\x17\
\x9b:\xa8T\xdf\xb3\xb2\xe0F2\x12\xafan%\x13\
\xf0K\xee\xa2\xf0\xa2\xb9E\xa7_\x0f\xafT0\x1f\x86\
HlI\x1f\x0e6\x89q\x16\xb1\x1d\xf7\xcc\x0a\xcd[\
'o_J\x801\x03e\xaf+\x9azf\xac\xb0=\
\x92\x02\xf5\x06x\x12\x8c\xcd\xc2S\xa7\x94\x930\xd9\x14\
\x1f\x16<ea. i\xc5\xe9\x0c<\x09\x8a\xee\x0f\
\xa9\x0c\x14K\x80\xb5\x96.#\xa7\x1fC\x0b\xf6\x86\xe7\
/\x0c-8\xa7T@;R\x03l\x85\xbe\xa7id\
a\xb4FZFi\xc4\xc7]\xed\x5cz3\xc0-\xff\
\xedX\xdc\xcc\x15>O\xd1\xc8\xf1\xdd\xd1\x1a\xa9.h\
\x84T+\xa6\xb1t\x0a\xb9zR\xc8\x04\x98\xdc\xc9s\
\xe1\xe5\x07\xa2\x91\x90\x95\x8b\x14\xd8\xf8\x98\x04\xbd7V\
\xe6);\xc6\x1bE#\xc4\xd5)\xa0yMP\xa8A\
N\x96.K\x90\xea\xccQ\xaeM\xee\x11\x16v\x92\x8e\
\x0f\x94\xa3\x82\xd3\xbb\xae\xe0E\xbf\xe0$\xa6\xf2\xcc\xb3\
\xe3\x8c2\xe7eD=q\x884\x19~\x99\x9c|U\
\xae.\xee\x11]\xa6\x22\x8d\xd4K\x9d\xe7\x91\x97\xb4&\
i\x8a\xa0?:\xe5\x86\xf5\xa1+/2\xed1\xe1\xa2\
x\x02\xdd\x87\xa5\xa0R\x04M\x18\xf2\xe3SP\xb2\x15\
p:S\x0dD\xe0n\xc4DI\x16\x89=\x9b\xab\x11\
MW\xfe\x90\xcb\xaf\x1e\xa5\xc4\xb7\xcdL\xfcP1`\
>\x15G\xb9x\xfd'4\xf4\xe4\xbeIb,\xb1\xa1\
56\xa7\xeb\x7fj\xf4\xb5\x93k\x12b\xa0p9]\
Ok\xee%\xcb\xa6\x9dO\xec\x15cv\xe2/!N\
\x05\xb9A+\xad:\xac\x94\x99\x18\xc7\xf4z\xe3\xfe\xf0\
\xfem\x80\xdeI\xc8)\xbceWq\xfevb\xaaB\
\x1f\xc9\x01\x82\x08\xb1\x8d\xca\x92\xder}\x92.]\xf1\
\x92\xe3\xf0\x83\xf4\xf5q\x92\x13/\x01&\x7fT\x18\xfd\
\x94\x0eM\x9cb'M\xd6\x16&\x1c\xd9\x99\xc3\xf1X\
g\x08\xfc[\xb9\xfbHR\x18q\xa7\x92\x81\x12c\x85\
d#\x15\xed\x03\xdc\xbfC.!\xb9[\xa4\x04\x80\x86\
\x99f\xa1\xda\xccW>r1RV\xe4]\xc8\xa8R\
{\xf8\xbfKtnD\xb7\xbe1b\xa2s4<\xb7\
H\xd2\xbdL&\xd9\xd6\xc5\x14j\x90v1\x16_\x82\
 \xce\x12\x94\xec\x0e\x85\x9cI\x17s\xdaMz\xc2L\
B[\xb8\xaf\xf2C;\xd7C\xdfoO\x9b!\xc9/\
d\xce\x9a`o\x04\x93\xc9\xbed\x0b\x19\xb4\xe2\xa1f\
\xf9%`\xf4b)'\xfc(\xdcD\xc4\xf8\xa93e\
\xa6\x00>\xf2\xae\x1c\xf8\xad\xadH\x86\xb5'\xc4\xee\x07\
\x96\xd0\x81\xb5\xa1\x19{\x95\xb2\x84y\xa5\xc5\xe1\x13\xa1\
\x0c?\xa2P@\xa0\x9c\xa4\x84o\x13A\xb1?\x139\
\xbez\xff\xf4\xfa&M\x94\xdd\x7f\xc2\xd2\xbf\xfcyT\
a\xe1\xdf\xb2\x1c\x8d\xec\x00]\x02X^\xf9\xb7\x13\xc3\
$\xf2\xf8\xaa\xfcX~\xb4|\xca\xf2\xe4\xbc;Y\xfc\
\x08\xc2h\x1as\x0c\xdd\x85\x01\x069\xb9\xeaf\x8e>\
\xfa$>\xd1\x14\xd1\xf1\x19e\xbd\x1b}O*\x9cZ\
\x15x\xd0\x96.\xa1\xab~\xe5\xad\x0fo\xdc\xc2\xb9\x99\
\xc9a\x17\xa1\x9aVv\xbe\x1eC\xdd\x14N\xc4\xb2\xc7\
\x15\xbd\x18\xab\xa4H\x8ea\x12\x95\xc5\xda\xc5\xe2\xe4R\
z\xab\xbe\x88\xdfc\xd3x\x08-\xde\x80\x12\x1a\x8d\xac\
\xdbWX\xbe@\x988j\x17T\xd0\x17Vq\xe17\
m\x0a\x19}\xf1\x9b\xb3\xc2\xa7\x96\xd2\x19\xa4 \x91\xa6\
M\x0b\xcd=\x05\xdb\x92\xf3\xa7\xd3G\x9b\xe6.\xa6\x8b\
\x81`\xadH\x87X\xb0+\x99\xd7;;\xf1\x91W\xbc\
\xe7I\xe6\x07\xcc\x1c\xc9\x8cV\xd8\xde}\xb1\x97N\xe8\
\x1d\xe8\x0a\xdc\xd0OR\x86S\x1e\xb0\x8c\x16\x09\xb1\x03\
\xf2\x16\x1d\xd7\xcb\x9b_\xbcc\xb6\xbdkb?\xbbr\
$NM\xdfc&\xc8F[\xba[97\x96=\xcf\
\xd7\x95\xab\x8f/\xbe\xef\xd0\xc6\xe8\xdc\xaet\xcd{\x85\
{\x0f\xe9`\xa1\x83\xb9\xf84C\xc1\x93\x82\xdfV\xf6\
\xa4\x8c|\xaa{\x14H\x89\x8b,A\x11\x1a>\x0d,\
CPZ\x83\x88\xef)x\x0f\x0b\x1d\x81\xb8\x03\xdc\x89\
\xa2\xf0\xd6\xe3t.\xfb\x86\xb3t c\xde\x9c\xf0\xe6\
\xa5J\x97s\xf1\xbd\x8a\x8c\x8bE\xd3\xc5\xb9\x10\x12\x98\
\xe7<\xa2\x94t\xdc\x07\x012f\xe6\xd2\x0ef\xbf=\
\xc1\x13pz\x02\xf2\xb9\x19\x22\xbeL\x83\xf3y\xb1\xe0\
\x92\xbd\xacF\x1c\x84R>6\xc0C0\xa1BkA\
\xfa\xc5\xd6\xf0XB\xbbo\xb1L\xe3\x12\xaf\x18\xb7)\
\xad\xe8\xd6\x95\xccU\x8a8\x99\xb1oX\x9e\x1b\xbd4\
_13\xb3\xa7\xa8d\xb24\xa5\x11\xbf\xa4\x9c\xd2(\
~\x91>\x1a\x9b\x88\x9a\xd2\xc5m\x05G[\xc8\xebC\
\xbb'6MH\x94\x83C1\x05\xa5\x94H\xf2\xbeR\
Jdm\xc9\xdb\xd1\xf3\x191\x1d\xe5|\xc6\x06\x12B\
O\xe3\xd8$\xe4JulV\x90\xf5Q\xba\x11#f\
\x86\xd7\x8c\xde+)\x11egf]\x09\x91\xd2\x92\x0f\
\x09)\xc5\xe4C\xbb\x84T\xb4\xd4>LF9\xb5\xef\
\x05\x09\x99\xff\x8b<u\xd2\xfc\xd3\xe7\xa9\xf7\x88\xd0'\
i\xcb\x91R\x12h\x09\xd3C`\xd9\x0a\xda\xa7\x8d9\
6?\xc1\x9e\xd0C\xce\x1f#\xc8!:\xeeD\xa0\xf0\
\xc0\xb5\x81\x1c\xa5+Y9]\x9ef\xd4\x1b\xe3\xc3,\
\xac\x97S\xb8\xe0\x06\xe3\xa4\x13\xc4\x8e\xa3%\x12\x96\x03\
\x91\x1b:\xb3=|\xe2px\xcb\x0a\xe5tBzh\
l\x16Q0ju'\x1b\x939\xc4\xc6\x9f\x95|\x0b\
\xf2\xcb\x8c\xb4D\xeaK\x1f\xde)|X\x80b\xc4W\
\xaa\xb0\x9b\xb34I\xcb\x16R\x8a\x15\xdc^(\x94\xe1\
B\x83_\x99\x02\x1b>\x12\x9a3\xc2\x032Dum\
d\xc46\xc9\xf6\xa3\xd3\xfeVn\x010s\xff\xf4\x06\
F\x84o\xdcR\xb2\xe6(mSl\xd9U\xb4\x91\xa9\
\x11\xa1 \xbf\xc7\x09\xaeo*\xedF\xdaT\xae\xbc\x86\
[\x01\x83\xf2>\x19\x87L7\x8a\x8b;\xb7\x86\xde\x0b\
\xcf\xf7\x93\x1e\x93\x00\x06|C\x94\x8e\x10\xec\x14\xe7\xef\
\x0e\xcf\x9c-\xed\xbaO0\xc1\xa5_\xa6\xab\xc0\x9c\xff\
\x87C \x93.L[Qd\xf9\x1e\x82\xd9\x0f\x08n\
%\xc9\xc2q;\x97$:.\x8e\xa9\xcb\x93\x92k\xd2\
\xe8\x14\xe7\x22\xd3Nm<\x8b\xc5{v\x87\x97\x9dP\
>+\xda\x09\x0d\xe2@wR\x84\xe3\xaa\xd2\xcc9e\
'\x06\x9b\xa6Rx\xa2\x80\xf8+\x18\x1c\x8d\x0f\xb0\x92\
\xfa\x22\x0a\xc5\xa0\x12\x05\xedG\x12\x83\xc3\x00\x06\xf5\xff\
\xd7`\xb9\x1e\xf4H\x923\xc4\x04O8\x086lH\
\x7f\xa5\xd2H\x1eQ6\x0fk\x86\xb0\xc1\xd2\x7f\xd7\x8b\
\xba\xf2^\x90\xf6\x01L\x85\xf3\xdeT\xf6\x0d\x0f\x91\xe8\
\x07yy\x83\xae\xc05\xdd\x14\xf8A\x9e\xf8,\x8d\xbc\
<Kw\x08\xe77\x93l;F\x05\xe3\x1a\x06v\xe8\
\x83\x5c\x7f\xca\x17\x88\xb4\xde\x1f\xf7\x90\xbd\xd5b\x1c\xe7\
\xa8\xc9 e\xc08\xc6\x99\xc2X\x88\xe2\x0b\x22}\x82\
s\xbd\xd0\xa37s\x8b\xf7\xcc\x0b\xad\xdbK\xef\x1b\xbc\
Jv\xd2\x07{\xc9\xb6\x93E\x1b\xf2\x94+\x89\x99\x99\
RB8\x87C \xe2q\xf6\x85\xdc\xd2\x91V$\xf6\
*\xbc\x5c\x8e)\x98\x1d\xa5\x08qe\x01\xee\x17\x0a\x0c\
!\xfa\xa3\x0d\xcc\x95D6\xc8\x0dC~B\xd9\x1b-\
}Liy\x07s\x03\x8bGr}\xb3pz\x95.\
o\xae\x89}l\xf4D\xc1\xff\x83\xf4!SH.0\
\x04\x91$Gi}\xb8\xfb\x02\xd8\x82\xff\xa4\xd9\x00s\
pSXi\xcf\x16\xda:'t\xee\x8d\xa2\xd9{@\
\x99\x94\xac_)\xa5\x96&\xcb1\x11J\xae\x89\x1c'\
\x90\x94-\x9c?\x02\xdf\xb4A\xcd\x19^\x09\xe2(!\
\xab\xf3Z\xa2\x16\xf0\x97f\x8c\xe7\x94\xab\xb6/\xca\x06\
\xc2W\x04\xd1\x09\x13\xab\x8e\xe2\x12o\x1b\xda4\xb7\x87\
\x0e\xe6\xe2B\x82\xa7\xec-[4of\x07\xb3\xaed\
\xf9\x16\x05]\xd7\x05\xfb\xf6S0\xa0\x10\x97V\x93\xdc\
E\x83\xcf\xa7\xf37\xb90\xb5\x8f\x04\xe7\xd1+\x87v\
\x1c\x0c\xaf]B\xd2\x83qm\x14\x1a\x89(\x1c?\xb7\
r\xee\x13I\xd1UR\xd9H\x1e\xb0\x12=\xfe\x94\x06\
\x02&U\xba\x81`/\x8d\xb8\x80\x89I\xdd%E\x9c\
_\x95#\xc3\xd6m\x923%C\x80p\xa4\x94\xc0Z\
\xec\xdd%\xf7\x1c\xb1i\xaa\xc4\x157\x89q\xbe\xfbE\
\xe0\xdc\x8f=\x9d.\x06.\x91\x05\x8aeJ\x17\x8a\xd3\
\xe4\x84\xa6\xb2\x8fs\x1eL\xe4._\xf1*\xa6\x9e\xc5\
2\xef\xf1l\xd6;\xb4s}\xe1\x89}\xb4\xa7ge\
^\xe8\xc0\x1a\x9c\xfa8'\x94{\x9cf\xad\xf5+\xe9\
bZ\xb0\xbfN\xb0\x07\x94H\x09\x8cy\x07\xed\xdc\xa5\
\x15\xb1no\xba\x02\x03\xbe\xab0r1Na\xaeb\
x\xca\x19\x10\xde2\xcc\x8e8\x05\xbb\xd2\x5c\xa21\xf3\
'\xe9\x85\x17~\x8a\x0bW<m\x85P~\x96\xfa\x91\
Yb \xda\xf1\xfc\xd0\xd9Y\xf2\x89\x92\xa0TRe\
\x8a\xce\xe3\xc3\xa8\x800\x88\xc2L\x9dU\x98)\x22\x0d\
\xd9k\x85\x9cO9G|\x967\x1f\x96a\x8bf\x8a\
)\x12\xf7\x9c\x8fy\x9a\x9f\x0f\x92N\xe1f\xea\xc2z\
\x98\xea\x0c\xff\xaf\xb7o{\x8e\xf2\xb8\xf6U\xce\xd9E\
\xd9\x94\x8e\xed\xad\x8d9\x04\x085&\x14`J`%\
qy'\xe0rl\x8co1&\x18L\x92\xed\xf2\xf6\
\xf6 \x0d\xa0X\xd2(3#\x1cLH\x89\x8b@\x80\
n\x10q1\x08\x83\x087c\x10\xc2\xc6\xba\x02z\xd9\
\x7f\xc2y<O\x89fF\xf3\xe4\xd7\xf3x\xbe\xee\xb5\
\xba{u\xf7\xeaoF\xd8I\xed\xaa]\x8e\x98\xaf{\
}\xfd\xf5e\xf5Z\xbf\xf5\xfb\x81\x1b\xdf\xc0\xdae\xc6\
\xe8]\x1c\xa3\xa9\xf3\xc5\x1b\xc7\x99i$\xae\x8c_\xe6\
o\xf7\xc1\x0fd\xb5\xbb\x00\xfe\x0a\xb2M\xf8K\xffC\
q*\xdd\xba5=\xd6\x1e\xed\xf2l\x00\xe6u\x86\xa9\
c\x0e\xcf\xd11\x0f)\xf3\xd3\xc8\xfc.\xeet\xb4b\
\xec\xf6\x99\xe9\x07\x7f\xf1\x17\xfc{\x84\x002\x940\x90\
\xa9\x82B\xfbd\xe9\x08\xc3\x03\xf3V\x19\xb8\x95\x0cf\
\x86J\xde7\xea\xa3d\xa34\x5cb\x80I\xd8g\xe8\
\xf3h\xdc\x12\x1b\xd3;\xeb\x939\x1fj\xcf>-\xd3\
\x0fa\x19\x9e\x05V\x9b\x89\xd5A\x15\x9e:\xaf\x0a\xd1\
\x10\x1c\xd8 \xf06\xc7\xf3yZ\xc4\x09<.E\x9f\
\x0e\x83\xad\xf7\x9fE?\x8b\x9c~\x8a\xd7\xf6\x07\xc3@\
o\xea\x98\xa3\xf2\x0c\xa0\xda\x82\xa3\x1dvO%^\xab\
\xe2GQ\xefp\x8a\x80`\x05\xa6L\x84\x8cPvO\
\x96\x8b%\xfe\xd1\xf3Z\xe7\x00q\xa1?/l\xd6E\
\x17\x01Z\x0d\x8f\x85\x18\xb07\xc5p\xdd\xce\xe1Yn\
\x7f\xead%)\x170\x85zsX\xb7\x1fE\x8bZ\
1\xfdF\x1bf\x19T\xf0\x87\x848\x89\xaf*\x80D\
\x92\xcf\x22iN@\x93\xbe\xf6t\xd3\xc9-v\xf80\
\xa5\x82\x148]\x9b\xe2\x05\xb9\x86\xc6&\xe0\xb6\xc2\xa7\
\x1a^$\xe6\x06\xfd\x15k\x888`\xfd2\xc1`.\
\xe7\x0a-6\xd0\x06\xf0\x80\xfb\x0fe&u\xbb\x16\x9e\
+s7\xd3\xeeh\xba\xcc\xd5\xa9\xd9!\xd63\xc6!\
\xdb\xf7\x91n\x11<\xef\x1c\x86\xfb\x14\xd0\x1b\xfa*5\
\xaf\xc4\xf1\xb8[\x05%\xdb\xd1\x94]\x0e\x1b\xfb\xa2Y\
\xf0\xbao\x88\x8e\x02Zh\x05c\xad\xd8\xbf\x9a\xac\x92\
\xac\xf2\xaasKD\xcf\xd1'\x1f\xb0j\xb3\xa2W\xe6\
\x13\x85\xbfb;w\xbd\x1b\xbe{\x95\xbe\x03\x87?c\
\x99\x00\xbd9&\x14\xfb\xbf\x999t\x82\xaf~\xa1\x08\
\x0e\x1f\x87\xa1v+J\xe6\xe3!=,\x03\x10\x87\xd1\
?Y\xbap\x19\xb0\x1a\xe2\xb3\xb3\x0b\xe1y\x91s\x93\
M\xf9\x89v\x8e\x5c\xc4N\xd4F\x9f\xfa\x5ca\xe0f\
\xf4\x86\xc5\x9ea\x8d\x06\xe0G\xfb}\xec)\xd8*j\
0\xf8\xba\xb1\xf6\x17\x81m=\xc3\x16K\xad\xa0\xf6h\
\xd6\x12\x01\xf0\x97\xb9cY\xb7\xc9US-\x0f\xd8\x16\
\xbam\xd4@?q\x9aH\x1c`bN~\xf8nq\
\xf2\xa6\xffST\x93'\x9c\xe0\x8f\xe7\x87'\xf2w\xc6\
\x18B\xf0j\x1a\xf9\x22M\xb3\x15\xfd\x8b\xad0\x19\xbc\
`\x0b\xdev)\x08\x03\xb8\x9e\xee\x1c\xceO\x5c\xf3c\
L[\xe3y\xa4\xf4eX,\xd8\x0c\x01\xf9X\x01a\
\xe2\xa9\x10b)\xa1@\xa20)\xfe\xe5ok<'\
\x9bk?O\x86\xb4C\xf3$\x96\xa3x\xab\xd5\xb7\xba\
\xac\xa3S\xae!\x8e$\xac\xa981[\x1d\xbf\xf2g\
\xd4\x98\xbf+Xf\xfed\x17\x00!E\xe4\xb1\xafK\
\xfa\xc6\x22\x17\xcf\xe3g\x1a\xca\xbd\xba\xb4\xd5^\x17\xe5\
,7\x0a$\x19\x07\xdf\xbd\xca\xb1\x187l\x80\x93\x8e\
\xf5\x80\xdd\x85\x9e\xeb\x0c\x11\x98\x22\x92V]\x8e\x22\xda\
\xa5Q\x1e\xf8\x14\xa4\xfa\xaf\xf9\xbb\xa7D\xa0Lh\xbb\
\xe5\x1asM)F!\xcdn+m\xe5,\x92\xf2D\
N\x95\xe1\xfc_\x00\xbdD\x0b\xbd\xd0?2\xf3\xcdh\
PF`s\x85\x9d\x99\x98*\x1dmC\xb1\xa7\x93\x0b\
d\x0f\xb2M(\xdc\xbe\x82\x07\xc2\xb9C3w\xae\x15\
'\x0f\xf3\x81\xf5\x05$\xb0N\xd7\x18\xf5\x0fe\xcb|\
\xd9\x04}\x9cr\xe3z\x8fG\x9bVt-\xe3\xb2\xbc\
t<\x80H\x1f\xfc\x8b\xfa@\xd2\x18\x9b;W\xbcx\
\xb5\xdc\xb7\xccie\x19\xbeY\xf0#\x92\x96\x03\xf3$\
\xed\xa0p\xa9\xd7O\x01\xffV\x0e\xd1\xc7V\xbd\x90_\
\xbe\xf0d~\xf4j\xb4\xc6\xf2]\x13\x00\x91\x89\xd7\x96\
AT9\xd9X%x\xdc/#\xdeJ\xe24\x16\x9f\
Ob\xb1{KK\xfc\xc8\xba\xf7\xfb\xa2[\xca\xe1\x5c\
CX\x0eG\xbf\xa2\x5c\xa3\x82\xc4\x01ot\x7fk\xbf\
 \xae\xdc\xf2\x1en\xe4\xb8D\xf0\x07I\xb9\x0e\xf8`\
k\xfbN\xd6@\x8e\x99h\x03f\xefq\x0b5g\xd7\
\x1e\x82[\xd9\xe9?\xdd\xd1Q\x98\x1c\xf4\x13]\xbf\xd5\
>\xcd'xoOx:\x8b\xeb\xf4\xa6\x9cF\x9fr\
\x17nq\x9f\xe2Ve\x10h\xe0\xf1\xec\xd6\xe93C\
\xe3\xed^\xa3~!\xad\x92\x5c7Gn\x0a M\xf7\
\xe5\xe8t\x91\x95)w\x049E\xdf\x89\xc2\xe49\xf1\
w\x99\xf1\x12\x88\xaaS\xf7x\xeft\x89.\xac\xf5U\
\xb6\xe8\xe5\xbbF\xf4(kl\x83\xd7\xee\x95\xf1M1\
A\xd2\xc5~\xa3\xe6#\xfb%\x89\x156/\xc7\x5c\x1d\
\xd2\x14\xa4\xad7\xb2\xc4r\xa3\xbe\x16g\x82 \x95\x06\
D\xa9LhC\xc2\xf3o\xed\xd7|D\xb6mZ\xf9\
\xb5\xb2\x8e\xbd\x15U\xbajh\xb1\xb3\xb7jde\xf1\
\xed\xcaV\xcdK^\x0a&\x1es\x1cr\x16\x9f\x11F\
I\x001\xcd\xd3\xc4]\xa6k,X8\xb3b\xd9\x8a\
\x83\x95.\xf7\x1c\xc3|g\x8b\x22-\xd1mQr:\
U\xc5v\xc0\xf7\x04\xdd\xba\xd7P\x8e\x9ab\xeb\xeb\x83\
\xafb\xba\x07x;\xd4Dk ='\x9f\xd3\x12\xda\
\xc3X\xf0\xd6\xef\xa3q\xb4cM&\x16\xd5\xa8\xcc\xc1\
\xd7\xe0P\x9eJ\x09\xdd\xa6\xacek\x97\x8d\x86\x82\xb0\
f\xf0K\x01\xae\x01\x1e\x04\xb5X\x04>Y\x82\xad\x8b\
\xf7O\xcf<<\x01\xd0\x1bf\x94\x17;\xa1G>\x85\
\xf2\xa4\xd4\xee\x0b\xc7 ?\x92\x91v\xc3\xdc\xd0\x10\x94\
\xf5\xcc\xc4n\x17\x80S\xa7\xe0_\xb9i\x90M\xe2\x97\
\xae\x8a \xdd$\x22\x9fG\xad5\x98\xf0z\xd7\x80\x8b\
\x18\xb3_\xac\x97w@W\xe0P\xa7-\xad\x10\x04\x0f\
/\x5cC|1e\x9b\x00\xbc\x03\xf8\xa1\x12\x88\xe0R\
\xf6\xf8J\xb1\xd3\xefi\xd1\xc7\xfd\xf6h\x06\xd2\xe3\xc6\
\x0f\xbb\xbe\x1a\xa3\x8eV/\x0b\xda,\xed2\xa7\xfd\x09\
qY\x8a\xe1\xc4}L\xe5i\xade\x01\x99U\xae`\
\xa8Q\x1e\xbc\x0e\x88\xdb~\xf6\xf4m\xe6\xd9\x0f,u\
^\x9a\xc5\xa1\x04\x05\xeb\xbcjU\x97\x9b\x1e\x8esG\
\x13\xd1ZD\x85\x81\xa3T\x14Z\x00\x9b\x1f\x1c\xa6\xf7\
\xee\xb8\x1dt\x0b\x86\xce\xb3V\x89\xac\xf29\x92VF\
\xbcB\xb9F\x92\xd1\x8d\x8c\x1b\xeb\x10%\xfa(c\x83\
\x00\xa6\xe8d\x11\x18k\xf9}\xa2i\xc6+2>\x01\
\xa4\x9b^*_\x0c9\x08:\xfbA\xdcW\x83\x08Y\
\xc3\x5c\xfd\x07\x14\x95\xccy\x93g\xe6\xceh\xe1\xee\x81\
\xb8\xc9S\xe3\x84]\xdc\xa9\x00\xd1\x13ND\xd9\x16f\
\xb6O\xcb\xf0\xf4Z\xac\xdbL(\x99\xe60\x80a\xa9\
o\x5c\x10\xbf\xf2\xa4n\x98\x0f\xca<e\xc5\xc3\xed\xec\
\x93LF\xfbw\x83\xba\xd8\xa43h@\xd7%\x98\x1b\
U\xe5\x9a\xd25\xe5\xa5\xa4\x972[t\xa8\xb9\x7fS\
\xcd\xa9\xdd\x981\xee\xf7\x12\x8b\x92*\xa7\x00\xa3\xb7\x7f\
\xc3\x15l\x07\x11l\x81\xa9\xf8\xda\xae:\x9d\xef\x07\x81\
\x0f\xc3*\xdc{G\xa8\xee\x00\xe2\x1ch\x84\xd9`\xc3\
\xfc\xaaw\xa5\x84\x9aQhM;d\xb7cc\x12w\
\xccU\x99?Q\xf5\x06AG\xd2\xf2\xcd\xb1\xb1\x99\xeb\
\x87|gj\xbd[6*_t\xb9\x0d\x98'\xbd?\
\x05E\xa3\xd3c=\x01|\xbc\xa0\x10n\xb5\x00\x15\xec\
\xc9\xbd\x14~\xa6{K\xca\x18s:\x00Q\x95MD\
}\xc2\xd9\xc3HC\xd6`s\x1c\xed`\xb5z\x9c#\
\x1b\x9c\xa7\x1f$\xf4>\xee\xa3\xc0\xc5\xe3\xbb0\xcc\xa3\
x\xdbXK\x16+i\x82\x09t*U\x97\x06\xe2\xa8\
\xb4\xca\xdba\xb3\x9cY{<j\x83\xda@\xc9j\xd2\
*\xa8\xd6|w\xd8n\xbd\xa5\xc1\xf43e\xd50\xc8\
G\x02\x91\xc1\xdf\xdb\xf7\xc3\xd5\x01\xb4\x99\xf2'\xbbJ\
\xfdC\xc5\xf3g\x8b\x87\xae\x15\x0f\x8c\xfb\xb71\xdfr\
&j%\xedm%\x1a\x86T\x06!\xe9\xddkWi\
\xcb \xa4%l\xd2J\x07w\xc6g\xee\x5c(\x0c\x1e\
\x06n\x93\xd0\x9c2\xcc^\xa6b\xd7\xa5\xe5\xc49\x85\
\xd7(V\xb04\xa3\x9b\xb3\xfda\xf8\x02\xb4R\xad\xd6\
\x0b\xbb\x02\xa1\xa4\x09J\xda\xef\xec\xca\x85\xf9\x8b\xbc\x0e\
\xcd\xeb\xea\x88\xde\x1f\x0a\xd9\x04\xe1\x06D0\xe1\xe8\x8d\
V\x83\xd4\x04\xe37\x82\xf9\xbc\xf1\xde\xccf\xd9\x8cv\
?2\x9b\x91\xbaA\x98\xb8Ey>#\xcd{Fb\
\x1b\xc4\xb8\x10\x8f\x11\x8444\x8f\x110\x9f\xf9\xa8:\
\xfe\x1bZ)ZoR\xc86g\xa6\x8e\x14&\xaf\xf8\
\x82vq\x93\x22n\x12\xd4\xb2Y\x85\xda\x90n\x06\xb3\
T\xecic&\xcb\xbfk\xb3\xc1Y\x14\xe1x\x89\xf0\
\x05)\x0f=\x83PdC\xcf\x1c\x0eD\xc9\xbe\x9b\xb7\
\x99uu\xf0\x5c\xd2O\xe9\x16\xdc\x82\x0c5\xdf$\x9b\
\x8c\x8f\xff\x83\xc7l\x01J?8\xf2\x07r0\xf2t\
\xbe\x0b\xa0\x1bLWO}Y\xe8\x1e\xe5Y&\xdf\xb3\
<|~C%\xe2u\x9e\xe8\x00GCF\x8b\xdb\xc0\
\x0c\xf0\xddU-?\xc2\x00Y\xdd\xbb\x8f\xf4\x10\xb8!\
c[\x7f\xd2\xcc\x09\xbd\xa7\xcd\xf2\xb6\xf8\x82e\x9bD\
{\x89\xadU\x12\xb7A\xd0\x1d\x08\x0e\xe1\xda\x08\xb7H\
\xe6\xf2\xb8>\xf0\xcd\x1a\xb1(\xdc\xd4fX\xaa_,\
\x99\xb4\xfaj7\x06\x0b\xc7/\x82\x0eX\xe1\xd40\xc3\
-mv5\x9e\xee\xbc:\x8e\xed}\x19\xffp@\xa5\
\xb0\x866\xc5\x7f\xb3\x85\xd6\x10\xf0\x13\x12-\xe2'\xa1\
y\x1d>\xc9\xa2\x1ef\xab,\x9a\xf4\xc3\x14m\xe2\xcf\
\x04\x1aX6\x09\x0a\x85<\xe1\xae\x85kc\x82\xc0?\
E\x93\xe4\xe6\x08\x13\x85\x8a\xdd\x17\xce\x8c\x88z\x17\xb1\
S\x9f\x0b\x05\x89\x9f\x0f\x18n\xbc\xeb8\x03\x12\x96\x01\
\xa3_A\xb29\xa6\xbb\x8d\x0e\xfdZ\xaaB\xed\xe7x\
y\xe5g\xf3\x93\x133CC\x02\x12Ht\x96\x81\x85\
M\xd0g\xcb\x92wVm\xf9_\xc4\xa5\x84\xd4\xff\xfa\
\xd1\x87\xca\x8a*e0&PTyL\xf2\xa0'\xb5\
/d\xa3p\xd7yI\x0as\x9d\xa94M\xb1\x0b\x8b\
\xcew\xeaBy\x1a\xcb\x22*\xc0\xda\xe27\xc1bq\
T\x9f\x9a\x82\x98\x82\x9d\xb98\x8fz\x0a\xb2\xec;\x94\
\xc2\xf0\x83N?\xa8\xaa8`\xabj\xd2\x95TcJ\
\xa3\xc8\x13Z:\xd8\x8d\x7fo\x97a\xc14\xa9\xa0\xa7\
\x94)\x00dMy\xa0\xb0\xb0\xd7\x93\x92\x03\x95#\x8b\
R\x11\x99\x19\x0b\xfc$\xac\xb2\xc0\xae\xf5\x87\x05n\xb6\
\xf6F1\xc4\xd7\x8f\x8b\x82\x9f\xfb\xe7\x0a\x97\xc6\x04\xc8\
\xefNot\x09\x85\xf0\x11\xe5\xe9u\xa2\xd0\xa2\xe8^\
z=B\xa8\x5c\x84|F \xdf\x91\xef\xc3\xb3K\xc4\
x{\x87\x83Y\x84\xd7\xad\xda\xec\xd9\xa9\xcc\x19\xff\xd1\
\xe0\xf8\x97\xe2\x9b0\xbar\x92\xac\x92A\xf4\x7f`\x99\
\xc0\xe17\x98\x12\xadY\xd7\x0e-A\xc3\x80\x1b\x86\xd6\
\xfd\xb3\xc8\x94%\xf1F\x91\x9d^7\xeb+\x04\x9d#\
\x8d\xa8w\xd9\x8d%\x9e\x80\x8c\xe3\x98\x7f\xf8EP\xab\
\xc7\xa1EcW\xb2l\xc9\xad\x0b`U\x98\xeff\x5c\
\xe3\x19+'\xf5Kx\x011q`Q\xcb\xd9\xa7\xe7\
\x97LJ\x9d\x8b6mM\x92\x8cy\x83\xde\x03\xd1I\
\xcfJ\x86\xda\xc5\xfe\xae\xfa\x1a\xf4\xc6\xaa\xaf\xed\xf6\xc6\
\xdc\xcd\x02\xfa\x88\xbfu,\xad\x93\x8a\x02\xa9!pQ\
\x81V\xcc\x95\xdc^\xa4q\xb8\x80\xe4kjh\x84\x96\
\x04G\xf2\xd0\xc3\x1d\xf9\xa1q\xb1Xe\xa4\x95\xc3\x06\
\x997\x89W\x92\x93}\xf2\x81O{\x12\xc6\x01\x8c\xa0\
\x11\x16`$\xdc\x0d~Y\xd9,L\xf6\xf8\x18\xc6s\
[\xc4\x9d\xdb\x13\x08\x17\x02q\xa4\x89I\xd1\xe4\x02\x82\
tX&<\xd4o\x99\xc4d\xd8\x85$\x09\xd4\x0bm\
P\x5c\x15\xf4\x95\x85\xdf\x9b\xbfr\x88q\x18k\xd9\xa6\
\x14U\xabS\x19C\x82\xd1\xb2I\xf8\xd2\xbaR\xc5\xc7\
\xc7\xbe\xaes\x22\x80\xff\xdb\x85\xe1\x9aOt\xae!%\
3\x8ai]\x09\xb2R\xaed\x95ml\xd3x\xaf\x1c\
\x86\x87L\xd1\xf7\xb3$\xd0#\x93*(\xb1;xK\
\xc8\x00\xdd?]\xbc\xb4?\xff\xd9\x0d\xd0\x8e\x16\xf4\x1b\
\xed\x97\x04\xdfJ\xf7`ip\x8a\xd9Y\xe7Y\xb6b\
@\x9e\x0e\xa1I\xdb\xf8\x04\xee\xcc\xa3\xce\xdd?\xcb\xb0\
z|\x7fL\x00/P\xf3\x80!]\x10\xed\x10\xe2\x8f\
\x8a\xe8\x01>\x0a\xbc\xc8\xf7o\xf0\x0aj\xf0,,\x5c\
\x1c\x1cj\x1a\x8e\xad\x89Z\x17\xbb/\x0c\x07\xdb\x10\xd4\
R\xd6\xeb]O\x15\xeeP\xda\xcf\xa8\x91\xe1\x833G\
\xbf\xf2w,7\x17\x1d\xa6\xaf\x91;c\x88\xbe\xe6\x07\
\x9fF\x8b\xaf\xbc\xa3\xce\x81\xef\xa9\xdb\xeepRa\x10\
&ID\x9dr\xb87h\x17?\xf2\xe9\xe6:!\x19\
\x95)\xa7\xfcIpt\xd6\xea\xe8,\xfd\xe0\xc6\xee\x06\
<Q\xc4\xc2\x84\xdf\xa9mD-\xe5\x06y\x88\xef\xd0\
*\xc5J\x89\xc1T\xe8\xa6$\xc6\x0cv}\x12l\x90\
v\xce\xf5\xc8\xb1\x95\xff\xc9\x8fW\x96\x5c\x03\xf7\xf0W\
\x1cr\xa8_\xc7\xeaqr\xc3\x81\x8b\x8d(\xe9Td\
^\x8a\x1a\xef\x8e\xbc\xedDG\xf9\x5c\x8c6MO\x0a\
7\x14\x92\x86\x90\xd7\x84\x86D\xa9\xd5\xd8A\xd8y\xa2\
'\x8b\xb7\xaeE\x8d\x96.\x1f*\x0c\x88\xda\xd0\xb9s\
\xe1f\x05W\xa9\xc8\xff,\x0d\x8eC\xd7\xb2\x8d)0\
`\xe6\xe1CQ\xd7\x87=\xba\xb3\xf0\xe6?`\xee\xb8\
\xed\xacC\xf1zw\xec\x9b\x09\xf50\xe4\x9ev\xa1\xbf\
nW\xb6\xd6;\x5cD\xef\xc4\x8cu\xf1\xb3\xe8m\x0f\
O\x8f\x1fW\x83.\x1c\x082J\xf4'\xd3c\xed\xd1\
\x7f\xfbY\xcc\xf7\xca\xe8)\xab\xdbQ\xdaI\xb0?M\
\xf5\xed\x82\xc9\xf6-\xb2\xfdFR3\xacf\xa2\xaa\xd1\
\xf5\xf5\xe9mO,L*\xf2\x8cr\x15o\x8ad\xf9\
\xd4g\x90W\x03b\xbfP\xc9\xc3+\x8e\xd0P\x5cP\
\xc4M`\xf2\x8e\xbf\xb2b\xf80D\xceh\x1e\x93\xb7\
b>\x8f\xcb!\x07'\x81\xce\xf8N\xac\x9d\x0f\xe6c\
\x92i\xa9\x8a\xc7\x13@\xba\x0c\x11a\x1a/N\xe9o\
5*O+z.H\xf6\x0b*E\x15\xcdD\xa2:\
62\xb6\xe3{\xb7>^\x97p\x05\xd5\xc9\xa63C\
X\x1bc\xe7\xe62\xc9\xfdrd\x7f\xe1I\xfb\x13\xb4\
h\xe0(\x93\xfcw\xa8\xfd\x80\xd3\xd1O\xe5*\x16\x15\
\xd7e\x85\x96eP\xc4\xaf\xf8\xb2\xc3\xdan}\xa0/\
\x9e\xcd\x0d\xe7\x22\xda\x85&\xd1\xe4g\xf9\xffe\x8aJ\
L\xa9\x84[n\xc3\x15\xbf0\xa5.\x18\x15q/\xee\
e\x18N\x9d\xcb\xad\xcb\x15\xcc\xd3\xcd\xc7\xf1\x1b\x9a\x93\
p\x07\x8e\xc8W\x83\xe2\xd6&\xbf\x97&\x11\x9d\xb93\
\x0a\xee\xb5\xc3\xa8\xeaT\xe3\x00.\xb3p\xfc\x0b\x11\xe0\
\xea\xfeZ\xc4\xb8lRC\x96\x18\x01\x06\xb7\xfc<\xa4\
\xb5\x0f\x1c\x18e\x85\xf5\x02\x95\xd3L\xbe\x88\x16d+\
\xac\x8e\xe1\xaba\x9e\xa1\xbd;\x0c\xad|\xccc\x13\xf6\
\xdb\xfa\x08X\xcc8K\xacq\x00\x15x\x0049\xcc\
\xc6>m\xe8&\xd4\x0cT\x80\xabfK8\xc8\xecS\
J\x9ex\x8d\xfcn\x9csf~\x93\xd0\x14\xc4\xae\x0e\
{\x8bCPE\xab\xfb\xb10T\xe8$\x8b\xd8;|\
\xd2\xae\xf1RG\xb7\x15a\x88\x1c,%\x0a\x12\xfdR\
(8\x80*\xfb\xe9\xe1 \xe9\xd4{A7\x81[\xde\
\x14\x0e\xa3\xec\x8e\xcb\x8a-\xa2\xc1\x109\xffE \x88\
\xaf\x0d\xda\xeeld\xf5\x15\x9c'I\x1d\x16\xf5\xab\xfc\
\xe2\xecZ\xe5\x04i\xe8\x89!*\x83\xa0\xdc\xef\x9bC\
\x85K^B\xeas=`\xb6\xd6x\xbc\xaf\xd3\xa8\x8f\
?\x8d\x90\x93\xd3e\xabw\xadt\xdb\xe1$2\x92X\
o\xa2n4\x5c\xcd\xe8z|E\x89;\xa2\xdb\xb9\xc6\
\xe3\x89\x19#/\x85\xf0\xaf\x94|\x95\x97Y\x5c\xe8\x14\
ur\xc4W\xd5X\xff\xc6\xc6F\x97[\x0d\x98(\x90\
\x8a\xa5#\xe5\x06\xb9\xba\xca\x9d\x02\xeaE\x80\xd6\xc2\xbf\
\x03\xbf\x1bJ\x11[i\xb5\x98\xc4\xf0\xf3Uoa\xa2\
=\xa3\xbf\x00,\x06E8\xc6hd\x11\x1b\xa7\x1e\x14\
O]\xcd\x0f\x1d\x15b\xef2\x10\xc4!\x9fi\x07\xf5\
rV\xa2\xf2\x1c\xb5Q6t\xef\x8b\xc2\xc4A?\xc6\
e7\xa1\x82\x0f|S\xca&H\xc0\xb3\x0d.q\x1a\
\xcc\xc94n\x0a\xe9\xd4i\xfe_6U8s)\xff\
\x17\xe1\xb8>j;\xf8v3#\x1d\x853#~\xd8\
ms\xc0U\x05\xe5\xa4F$\xbap\xdc\x22pU\x8b\
\xe7O\x14z\xae\xfbj$\xa1&\xe3\x91\x15\xd8(\x0f\
\x97\x08\xdb\x19\x1b\xa9\xa5.5/\x8f\xa8\x98<\x08}\
Va\xff\xe5\xfc\x95n\x9em^\xff\x9c\xf0MSJ\
\xa3jx\x98'6j\xf2\x9a Lr\xc4\xa1j\xd6\
\xee\x95GS\xe2\xd4bj\xf0a\xcc\x0a\x5c\x0d&\x01\
'\xdd\xdf\xc5.+\xb0y\x02\xe1$\x89N\xf2'\xbb\
\x00\xaf\xc8W\xf1%<\x9b\x1b\xa4\xf3\x98T(\x093\
\xf5\xa1\x9f\xd2\xe4\xd9\x99\xa1+\xfcz\x17b!m\x18\
\xefJ9b`sDT\xf4\xd8E?\xa3\xfc\xaa\x03\
\xef\xfa>2K\x0b\x04f\xa7\xf7t\xf9\x9c\xd2<\x8e\
\x14\x90\xda|\x93Q\xeb]\xe5\xd9\xbc\xbc\xec\xec\x7f\x12\
\x9a\x0a\xe2\x85V\x06\xd9\x09m\xe4S\x83\xdb\xa2\xaeW\
\xf0e\x0c\xf9\x16y\xec\x14\xfc=\xa9!\x14\xcc\xbb8\
\xa1f\xc5s@\xce~\x07)\xa5\x10\x17\xe2}\xc5\xd9\
\x7f\xecj\xfe\xc41P4u\x8d\xfd\xb37\xa4\xe6&\
\xe3s\x1d\xd0\xa9Q\xeb\x99\x9bb\x15A\xed}\xa4\xd2\
W@X l\xf7\xe3#(\xc7*_\x84S\x0c`\
\xc6\x9bl\x1d\x84)\xd2\xf7}\xb6\x96%\xf5\xd8\xa5O\
s\x1a\xe7TNe\x5cV;\x1b\xc4\x16\x86s\xeb\x0a\
\xb6a'\x0b\xd7\xd3%%<}\x92\xca\x16,\xf2c\
\xed3G\xeeQd\xa1\xc0\xc3\xca\xcc\x22\x5c\x0b\x18\x80\
\xe4B\xc2\x17\xa8\x0e\x01\xd8\xe9\xd2d\xae\x03g\xe2\xe6\
TfG*\x97K\xbbm\xb48$\x8e\xf6\xd53\xee\
*\xebV\x99\xd8\x84\x93n\xe5\x8a[\xb9\xbf\x1a\x89\x08\
\xa5\x83'\xc6\xe2a;\xc2\xd3\x06\xbf\xa1%'\xfc}\
\xb0\x81X\xed\xd7\xc8\xb4h\xca\xa1\xb0\xb54$\xd1\xc8\
\x0bz\x92\xa9\x0d\xec\xa0\xca>\x91\xbf\x01\x13\xa5\x1aM\
\x5cm\xccrbh&\x8c\xed'G\x05t\x15\x83\xcc\
\xaf!M\x82\xdb\xfe1Y)\xf2\xf1\xd2_\x1e25\
$s\x80\xbf\x89\xec\xd1\xf2\xe6\xe3\xb7\xafh\x9e\xb6\xca\
oi\x89\x1b\xc1#\x89\xad\xbbRMM~\x1d\xbaz\
0\x94t\xd2\x0dj\xb0\x0e\xf8+\xa4Z\x05:0D\
\xac\xb2\xa7\x04\xf0Ur\x15&\x90\x14q\xef\xd7\x8f\x17\
\x8e~Y\xe8\x15j2\xdcAk=C\xaa\xeb\xaa\xf5\
SL\xa9\xdc\x9f\xf4\x83\xe6\xfd\xde\x8d\xde8\xa1\x93\xa3\
\xe6^\xd4&\xf7\x8e\xb4\x96N\xa0\x9c\xa8\x0d\xfa\xda-\
&\x5c3\x89\xca\xb6 \xb5PRsb\xb6(oN\
\x9b\xf8\x1c\x9a8\xd1U\x9c\xbcW\xbc\xb4\xbf\xd0\x7f\xa7\
\xd0\xb5_1\xa2\x8a\x9d\x22ZS\xbd'\xa23#\xfa\
\xf7\xc2\xb1+\xbe\xb7h\xde\xa2\xbe\xe2R\x9f\xa7\xa1\xd7\
2\x05?\xc0\xfc\xa8\x82\x11\xbc\xacg5\x08\x0dC5\
\xa5\x7f\xa1\x086\xa0E2H\x0d\x08mJ(]\xb8\
\xcd\xfd\x1f\xab\xb9\xa4\x13\x8bo#\xa4\x13)f\x83\xe0\
\x98\xaaT\x84o\x0d\xd2\xc5)\xde$\xa5\xdf\xa1\x11\xf4\
\x18:Iiz\x07{dU\xfc\xd1\xd0_\xa8{\xa7\
\x12!\xcaZ\xb97\xc3\xf6n\x020)*\xd9L#\
\x7fP\xfe,b0d\x03\x15\xba\xb1\x03\xb7\xf2\x03\xc3\
R\x12\x04\xc0\xfa\xd1\xfd\xa94\xd0\xae\x03\x88\xc8\xa0q\
f\x04D\xc0`\x09\xf2\xbe\xbe>\xfd\xd1\x81s\xab'\
\x9e\x84s^x.l\xad\x7f\xad\xa3\x13\x9d\xc6\xd0\x89\
[\x1f%g*\xd9\x1b\xbb\xf6\x0b5g9\x17\xf9)\
\xf8{\x19\xbc\x80\x88Ps@\x5c>WQlI-\
G\x1b\x1c\xba\x1d\xef\x194\x81\xf230\xcb\x07\xda\xe8\
\x18\x18,R\x8a\x18\xe58hrD\xac$\x84\xc6\xaf\
\x04!\x05\xcbz\x87,\x7fic\xcf\xb3\x1f\x17\xba\x8e\
\x82\xa1\x22X\xf7`\xc8\x92MK\xf0p\xa6\xd7-\xba\
zU\xce\xe9F\x84\xe9x\xa75\xe9/\x17\x0aZ\x16\
\xd9\x80\xc3\x84\xb8JI\xa9\xa8\xc2\xc0\xfc\xbcI\xa0\xd6\
\x00\xcd\xa8Z\xdc\xbcd\x9f\xe9\xe9\x9c\x9e\xe8\x04\x06^\
\x9f\x08\x8d6\xe3/\xf4\x0c\xe6^\x1a\xd1\xa1cI\x80\
\x0d\x16\x0f\xba\xc2\x92%\x11\xb7\x03\x8d\x94\x11\xbe\xf3\xc5\
q\x9d[\xf6G\xcf\x87t\x81\xdf\x95q\xe66\xbbx\
\xb4\xd0s\xb2t\xf6\x22s\xe6\xbdD\x7f/a\xcdu\
H\x1f\xb4\x15g\x0d\xfd\x1b\xe1\x0b\x85\xbf\x1b\xb41\xf4\
\xf0\xed\xfdsu\x82ZH2\x0a\x08MG\xfd\x07I\
**\xfe\x97?\xbf]\x0b\xf6b\xac\x1c\xfe\xb2\x8f\xb1\
g\xaf\x1c\x1c\x95\x03\xe3,\xdb+o\xdb\xea/\x06\x9c\
\xfd\xa2\xb6s\xef\x1f\xdaRm\xa9\x86}\xae\xb9{\xb3\
)\x91\x04\xa36\xef\xdd\x91llJ\xf9\x8a\x8f\xf3\x1c\
\x22\xc9W\xaa6Um1\xa24\x85\xde\xbeh\xd9'\
^\xd9\xb4\x85\xa3j\xa7\x0f&\xd9\xca\x8a\xd5\x186]\
\x8dI\xa7V\xf9W\x13\x88\xe4/[\x8b\xa0[,X\
Pq\xb0\xd0\xed\xaa\x0c\x13&\xb4\xc5\xaf8\x10\xdcM\
J\xa4\xc0.\xe29\xf6\x0d\x14\xef]\xe6\xeeq\xfa\xc7\
\x0c\x8fB5<\xc6\xa7\x9a\xd7:\x0f\x93\xad\x96\x91\x9d\
\xe6\xcb\xc9\x16\xd1\x0e\xb4d4\x7fyZ\x82J\xc4i\
\xd4<\x09\xaf\xc4\x93WJ\xfd\xed\xfcJ\x5c\xea4\x12\
\xbf%AC\xec\xae\xf0z\xbc5\x8f\xb0)\xc9\xce*\
\xdd\x94\x1e\x8b\x1c\x18)RI>\xf1\xc9\xdb\x8c\x00t\
{\xd5{\xde\xb5/\x13{\x1b\xaeGd\xd3N]\xe3\
\xfc.I\x92U\x9aXK\xcaZ\xceF2\x9c\xbf\xa4\
\xd7.\xfd\x95\x054\xa4\x7f<\xdf{\x16n\xd2\x909\
\xa8\x88\xf1$\xe1\xbc\xd9Z\x17\x93\xa1{^h\x8bp\
\x9f\x8b)%W\x5c\x87e\x9cK\x12}\xb3\x9b\xd6\xfc\
\x0b>\xa2\xd1\x1c\xc7~R\xa9\xd2r-[N  \
j\x828\xda&\x19\x8a]\xe3\x8d\xbf]\xba\x05c\x0b\
\xd2\x9e\x22+xz\x9c\x95>ai@~\x1dx\x0f\
\x86\x9cM\xb9\xb6\x1c9\xdbb\xebC\x86\xae4\xd5q\
\xe1\x85\xba\xb8&4\xf3\x1e77\x16\xd1f%\xff^\
xr\xbcXA/\x9b4~+4e~\xe8\xf6\x18\
\x9c3?\x8f\xe9\x8f/=l\x02\xdc\xa0;=1,\
,\xb5N\x81\x86\xd7\xdf\xce\xe2_m%\xa3\xd9\xea\x1b\
\xf0,\xd9\xce\xac\xbbL'z\xd4\xd2\x02\x06*\xfc\x12\
;\x97\x80\x88}'\xae\x0dW1/k\xca\x14\xbd\xaf\
9u\xa4x\xe38\x94\x99\x15n_\x81bD\x9eJ\
Hir\x85\x143p\xda\xf1r\x19\xcbd\x12\xa0\xd5\
\xe2\xc1UK\xb3\x0d%\xbeH\x95!\x0c\x82\xb0\xaf\xbd\
\x83\x03K+\xd9\x10Q:\xe5\x86G\xfaG\xf2\xc3\x0f\
\x19Wq\x99s/M\xc5\xf3L\xc2\x9d1\x86gr\
A\xd5\x9bZ35\xb4\x96e\x1b!\xa2E\xf3x\xa0\
8\x11\x1fg\x8b\x13k\x99\xb7\xa9\x80l\x11\x9a\xe4\xc9\
\x16_b\x9a|$\xc2E\xda\x09C\xb8\xf8s\x87\x88\
&\x81A\x1b_p\xbd\x0d\xa7\xb4K\x8c\xbe\x00B\xee\
\xfaJ\xb5\xbdmg&\xd5\x9a\xce\xe4|J\xdc\xdfx\
\xb5\xb0s\xf8\xca\xd7\xb9FS\x82\xfc\x94\xad\x80X\xa8\
\x7f\xaa\xb0\xc3M\x18g\xcf\x90A\x90\x8fj\x89\x9fJ\
\xba\xab\x86g\xf8\xe2Z\xa1E\xa0jJ\x97\x07\xd0\x00\
O\x02W\xb98\xb2\xd8\xc4\xd6z\xd2\x06\x15d]Y\
\xb5*r_r\xf2_\x9e\xadZ\x17\xfd\x9f\xa2\x80s\
\x7fe\xf6\xad\xe5\x94\x17=\xb1r\xd5\x9a\xdc\x1fs\xcf\
\xae[\x179\x93\x02\x81\xa4\xfe\xfa\xac_\x96\xc1\x91F\
\x19m'\x0e\x86B/\xdd\x95&\xfb~\x0c\xbcS\x9a\
3O''D@1\xc13\x11\xbd\x10\xb0\xad\xd2>\
k\xa0O\x9a\x0d\xf1]\x01\xbe\x0b.\x8eP\x0d\xcd\xf1\
\x0d\xcd\xe3\x1a\xf2\x1ee_SH\x00\x80{\xc5\x91\xd1\
W\x8b\xe2\x8d\xc9\x00\xe9\xfc\x82\xe8\xf4\xc9H\xef\xac\xc5\
\xc2\xca\x13\xc2\xe9\xc8/\xca\xf7\x9d`xX^\xaf\xda\
\xe6\xe8?\xa6Y\xca8J\xec\xb8\xd6\xa7\x9b3\x9a^\
\x82\xb1\xe2\xebS\xaa*\x19\x0c\xd6e\xca?\xd9\xe7c\
\x96\xb9\xfe\x15\x91\xc9lh\xed\xd6\x90P\x8f\xb4\xc1%\
\xb7$tu\x8c;\xf8\xf32\x86\xb8\x15/\xe8\xaa\x90\
n\x17\xd1n\xa9f\x00\xd3\xdb\x0bezKr\x05\xf2\
\xf1}\xc1\x89\xc4\xf4\xb5\xab\xa2\xbe\xb2\x18$VE\xc2\
!\xf8\xa9!\xfd\xcd\xe0\x85\x19/J\x94&\xd1\xb7\x0e\
\xaeG\x85\xbf\xb6\x0b\x9c!\xb8s\x8a\xbc\x841\xf9C\
\xd6\xe4\xb8\x8a)\x03\x84\x5c#oV\xaeq\x09\xcd\xcd\
\x90!\x86\xaeBC\x89(4\xe0 \xc1\xdc\xe2\x8d0\
\xc5\xca\x07\x15\x9b\xa8.5\x8a\xe5\xf0\x91\x0dD\x9c\xb7\
d:,o\xe0SRS\x98h\xf5\x91\x03TJ\xec\
q;P:\xb8\x8d>\x1e=\xc4oz\x8f):>\
\xda\x01\x17\xdb\xf9\x1d\xfe\x90\x0a[\xba\xfa\xe94\xc0F\
\x07\xca\xd5m\x0fN<3D\xa2\xb8\xb4\xef\xb0\x8a\xb7\
\xe1\xed\x5c\xdc\xc8%\xde\x8f\xc7_v\x12j\xc1\x00\xa3\
\x08F\x0d]?\xc9\xf0\xa3d\xc877\x98W7\xb3\
\x1d[\xe0Jq\xaf1\xe2\xd7\x02\xaa\x08\xd8j\x98\xba\
\x9d\x18T\x03\xe8\xabHu\x93\xf2X\x96\x8dt\xa3\xb6\
\xb3\x11\xaf}M2\xe0\xd3H\xce\x9e\x1a-\xbd\x22\xb2\
4\x83]\x91\xa7\xe6{\xf1\xaa\xa1\x1d\x98g\x01N\x94\
Oe\x93+%Z\xc48)\xf3\xb0H\xf4\xf6\x99|\
\xefht\xb9j\xcd1W\xaa\xa5\xba\xc9\x94\x15M\xdc\
\xc1\xa8K\xa1\x85\xa0\xb0\xc3+M\xad!\x1f\x966h\
B\xbb<\xef\xc6Bl:\xf2Xd\xeb1\x8c\x1b\x09\
2\x9a\x06\xe9\xcc\x12.\xe1g\x8a\xbeQ\xe7\x97 u\
\xe36\xd6\xaf\x1b\xab\x0fP\x8b\x9au\xe2o>\x95m\
\xe5<\xb8\xb8\x92\x0d\xfe\x17\xf0\x02J\xa9]\xee\x9ed\
\x9d\xd1m\x1e\xbc\x9d\xe0.U[\xe6=\x03\xb4\xa9V\
\xff\x92\xe5\x9c\xa9\xc2=]\xa6m\xa5\x19\xdd\x80\x02\xcf\
\xb4\xe20%\xab\xa6\xf7|/#iW\xfb\xd2\x88\x16\
y\x8b\xc2\xa1\xde\xfc\x95\xd3 L\x17?\x8a\xc2\x15\x94\
\xeb\xda\x07\xbb\x95\x1fK\x8f\xef\x87\xda\xc0W\x0b\xcd\xa9\
\xfa\x0f\xeb$\xf8\x9f\x85\xb3w|\xef\xc9\x08\x1442\
\x0c\xc7!\xf9p\x9aa\x80\xedM1\x1fS\xf5p\xff\
Nlz\xdb\xa1\xd9\x19x\x19\xf0\xacv\x89}\xa4\x9f\
\xeas\xec:\xe8\x80\x17'/\x8a\xcaC6\x5c\xfb\x1e\
\xe9\xd3\xcd\x80fp\xbdg\xf0~Nw+\xaaAd\
r,m\xce%s\x19Z\x82%\x7f\xd1\xa9~\x82J\
\x0c\xcd\x5c?\x94\xef\xfcl6&\xedp\xc4\x8f\xbe\xa3\
I\xa2x\xa5\x12\x93^\xb4\x84*\xe0\xdcT\xf1\x94t\
\xc5\xe1V\xfc.Fe#&\xfa\xba\xc9\x11\x0c'\xb8\
[/\xe0\xec_\x19U\xda@\x8bL\xb8\xaf\x8f\x94j\
'\x1e\x88\xec\xce\x17\x13\xa53\xf70\xbf\xc1\xa2j\x7f\
g\xe9g\x87:\xa5\xc7\x83A\xe1P\xe4\xfdnt6\
\xfc\xe4\xd9\x0aj\x16\x9e\xf3\xbd\xc7\x0a\xe7#\xb3\xaeF\
{\x83\xae\x84\x89[\xa06Cr\xab\xfckJ\x17\xe4\
|\xac\xfb\xad\xb7\x94\x84\x97`\xcf\xf7\x22\xdfJP\x7f\
\x0b\xc2\xb2\x89\xbe|\xff\x95\xd2\xe1\x93\xa5\xfe\xfd~H\
\xdbt\xe8R\xa1\xc5\xe3o\x17\xa0\xe6\x9b$DCH\
*\xbb$\x97\xe0m\xbb\x15RI\x1a\xc1\xe1\xb1]`\
\x83\xf7\xbf`\x12Lk\x89\x9d-r\xfe|\x82\xc2#\
\x00\xd9Q\x89\xa2\xb8}DY\xfc\xe0DqR\xc8m\
\x94\x8e\xf4\xc2V\x12\xa7\xe3b\xf4\xd5\xedh\x93\xd2I\
g\xa8G\xdf\xb4TdH\x9dW@\x8d\xd4FH\xf2\
\xa8\x08\xe8N\xcb\x92\xdbEj \xfa\x19\xb7\xc8\xf9\xf3\
\xf0c\xf9\xa9[p\x8e\xab\xad\xd1Q\xf3\xa1]\xe7\x0f\
w\x14.\x8d\x15\x8fv2\x12\xe4\xf4\x0b\xb9\xfam\xf4\
\x9d\xd3\xba\x0c\xc8\x8f\xda.\xb2:\x93\xb4'\xf9\xcf\x02\
\x0cs\xbf\xb3v\x94=H\xbb\xdd,\xb7\xce\x14\x1e\xa0\
\x19M,@\xe3\xe7\x8a\xf8oO\x99Q\x7f\x86Z\x03\
Qu\xb1\xa0\xbe\x9e\x8cfM\xf1\xe8x\xa1\xfd\xba\xef\
\xa9\xc3\xddl\x17\xce\xbf4\xae\xa4=V\x94\xa8\xa6p\
\xee\x80H\xce\xf7\x1c\xce\xf7~\xc5o\x97K\xb4$\x5c\
\xbcn\xb8j*F=\xbc\x8e\xbd\x01\xbb1\xb4\x1cV\
rn\xa8Z\xaf\x1b\x9f/\x1b\x1f\x81\xbb-r\x853\
z\xef\xcb%()\xc3\x06!\xea\xb9*\xa4h\x1b\xcc\
_9\x87\xc3\xca\xde\xef\xc0\x99S\xe9a&\x07D\x16\
\xe2\xf9{\x85\xfeq>\xb3\xb54\xb2\x0c\x04\x18\x9a\xa5\
2)s\xe1#V\x0d\xb4O?\xe8\xa173\x1f\xc7\
\x00%a\xb6\x90\x05\xbdO\x0f\xb4\xcfL\x9d\xf0w\x93\
M(3i\x14|\xdc\xbc\xcb\xc0\xcd|GG\xb4\x95\
\xfa\x03QF\xb0\x8f\x84\xafm\xcd=\x9ft\x8f/Y\
\xf5e,\xe1>\xbf\x8bTh\xf3\x18x\x9f\x9b\xce\xfe\
\xfa.\xdf\x92*\xc8\x5cC r\x91\xcdR\x9a\x1d\xb2\
\xf4\xa0b<;n\xb7?\xc9\x84H\x1b\x8a*\xb7\xe0\
H\x1b\x15\xf6\x10\x1c\x0e\xd9\xe9\x1c\x14\x7f2\x16\xb3`\
*(\xe0\xd6EDo\xa27\x91\xa5X\x06\xecg\x05\
\xd4\x84|\x9bE\xe8\x139M\xc1\xb0\xdar\xb6h=\
\x5c=->}\x1c\x00\xf7\x05=\x01}'\xa7\x92\xca\
\xd8\xa7!u\x5cF}vA\xa8\x17k\x9a\xf3\x0b\xd5\
lw\xad\xb1\x0a\xf3O\xea\x16x\xb0\xd0\x0b\x1e\xa9\x85\
=\x86-e,|\xda\xb4O\x00\x9b\xfeeX-%\
\x1fjS\x89\xed<\xd6f\x19\xfb\xd5\xcb\xb7\x16Jq\
l\xf4\x05\x5c\xc9\xaeI\x14Z\xfdmns,\x86h\
\x0eo\xff&\x0d=\xa9eP\xda\xca\x81nC_\x88\
\xfe\x9b{h\xd8\xbb\xea2\x05\x0d\xd9\x8fZ;'\xbb\
\xf2\xddc3\x0f\x1e\xe0\xf6\xc0N\x84\x06\x82\x831Q\
L7\xd3\xaf\xb8\xdf\xb3z\xcf\xe0\xb01!\xfc\x0b\xe1\
C\x07\x13\xe1\xfc\x8d\x9c\xb1\xfc\xc45a\xae<\xdf5\
\x10\x86\x02^|W\xcd\x98K\x01\xff-\x16\x00\xaa\x9c\
\x1e\x11\x9a\xe1\xa8\x12E;\x10$EQ\x19\x19\xf8\x04\
\xd8Q;\xc6\x98\x91%5R.\x0a\xdb/\x85[\xc7\
\x8c#\x98\xbd'P\xfa\x9eDR\xd7,-\x07\xa2Z\
\x00\xf8R\xe3#XZ\x0dn\x83\xac\xfc\x12\xe7E\xa7\
\xac\xbc\xe9\xeb\x81\xb8'_\x0b\xf6\xa9\xf5^\xb0\xc5\x84\
\x09(\xed\x81\xb7\x04\x87\x9c\xa2\xfeZ2N\xaa\xb65\
\x81\x11\xf2\xd0\xc7\x81\xc2.\xa45\xdd\x8f_F*g\
\xe9\x92~\xbe\x16\xb6\xdf{\x09\x9f\x8d\xdb\x9f\xaa\x1c\xc0\
k]\x00\xbf\xee3?\x18\x0aI\xea)\x93\xcb\x9c~\
\xbd\xd7\xe8\xeba\xf1\x81\xcd\xdb\x8d\xe2\x7f]Gi<\
U\xc4\x0e@\xc6\x87\x05\xcf\x9c\x8c\x89SP\xee \xf8\
X+\xf8z-f\xe1\xaf\xd3-\xd1{YJ\xcb\xd1\
\xa7,\x92(>\xfa\xf1Kxc\x13\xfd\x18\xb8\x15\xcd\
D\x8a\x0c\x92\x10\x7f\xf1Ozz\x22\x83\xb9\xe4\xd5\xf4\
\xf1\x05\xe6\xfb\xda\xf9D\x9f(' \x97N\xeeQ`\
\x1b\xd1E\x07\xe5S\xe6\x1e\xf52\xe97>Y\x1fX\
4\xe4\xaaHz\xc5\xbb*\x1b\x11\xf8\x90t\x19Bv\
\xaak\xe2w\xc1\x14\xac\x0e\x19$>ZY\xb8\xc1\xfb\
\xc4J\x98R\xab\x9d\xablBR_o\xb3\xd2\xb4\xb3\
+\xab~\xd6\xb7P8\xbe\xf2>/\xf0\x16\xafn\xde\
\x96\x98\xb9w1:\xed|\x0a.z\xc2\xc5y\xeb\xb4\
d\xdel\x08\xafx[\xc5\xec,\xafc,\x07\xbfW\
\xfa\xebP</\x84x\x02\x14\x8a\x91\xebM+G\xfc\
\xa2\xa9f\x5c\x03\x0drZ$I\xaa\x07:&eK\
\x1d\x07\x0b\xa7\x86\x0b\xddC\xbeKj\xba\xb0N%\xe2\
\x08\x01\x8b\x14{l,\x0b<\x0e\x03\xdd\x04\x11lr\
\x81$ME.2s\xcc\xff\xc6Y\xe2fa\xb5!\
_\x87\xad=b\x875(\x14`7nq;\xb9\xf9\
\x8e_#\x9a\xdd\x03\x82+\xbbtjJ\xd4\xfd\xc9\xb0\
E~\xfc\xeb\xfc\x85#\xe5gT3\xd6\xa4B\xf8\x82\
\x06\xd8\xdc\xad\xe8\xfb\xa3\x16U\xd6{\xa4\xa2z\x03\x13\
\x1b\xe7\xed\xb3\x10\xb9\xf3)Pi\xfe\x87GB\xd5z\
\xe5\xbf\x0d\x81\x22a\xca\xbb\xe5\xa9\xdf\xa0\x9d\x84\x87G\
\xb3g\xe1\xd0\x8f\x8f`\x193\xab~3\xd7@\xdd\x89\
S\xcd\x12;\xd5Z\xa8x\x97\xf1\x19v\xa3\xddx$\
f\xc85F6\x06\xe7L\xa1\xb7o\xfa\xe1y\x06\x0b\
\xba\xd2j\xdb\x9ek\xea \xb4\x03b5\xd0.L\xa5\
\xc2@7\x13m\xdah5\x1a\x9a\x0a\xaf:/\xb2\xd9\
~\x91\xe8/\xdb\xaa\xb6T\xbde\xdd\x01\xa2\x8eM\xf9\
\xef\xabi)\xef\x95\xd8\x9cI\xefnlHe\x12\xdb\
\xb6\xbc\xe5\x97\xb0\xffFk\x04%\xb1\xba\xda\xcc\xda\x06\
\xe4\xbc\xccz\x9c\x06~XL=\xf5\x89\x8d\xd4\x08\x84\
\x0dW\x14.\x0d\x96nb\xadr\xb4G\xe5/\xb4G\
\x13\x02\xf9\xd6$\xa4\x83?o^\xf6\x00\x0b\x8aq\x81\
\xb2\xcd%\x89O\xde\x10\x80\xa1-+\x5c\x1a\x8f\xb6C\
-_-\x14\x11%\xc2+\xee\xee\x5c#+\xe6sz\
\xc9\xd8\x01\xaa\xbf\xb6\x17\xbe9\xce\x00\x83\xd7GF\xdb\
\xa2*\x0ai\xd1\x88\xfc\xd0\xcd\x84(O\xe1'\x9bq\
\x00\xdd2\x1d)\xb12=\xd6^\xb80(\xa0\xc8\x9d\
\xc3\x22\xdezQ\xe4\x15\xfc\xd0\x9e\xdf\xaf:E\xfc\x18\
!\xb4\xfb\xa0\x9b\xc9\x05=U\xf5\x1ai\xc6\xe2\x11\x86\
\xc7\x18\xfc\xe9B\xa6\xf3z\xaf\xa2Y>]\xb8p\x95\
\x09\xebm\x99\xc5\xa8\xd5\xeb{r\xda)\xa2\xe7\xcd\xc6\
Q\xd4\xc6\xc3@\xf2v,`\xec\xd8Z\xf5N\xd5V\
\xf75\xf8\x8fP#\xab\xd7\xc5\xca\xc9\x22\xa9\x0aE\x0a\
\xdf\xb8\xc90\xe7-D\x1eh\x93\xf2\xf4S\x9a\xd5\x90\
\xc6\xe4S\x97\x0b\xbc\x06\xfc\xe0\x06<.\xf3\x9f<\xdb\
\xbc\x0dQ\x225\xb5F\xc0\x11\x15r%b\x01K`\
9\xce\x00\xab-\xc2\x19\xf0$}\x9e\xa1\x0dX\xc6\xd8\
\x11\x16`\xa8\xa1\xad\xf1\x94\x84+\x99\x06\x19|\x011\
\xf1i\xda( \x0b\x18C\x9f\x886\xeb&y?w\
\xb3u\xf0\xb4TE\xf1};\xeb!\x09\xdc\x81K\x7f\
\x0a\xe9\x8ayj\xcf\x1f\xd2F\xf76%\xb7\xa7\x9a\xf6\
\x01\xe3\x9b\xff\x1d\xdd\x1e\xf8\x16kh\x8b|SkI\
\xb2\xc1\xec\xb2\xbe\x06P\x1c\xfe\xe8\xc7JPY\xe8(\
\xd2\x8a\xee\x18 \xd2R-\xcan\x06\xc9\x96a_N\
\xaeV\xd0\xbe\x8d\x95e>\xd7\x1a\xaf\xd1\x98\xc8\x11\xe9\
`\x09\xed\xc0\x89 1\xdd|@\x10\xd4\xbb- \x87\
\xe5Q%\x96sUQ4\x7f\x81\x80JEA\xd9h\
y\x84?A\xa3HZ#\xb2E\x94\x95\x88\x1c\xe8\xad\
A\xf8\x87\xb8Z\xaa\x0d\x16\x0b\x92\x99*\x5c\xecj\x8d\
tD \xe0\x91\xc5\xf3>iA\xec\xf0+\xe8\xe0\x13\
B;\xdb?\xf3\xb1\xbc\xaf\xe8|:\xa4F\xb8\xa8\x04\
\xc3\x04*\x8d\xf8\xad\xc7\xb7\xd9H\x9c\x91\x1dDS|\
\x0dq\x9e\xc14 \xad$\x14\x10h\xa6$\xd7\x04Z\
+&\xe3\x10fL\xa9V\xed\x0ar\x05\x0e<`=\
V\x8e\x0c\x96\x1cR\xa4\xd92$\xaf\x1b\x98^8\x8e\
\x92\xcaz^A{\x9e\x05\xd5\xec\x1a\x1d\x8a2{\x04\
\x17\xbevc\xc3\xb8\xb0\x10\xa5\xd3q\xc3p\xf0\xb2\x00\
\x90\x17\xe4\xfa\x15\xe5\xbeF\xc0\x04\xe6\xc0\xec\x06\xf6\xe2\
\xd5\xc2\xd1\x87e^\x89^\x99L\x1c\xac\xb2\xc2[\xf8\
\xff\xb1\xe4\xe4dwy\x01\xad\x92\xb2;>79+\
\xfa\xc4\xec:\x7f\x8e<z%,\xb4\xc7r+\xb3Z\
\x04\xa8\xbc\xf1b\x89\xfd\x874;A8o\x14?b\
\x93G\xec\x9d\x06\xc6B*RH_\xc71\x1b\xc2\x9c\
\xa2\xaex\xa4\x13x\xa0\xa0\xcc\x98Yu5\xee\xf8\xfb\
\xfe\x03\x80\x0b\x99\xa18F\xeeY\xb3\xfbv\xfc\x0ec\
k\xa4\xd9A8\x7fpR\x14\xcaO\x92\xa0\x00K\xe1\
\xca\xaa\xfdmH\xd4f\xcbQ\x82\xdf\xfb\x0b\xe1\x0d\x0b\
&V.\xca%\x8f42\x80\xcfPc\xfcL23\
\xa4u2\xbd\x9fd$\xb9\xd8\xdc1\xe9\x0b\x17\x9d\x9f\
\xfdezysv\xbdTp*\xad\x0a\xf5\xee\x8f\xb9\
\x7f{\xdb\xc2\x08P\xd1\xc8\xb3[\xbe\xf3\x5c\xb0\xa4h\
\x195\x03B\xcd\xdaQy.TW\xf4S\xe4\x063\
;\xfbh\xe5\x9a\x07\x14\x05\xe5\xd4T\xf3\x1b^\x8bS\
<\x09}\x82\xe0`\xc6\xe0\x97\xd9\xca\xaa&\x07\x82\x9f\
\xc5d\xa6\x0aX\xecB\x9d\xbd=&Rg$p\xc1\
R\xf0\xb1\xbf\xbd\x7f\xbe\xf4\xe5Y\x08\xc1M\x8f\x89l\
\xdd\xf4\xd8\xe5\xfc\xfd\x83\xa6\x02J22p\x87\xc3i\
\xa2ca\x941\x14\xa3T\x96\xe5\x91\xb79\x9a\xb9\xb2\
\x88r\xcc\xf3\x8d\xbar\xd9M\xba\x00r\xcc\xec\x8b\x1f\
i\xb6xA um\x7ft\x93\x9f\x1e\xbbY\xbc\xf1\
u~\xe8\x9cVf\x00'<\xda\x0e\x0d\xdf\xfc\xf0a\
\x90e\x9b\x99\xea\xcf\x9f\xff<?>\x22\x9c> \x22\
\xbap\xb9pa\x0a\x82i\xcc\x0e\xbaC\xeb\xc0cA\
5\x82Mr\x12*\xa9j8\x92zg\xcb\x06\x00\x1f\
p\x8f0@+U\xa6\xbd\xd3\xab\xf3\xb9\xd3\x0bj\xa2\
\x85K\xa3\x22\xaa\x22\xeb\xb5\xc5\x96/Q,\xd1g.\
\x9c\xba\xc7K\xc6\xcd\x8d\x0e\xf6F)HI\xd9P\xbf\
\xe9`d\x8a\xead\xa5\xe9,\x8e4rj\xc4\x93Y\
tU,F)\xd2\x05)$,Kc\xcc\xc6f\x94\
\xe7\xe5Z(\x9f\x85K\xea\xd1\x88\x13\xce\xa5\xec\xf8\x85\
c\xb5\xe0\x07\x93''\x00M\xa6\xc7\xba\x81?\xde\xe7\
\xee\xf0\x9d\xb4\xd0\xc8\xc1\xe5\xcd\xfe\xdb>r\x15V\x16\
\x88\xfbZk\xb2\xfe\xe3\xe4N\xbfh\xbd\xcfi\xdd\xd5\
\x1b\xe4HMl\xfe.SE\x06\x8bl7qg\xbe\
\x0bs\xd7\x8bh\xbf\xd4+d\xb9N\xa0\x14az\xf2\
*:-r|\x81\xe6\xcb\xc7\x7f\x98\xd7$\x1f\x94\x5c\
\x09\x80~\x94E\x01\xb5DgJF\xba\xc9Y\xcd\xc9\
\x0c\xb4VY-#\xc5#\x1ch\xb5\xb4\x1d\xe9\x8aa\
d#\xf7\x1fY,.\xd8\x9a\xef_\x12\xa1\xd7\x93\x0a\
\xf5\xe0H\x1c\xb2E\xe9\x9b-\xab\xdd\x0d\x91ZF\xcb\
n\xec\xb7\xb2\x82\xf3\xe4\x90\x92v\xa1\xcb/;\x17P\
\x06\xb0\x91\xcd\x03?\x16]x\xc4\xa0\x7fL\xb6\x89\xd1\
\xbb\xcc6Q+\x05\x1c\x1a\x98\xc2\x06\xa6v\x80\x04D\
F'\xa3[>\x14/\xf01\xb2\xe5\xba\xe1\xd8r\x04\
\xb7IZv\xe0\xc7:^%P\x82\xf8\x1bS5T\
\x04\xf2G\xa0i\xa8\xa5lC5\xd0P\xdcuk\xae\
\xb1\x8b\x0c7+w\xf9'\xeb\x15\x04\xbf\x82!\x0cn\
 3\xc3\xc2G\xe8R\x02#\xe4iCz\xf9\x12\xa0\
z\x8b\x061e\xa1\x0e\xa4qB\x18\xe1~4\x81\xbe\
\x8a\xe69\xa2\xda\x89\xb8\x86\x03\x0f\xc7\xaa\xa1\xc9\xeb\xc5\
I\x96\xd8\xc3\xbcU\x00\xead\x8f\xe8\x17\x13qP\xa6\
%V\x83q\xc0]\xd9\x14\x8f\x07\x0c}\x96\xd2gW\
|\xc8\xb5\xfd\x02\xaa \xdbN\x1a\xd7\xc0\xc3\x08Oa\
\x93\xc5/Y\x0d\xc5;\xe5q/\xb6\x00\xbb\x22\x8ex\
\x08\x9dl\x8fT\x1c\xd55\xda\x1fGx=\xcfYb\
\xf6\x00Tc\x03\xec\xab\xbf\x88\x94\xf5)]\x11JS\
\x02\x0dLi\x88\xf1\x8e\xb3\xee\x8bc\xc2@\x96\x85\xf0\
l!\xb51\x9bAx\x5cq\x08\x90m\x99\x1d\xd1?\
qC`e\xf7\x92X\xc9\xf1\x8f\xccc\xd7\xa1\xa1\xe1\
<6|\x05\x91\x94\x8f\xd6\xf0\xed\xb3>\xb9\xde;\xc8\
\x18\x93\xb6h\x99'OD>\xb2_]\xf6*\x02\xc1\
>.\xaf\xc8\xab\x1d\x0f\x83\x8f\x8e\xdfBW\x17\x0f\x8c\
\xe7\x8fL\xd2\x02e\xe9U\xf0\x9c\xa6\xaem\xff]\xb5\
\x0dO\xa4-\x8e~\xd6v\xf9_\x14\xca\x95bli\
\xd4^H\x9a\xaft\x8d\xfe\xd7[R\xa6\xad\x85E\xc9\
+\xe1)\x13m\xaeeT]\x15{J#\x92[\xdb\
\xc5i\xc6\xf9o\x80\xb1\xc0X\x82\x04S\x16\xce\x88\x8a\
\x10P\xd0*t\x1d-\x9d\x1c\x02Pwt\xc7\x9b9\
~uz\xb2\x1by\x01H\x00\x1b\xe3C\x037\xa04\
mz\xecv\xf4H\xbe\xef\x8e\xa8\xac`\xae\x0dO`\
\xc8\xcb\xcdk\xcc\xe1\x8bpn\xd8?\xc7\x9b,\xfd\x8b\
\x22\xcd4d\xe1Y\xe4\x13\x16\xa3676\xcch\xbb\
l\x8a\xa3\x9a\xca\x1cP\xa6cz \x86\xcb\xc8~\x03\
/\x12\xdd~S\x99lc\xba\x05\xd87\xef\xb7\x17&\
\xfaJ\x83\xe3\x91\x939\xd7\x0eb\x82W\xa7\xb5\x104\
\xd4\x10u\x05F\xafF\xff\x93I\x04\xd4y\x03c`\
\xfdm\xf2\xbfCZy5`\xa0\xc0\xec\x0f\xdc\x040\
\x05\xc7\x86\xe9\xd7\xec\xce\xe1\xebt\x97\xd3\x1f\xe3\xbd\xc4\
\xe0\x9f\xa0\x18\x9f\xb2\x96\xceS\x10\x93s{\x9b\xd2\xf5\
\xc9\xa6\xc6O\x196\xd2\x05^\xa3o\xc9\xcahB,\
\xa5\x9b\x91\xf5\x91_\xf9\x8e\xc0\x1bD\x1e%\x87z-\
!\x12\xa9\xa7\x8a\xfd\x17\x0b\x9d}\x89\xf5!\xf2\xa8\xa6\
\x0an\xe6\x102\x81\xe3\xbaM\xde\xd1\xbf\xeb\xfd|5\
\x98\x95\xbft8?\xf5e\xb1\xe3\xfa\xec\xae\xe8\x8f\xe1\
vE|\x0eI\xd70\xea\x07n\xf1\x87\x1c\x99)<\
\xc2c,\x9e@\xea\xf1\x9c\x8b\xfe\x81\xe3\xd2\x9f\xb4\xeb\
\x9dsw9\x06^\xcb\x89H=\x0d\x0d\x0a\x08n\x8c\
\x9a\xd4r\xaf\xfd\xf8\xf0B5\xb6\xca\xc6\x16\xe6F\xb7\
(,Q\xb5\xdfk\xa2\xcf\x9f\xad\x9b\xa5\x87\xd3\x82\xe7\
\xa7\xf8\xf8\xdb\xad\x07EOB\xe7\xabw\xb4xi\xbf\
\xef8\xb9f\xefu\x1c\x94}t\xa2~S:\xd2\x9b\
\xd8\xbb=\x99\xcb\xa52{\xf6\xf9\x9fd[4U5\
#\x06\xb1\xe0TW\xe9\xc2e\x90\xfc\xf1-\xb0\x1e\x8a\
\xa7\xd1\xd0\x0d\xc5\xd0hT\xcb<e3\xac>2|\
\xe7\xc7\x0a\x03\x13\xfe\xf0\xbdC\xf13\x06YC\x8c\x97\
x\x0d\xfe\x82Y\x13\x0d_#V<\xc0J'\x0cT\
\xd1p\x17{\x8e0\x0cTK\xab\xde\xf4$\xe0[\xd1\
G\xc4\x19C\xba\x97R\xee\x02l\xe8\xef\xc4\x5cCF\
K\xde\xc9>RMx\xb7\xa1\x7f\x89\xce\xb0\xb7\xc9X\
\x0d\x0e\xe5\x87\xceq\xf0\x05\x15=\xa1&\x8a\x9f\xcf\x0c\
]\xf1Sb[\x02\x9a\xef6D\x15<\x06\x0b%'\
\xf7\x82\x1dz\xe3\xaa\xa7\xdd2k)\x01\x06\x00WD\
t\xfeCE\x8e$X\xe3\x91u\xf31\xe5NK'\
,\xc1\xde\xe2\xb5\xfd\x82\xcb\x8a\xddx\x162\x0f\xb7\xc9\
\xe1N\xbb\x0d\x94.~]\xba|\xc2\x1f\xc7_SA\
@2\x8eR\x9f\xafB\x17\xb6x}\x92qaA<\
\xa0\x19\xa1\x04N8\x83\x98w}R\xdc\xabd\xe0\x82\
\xcb#\x04\x9b(\x17\xbe\xa0\x0d\xf3\xe1\x0b\xd7B\xab9\
\xd7B\x80\x1f\xf9\x97\x1e\xbb\x89\x0aC+\xd0d\x5ch\
\xe5C\xa7\xe1\xd0\xb5\xe5\x11\xd9/L\xe2\x1cL\xd1\x18\
\xccJ\xe9/*\xb5\xef\x11\xa90\x82\xf6U\xca\x85\xf1\
\x98\xe7*\xcd\xe1=\xa4\x85\x92\xd8\xf1\x13\x19\xd6\xa1A\
\xca\xb4\xb5\x08%\xee=:kK\x83#>\xcab3\
\xbeS\xc6I\xe1\xcd)~y\x9a\xc1t-\xd1\x0f\xc4\
\xcf\x92\xea\xb8\xf9\xf1\xdfl\x81\xac\xadH\x1bD\x08\xe9\
\xd7\xb4\xaf\x01{\xb1\xa4@\x9c:\xfb<\xf2\x9dF\xad\
\xb3\x16G\xb7#\x9e\x06\x07\x93\xc2\xae4\x9f\xad<O\
\xfdm\xf3\xdd\xe2\xad\xe8\xae\xd0\xd8\xd2\x90\xfa#I\xf4\
\xc15\x0bQ\xcf^\xf9\x9b!\xe9\x91X\x0fqY\x18\
>\x18\xdd\xd2@K\xc1\x1d\xaf\xe1\x0a\x0b\x8a+)\x8d\
.7j\xae\xa7\x1b\x862\x98\xdb\x0a\xa5+\xcaY^\
\xe4\xa6\x98\xb1\x81|\x09\xcd\x80SM1\x9d\xfe\x10\xb1\
\x8a\x10\x07\xd4\xb1\xb2\x13i\xb6H\x8cJ\x87\xc9\xa3\xe1\
3\x89\x8f\xb2\xaf\xcc\xe2\x10\xf8\x17\xec\xd1e\xef9\x8b\
\xa5\xda\x94\x0c\xd2|\x18\xb7j*{\x9d\xb7\x9c\xfa\xd7\
FK\xe8\xc9\xff\xae\xeb\xf9\x97\x1c\xb8\x89\x14L2\x11\
C?j\xbe\xa3\x13\x97@\xe8[V\x9e\x084\x029\
q\xaf\x15\x9f0\xac4\x11\xc8\xbf(d\x85\xa9\x08\xf6\
,2\x82+5\xd6\xc5\xc5S\x85\x14hj\x000\x11\
W\x5c-r\xb9.\x7f\xc4\x1c\x9e3B\xd1\x1d\xabU\
\x0e\xd4_\x12\xa5\xae\x1f\xfd_P\x0b\x99\xd8\x98\xdeY\
\x9f\xcc\xf9\x17\xf3\xd7CZCZ\xf1\xd4\xb2\xfe\xbc\xa9\
\xf9\xbb;\x99\xff\xfc\xb8\xefH\xbec%\xde\xfc\x1b,\
$\xceXGr\x81\xf3\xf0\x0e\x9f\x88\x19\x1e\xe7\x13m\
\x8fEK\xcc6x\x0eo\xa4\x08\xa9\xe8\x82\x14\xf2c\
Yz\xc2a\x9fi\xf5J\x05\xe2\xa1\xd0PP<\xf4\
\x8fN\x8b\x96*\x1dV\x12\xf9\x81k\x1a7\xace\x88\
\x8aL1\xae\x05\xddg\xab\x8c^\xc0\x82-\xa9p'\
t3!\xee-3\xb6\xa2pX\x92\x18\x89L\xb9\xc6\
\xf9\xb3L*\x1f~\xe7\x171f\xdb\xafc\xbb \xab\
b\xcc\x15\x81ni.o\xe2\x02\xc7D\x7f,\xaa\xb1\
q\xb6\x9aj\xbe\xf3\xb8?\x9d\xe1av:\xbb\x0f\x83\
\xb0\x96\xf7\xb0\x88\xed\xf6\x0f\xf9\x05\xa2\x1b\xcaJ%\xd8\
\x1a\xf0\x86\x88\x9bv\x1a\xc7\xbd\xf1\x0c\x1a\x00\xc4\x1b\x0a\
C\x03\x9b\x13\x1f_\x5c\xe5\xbc\x92}I\x05.\xf2l\
\xf4\xbf\xebI\x8cb\x01-\xe9\x12\xc1\xfe\x8e\xaf\x13+\
\xb3\xbb\xeb\x9f\x9d\xedx=\x0e\x0d1\x83\xb5\xd8y\xd2\
\x12Ev\xc7\x1b$\x91\xfd7\xdb`))\xfb\xbcO\
LU&m\x90\xaf\xca|JV\xb1\x80\x8eA\x9bE\
\xc6?\xa78q+?q\xcdg\xbax\x15\xd1\x92\x10\
\xc2\x82\x08\xd0J\xc7\xe9y.:\xf6\xdc\x22\xdbg5\
\xa6\xf2\x15&\xc3\xb5\xbc8y(\xda3\xbf\xbd\xdf\x09\
\x9e\xd8skT\xed\xec\xb7\xf7E\xa5\xbc,\xa5M\xb7\
\xf8\xf6\xbf\xa7\xf9:Z,U\x899\xc5\xc9\xce\xe8j\
\xc0\x95\xed\xa4\xb1\xdc\xc1\x7f\xe5\xc9^\xe6\x95\x9f\xaaz\
[\xb3\xf9l\x8e\x1c\x98\x0dF\xe9\x0a\xb80\x13\x9b\xdf\
\xda\xe0\xa3\x0b7p\xc9%\x9d\xd0i\x95\xdf\xd1T6\
1\x18T\x03\xa3\x86n\x22\x87\xa6p\xfcht\xce\xeb\
\xa5\xc0g\x9e\x9e\x97\xaeu\x83\xae\xdc\x9e\x9d\x0az\x0d\
t\x16\xa7\x85\xfe\xb23\xe8\xb9\xd8\xbb\xad[6N\x07\
p\x01t\xa6\xef\xadP\xfc\x9d\xf0\x87s>y'\xd2\
\x1cY;\xd0\x10K\x06\xf7\x01\x06\xb6(\xbdI\x06\x8f\
\x7f\x9f\x94\xc3\xc6\xdf\x84t\xb4\x15\xef\x02\xc1\xc7Aj\
Z\x5c\xc1\x8e]\x8a^\xe7o\xed\x034e\xfd\xb7\xf6\
\x0bB\xc6\xf7\xc2e&\xf8\xbe\xd020!o\x1a9\
 #\xb5\xdf\xf0\xf3\x011TG&\xb8\xd8\xba\xc1d\
\xd0\x90\xa6\x04J0!\xcd\x97\xad'\x14\xf0\xd3\x86\x9e\
>\x87\xf9\x19d[F((B@\x8d<-$r\
5\x02\xf5\xb9\xc4\xde\xa6\xc6\xe6\xc6\x9c\xc4rr\xb1^\
P\x86\xad\xb7\xcd\x14AN\xc6\xccy\xd1\x8a\x83\xb2@\
\x919\xfdT\x9e\x8e\xd4%b\xf9\x12\x97I\x9d\x02\xea\
|\xc41#V#'\x22\xcb\x86X\x13\xb9\xd0J/\
\xfc\x13yL\x91x\x07\x007\x0b\xdd\x97\x99\x17] \
?i\x0eE\x0f\x942\xa4%\x93\x07N;'\x93\xb7\
\x0c\xf1\xdf\xb1\x17m\xb3b\xfd\xfb\xad\xdf`\x05\x02c\
\xc6A\xc4\x06CH\xca%\xda<\x16!\xe2\x19F\xd0\
 >\xaa\xf7\xdd\x8a\xef\xd0\xe6\xda\x98dB*\xbb\x9d\
\x14g\xfc\xad\xbbR\xa6\x87\x17\xf1\x22MY4\xec\x82\
\x0d\xbc\x87*\xfe\x1aH\x98\xf2\xe3\xd6\xf7\xbd\x07\x11B\
\xd4\xcf\xe5\xc9\x9e\xed[\xf6\x0bl\xbc\x80\xe1\xcb\x8eg\
\xca\xfe\xa0\xec\x0bV\xfeZ\xe1\xb8\xc7\x8a\xb2\xc6\x86x\
\xbc\xdf`U\xbe\xe2\xf3~5\xb4\x8a\x82\xff\xae\x7f\xd6\
\x0dW\x12\x1f[\xa1\xcf\x0f:\x10I\xeb7M$T\
`\x97\xe17i\x12{\x9f\xb3\xfd\xc5P\xc1\x07\xc4\x0f\
\x90dp|D\x09\x7f\x0c\x83\xff\xc0\xcb\xef\xaed6\
\xb02\x90C\xda=\xef\x9a<&\xb3w-Umf\
\x0b\x9f\xe9\x1d\xc8w\x9f\xf2\xcf{\x08\x14\xb5\x12\x9d\x9f\
\xcd$\xe35w\xe6\xfa_\x0b\x9f\xf7q\x12\xd7s\xa3\
\xa9\x83\xb4\xb5\xa4\x97\xeb\xd7\x0a'\xc6\xfct\xdco\xa5\
+\xd0B\x82\xb0-\xb6\xae5\xd9\x14o_\xcb\x9f8\
\x96\xef=6=y5\xda\x03|\x08\xdd\xdb\xa8S\xed\
\xaa\x9b\x1b\x8d\xec\x84\x5c\x11\xbb4\x93\xb1\xe1\xa61\xa3\
\xb8|f\xe8\x0b\xa5]>=uAH\xba\x89\x12\xde\
\x91\xe9\xc9\xd3\x8aW&\xba\xb4\x8f\xfb*\xcf\xdb\xb4\xf2\
\x96B\xe76\xc9QP{s\xb3\xd6\xeeh\x94\xdb(\
\xc7\xad\xc4\xd3\xe5d\xe5.\xbf\x03\xd8\xa7i9ad\
*\xd8\x94?\xd953xCdzOt\x16{\x86\
\xf3\xdd\xc7J\xed\xbd\x85\xb3=\x85\x0b}3\xf7\x18\xd8\
\x96\x19*\xd5s\xb3L\x16f\xd0\x1e\xd7\x8e\xd9\x0c\xe0\
\xaa\xc8\xaa\xd2\xa9\x81\xfc\xc1^\x1c\xaf\xca\x07\xf1\x80\xe3\
\xb4\xdbq\xbe\xb5^\xf8\x12N\x8e\xd1\x00\xd2h%:\
T\xe2\xf9}\xf2\xfa3\xea\x85W\xb7F=\xbe\x8d\xc2\
\xbe\x0d\xd1v`\x92\xf7\x1bP\xbd\x10C\x82\x91o\xa4\
\x83\xfb\xb2\xdeGC\x86VF\x8eWCj\xdf\xb3\xe2\
\xaf\xb9dfg*\x97\xd8\xba\xe1\xed\xc4\xdel\xc3\xc7\
\xfb\xf8[$\xbd\x0f/\x0f\x11\xc6\x90\x89\x8f\xc7^\x0f\
\xaf\x0a5\xdf\x194\xd7\x9b\xa8\x8e\xdb:\x978\x0f;\
\xf4\xc5n#P`\xe3\x07t\xb7Y\xa9NJ\x9d\xb5\
[\x1f=i\x92\x9avOF {\x94\x90N\x89S\
6R\x85\x19\xa4'\xca\x06k\x13B\xe3\xb6\x1eM\x96\
\xf8\xb7\xe8\x06\x8bg\xa7d\x85\x13\x8a\xf2R\x9e\x1eX\
_\xf3\x0f\xee\x0a\xb5b\x82)\xe4\x87z\xa13Z\xa2\
C7)\xadFj\xe0\x06\x93\x9a^\xec4`Q\xc1\
\xf8M\x08\xfa\x16\x9f\x95w\x83\xc3t\x0bN\xf6\x0eT\
C\xf5&\x0e\xc0\xd2\x0a\xdf\xec\xe7\x14\xdd\xec\xb7!I\
v\xb6R\x15\x9c\xf7&d\xecV|M\x06\xd9jI\
E\x11\xe7\x06\xed\xf8\x0a\xf2\xf5\xd1\x98OOv\x0b>\
> \xad\x92\xd7\x17\xcd\x0b\x19\xd4\xc3z?\xd6\xdcu\
\xa8hH\x8b\xa4\xfdB\xbar\xa6>\xef\x9b\x0a\x08w\
S '\x8a\xca\xa4\xc5AV\xe0\xdf\x97\x1d\xd7-H\
\xb6A\xd9~\xb6\xcb\xf0\x92a\xf8W(\x90\x18>\x0d\
\xaaj\xe4\x1bn\x92\x13\xcai\xa4H\xdar\xd3*\x86\
\xf1Ww\xc5/\x92\x1dNK\x19\xefeU}\x92\x0b\
\xcc\x05OK\xacw\x8e4)\xa4\xa9f\xa6\x17}]\
I\xcf)\xa0\xb1b\x9e\x9d\xbf'\xfe#~z\xf9K\
\x93\xdbT\xaa\xe3\x98\xc3\x97\xb21'>\x9cPC\xdd\
4>\xa8\xb0\xd4\xdb\xd8\x1bp\xebS|\xd9\x19\xcf\xae\
KGf\xee\x1c\xf6\xa3\x13\x1bx\xbda|\xe8\xda\x81\
\x99\xeb\x9d\xdf\xf1d\x08q\xd2\xc7,\x05\xaf\x09\x16\xcd\
\xe3\x1eo\x1e\xe3\x0e>\xcc\xd2\x09\xbb\x1b6\xa1\xbas\
\xbf\x84V#/\x9d\xb9\xc7QT\xf0X\xc79<\xb8\
\xf1\x09| \x11\xddL6\x13F\xa3\xb9\xf0\xf3\xc4\x1b\
\x9b\xb7r\xbcNv\xcd\xf9nO\x01\xf5qx\x9c)\
kxH\xa0f;\xf1\x1b\xf1 \xd7ZT\xb7\xaa\x97\
\x0e\xa09\x82!\x9a\xfe\x89\xa2\x1a\xb5\xf8e\xd9{\x07\
^~\xa9\xf0lyB\xd3,\x9b\xe6!Rf\xf8\x86\
\x0aD+\xb0\xd6\xf2\xc4\x16$:\xfdC\x02\x11\x19\xf9\
Ad\xe9|{\xff<R\xa0\x9e\x19\x01\x9eS\x95\xa6\
:\xc0e\x01\xdc\xf4\x92f3\xb3\xb67a\x81\xe2/\
\xe3H\xc7\xe0\xd3\xfa\x994\x87\x04\x0c\xb7QC\xaa\x04\
\x9b\x1a!\xcc\x80\xbet\x1a\x0dX\xc2\xf2\x17\xfa\x98\xe2\
\xc6\xa5\xba_\xb7\x1eF\x05\xd7\xec)\x1d5\x04\x88Y\
>S\x93\xd0\xcd\x05t\x97\xdc\x01\x09*-\xb5\xb2S\
\xcfT>\xc3`\xdb\xdav\xbb\x09\xb7e\x1b*\x1b\xa6\
\x9d\x8c\x9fK\xe5\xac\xd5\xf5\xc8}[Z\x06\x15\xd13\
C\x83\xf9\xce\x93\xe2\xdc\x93\x0bY\x1cw\xa0\x8c\x0d\x8c\
\x9d\xa0O7\xd6\x03Q\x5cfv\xcc\xf7\xd6\x9fM\xca\
\x85k\x8f\xc9.-\x93\xf8F7\xdf\x0b\xa95\xee\x04\
\x91I\xdfR\xfb\xd1\xd2\xe08\xbfS\xfb\xda$sx\
\xfa\xdc\xd0\xcf\xa3>\xae\x15'\x0f\xf3.\xffR\xacF\
\xd8.\x8dM\x95\xb9t\xcb\x86\x82\x97\xee\xa7\x90\x84M\
|w\x9bO/\xb2\xf8\xf6\xcc\x0d\xcf{\xcdi\x98K\
\x93\xfd\xa0\xb7+\xc0M\xedc\xdc=R\x18*W\xbc\
\x01\x06\xebjW\xd4\xb8\xbc\x16v@t\x05\x18\x85+\
\x5cj\xa7\x03\x00\x16}\x83\xbe\x1e\x81\xe1?\xd5\xe9G\
\xae6\xc8^\xea\xe5\xe5\x9d\xee\x9a+\xad\xaf,\xf6\xeb\
g\xc9*\xbcs/\xba\x83\x8b\x94\x9a\x14ad\xa0\xd7\
\xdb\x1dB\x04\xb11\x83\xe3\xd1\xa4iqS\x01\x92\x84\
\x0ae&\xc8\xbd\xfc\xce\xe8\xf4$bK\xa6\xc7\xda\x0d\
\xc6\xc5#\xefp\xcd\xcc0r\x96<c\xa5bh\xb0\
\x0d~\x04\xdf\xd6p\xb0#\xa6H\x8aAk.Kz\
W\x13\xae\xde\xe1\xee8\xe7\xf6\xd3\xef\xd5\xfe\x9d\x01n\
\x98\xf8\xe1\xffE\x85\xefQ>f\xff\x92\x03\xdd\xa3\xd2\
\xa2a\xe8\x1e\xa0\xc1\xb3\x94Q\x0c,\xc2ZAX\x01\
2J\xc9K\xd6\xd3\x81J\xb2u\xeav\xf35\xd8|\
\x8c8\xc8\x06\xe7\xbb\xec\xd5\xf6\xee\xa3M:\x87\xc7^\
\xcb77\x11\x9bg\xa0C\xa9\x16r;\xb1\xb7%\xd9\
\x9c\xda\x07c\xba7)\x93\xd7\xfb8\xecNX\xa6\xd5\
\xf4OD\x95u\x1f\xb0\x88\xa2\xdb`\xf0\x1e\xf8\xbe\xd3\
:\xbf\x98\xed\xb9E\xd9V3\x08]\xce\x91\x0bYN\
\x86\xe8L\x96}\xb5c\x8f^\xd4\xd1[C\x84cf\
j\xa0x\xe3x\xa1\xe7z\xbes\x84#\x82\xe4Y_\
\xb9w\x7f\x9a\xf6\x15|\xeb\x9f:m\x9a\x94\x8a\xaf#\
\x14\x98\x91\xa8T\x22\xf3\x0b\xfc\xc4y\xcf\xebd\x17^\
\x0e\x18\xf1\x10\xbdc\xee\xc4\xc8l\xce\x92\xd3\xd9-I\
\xb6\xacL25c\xe6\xda~\xc0\xea\x0a\xde\xf6\x93W\
J\xfd\xed\x22\xfb$UH\x98\xb7_U\x96\xe1&\xb8\
P\xe2@\x7f\xa7+o\x16\xe3g9\xadm\xc8%\xe1\
\x8c<\x92\xad`lk!\x1a\xf1\x92r\xb5\xf9o\xfa\
\xaf \xcaPI\xe0\x91\x8a\x13\x83VI\xb4H\xf3S\
\x07i9?C\xf1;,\xd3ki\xe2\xaa\xf0\x87\xa1\
q(\x0df\xd4N\xc6\xe1\xcaA\x17S\x05\xb4k\xf5\
T\xc8z\x03lG\x8amX\x82\x1b\xc6\xf5\xe1\x08\x8d\
bH\xa2w\x95\x81n\x8d\x9c\x8a|\xbe\xe8-#\xaf\
\xa088D\xc5~0\x14v\xee\x10\xaca\x11w\xea\
<\x0d\x85\xba\xfa\x86.\xcauae\xa0\xd6\xa5\xf8'\
f\x0e\xfe\xae\xec\x98\xf9cd35\x05\xaa\xa1\xed3\
9z7\xc9\xa6Dk\x92\x9dw\xa3\x1b\x92k\xe5\xe7\
\xdf\xf1Ln\x0c\x09\x17\xe2\x0d)\xe3\xed\xad\xf5\x1e\xd3\
\xaa\x1b\x5c\xe2\x93z\xf2]K\x83#\xa5\x837bN\
oq\xe1\xf0\x18X\xfd\xe9\xfc\xcf~i\xdf\xd9\x9a\x05\
(\x89L\xe7\xf5\x15\x0e\x03u\xc6(\x86\x89\x99\xa7\x1f\
2\x9b\xf8\xa3\xbe4\xe5\x0d\xcb8\xb7\xe1\x15\x8c\xe9\xf6\
\x87\xe3\xc3y\xc3\xffX\xfbd\xfc\xe4\x95\x8a\x08Y\xfc\
\xe8\xfbv\xfdq\x0ds\x5c\xfc\xc7\xe2\xde8\xda\xa3\x05\
a\xd3\xc0Q\xf8F\x10\x95\xe7\x85\xb2\xfb\x82\x83A\x92\
 \xff\x90E\xca\x9f\xe9D\x22\x9b\xbe\xac\x0a\x83\xf6\xd2\
\xb7\x86\x5c\x8c~\xf7\xe9\xa9\xa1B\xffx\xf0\x08\xff\xd3\
?\xe9M3V\xf4\x1b\x19x\xed\xeb\xc2l\xde\x0a\xa2\
\xdd\xcc\xfb\x1c\xf8'\xbd\x8f\xa1g\xb0\x89\xac\xe9\xb7z\
m\xb6o\x05\x9c\xc2\x94n\x81y\xc3[\xdf\xfbBm\
\xe6\x8a\x14\xe4\x82U\x0c\xd7)\xb2o\xe7,\x95\xeff\
$\x08\xc9\xb2\xf8F3\x16\xffYv,bF\x01V\
.2f\xcbJk\x9aR{$\xa7@e_\xb2\x1a\
\x89\x90+\xc3\xb7\x97\xb6\xae\x22u\x02\xa5\xe496\x90\
1\x86\xab\x88vox\x8f`\x95L\x08\xfd\x01\xd3\xc0\
9\x0d_\x8d\xd3\x03\xac\x16\x9d\xde=\xc0\xab\x02\x1e\xe3\
\xc9K\xe5w|\x1d\xdd\xbem\xd1\xdcY\x1f+\xda\x02\
P\x03@B\xa8_s\xf5\x83\xb0Y\xefAB\x13{\
t\xcdW\x7f]\xf3vG\x1f\x09\x86%\xb1m\xeb\xfa\
\x84\x92\xe8\x18\xc1**\xe5\xfaE\xfec\xbec\xff\xcc\
\xd0\x18\xfcJ\xd6\x0e\xb2d\x94\xe5\xaf\xe8\x06N\x12\xba\
\xf3\xda\xf7l\x86\xf3\xc6\xba\x22\xd1\x9b}\xe4\x0b\xd0{\
\xa1F\xa81\xa6.-\x7f-\xa6\xf1\xc7Q\xeaJr\
\x8a\x0a1\xf7\x22\xeb\xeaZ\xde%]\xc3\xb4\x16\xe3\x18\
s\xad\x13\x8f\x98S\xe6.w\x87K\xc7\xf2\x7f\xb9+\
n\x95\xeew\xd6k\xed\xffU\xb8e&5\xb3\xab}\
\x1bR!\xc86\xc4tzE$Xb\xfaG\x0d\xf9\
\xa5\xdc\xe9\xb3\xd90iB\xc0f\xeb\xd5\x8a\xd4\x8f\xe4\
#\xedp\x06\x0f\x97\x9b\xe0\xf3\xb1\xa4f\xc5\xd1z\xb8\
\x1bv`\xed/\xf9[\xae\xf0{{.\xe2\xcd6\xc6\
\x8fz\xcaf=&D\xce\xd5\x10\x87\x8d\xaeP\x0cs\
\xf3<\xfd\x18\x9f\x17\x84\x10\xae\x9f\x17|\x93<WY\
\xf1p9\x86\xb1\x05\xd8\x17\x817\xf2Q\xc3\x0fI\xd7\
\x0d\x81Z\x0c\xf5iw\xc4T\x19\xd2mKq\x96\xe6\
Hb\xe6g!F0q\x89\xee\xc2jDA\xc9)\
k$\xa1D\xd1OK\xccn\x98x\x0c)\x7f\xad\x0e\
\xc2\x9c\xe9\x05e\xd2\x019\x0b8L\xd9\x11\xde\xc0X\
\xedKj\xfb\xec\xfdV\xa2\x85\x866\xa5\x15]G\xf2\
C\xe7({?K\xdecz\xf6\xc5\xbb\xfc\xb6k\xa0\
m\xa8\x87\xe2\x9b<\x8dJ\x0bM\xc1\x98\x8d\x22?U\
BN\xe5\xb2@\xeb0\xcb\xb4\x07\x01\x18\x09\x14\xf4S\
p2__\xcb@\x1e?\x91C\x95#\x10\xd6\x8f\xa2\
\xb3W\xb07\xf5\x5c\x9f\x9e\x1c\x11\xb5\x8f\xa7\x8f\xe4o\
\x9f\x91\x84z\xf7\xa6\x1f\xfc\xa5p\xa7\x7f\xfa\xa1\xd8\x05\
\xd8\x84R\xb4q Ps\xec`\xfen{\xe9\x5co\
~\xe8A~\xe2\x1aRO\xcb\x96y\x00\x06x\x19\xf1\
9:\xe9\x14\x04st\xa0zd|\x18E\xad\x98\xb5\
@\x14\xa3\x17#\xa3\x0a\x03\xed\xd1\x1d\xc2\x8f\x12o\xd3\
y\xfb\xf2\x9f\x1a\x9b\xe2\x8be\xcfFsq7\x99\x87\
\xad\x0a\xd3\xaa\xbd\xf3Vi\xdd.<@^q\xf6\x8e\
\xd5VBCW\xdc\xe9\xfax\x15\xcdl\xd1\x1e:|\
\xe4\xac\x04;$\x09\xbd\x98\x9d]^C\x22\x99\xa3w\
\xf2\x0f\x0f\x89\xc3a\xffT\xbe\xa3[\xc8\xc3^\xba/\
\x82\x99\xc8\x12\xfe@8\xdd\xe8\x98w\x17\xaf\x0fC]\
_4\xf4\xf9\xae\x89|\xe7\xe1`~\xb9F\x22\xeaa\
\xc3\xd8\xee\xe8u=>\xf3 jy\xbc\xd8w\xd0_\
h.M\x83+_g\x8b\xd5\xd5@6Gk\xd41\
\xd2t/\xb0\xe9\xa3\x06\x09\x95\xce\xca\xc5\x00\xc7\xa7U\
\xadK\xce\xa9\x85\xd8E\xb2a{\x22\xbb+\xd5\xd4\x94\
\x80\xc2[\xe6\xd4\x1a\x99\x85\xbe}\x92\xd4\x97\xa9R5\
\xfat\x8e\x88\xb4\x8b\xe4\xe8:G\x22\xd8&2\x08\xb5\
b\x0a\xf0+\xd1Oy\xc7\xe2\xd1\x8c\xeea]G\x13\
\xafE\x03\x9bI(\xc6\x83\xf3H\x89K\xff\x0d\xd5\x88\
\xcb\xca\xad\xd4y\xa3\xb3]\xeew\xe2c\xd4k]\x22\
\xaeX\xf3\xdf\xd0\xae\xf1\xa9\xc2\xc9\xdb\x81\xca\xcc\xd7\xad\
\xd6\xf9\x18w\xcb,\xce\xfdE\x08\x00\xe9<m9\xfa\
\xec\xc1\xd4\xea\xbd\x99\xaf^\xe8\xaa \x82\x85mz\xa7\
1*\x83<dx\x17z\x96i\xa7\x90\x06\xac\x94R\
\x87\x00\xa0\x85X:x\xc5T\x95\x10c\x97R(\xdd\
}\x81C\x15\xbc\x00\xcf!\xf3\x8fx\xa9\x17\xe9K\xe1\
n\xff\xc8\xaf\xb6Db\xe8\x19\xc0\x8fS\x1aZ\xad\x01\
?L9\xe8\xcb\xc1F\x14\xa6\xdd\x07G\xf1\x09\xccE\
\xba\x1b\x8bO \x90\xae\xdc\xa8iY\x1bC\xfd\x93s\
Q\xb5\x0c\xb9\x09?\xdc\xe0~\xe3\x06]\x15\x01Q\xb1\
\x8fq{\xdd\xa8\xdb\x9c\x8fm\x8e\xde\xcd\xdf=P\xfa\
\xcb\xc3h\x94\xa3-vc\xb9\xf9\xdf\x82\x03\x027\x1b\
w\x9a\xd4Zd\xfc\x8d\x0c\x82\xac\x01\xc1\x93\x19\xa7\x00\
\x03}!\xb29\xaf\x02\x03K\x07\x86\x8aCw\xff\xde\
\xbe_h\x81\xde\xd9_\xbc\xb4_\xa4\x93d\xfdE\xe4\
\xb7\x14\x06n1\x9b\xf5\xc2\xaa_\x1b\x9cj\xa0\xa2\xbd\
\x1a\x90\xaa|-\xfb|\xd4S\x11\xd91\x856\xa4\xf5\
\xf9O\xa0Z\xca\x86\xb6\xe6\xd6\xec\x9e\xac\x0ff\xb2\xe4\
X\xc8\xe1(\x1fc\x92\x83\x8bu\x87\x8c\x22\x02\xb1\x19\
\x00aR\x9f\x80\xab\xb2\xaa\x08\x80F.\xfb\x08\x14\xb5\
\x00en\xbb\xbf\xc2v\x8d\xaer(5\xbd\xb2LZ\
\xda\xe0\x89\x96i\x88*\x84\xbb\xbe\xbd\xdf\xe9d\xa6Y\
r\xc7m\x0c\xe6\xb5\xda\xa0]OM\xf9\xa5\xb3\xaf\x94\
I\xf7V\xc7\x91\xb0?&\x192\xeb\xa9\x86\x00\xb0\xe8\
\xf8\x1f\xfc\x0dy\xa6ow~\xfe$\xfc<re\xa7\
\xc7\xdaK\x83\x8cp(v\xa0\xbd\x027?Y\x8db\
.\xec\xba\x7f\x19\x0b\xeb\xdad\xe1\x99{\x0d\x08\xf3\x91\
\xf9\xdd,\xc2nl\xd2/\xbe\xd7\x84gt\xa8\xd5\x1a\
luV\x8d\xa9B\x1b\xcc\x83\xbb#\xc1C\xbc\x7fC\
\x88\x987\x04\xc4\xa8\xb3l\xac\x0e\xa6i\xb3\x8e\xfd\xf3\
\xc5\xbb\xabf\xa6\xceG\x9b\x11&\xbf\x07\xbf\x81\xd86\
\x84\xa5\xc4~t\xe5\x5c0>\xb5\x98l\xf56\x81\x81\
\x8d=\x97|\x03\xa1A\xda\xec0\x1fd\xa5S\xd3\xaa\
x\x04\xbcf$\xe2\xd8_@[\x0c\x0e\x87N\xe9\x01\
\x86\xe9`\x15\xfd1\x13=\xcc2T\xcd5\xd0\x14\x84\
\x0ey\xb0n\xad\xd3,2\x9f\xe0Q\xbb\x13\xef\xbe.\
2\xffi\x84\xfeH\xfe\x18q\xba\x1e=\x9e?6\x15\
\xa6\x97\x8c\xc3\x19U\xc7\xc1\x88v\xc45\x81\xdb\x19\x10\
\x07g4\x9c\x93\xc79V\x16/YM\x8d\xc9\xf7\xde\
\x9c9\xf8@Qq\x8b\xa9%*Ab\xb04\xef=\
2sN%\x80\xacg\xa8m\x15q\xe6\xec.3z\
!\xa5N%\xb9\xab\xae>n\xde\x1f28\xf5:\xb7\
\x18Z\xa5u\xd4b}\xd6\x8ax&(\xfe\xf6\xf5\x88\
`\xa6\x846\xf0\x03\xfaS\xe7\x05\xa8k\x06\xd9\x9c6\
\x02E\xb0'\xff\x02\xe8\x1c\xbd\x96\xb3\x17\xa3\xa5\xcc\x8f\
\xd2\x13v\x82\x83.D\xae\x08\xe9}/\x1f\xb2[b\
\xb4M\x0a\xc7\x14\xba\xdan=\xd4\x0e\xdb\x99\x10+U\
\xab\xbb^\x09]\xcb\xc4\x8c8\x82\xa5{.ItE\
\xdc\x07\xb4\x0bdR\xd6\xdfw\xdf\xd3\xa7\x0fT\xc4\x84\
\xb2\x92T\x98\x83\xa3\xf8ma\x15\xd3\x17\x99\x8a/)\
=\x8c\xe1\x8a\xbb\xbd\xf9\xf1S\xe5\xb0\x9dj\x05\xb4!\
+\xb2\xa1\x11\xb6\x8b$\xa0\x87\x87\x1d<\x95\xf1\xe1\xd9\
\xb4\x8a\x85\xb9\xaa&\xd9T\xef\xc5\x08\xf1\xb1\xd1V#\
\xe6\x0b\x92\xe0\xe6\xc2\xfc2*\xad\xca\xa9\xa5\xad\x96b\
\xbe\xb2f\x84J\xfa\x0a9\xd6\xb2j~\xeb\xbd\xf9e\
\x12\x7f\x06\x8a\x17+\x9cj\xe8\x85\xd0\xb8[\xb7`\xff\
*\xa3\x9c\xba\xd8\xeb\x9ak\xb4:\x0ew\xfb+\xaf\x09\
\xdb\x09r)\x84\x1a*(Z\xc5Ig\xa8\x84bj\
X\xabi\xf6\xc9,e^X\xe5y's\xed\x16\xf7\
\xd7\x93\x1a{\x00\xd0PE\xfa\xff\x0d\x8d\xaa\x8a\xfe\xfc\
\xfd\x09q\x81\xf6\x05\xad\x96:\xbd\xec\xc5k\x98\x88\xff\
\xa7]^whso}2\x97\xda\x99fx\xdd\xfb\
\x02)\xceX\xb7IF\xb4\xdc\x1c\x97\xed@d\xf1\xec\
\xa7\xa5\xfb\x8d:\xbe\xd3\x88\x81\x88\xa4\x17\xd9\x22\x12N\
4\x0b\xea\xf8`\x90\xdd\xd2\xcaM\xe0\x90`\xf5~\xcf\
E~&58\xc3F1\x97M\xf8\xbe\xea\xf8l\x95\
66\xcb\xab\xda\x1eTx\xc8\xc9\x99\xd7\x12t9\xed\
\xb8W\x9d\xb2~R\xa0r\xa5\xe6I\xfed\x17\x00\xbe\
\x91\x01F%?K\x97\x07\x98\xaf\xfc\xa2\x97\x83\xf5\xc3\
\x80Y\x0f)\xe2z\xe8K0\x02\xa6 \x8f\x22YC\
\xa2}\xfe\x16kw\x8a\xf7\x1dY\x8c\x98\x88N\xaa\xb7\
\x22GU\x93Y\xba\x13W\xe4$'\x1f$\xde\x7fk\
s\x82g\xb5\x5c\x19\xdb:KKG[\xe6\xaf\xf2/\
\x07?+\x9b\x91\xc6\x04,Y-\xe6\x80\xf7\x13\xd4\x22\
J~w\xd2\xedrc\xa0\xcb\xef\x98\x22\xb7\xba\xef>\
Ei\x0c\xf4\x5c\x09\xa1\x01|\xc4\x8c*\xb67\x99\x0b\
\xbf\xcbEV\x97\xa0\x09\xd35\xc13'lv\xfa\xf8\
DW\xb9\x99\xccER\x93\xb6\xf3\xb8M>L\xb1\x02\
\xa1\xc2\x04\x82\x09\x91\x0a\xb1\xb2!N\xc8~\xf95\xde\
\xd6\x95\xb1\x0e\x84\x84\x9c\xaek\xbd2\xdc\x1fb\x7f\x9d\
\xa71=\xf0\xd6\xe6\xb5|M\xee*\x0fz@\x81\x05\
\xfc\xb6U\xe3\x03\x9f\xfd\xf0\x95=\x94\xdc\xcc\x7f\x12\x9b\
\x01)\xc4+\xe3\xe5>G\x93RME\xaa\xd2$\xd2\
\x99\xd9s\xb0\x92\xac\xd8jU\xd3 4W\xff\xde\xbe\
\x1fT\x15\xc5h\xc9lY\xe2\xb7\x8d-\x0d\xe9O\xb2\
\x81t\xebG\x81\xb5\x01B n%\xdd:Fg\xca\
E:;\xd9\x14\x93L\xc7\x9b\x8a\x94\x0d1\x0bD\x96\
\xcd\x85\x92\x9b\x8f\xf2%\xaa\xb1\x1fv\x0e.tf\x08\
\xeb\xdf\xc4]\xf1\x86\xca@ml\xef\xde\xa8\x0d\x1b\xb1\
\xcd\xda\xf8\xeb\x1e\xd1\x9d2a~\x96\xf57\x00\x0bh\
\xc4\xf4A\xd2\x92\x10\xfaO\xfaR\xd1\xf8J\xa6\x8c\x9e\
\xfc\xe8\xb5\xe9\x87\xd7\x8b\xe7\xef\x09\x80\x98T#\x86\x09\
,\x98n\xc9\xd5M\xcbR!\x85\xf2\xc9.-K\x95\
\xef\x18e2\x92\xcb%\x0f7\xe4\xcb\xe1 \xdc\x83d\
C\xe0R\xa5 \x89J\x86\xfc\xe0\x8dh\xef\x16\x1aG\
\xc7.\xfa\xc1\xdf\xcd2\xbc\x9d\x09~\xaf\x0e\xa1D\xc7\
\x7f\xafLE%\xc4\x94k\xcep\x8fp\x88i\xfb\xfa\
\x1e\x1f\xcf\xad\x83zq(\x22\x16\x09\x15\x99\xbdC/\
H\xb1\xca\xd1\x0d\xd4O\xe3m\x0d\x1aZ\x86\x08\x1a:\
\x0d\x12A/eZn\xb4\x95\xad\xc8\xf8\xca\xb6@q\
\x8a\x13\xda\x0c\x8d\x93\xc6FYfEo+\xc2\x9a,\
\x84iy\xa0\xb5\x86\x80@p5\xb4\xc7\x07\x9b\x97\x06\
\x1ac\xc5\x7f\xf13\xb0\xe2\xbfK\x02\x0d\x81N\x90g\
\x0d\x94\x8b\xfb\xb9\xf1\xd0\xab\x99\xcdc\xad\xcf,C\x9c\
6l\x1c\xfc\xe9s\x8a5\xc6\xedg\x8b\x94\x5cj\xd5\
A;\x95\x1c\xb7\xe3\x950a\x8d@\x1ed\x12M\xb9\
4\x1f\xcd\x5c\x826\xc8\x98\xe6\xcc7\x87\x0a\x13}\xf9\
\xeeKb\xc3f\xe3\x9b\x9f\xca\xe8\x0d\x85\xc9*\x0f\xd2\
\x06>\xb9\xc6\xa8\x92\xfc&\xd4\xe8\xdcc\xa1\x08\x8dc\
\xe8zl\xdc\xe6\xf0\xb3\xd2\x91c\x85\xfe\x87\x16\x8aq\
l\xa2p\xfb\x8a\xaa \x13wt\xe1e\x8bX\xd40\
\xbc\x13\x1f\xa7\xdd.\xfb\xa5wJybq\xa9*F\
\x88\xd1\xf0t\x18]D>^\x8a\xfd`\x04\xb6\x19s\
t\xd6\xd2\x16\x0d@N3\x7f\xbf\xb7\xbc\x01\x8e\xa0\x12\
=i}\x1f\xcd6\xa1R2\xcd\x1aT{\x2283\
\xb7\xe9\xb5\x8f\xaeAE\x17AE\xa2R\x0b\x9d\xd7\xe0\
\x8f\x0d\xd9V\x1c`\xbc\x09!\x13\xb1Z2\xc4;\x07\
Ir@\xce\xdb\x99\x1b\xff\xb6\xa8H0U\x1f\xa1\xc2\
1#\x17\xea\xd3e.\xc1\x1e\x87/\x88\xbc=\xf4\x1b\
\x93\xdbY\x1b\xec\xd4\xe8\x0b\x13\xce\x87\xd9u\xc9\xd3H\
l\xc4\x8f\xae@\xb4v]\x88\x0a\x98\xaa3\x8dGB\
\xf8\xb3\xed90\xa2p\xf4\xcbBo\xaf\x0c\x92\x8a\xd5\
\x00\x18\x06\x8dq\x94\xd5\x1e|\xc4\xf7e\xc7*\x9fC\
*6\xbcf\xdd\x85\x88%\x9a\xb7J\xc4\xf9\xe2#m\
s\x8d4\xb1\xb5\xa1\x04\x01\x91\xd9\xca\x19Z\xa0\x998\
\x86\x96\xb9\x9a\x00t\x8f\xd5;\xc3\xac\xba\xcc\xfc48\
o\xecm\xc0\x99\x17\xfe\xa9L\x1bd'\x9e\xd7\x5c\xcc\
\x04\xdb\x22\xcbf\x94j$\x0di\xa7\x91\xdf\xb4E\x13\
D+^\x8d:\x0b\xad\xd5&O\x14U\xc4L\xe5\x03\
~\x5c\xea\xdf\x9f\x1f:\x07\xd1\xed\xc2\xe9\xf1|\xdf\x89\
o\xefw\xd6E\x93m\x02 {LR|n\xd5k\
\x8a\xec\x92\x0cm\xffg3w\x18\x82\xc4\xd7\x08/f\
\x0c\x0a\x13\x1e\x0f\xa20\xe7I\xbeoU\xd6\xef\x91X\
\xc1\xd3\x85cW\xf3'\x18\x00\xe7\xdb2\xdf\xb7]~\
\xd7\x0c\x02\xa6\xc5\x02\xa5\xe7E\xffP\xf1\xfc\xd9\xe2\xd4\
\xe4\xcc\x83[~\xed\x8f\xcf\xf7\x19\x9fg\xf8\x04\xa9W\
 \x22\xd1\x88\xa0\x5c\xca\x11j_o\x97\x01\xe1ga\
\xe0b\xe4\x80B\xc8\x90&\x1d\xf2\xfdWJ\x87O\xfa\
\x88HW\xa6\x950\x92+\xe9\xd4s>\x80\xfe]\x9d\
S\x12\xaeX\x1d9\xb4e\xfe(z\xa6\xce\xff\x8a\xf6\
C{Ib\x8a\xea\xdd\xfe\xabnb\xef\x1f\xdaRm\
\x8c\xd8\xedG21\xdd\xac\xb9\x81w\xb92\xa2\x98\xd3\
1\xeco\x9a\xb1=\xa6\xbe\xbe\xdeDXH\xc8\xe0\xb3\
\xbe\xe8Z\x17*\x96\x17\xc8\xe3\x81\xf6\xfc\x15Q\x97\xc0\
\x00[\xea\xa2E\x97D@s\xb3\x93\x94\xcb\xca\x95\xad\
vo\x17\x0b\xbc@\x02\x81\xb1\x06\x22\xdfs<\x7f\xec\
<P1p>\x0c\xed\x22\x0bwF2'eC\xc5\
\xeb\xdd\xf9\xdb}\x8fZ\xb9SS\x1ah\x9f\xb9\xb6?\
\xee\xb6/\xb2\x090E[\xac\x8d\xfa\xc2g\xa5\xc9\xb3\
~\xb8\xf4=\xed\xa4\xb6\x12\x1a\xec,\xc2I\xd3\x8a\x80\
\x83X e\x03\x84\xa4\x9f\xe0\xb0\x15\x095NSV\
,\x8b\xdf\xeb\xd7\xd9%\xc7\x84\xfa1ROzzl\
\x92\x01\xb4\x9c\xd4\xa4H\x868\x8d\xf3\xeb\xfe\xcb\x01i\
*\x12\x0d\xe5\x847\xcb\xfbAN\x97\xbe$-\xcf\x04\
f\xe5nTz\x8e\x11\x93\xb7\xf0\xd0\xff^\xba,\xe2\
\xa3\x89l\xaa)U\x9fK5\xfcWk\xb2\xfe\xe3\xe4\
\xceT6\x91\x9f\xea(\x0dN\x16\xceF\x8e\xde\xd1\xc2\
)\x94\x0d\x09\xd2+\xce\x97Cd\xde\xcd\x85\x97VC\
?\x80\xa9\xf6\xb1\xac\xf6\xc3\xf4\xa5}\x92Ow\x18T\
\xc5\x80y\xa9\x95\xd8\xd9\xed3\x85\xa1o\x0c\xb5\xa7y\
#\x89\x91c\xde\xa2!\xf0\xa5L\x97*L\x94\xc4\xb5\
.\xbe\xc1\xaf\xa2\x09\xfa\xeb\xaaM\xf2\x1bl'\x93$\
\x89H\xc6\x1c\xde\xf6\xc0\x11^C\xfc\x16if\xe1\xd2\
\xf8\xcc\xb1\x03\x22\xa1\xac\xecK\xfcj\xeb\xaf7%D\
8\xe5\xee c\xe5\xcf\x03V\xda\xb6e\xb5t\xbd_\
\xa7\xbb\x08{\xfejP\x14;\x89/\xfbe\x90\xf0e\
\x81\xf3qR\xde\xd1\x8a\xdf\x96?`\x9f\xb0\x1e\xa7'\
\x80|\x889\x01\x1e\xabz\xd3Y]sJ\xd7N3\
\xeb\xca\xd7\xecI\x97E8\xd6\x80ZO\x08\xe7\xd8\x19\
\xfd\xf7\xff\xf8\xc1\x0f\xfe?\x9e\xbc\x98)\
\x00\x00\x90E\
\x00\
\x01~\xe1x\xda\xb4\xbd\x07@TG\xd77>w{\
_l\xa8\xd8VEE\x05\x05\xbb\xd8\xc5F\xd4\xa5,\
\x8a\x05E\xcaR\x14X\x02\x0b\x16\x02\xa2\xa2\xa2\x80\x80\
\x01{\xc3J\x8c\x02\xf6\x82-Q\x13c\xd4D\xa3\xc6\
\xc4\xd8\x22\xbb\x80)\x1a5v\xe5\x7f\xe6\xde-w\xf7\
\xde\xc5<\xdf\xff\xfb\xde\xe7}\x9e\x15\x9893s\xe6\
\x94\xdf9sfv\xe0\xd1\xc8f\x17\x1fo(\xbe\xdc\
\xb6\xe5\xe9\x19%'\xef\xecB\x08\xf1\xe7\xc5\x84\xfa\xa8\
\x87#\xd41\x13\xa1O\xce!\xa4l\x8c\xd0x\x1eB\
Mr\x10\xfa\x9b\x8bP\xbc;|\xeeDh)\xfc\xfe\
Iw\x84\xee\x5cG\xe8\x9f\xa1\x08U\xf4A\x9c\xa8\xbf\
\x11r\xda\x85xK\xd7#$j\x8bx;\xe7\x22$\
\xadE\xbc\x1f; \xd4\xe81\xe2\xbd\x85\xcff\x8d\x10\
\x7fLo\x84\x5cG\x22~\xd4)\x84\xba\xb4@\xfc\x98\
R\x84\xba\xe5 \xfeg@\xbb\xcfS\xf8\x5c\x83P\xdf\
\xcb\x88\x9f\xa3G\xa8\xdfr\xc4_\x15\x89\xd0@w\xc4\
/\xe1#\xe43\x0a\xf1\xcfh\x11\x1a3\x1a\xf1\x7f\xf8\
\x16\xa1\xb1\x8f\x90p\xebE\x842Z\x22\xe1\x89\x8b\x88\
\x10\xadG\xa2\xbdN0\xdf\xbdH\xfc\xd73D\x08\x7f\
A\x92\xb0\xfd\x88\x18q\x0eI\xb6\xd5 t\xb9\x0a5\
\xf7\xba\x8f\xd0\x95\xe5\xc8\xc5\xe9-\x22\x9c\x86\x22\xd5\xf4\
\xc1\x08\xa5\xacF\xaal\x1f\x98_%\xea\xfa\xab\x08\xa1\
\xea\x1a\xe4\xfe\xd0\x17\xdaME=\xfe\xde\x82\x10\x11\x8e\
\xfa\xaf\x9c\x88\xd0\xd9S\xc8'\xa1!B]o\xa01\
\xb3\xfb#$\xec\x85|\x05\xe7\x11\xca\xbb\x85>\xe9S\
\x8c\x90d\x11\x1a\xabZ\x8a\xd0\xdaWh\xdc\xe8c\x08\
5l\x88\xc6\xad\x0d\x87\xcf^H\xbd\xea\x0cBM\xf7\
#\xf57+\x111\xa1\x02\x05}\xb6\x0f\xa1\xfb\x1e(\
h\xd1r\xe0G\x0c\x9a\xb8|\x07B\x1e\xe7\xe1\xf38\
\xf0\xa3\x0cM,\xfb\x1a!\xf7/\xd0\xc4*\xf8\xf4P\
\xa0IG\x80^\xbf\xbdh\xea\xa0O\x111\xec\x0f4\
\xbd\x00\xda\x8f\xeb\x89\xa6?~\x0a\x7f/D\x91e\x9d\
\x11:\xd4\x18i\xc5b\x848;\xd1\xac\xc6\xa3\x10z\
\x97\x80\xe2\xf0\xf8\xea\xfd(~\x00\xf0\xab\x09\x07%6\
\xfe\x19\xa1U{P\xd24X\xef\xb0\xddh\xee\x0fG\
\x10Z\x13\x8f\xe6\xde\x91#\xa2\xcb9\x94\xae\x9f\x85\x08\
\x97\xb7(#\xec9\x22\x1a\x7f\x8b\x16\xfc\x04\xe3I\xb9\
h\xe1\x912\xd8\xcf\x85\xa8 \x10\xf6)t&\xda\xbb\
\xfc\x04B\xdf\x5cB\x075c\x11\xbaP\x80*u\xdb\
\x10j\xbc\x1a}\x83\xc4\xb0\x0fq\xe8\xea\x9cC\x08\xb9\
lA\xb7\x92`\x9d\xc7K\xd1\xadM\xe5\x08\xcdW\xa2\
_\xfa\xc2\xb8M\xbc\xd1\xed\xb0[\x08m\xfa\x12\xdd\xbd\
\x1a\x06\x9f7\xd0}\xa7\xdd\x88\x08,@\x0f\xbe\xdc\x85\
\x88\x1e\xb9\xe8\xf7x\x19B\xa7\xce\xa1\x87\x1d\x8a\x10\xe1\
#@U\xc7\xa0_\xf6\x0bd82\x08!\xdd\x0cd\
x\x0frP\x9d\x8ej\xca\xf6#\xa4\xfd\x1a\xd5\x1e\x05\
>\xad\xa8E\xb5g\x80n\xc92\xf4\x87\x17|n\x1d\
\x8f\xfe\xd4\xa7\x83\x5c6G\xcf\x9e&\x22\xb4}9z\
\xab\x98\x82\x88\xb6\x13\xd1\x87\xf5c\x10\x9a\xb1\x17\xd5\x8d\
o\x84P\xf7\xcb\x04Z\xa2\x01y\x1a@\x10\x81\xb8\xdd\
A\x82\x13?\x12!\xdf\xbb\x04\xff\xf7U\x08\xbd\xe4\x10\
\x82!=\x11\x0a+%\xa4\x92\x00\x84\x92\x8c\x84b\xc8\
K\x84\x22w\x13\xcaF \x7f!yD\xa3m\xe3\x10\
\xaa\xd1\x10M\xd2\xbfD(3\x91h\x16\xfa'|\x8a\
\x08\x97|\x90\x8fk\x17\x89\x16?\xbc\x06\xfd\xd9J\xb4\
\xba\x08\xfd\x93]\x89vz\x1dB;\xca\x89N\xe9@\
\x7f\xcf\x12\xa2s\x9b\x10D\x0c(%\xbaF\xc3:~\
^@\xf4\xf0\xda\x8b\xd0\xf7\xf7\x89\x1e\x87@^_\x8f\
$z\xc6\x83\xde\x95\xfeF\xf4\x0e\xb8\x8c@\xb8\x89~\
\xbd\x96\x81\xee\x05\x12\x037\x03_\xd3\x84\xc4\xd0\x83\x0d\
\xe0\xe7\x05\x84O6\x07\x11\x9d\xbf |\x87\x02\xffw\
6%|#F T\x90GLx\xfa\x1d\x22\x08\x01\
1un{\xd0\xcf\xebD\xec\xaf \xf7\xc2\x9dD\x5c\
\x05\xe8c\x83p\x22\xf3\x08\xc8\xd1\xa22bY\x9f\x04\
\x84\x8e\xce'\xf23\xe0\xf7\xe3\x82\x89B\xe2\x00BC\
\xe7\x11\x85^ \x0f\xfc\x03\xc4\x9ao]\xc1.\x18\x88\
u\xe4\xe7>b\xcb8\x90\xe7\x9e\xb1\xc4\xce\x83\x19\x88\
\xe8?\x97\xd83\x94@\xa8}\x01\xb1\xe7\xdbV\x086\
\x81\xd8{h2B\xe1\xfb\x88\x03_/A\xa8\xc5*\
\xe2P\xf9w \x8f\xbe\xc4W^s\x10*\x0e&\xbe\
\x1e\x1f\x8c\xd0\xf9\xbb\xc4\xd7\x1a\xd0\x9f\xd1[\x88Ke\
\x1b\x11R< .\xa7\xc1\xbaw\xb9\x13W\xce|\x81\
\x88A\x01\xc4\xcd\xc8\xde\x88h\x95D\xdc\xee\xf1\x17B\
e\xef\x88\xbb\xf1wA\xefr\x88\xbb\xe5 \xcf\xb3\x17\
\x13w\x9f\x00\x9f\xbf\x99C\xdc\xfb\xa9\x1f\x22\xfc\x22\x89\
\x87\x12oD8g\x115\xa3sa\xfdC\x89?R\
\x81\xff\xb7\xa7\x11\x7fw\x89GD\xaf\xa5\xc4\x93\x87\xb3\
AO\x83\x88\x7f\xba\xcf\x04\xbb0\x86\xf8\xa7@\x8f\x88\
v\xf3\x88\xd7\x91\xfe \x7f\x93\x88\xd7\xa7\x95`?\x1a\
\x11o\x9f\x81\xde'|F|\xf8\x02\xf4\xfa\xd8!\x0e\
\xfaQ\x80\xd0\xa4,\x0e\xa7\x7f9\x22\x86N\xe5H\x9f\
\xb7A\xe8d\x1fN\x83\xaf\xe6\x22b\xccmN\xa3k\
7\x10\xda8\x89\xd3\xe8\xa7\xc3\x08\x8d\x18\xcci<\x1c\
\xf6icgN\x93\xcc_\x10\xfa0\x8a\xd3\xf4q5\
B\xf7\xaer\x9a\x9fi\x06\xf24\x93\xd3z\xc2SD\
|\xe2\xc7q=\x08z\xf8p\x1f\xc7\xad\xe5%Xo\
#N\xe7\xe5@w+\xe2t/n\x8b\x08\xf5_\x1c\
\xaf\xb3\x13\x10\xea5\x9b\xd3c?\xd8\xd1\x0do8\xbd\
{\xcfAD\xc7\xfe\x9c>WF#\x14x\x96\xd3_\
\x01\xf3\xbb\x19\xc5\xe9\x7f\x15\xec\xf1\x95c\x1c\xef\x19B\
\x84\xde\xa4p\xbc\xef\xc2<b\xaes\x06\xfa\xc2z\x87\
\xb8s\x06\xed}\x8f\xd0\xb3\x96\x9c\xa1\xc7\x7fG\xe8G\
\x1f\xce\xf0\xd55 wz\x8e\xcf\xbe\x00DH\xd6s\
\xc6l\xbc\x09\xfa\xd5\x89\xf3\x89\x13\xf0\xf3f1gl\
:\xf8\x81\xd6\xe5\x1c\xff'\x9b\x10\xd1\xfb\x11g\xb2\xea\
\x08\x228'9S\xb6\x19\x10\xea<\x8d3C\x11\x0f\
r\x7f\x96\x13\xbb\xf2*BS6q\xe2\xbbwE\xe8\
\xc1t\xce\xa7-\xc1\x8f4n\xc8\x99\xd7\x0b\xec\xd0\xab\
/9Y\x86T\x84\xb64\xe1,o\xbf\x18\x11\x8d\xca\
8E\x0d\xb7\x82}\xd0qV{\x8fG(Z\xcbY\
}\x00~\xfe\xed\x17\xceZ\xf7\xa3\xa0\xd7\x1d9\xeb\xa7\
\xc1\xfa\x06\xdf\xe4l\xfc\x01\xf4{\xf1{\xce\xae\xb3\x0f\
A\xae\xaes\xbeX\xf3\x05Bwos\xf6\x9e\x02~\
\xfd>\x94S\xf1\x15\xf8\xa7\xee\x01\x9cc;\xc0\x83\xfd\
\xfb\x9asz9\xc8\xf7'\xcd9_\xff~\x07\xfc\xc6\
5\xcey\xb9\x0a\x11}\x1br\xce\x07C\x7f\xe7\xad\x9c\
\x0bE\xb0\x1f\xe9\xa78\xdf+\xc0\x8e\x0fj\xc9\xb9\xd4\
\x1b\xec\xc9\x1e\x01\xe7\x97\xbf@>Z\xdc\xe7\xdc>\x09\
r\x13x\x8e\xf3\xdb\x8a<\x84~j\xcf\xf9\xed\xc1)\
D4\x5c\xc6\xb9\xf7\x03\xd8\xdb\xdfWr\x1e\xfe\x03~\
m\xc8JN\xd5ZX\x7f\xdf&\x9c\xaa\xcb\xd7\x10\xe1\
\xf5\x92\xf3\xa41\xe8_\xfa_\x9c\x17\xf7\xa0\xdd\x93\xa5\
\x9cW\xd3\xbb\xc1g7\xce\xbb\x82\x22\x84\xce\x189\x1f\
\xb2\x8c\xa0\xef\xbfp>\xdc\x85\xf5\xce\x0f\xe4\x12\xd7\xc6\
\x81>\xfaryr\xd8\xa7\x837\xb9Na\x87\x10\x81\
\x86r\x1b\xb4\x02>\xfe\xfe=\xb7\xc1\x81E`/>\
\xe56A\xa0\xc7\x17\xc2\xb8M\xce\x82\xbel\xfd\x9d\xdb\
\xb4CG\x84\xbe\xcd\xe4\xba|:\x1b\xe4\xbc7\xd7e\
\x1f\xec\xd7Z!\xb7\xf5\xd7i\x88hr\x9e\xabz\xe7\
\x85PN\x18\xd7}\xd8W0\xfe\x07n\x8fA\xe0\x0f\
\xe2\x06q{l\x00\x7f\xf6[Gn\xaf\xb2I O\
\x8b\xb9\xbd\x1e\xcdD\x84f.\xd7\xfb\x93G\x88\x08>\
\xc4\xf5\xbe\x08r\xf9\xa6\x09w\xd0\xe7Ga\xbdS\xb8\
C6\x07\xc3gW\xee\xc8~`\x07\xbcVq\xc7_\
\x06{\xd4\xf0:\xd7o\xab\x0c\x11c#\xb8~\x07a\
\xfd\x8b\xf9\xdc\x89\x7fr\x1110\x9d;\xb9r)\x22\
\x86\x0c\xe6N9\x0b\xfaY\xf4\x8e\x1bZ\xd8\x09\xfcE\
\x13n\xa4\x07\xd8\x99\x1e\x0an\xe4\x06\x90\xb7\xfek\xb8\
\xd1e0\x8f\x09\x1e\xdc\xf8\x15\xdb\x01G\xfc\xcbM\x5c\
8\x1f\xf6g\x18\xf7\xd3|\xe0\xc3\xce-\xdc\xb9F\xb0\
\xd7\xae+\xb8\xf3Z\x82]\x1e\xfd\x90;o\x10\xd0y\
,\xe6~v\xed:\xc8\xcd|\xee\xc2-\xe0\xcf\xbb\x7f\
\xc6]t\xa4\x0a!\xb7\xdf\xb9\xcbo\x9f\x85\xfd.\xe7\
\xe6|\x02v\x84\xff\x1dwE\x00\xf8\xc9}\x7fq\xf3\
S\x17\x81>\xdf\xe2\xaeo\x00\xf6\xf4d\x15\xb7\xe40\
\xec\x8f:\x93\xbb\xa3!\xc8s\xb3w\xdc/\xf2@\xee\
\x07\x87rO\xc7\xaa\x11z\xdf\x83{\xce5\x1a\xe4g\
\x07\xf7\xfc\x13\xb0[}\xa6p\xaf\xe7\x01\xde\xe9|\x93\
{\xfd\xf3LDL\x1c\xca\xfd\xa5\x1f\x96\xbb,\xee\xaf\
.0\xbe\xc7\xbf\xdc\xdb\x8a\x9fA\xdf\xb7r\xef\xb5\xdb\
\x01\xfe|\x01\xf7\xfe\x1e\x98\xffgO\xb9\x0f\xde\x01\xbf\
\x9f_\xe6\x1a3@\x1e\xfdk\xb95\x85\xe0\xc7\xcee\
r\xffx\x00~\xcd\xf3\x0c\xf7\x8f\x97\xfd\xc0O\x1f\xe0\
\xfe\xf35\xc8\xa9OC\xee\xf3\xb37\x101\xfa\x1d\xf7\
E7\xd0\xeb\xdb\x1b\xb8/#a\x9c/vq_&\
\x02\xb6\xfa\xf22\xf7\xc3.\xb0\x03\xbb\xe7p\xeb\xc6\x97\
\x80\x1f\x1d\xce\xad+\x81u\xa6v\xe6\xa1\xe0\xdb\x08\xb5\
\xfc\x84\xc7\xbf\x08\xf6\xd9/\x8c'\xf0\x02|\xb4_\xcd\
S^\x83\xfdk\xf1\x88\xe7\xf4\x13\xf8\x89Y~<\xa7\
; \x8f\x0f^\xf1\x1a%\x80<Fu\xe09\xfb\x80\
_,\x5c\xcfs\xfe\x0d\xf8\xff-\x97\xd74p\x08\xec\
\xff\x12^\xd3+\xa0\x9f3\x06\xf0\x9a\xad\x04?\xde\xac\
\x0f\xaf\x1d\x07\xec\xca\xa2\xf1\xf0\x09\xfb\xb5\xf35\xcf\xed\
\x1e\xc8\xa1\x9e\xe0\xf5\xef\xf3\x0a\xfc\xcd\x22\xde\xa0P\xa0\
\x9b2\x987l\x19\xd8\x09/1o\xe4b\xf0\x1fo\
\x0f\xf2\xc6\x0c*\x059P\xf2\x828\xfd\x11\xd1\xcf\x83\
7\xe9\xf4FD\xb8\x15\xf3\xc2\xf0'\xbf\x17/\xec/\
\xd8\x8f\xaax^t\xbf\xd6\x08\xa9\xbe\xe2\xe9\x9a\xf7\x80\
\xfd\xe4\xf0\x922a\xbd\xd2I<\xfd\xafkA\xff\x1a\
\xf1f\x0f\x16\x82\xdf\xf7\xe6\xcd)\x85y\x8f\x9a\xcf[\
\xf0\x08p\xc2\x87\x17\xbc%\x8f~\x05~\xb6\xe1-\x9d\
y\x1e\x11\x8a\x0c\xde\xca0\xa03\xf4\x02\xef\xf3\xb8$\
\x84&\xee\xe3\xad;\x09\xfa\x85By;u\x07\x81\xde\
9\xde\xeev\xe0w\xdcCy{\xdca\xbe\xca\x10\xde\
>\xb4\x1a\xa1\xa9F\xde\xfe4h\xd7\xbf\x1d\xef\xc0R\
\xc0q7\x22y\x07\xea~C\xe8\xd7\xb6\xbco\x80=\
\xa8b\x22\xef\x02\x07\xfa7,\xe7]\xc8\x9a\x06|\x9e\
\xc3\xbbp\x0c\xf6\xf3\xe25\xde\x85\xdb\xc0\xd7A;y\
W\xc7\x83\x9d\xd7]\xe0]\x8d\x0aD\xa8\xd34\xdeu\
\x1e\xe0\xacH)\xeff\x17X\x9fs\x1a\xef\xd7\xb6\x80\
O\xdaM\xe2\xddn\xd7\x00\xfcH4\xef\xcf\x18\xd0\x0b\
E\x03\xde\xe35`\xdf8\xde\xbc\xe7OS\x101\xea\
g\xdeK\x7fX\xdf\xa7\x13yot\xef\x10\x9a\xee\xc9\
\xab\x1b2\x0b\xa1\xca\x95|\xf4\xee\x05\xd8\xd3\x91|\x22\
A\x89\xd0\xea+|\xde\x8a\x14\x84\xf2\x07\xf1yw@\
\x8e\xc3~\xe6Kz_\x00\xf9]\xc1\x97\x0d\xf5\x00|\
\xf1\x9a\xdf \xe0$B_\xbd\xe57t\x06\x9c[\xc9\
\xe37\xca\x86\xfd\xf8\xf9\x09\xbf\x99\x0b\xd8\xb3\xa6\x0d\xf8\
\xcd\xb6\x03\x9d)\xce\xfcf;\x9a\xc3\xfe\xfd\xcbo\xb6\
/\x06\xfco1\xbf\xd9\xaf\xb1 /\x8b\xf9m\xafL\
\x07?\xf7\x8a\xdf\xf6\xd9/\x88\xe80\x8d\xdfA}\x01\
\xe4\xad\x11\xbf\xc3~\xd0\xfb\xf8\x9b\xfcN\x9f\xc3\xfc]\
\x9f\xf3\xbb\x84\x00\xee1\xba\xf3\xbb,\x00{1\xb7-\
\xdf\xbd\x10\xecf\xe1]~\xb7\xf4\x09\x88\x08\x9a\xc3\xef\
>l3\xf07\x8f\xdf\xa3/\xe8I\x97.\xfc\xde\x1b\
\xc0\x0e\x07I\xf8\x83\xafz\x82\xde\x17\xf3\x87\xdc\x07\xfd\
\xe8m\xe4\x0f\x0d\x019\x0e\x17\xf0\x87?\x85\xf9\x8c\x9d\
\xcb\x1f\xb9\x7f\x00\xf8\xf1\x83\xfcQ\xcd\x81\x1f}\x17\xf1\
Gi@\xbe\x13\xf8|\xdf'`\x87\xe7\xf4\xe5\x8f\xfd\
\x17\xf0Y\xf1\x1d\xfe\xe4\x13\xb0/\xddW\xf0c'\xc0\
go_~B\x83bD4_\xc6O\xd3\xc5\x01\xfe\
[\xc9\xcf\xc5\xf1\x85\xf7\x0c~\xee%\xb0\xbb\x03\x85\xfc\
\xbc`\xf0\xbb\x7f\xac\xe6\x17\x8c\x84\x9fE#\xf8E\xf3\
\xc0~\x9f\xee\xc0\xdfr\x14\xf6{E/~\xc9e\x90\
\x9f\xaf\x0b\xf8\xdb\xa3 \x0e\xf1\x89\xe5\x97.\x03\xfc\xd1\
\xaf5\xbf\xdc_\x85\xd0\x0f\xe5\xfc\xf2\x8b\xcf\x11js\
\x8e_1\x02\xd6\xfd\xd9\x1c~\xc5n\xe0\xf3\xc8\x7f\xf8\
\x15\x1f\xb6\x80\xdd\xab\xe2\x1f\xb8\x09r\xe79\x9c\x7f\xb0\
%\xb4\x1b\xf5\x90\x7f\xf46|\x16}\xcd?S\x0b\xf3\
\x986\x84\x7f\xee=\xf8\xa9\xb0f\xfc\xef\xbf\x02\xbc0\
\xa8\x94\x7fe\xe6{D\x8ct\xe2_\xbb\x05\xf2\xf3\xa5\
\x86\x7f\xedM,\xc4X\x89\xfc\x9f\xce\x03\x9d[\xfd\xf8\
\xbf^\xe8\x05\xf1\x85\x8c\x7f\xbb5\xcckd\x06\xff\xfe\
\x0b\xb0g\xd7\x04\xfc\x07\xe5 \xafg'\xf2\x0d^M\
\xc0o\x7f\xcb7*\x81\xee\x8f/\xf8\xd5)\xe0\xd7\xbc\
\x9b\xf0\xab\x9f|\x0dt\x7f\xe6?\x9a\xe1\x06\xf6R\xcb\
\xff\xfb \xe8\xdb\xb8\xa7\xfc\xc7\xcf\x00\xff][\xcf\x7f\
\xb26\x1d\xf0\xd9I\xfe\xcbD\xd8\x17M;\xfe\xfb\xb0\
|\xc0\xa7}\x05\xbc\xfd\x80\x1fyu\x02\xd1/N\x10\
'\x05\x0b\x94\x12\xc0Y\xcd\x1b\x0b\x1a9\x01\xaez\xf4\
\xbd\xa0\xd1`\xc0\xe5\xce\x13\x04\xad8\x80\x83\xf4\x1b\x05\
*\x1f?D4s\x13\xb8\xfe~\x15\xe4j\x86\xa0K\
\x1d\xc4/\x07\xd2\x05^\xbd\x007k\xca\x04\xbd<\x00\
\xa7\xe6\x9c\x13\xf4\xcfk\x08\xf6N\x22\x18\xec\x07\xf2\xa8\
\xef-\x18\xf6\x00\xf6\xeb\xf4\x1d\x81&\x1a\xec\xdb\xc4\x09\
\x02\xcdB\xb0W\xe5?\x0a& \xc0\x0fO\xaf\x08B\
\xbe\x06\xdc\xca\x7f!\xf8\xb4=\xe8\xf5\xa0\x9f\x05\xf3\x9a\
.\x86\xb8\xa6\x17|\x82\xde\xfa\x9d\x12\xa4E\x80\xbd\x1c\
\xf6\x89`\xe1'\xc0_A\x0b\xc1\xc23\xe0\x0f\xdc\x0b\
\x05K\xe6\x00\x8e\xfe\xa1\xab`\xe9p\x0d\xd8\xe3I\x82\
\xec\x89 \x8f\xe3*\x04\xb9\xf7`\x9f64\x15\x14\x0d\
\x00\xff\xbe\xa0T\xb0f\xef\x10\xb0\xdf\x03\x05\x1b\x83@\
\x0eF,\x17l\x9c\x02|\xfd4_P\x12\x0a\xe3\xd7\
\x9d\x10\xecF\xd8nm\x16\xec\x99\xde\x0a\xec\xf9\x18\xc1\
\x9eu0\xbe\xdbA\xc1\xbe\xc5\x10w\x04\xad\x16\xec;\
\x0a\xf69\xb7D\xb0\xffIG\xc0}k\x05\xc7\xdcA\
\x8e\xd1\x97\x82\x0bC\xc1O\x08\xb6\x0b.\xf8}\x0b\xfc\
\xd7\x08.\xbc]\x88\x90\x5c!\xb8t\x13\xech\x1f/\
\xc1\x95B\xc0\x1f\xe3s\x04W\x93!\xae<\x9c%\xb8\
\xae\xd9\x87\x08\xffQ\x82\x9f\xb3 ^\x1e\xc9\x11\xfc\xba\
\x02\xe6\x97pHp{8\xe8\xfbj\x8e\xe0\xcee\xc0\
K\xdb\xc7\x09\xee<\x01\x9c\xf6\xd5\x1c\xc1\xbd8\x90\x8f\
\xf0\xde\x82{\xd5\x0a\xd0\x03\x91\xe0a\x09\xd8\x8f\xa4 \
\x81\xe1\x00\xec\xf3a7\x81\xe1\x12\xc4)\xdd\xae\x0b\x0c\
\xbf\xccG\xe8\xaf\xce\x02\xe3\x0d\xb0\xd7\x81\xb1\x82\x9a\xe5\
\xa0w\xdd|\x05\x7f<\xbc\x84\xd0\xdeg\x82\xbf?\x07\
\xf9\xe8\x9b(x\xac\x1f\x0er\xe1%xr\xfd\x16\xec\
\xdfc\xc1\xb3\x8cB\xf0\xf3G\x05\xcf\x9d\xb1\x1e\xf7\x14\
\xfc\xeb\xf3\x0d\x8c\xbbK\xf0o8\xe6[+\xc1\xbf\x89\
\xd1\x80\xefE\x82\xd7\xa5\x12\xf0K\xc9\x827^\x10\xfb\
\xb7Z*xs\x1a\xf8{\xa5\x91\xe0m$\xe0\x92\xb4\
o\x04\x1f6\x02?tk\x05u\x9b\x01g~\xe5+\
\x14O\x83\xb8\xc0\xc3I(\xde\x02\xb8@}P(\xde\
\x07r\xbbR.\x94$\x03_\x0f\xa8\x85\xd2\x07`G\
{o\x12\xca\x0e\xf4\x81\x9f_\x0a\x9b\x0c\x07{\x1f\xf4\
H\xd8\xac-\xd8\xb5\x80\x12a\x8b8\x90\x87\x89:a\
\xabV\xab\x10\xd1\xa9\xbb\xb0\x957\xe0%\xe72a\xfb\
\x12\x88S\x1b\xb4\x15\xb6\xff\x11\xec\xcc\xfe\xf5B\xd7\xe5\
`\x9f\x15A\xc2\x0e#\xc0?\x09\xae\x0a;\xfc\x09\xfb\
\xd5)W\xd8\xa5\xe1\x1b\x88\x0b\xff\x11vY\x00r\xfe\
([\xe8\x9e\x088\xc1\xe9\x86\xd0;\x05\xf4\xa8\xd7;\
\xe1\x80i\xa7\x01wu\x14\x0e\xfc\xf2\x19\xf8\xbb\xd9\xc2\
A\x17[\x22\xb4~\x94pH(\xc4\xb7\x7fN\x15\x8e\
t\x05\xbe\xde\xeb!\x1c\xc5\x83\xfd\xdcR$\x1c\x15\x00\
q\x8b\xdfR\xe1\xd8\x22\xc0;\xfd\xb8B\xf5\xc2(\xb0\
/;\x84\xfe!Q\x80\x9f\xff\x12\x06\x0c\xaa\x06\xf9\xb9\
\x22\x0cZ\x07\xf6ei/\xe1\xf4\xf1\xc0\xe7&\xcf\x85\
\xba\xaf\xce!\xc2I L\x1a\x00\xf1\xb9G\xad0\xf9\
1\xc8W\xcb]\xc2\xf4\x00\xc0\xfd]\x83\x85K\xee\x80\
<u\xf6\x11.=\x038b\x12O\x98\xfb\x03\xf8\xa7\
^7\x85+\x14\x80S\x17\xb6\x13\xe6\x8f\x04\x1c\xc7\x1f\
\x22\x5cw\x1e\xec\xd3\xe0V\xc2\xf5\x02\x88\xe3}\xa5\xc2\
\x1dM\xc0\xbf\x5c\xf8^X\xf6\x0a\xf4\xe9\xeb.\xc2#\
\x8d`\xbf}V\x08\xbfZ\x0ex\xf0\x95\xbb\xf0\x1b_\
\xc0O\xcdO\x08/\xfe\x0c\xfb\xd5\xe6\xb1\xf0\xfb\x1d\x10\
\xd7\xb5\x19#\xbc|\xee{\x84\xee4\x15\xfe\xf0\x12\xe3\
\xf9U\xc2k\xf7\x00_U\xf5\x17^\x7f\x05\xf8\xfb\x84\
Xxs9\xe8k\xe3\xeb\xc2\x9b\x1b\xef!\x94qI\
x\xeb\x1a\xec\xcf\xc1\x09\xc2_\x8a@^Sn\x08\x7f\
\x0bk\x8aP\xc0`\xe1\xdd\xdf\xa0\xdd\xd5\xb3\xc2\xbb\x8f\
A\x8e8\x1e\xc2\xfb\xdb\xc0^.\xdd&\xbc\xff\xd3\x09\
\x84\x12o\x09\x1f8A<w\xeb\x0fam\x8by\x10\
G<\x13\xd6v\xdb\x04\xf2=[\xf8\xa8\x0e\xfa\xdf\xf4\
\x10>\x97\x80\xfcN\x7f\x22|\xe5\x0a~\xea\xf39\xc2\
W\xeb\xbd\x11\xaa\xed&\x12.\x079\x99\xf6P$-\
\x07\xfb\xb6j\x92H\xfe'\xc8\x99\xf7RQ\xc3\xc7\xe0\
?\xce.\x175Jv\x82\xb8\xb8\xb7\xa8\xe9[\x907\
\xee$\x91K\x03\xe0\xf7\xf2>\xa2\xf6\x09\xb0^\xe35\
Q\x87\xefA\xae\xb2n\x88:\x86\x82\x1do<B\xd4\
\xb1(\x10\x11\xed{\x8a\xdc\xc6\x83]\x15}&r\x9b\
\x94\x81P\xa3]\xa2.\x0f\x9a\x81\x5cm\x16uU\xae\
\x80\xfeZ\x91\xc7\x8c\xfb \x7f\x95\x22\x8f<\xc0gY\
\x0bD=\xf7~@\xe8\xfeIQ\xef\xfbk\xe0\xe7@\
Q\x9f\x8d\xe0G\x1et\x17\xf59\xf5\x03\xaco\x9e\xa8\
\xefP\x18w\xc1\x5c\x917\xe0k\x02\xc1g\x09\xc8\xf5\
\x93\xc3\xa2\x81U\xc0\xa7\x9b\xe7DC<\xf7@\xbb/\
DC\xf4\x10\xc74\x0b\x11\x0d\xf7\x059\xf5\x1d#\x1a\
y\x19\xe4\xe6\x9b!\xa2Q\xa5g\x10\xc1S\x8a>\x09\
\x03:3\xaf\x88\xd4\xd13\x10\x8a\xcd\x12\xf9\x17H\x11\
ZV,\x0a\x14\x83?\xeeQ-\x0aN\x04\x9c\xdb5\
Y4}\x11\xd8\x83\xf1\xbdD\xd3\x1f\x83\x9f\x1d\xa8\x16\
\xe9\xcf\x80\xff\xb8qU4w\x02\xe8\x897_\x94\xd1\
\xf2\x0f\x88\xa7\x14\xa2\xf9\x8da\xdd\xdd9\xa2\xf9\x1b@\
~d\x07D\x99\x89\x10\x9fx\xcf\x13e~\x9f\x8cP\
\xd3[\xa2\xac\xbc\x02\xc0s\xc3D\xcb%\xa7 \x8e\x89\
\x11\xad\x11\xf4\x049\xfbV\xb4\xa9%\xe0\xdeI\xb7D\
\xbbW\x02.l4Gth-\xf8\xdd\xdb7DG\
=k\xc1\x1f\xce\x10\x1d\xdf\x02\xf2\x13\xdcOt2\x17\
pA\xbfw\xa2S\x0a\xf0WS~\x13]\x92\xcb\xc1\
\xff\xa5\x8a~\xea\x0c\xf6\xeb9O\xf4\xd3\xa6+\xc0\x8f\
\xcb\xa2_\x8f\x02\xae\xf6\xf9E\xf4\xdb<\xf0\x9b\xbb\x9b\
\x8a\xee\xfe\x08\xfc\xa9R\x8a\xee=\x1a\x0d\xfbQ'2\
>\x87\xdf\x9f\xb8\x22\xaa\x0d\x06\xfdQ6\x12\xd5\xd6\x0d\
\x03\xbfe\x14\xfdQ\x06\xfc\x99zB\xf4\xd7V\xc0\x1d\
\xc1)\xa2'\xad\x00\x87\x9e\x9f#zZ\x02|\x96\xae\
\x11=}\x08\xe3\x8d8*z\x15\x07q\x82\x7f\xbc\xe8\
\xb5\x14\xf0\xd7\xadL\xd1\xeb\xc7\xa1`g\x02\xc4H\x05\
r4i\x8a\x98H/\x03;\xe9,\xe6<\x03\xb9K\
\xe8%\xe6\x9d\x04yl\xe0%\x16\x14\x80\xbe{?\x11\
\x8b\xee\x03^_\xd3A,\xfd\x1c\xf6\xcb\xddY,\xfd\
r\x1dB\xeb&\x8a\x9b\xbd\x85}k\xb7A\xdc<\x00\
p\xc9?\x15\xe2\xe6\xf9\xa0\xb7\x86+\xe26\x01\x80w\
\xbe\xfbN\xdc\xe6/XWr\xb8X\xe57\x19\xe2\xf5\
\x85b\x8f\x1f\xf9\x88\xf0\xfdG\xdc\xf3\x14\xd8\xc9\xd1\x1a\
q\xcfj\xc0\xd1O\xc3\xc4\xbd\x5c!^\xff\xbb\x8d\xb8\
W?\x88{\xe6\xee\x12\xf7.\xac\x84\xbf;\x89\xfbw\
\x07\x1c\xf7h\xa8\xb8\xffS\xc0\x89\x87O\x8a\x07\xe0\xf8\
\xaa\xa7N<\xac\x02\xe2\x83OT\xe2\xe1\x04^\xe7@\
\xf1\xf0\xb7\xcf\xc1~d\x88G?\x029\xaf=!\x1e\
\xa3\x84xol/\xf1\x98\x87\x10O\xf9\xf5\x15k^\
\x03\x7f27\x8b'\xfc\x06tr[\x89'\xb5q\x05\
<_.\x0e/\x02=\x90\xc9\xc4Q\xfbA\xee|\x17\
\x88cF\x83\x1c\x0cm.N\xfc\x1c\xf0\xd1\xac\xb9b\
}\xdfO\xc0>\xde\x11g\xa5\x81\x9c|\xf2N\x9c\xdb\
\x1d\xe2\xf4\xaa;\xe2\x5c\xfdO`\xcf\xd2\xc5yG\x80\
\xceE\x8exU4\xd8\x99\xdd\xfb\xc4\xeb\xd6b|\xca\
\x11\xaf\xbf\x0a~\xa5\xc9S\xf1\xf6J\xb0\x8b}\x9f\x88\
\x8fG\x82=\xf5\xf7\x15\x9f\x97B\xbb\x17e\xe2\xf3\xfe\
\xa0\xd7\x035\xe2o\xf6\x83\x1dt\xd9(\xfe.\x07\xe8\
\xcf?.\xbe\xac\xbb\x07x\xc2 \xbe2\x16\xec\xcb\x80\
\xd3\xe2\x1f>\xc7qw\xb5\xf8\xc7\x9e\x80G\xdfy\x8b\
\xaf*`\x1f\xbft\x15\xdf\xf0\x00\xbb\x14\xf7^|C\
\x07\xf6\xf6\x8b\x11\xe2_Zc\x5c\xb0Y|\xef\xe2\x03\
D\x88\xe3\xc5\xd5\x93\xc1\xbe\x8b\xdb\x88k\xb74\x03}\
\xd9,\xae=\x05qh\xafi\xe2G\xc3\xc0_\x1d\xdc\
%\xfe[\xd6\x1dpW\xa4\xf8I\xf7\xfd\xe0g\xee\x8b\
\xff\x91\xc3>,\x5c#~\x1e\x06~7n\xb3\xf8\xdf\
_\xc1^\xb6o#~\xe5\x05t\xbf\x9d(~5\x03\
\xf4yy\x91\xf8\xd5\x8110^\x13\xf1\xeb\x1f\x81\xee\
r!|\xc2>\xd7M\x17\xbfQ\x80\x9f]\xaa\x17\xbf\
_\xf9#B{\x8eKH\xb9\x9a<K\xc2{<\x09\
\xe2$\xadD\xd0\x18\xe2\x81\xb8+\x12A\x1f\xc0U\x9a\
\x1f%\x82\x0d\x97\xc0\x9f\xe6K\x84\x0f\x86B\x1c\x90&\
\x916\x00}\x1f\x5c \x91\x86\xcdD($B\x22[\
\x08\xeb\xfd7U\x22_\x04~\x5c\xdb[\xd2\xe4\xb1\x16\
\xf0{W\x89\xb3\xc6\x1d\xe2\x9dg\x12\x97\xc7\xc0\xbf\xcb\
\x05\x92\x96?\xc2\xbc\xcb\xfaHZM\x04\xdc\xd3c\x82\
\xa4M\xc1J\x88_\xb3%m\xd1c\xe8\x17)q\xfd\
\x11\xecqbGIG5\xe8O\xa9\xab\xa4ss\x18\
/\xff\x92\xc4\xc3\x13\xec\x99\xf8\x9c\xa4\xbb\xf0\x10\x22\x86\
\x9f\x92t\xdf\x03z\xda\xbfZ\xd2#m2\xf0\xe9\xa2\
\xa4\xd7:\x88c\x87k$\xbd\x9e\x81\xbck?\x97\xf4\
\xf6l\x0d\xf1\xf4\x04\xc9\x80\x1b\x10\xe7\xfb\xfc \x196\
\xf0_\x84~\x19'\x19\xd5~\x18\xd0y&\xf1]\x0f\
\xf1\xad{[\xc9'^\xab\x10ZrR\xa2\x9ez\x04\
\xe2\xb8\x10\x89:\x03\xf6\xbf\xec\xb2\xc4\x8f\x0bv\xb3l\
\x93\xc4\xbf\x8b\x17\xe0\xbbK\x92\x89o\x00G\xe69K\
\x82K\xc2\x11\xd1\xa6\x8ddZ\xa7\xbb\xe0G\x15\x92\xf0\
\x02\xb0\xe7.C%\xc9\x0da_[4\x90\xcc~\xa3\
\x06\xb9TJ\xd2\xf4 W\xf2\x19\x92\x85\xea\xb6\xd0?\
R\xb29\x0apN\xd4\x12\xc9\x8e\x15\xd8\xef\xff*\xf9\
\xa23\xc4\x07\x8bs$_\xf4\x86x\xa4c\xb1d\xf7\
\x14\x03Bm\xbf\x92\xec\xbf\x0d\xf1\xa7_\x8d\xe4\xe0\xb1\
\xcb\x10W\xad\x92\x1c\x99\x09z\xdd|\x9a\xe4D\xae\x1e\
\xe2\xbb>\x92\xaf?=\x81\x88\xb6\x9d$\x17\x5c\x92\x11\
!\xdb \xb9p\x1b\xec\x9a+Or\x89\x07\xb8R\xfe\
\x89\xe4\x87N\xa0\x8f\xfb/J~\xf2\xd2!\xa2\xd5N\
\xc9\xf5\x13\x80\xc7\x5cGKn\x8c\x83\xcf\x00\x1f\xc9\xcd\
'\x80\x17\x9e\xbaI~\x93\xfb#\xb4v\x83\xe4NR\
KD\x10\xfb$w\xfey\x83\x88>w%\xf7\xf6\x81\
\x1e\xb6\xfdKr\xff\x0a\xe0\x8f.\xb3%\x0f\x0f\x82\x9d\
\xec\xb3Wb\x18\x0c\xf3hGH\xfej\x07|n}\
B\xf2\xd7\xa9|\xf8\xcc\x93\xfc\x93\x96\x05\xf8:]\xf2\
\xa6\xfb \x18\xef\x86\xe4\xedz\x1eB\xa3\xe3%\xef\xbf\
\x00\xdc\xd8\xdcC\x8a\x1e\x02\xbei2R\xca\xfd\x06\xf0\
\xb1\xffZ\xa9X\x07\xfat\xa1\xbdT\xb9\x0d\xf0\xe6\x0d\
OiC?\xc03\x1d?H\x1bi\xc0\x1e\x8c\xe3H\
]\x0c`G\x7f:/m\x15\x0axU\xb0@\xaa\x9a\
~\x0e\xe2\xd4\x0ci[\x0d\xe0\x97\x07\x87\xa4\xedK\xc1\
_m>%\xf5\x9a\x0e\xe3\x96\xce\x91z\xfd\x09z'\
\xda&\xed9\x1b\xec&\xcfU\xda\xb3l'\xcc?_\
\xda+m-\xf0w\xb4\xb4\xf7\x1d7\xf8\xf9\x94\xb4\xcf\
\xa0-\xe0w:I\xfb\x9f\x07\xfb\xf4S\xb4\xd4\xdb\x05\
\xe4\xef\xa7U\xd2\x81\xed\x00\xaf\x8c\xbd\x22\x1d\x98\x00\xeb\
i\xd7R:\x88\x0f\x7fw\x1e \x1d\xda\xc8\x07~\x1e\
+\x1d\x91\x00\xf2t\xc6Y:v\x1c\xf8\xeb\xca\xaf\xa4\
~;0\x1er\x97\x06\xec\x07\x1c\x18\xfd\x8d4\xe0\x06\
\xe0\xec\xc3\xd5Rm\xeb\xe6\x80{FI\xa3g\x81~\
\x8d\xd4H\x13n\xef\x01\x1c7A\xfai>\xac\xd7\x10\
\x22M\xce\x80\xf5\x0fw\x93\xce\xdd\x8c\xe3f\x83t\xde\
\x0f/\xc1/\x94J\x97t\x05}}6AZ$\x05\
\xfd\xef%\x96\x96\xec\x06{.\x88\x96n\x8d\x03\xbft\
5M\xba\xf3;\xb0\xd3\xfd\xaeJK\x8da`\xcf\x8f\
KO~\xd2\x03p9\x92~\xd5\x18\xe2U\xf7\xcb\xd2\
\xb3C\xe0\xe7CY\xd2\xef#\x00\x8f\x0f\xffEz\x89\
\x03q_\xc4*\xe9\xb5\x12\xb0\x87\xdb\x15\xd2\x9f\xf6\xd6\
A\xbc\xbbO\xfas\xa8/\xe8\x83Dzk\xc6\x0b\xc0\
k\xa5\xd2_]\xfb\x80\xdet\x93\xde9\x03z0j\
\xb8\xf4\xfe\x80\x0cD4\x96I\x1f,\x00=\xad\xeb.\
\xfd\xfd\x0c\xe8\xc9\xb0n\xd2\x87= \x1e\x1a\xa7\x95V\
\xa5\x9d\x06?_,\xad\xfa\x07\xfcl\xc8\x03\xa9\xe1\x1a\
\xf8\xb9\x1e\x17\xa5\xd5\xeap\x84RwK\x1fy\x82\xdc\
N\xd1K\x9f\xe3\xbc\xf8\xb8\xd7\xd2\x7f=\x01_\xa4\xf0\
\xa5/\xb3\xa2\x11*\xe9*}\xb9\x05\xfc\xe7\x0dB\xfa\
\xf2\xd6\x06\x84N}&}\xe7\x028d\xc8\xaf2\xce\
3\x9c\xb7\x7f.\xe3N\xed\x02\xb8\xc8I&\xbd\x02\xbf\
?3R\xa6\xcc\xea\x0e\xfb\xc2\x975\xfc\xeb\x01B\x05\
\x0dd\xce\x9f\x02\x1e\xf8\xfao\x99s>\xd0\xfd\xf4\x96\
\xac\xd9f\xc0=\xe3\xce\xcaZ\xbc\x87}8\x16!k\
S\x07|=]&\xeb\xb0\xbc\x02\xf8\xd6A\xd6a?\
\xe0 \xb7\x00\x99[!\xd8\xfd3{e\x9d\xcb~D\
\x84\xe8\xbc\xac\xf3U\xb0\x97\xd7/\xcb\xba\x9d\x8480\
\xe0W\x99\xe7\x19\x09\x22Z\x04\xc8zt\x02\x1cr\xdd\
M\xd6\xe7\x00\xc49\xe3\x8ad\x03<\xc1\xbf8\xcd\x95\
\x0dl\x0e\xf6\xac\xab\xb7l`\x0b\xd0\xe7.\x83e\x83\
\xda\x5c\x84xS#\xf3Q\x82\x9d\x88\xd1\xcbFj\x00\
7\xec\xa9\x95\x8d\xca\xbd\x86\xd0\xaf\xb9\xb2\xb1\xc4?0\
\xces\xd9\xb8\xc7\x80;\xd57eS\xc6\x80\x1e\xb8\xdc\
\x94Mm\xdd\x0e\xa113e\x91\xfd@\x0e\x1a\xfc$\
\x8b\xcc\x88\x80}~'\x9b\xe5\x07\xf6cP\xb2,\xf5\
W\x90\xdf?\xcf\xca\xe6\x05\x1fF\x84\xaa\x91,\xa7\x16\
\xfc\xb2\x9fT\xb6\xe2<\xf8\xaf\xf0G\xb2\xc2\x05\x80\xdb\
+\x0adE\xdf\xc3:;\xf5\x90\xad{\x02\xfewb\
#Y\xc9\x00\xe8\xd74@\xb6w \xf8\x89W\xefe\
\x87\x1b\x00\xee\xf4o%\xfbZ\x07\xfe\xf3\xe7V\xb2\xef\
\xb6\xc0\xfc\xc7\x9e\x93]\x9d\x0f\xf1\xe5\x98\x86\xb2\x1b\x8b\
 \x8e\xba?Ovs3\xc4\x07\x19\xa3d\xbf\xdcv\
Fh\xd71\xd9\xbd\x1f\x01O\xa4\xe7\xcb\xee\xfbLB\
\x84\xdf\x1e\xd9\xef?\x03\xfeUl\x95=\xfc\x00x\xa9\
\xedb\x99a#\xd8\x81\x8d\x952\xa3\x10\xf0j\xab7\
\xb2\x9a\xcc\x0e`W2e\x7f\x0c\x02\xf9{\xb9H\xf6\
\xc7\x1e\xb0_\x0d'\xc9^!,\xef\x05\xb2W\x13\x1a\
\x83=i/{\x9d\x5c\x08~b\x92\x9cX\x05v\xf6\
\x9f\xe7r\xfet\x88\x1b\x5c\x0f\xcaE\xe1\x80k\x0a\xbe\
\x92\xcb\xd4\xd3\xc0\xee6\x97+\xf6\x83_X\xb7C\xde\
h\xe8T\xc0\x8d7\xe5M\xf6\xc3:\x8a>\x97;\xef\
\x04\x1c3\xcfU\xee\xfc\x15\xcc\xffL\x86\xbc\xd9(\xb0\
\x03\xeb\xae\xcb\x9b\xa7\xbf\x06>\x8b\xe4-\x02\xee\x82\x9d\
\xb8!o%\xcd\x04|\x16 o\xd5\xfd\x0c\xc8C\x07\
y\xab)y\x80G\x0e\xca;\x8c\x03{\xb7\xbe\xa9\xbc\
c9\xfc\xfd\xb6\xab\xbcc]G\x88\xdf\x5c\xe4n\xff\
\xd4\x80\xdd\xbd\x22wO\x06y\x7f\xbfO\xde\xad-\xf0\
c\xe3R\xb9\xd7w\xe0\x17\xe7\xa5\xca{=\x05?8\
3D\xdeo0\xd8\xc7\xf6by\xbfa`\xd7;\xf4\
\x94\xf7\xff\x14\xf0\xdb\xb3C\xf2\xc1'\x80\x1f\xdd_\xca\
G|\x0d\xed\x96\x9d\x93\x8f\xe9\x0e\xb8\xd5\xef\xb5\xdcW\
\xd9\x16\xe2\xe7vr\xdf+\x10\xb7O\x0f\x95\x8f[\x09\
\xfa\xf0\xaeF\x1e4\x13\xe2y\xef\xd7\xf2\xa9\xd1\x80\xdf\
\x83\xef\xc8C~\x01}\xed\xbc^\x1e:\x19\xe8\xb5\x98\
*\x0f?\x00?\x8fr\x96G\xad\x13\xc0|\x0f\xcbc\
\x1a\xf4\x00?S$\x8f\xbd\x05\xf6\xcf\xf9\x8d\xfcS\x04\
~l\x84\x9b<\xd9\xd8\x09\xe2\xeb\xc3\xf2\xd9\xd7q^\
8J>\xa7\x19\xc4\x17o^\xcb3\xa3\x01\x07w\xcb\
\x90gU\x81\xbc{^\x95/\xc3xe\x9c\x1c>\xfb\
\x82<\x9c\x95\x17\x04\x83\x9f\xbf$\x91\xaf\x16\x83<=\
\xe4\xc9W_h\x02\xfe\xe2\x99|\xc7\x0e\xf0\xe3\x9a\xe1\
\xf2]\xbf\x03\xcek\xcd\x93\x7fq\xd8\x13\xe2\x84\x86\xf2\
\xb2_\xe1\xf7I\x1b\xe5\x07:\x03.\x1f\xfc\x9b\xfc\xd0\
#\x88\x0f\xc7\x97\xcb\x8fO\x02\xbf,\xd9%\xaf\xfc\x02\
\xe4\xf3\xefU\xf2\xb37 .\xbb\xa4\x97\x9f\xad\x03\x5c\
?J-??#\x04\xe8\xfb\xca/\xca\xc1\x8e_L\
\x92\x7f\xff\xb9\x07B\x1dJ\xe5?\xf8\x83\x9di\xfcJ\
\xfe\xe3#\x88/6l\x92_}\xf7\x0a\xf8\xfa\xbd\xfc\
\xda\x82G\xc0\xd7\xfb\xf2\x9bi0\x1fU\x86\xfc\x97\xdf\
\x81\xee\x8fH\xfe[s\x90\xab\xec0\xf9\x83\xb2\xc1`\
\x1f\x16\xca\x7f\x0f\x05\xfc\xfc\xf74\xb91\xb8/\xf0\xf7\
\x82\xbc\x96\x078\xf1\xde<ym!\xd8\x87\xbd\xee\xf2\
?z\x81\xbc.j/\xffS\xd5\x00\xf4%Y\xfe\x5c\
\x09\xf8}\xebl\xf9s\x97\x22\x88K\xa7\xc8\xdf\x05^\
\x828\xc7M\xfe\xbe\x15\xc8\xfb\xfc\x05\xf2\xba\x97`?\
T\xfb\x15\xe8S\xd0\xd3\x17a\x0a~\xab\xab\x88\x90\xc4\
)\xf8c\xc0\xaf(\x17(\xe4\xbb\xc1\xcf\xf3\xe7+\x94\
\x1f\xc0\xbe\x95\x1cP\xb4l\x0b\xfe?'G\xd1\xfa\x0f\
\x88\xe3\xbb\xe4(\x5cE\xab!\xae\xadV\xb8\x06\x82>\
F\x9dQtp\x02\xbfq\xe7\xb9\xa2\xc3<\xb0G\xbe\
E\x8a\xce75\x08\x09')\xba\x02\x8c\x224\xdb\x14\
^\x89\xe0\xb7=\xd6*z\x9f\xc4\xe3\x5cW\xf4_\x0e\
8 x\xb0b\xe0:\xf0\xc3D\x1b\xc5\xf0\xeb`?\
\xf6\xb5W\xf8\xac\x08@\xe8\xc3I\xc5\xa8n\xc0\xffs\
\xe5\x8a1<\xc0\xcf\x03\x86+|/\x82\x1el\xaaS\
\x8c\x8d\x80}X\x16\xa6\x18[\x01\xfa\xff\xe7r\xc5\xa4\
\xe1 _\x9b\xe7*&\x17\x02>\xfc\xe9\xb9bJ\x06\
\xc4\xd13\xdf+\xa6\xc5\x83\xbc\xf4\xfb^\x91\xe0\x09\xf2\
Ld+\x92G\x82]\xe9\x97\xaaH6\xbe\x86x{\
\xa1\x22\xa5/\xe8\xdf\xa6\xc6\x8a\xb4\xe9\x1c\xb0k\x87\x14\
\x19\x19 ?\xdc\xf6\x8a\x85\xe9\x10?\x11\xa7\x14KN\
\xc1|.7U,\xb9>\x11\xfcC\xbeb\xe9\x0c\xe0\
G\xd3S\x8a\x9c\xef ^\x91\xfc\xac(\xec\x06v \
\xe0\x8ebe\xcf\x95\x88\xf0\x9a\xa2X\x1d\x0dv\x90\xfb\
\xabb\x0dQ\x07\xf1L?\xc5\xda\xb4\xfe\xc0\x97\xc7\x8a\
me0\xef\xbf\xf2\x15;\x0c\x10\xa7wn\xae(\xf7\
\x00\x7f\xbdr\xa0\xa22\x18\x183\xbb\x8d\xe2\x94\x16\xe4\
\x5c\xadR|\xd3\x0d\xdaM.V\xfcX\x0a\xebn\xd4\
Wqk\x0e\xc41\x13\xae*nW\xc0\xbe\xce\xec\xab\
\xb8\xfb\x01\xf8\xba\xfd\xae\xe2\xde\xd0\x18\xc0\x87\x13\x14\xf7\
\x13\x01\x9f\xccz\xa6\xb8\xff)\xe0\xff\xb8f\xf0y\x0b\
>\xe7)\x1e\xa8\xc0N\xc7\x8fS<\xf0\x1f\x05\xed\x08\
\xc5\xef%\x80OS\x92\x14\xbf?\x83\xf88\x95\xa7\xa8\
\x9a\x01\xf1u\xeabE\xd5s\xd0\xdf\xd9\x0f\x15\x86\xc1\
\xf09w\xa1\xa2Zq\x13\xa1\xcf\x5c\x15\xb5\x010^\
\xe6+E\xad\x1e~\x9f6]Q\xbb\x17p\x9eS\x88\
\xe2\x8fv \x7fY\x15\x8a?f\x80\x5c\x1d\xe9\xa4\xf8\
c\xf7u\x90\x87&\x8a?\xeeC\xfb\xec\xab\x8a?\x95\
\xa0\xd7_\xddT\xfc\xf3\xf7\x10\xf0S\xdf)\x9e\xe5\x03\
?\xcez)\x9e\x87\x83\xbf\xfbf\x97\xe2er(\xe0\
X\xf8\xbc\x06\xfb\x91\xf3J\xf1f\x13\x01\xf8R\xabx\
\xb3\x1f\xf0\xda\xe5\xd3\x8aw\x13!n\x18\x90\xa6x?\
\x03\xf0@a\xaa\xe2}\x19\xcc\xd38S\xf1\xfe4\xf8\
\xbb\x1f\x04\x8a\xba\x19`'\xae\x97*\x11\x17\xecl\x91\
\x8b\x12m\xe7A\x1c\xd2Z\x89\xfe:\x01\xbf_\xa4$\
V\xc2\xfc&\x1dP\x12[\xe1s\xf2?J\xe2\x19\x8c\
\xf7\xcb^%g\xd8R\xf8|\xa7\xe4$\xc6\xc1\xfe>\
Rr.\x81\x1dm)S\xf2\xf40\xee\x9cJ%o\
\xdby\xf0\xe7'\x94\xbc\xe7\x0b@o\x1f)\x05\xedU\
\x08U\x13J\x81z\x01\xc8\xbfR)\x9c\x01~\xaah\
\x88R|\x06\xf8\xaeuRJ|\x00\xaf\xff\xf5F)\
y\x00\xf8m]\xa6RZ\x06~{UO\xa5t\x1f\
\xfe\x5c\xaa\x94q\xa7\xc0\xef\xbd\x94\xf2\x91m\xc0/\xa9\
\x94\xf24\xd0w\xf1\x14\xa5|\xed>\xb03\x0d\x94\xf2\
u`\x17yW\x94\x8a\xefA\x1e\xc49J\xa5\x0e\xf4\
Y\x10\xa2t\x1aV\x01\x9f\x15J\xa7\xe1`\x7f\x84\xc3\
\x95\x0d\x03a\x1d\x1b\x1f+\x1b5\x80\xfd\xddy]\xd9\
\xa8\x00\xf6\xfb\x1f\x0fecO\xe0w\xe9\x11e\xe3\xa4\
\xe7\xf0\xa9Q6\xde\x0bxL\xd6\x5c\xd94q\x1e\xf8\
\x83\xd1\xca\xe6\xf3!\x1e\x18\xb1Y\xd9\xbc\x0c\xe2\x0f\x97\
\x9b\xca\x16\xdf\x02.\x97\xa9\x95-;4\x00\xfb\xf6\x87\
\xb2\xe5\x8f\xd0N\xdc^\xd9\xf2\xa7,\xf8\x1c\xa3l\xf5\
\x0f\xd8\xaf\x96\xaf\x95\xad\x87\x81]|\xd7D\xd9:\x11\
\xe2\xba\xc7'\x94m\xd6\xe3\xba\x88WJU'\xc0_\
\xc9\xbb\x95\xaaS\xe5\x88\x18\xffV\xa9:\x0b8)\xa0\
5|.\x86\xcf\xcf\x94m\x87C\xbcY\xb7Z\xd9\xd6\
\xa7\x17\x22P\xa9\xb2\x9d\x1e\xec\xbf,^\xd9n\x1b\xc4\
\xeb\x92v\xca\xf6\x04\xd0\xfd\xb0F\xd9>\x07\xf6Q~\
X\xd9~\xd3\x18\xf8\xfdh\xa5\xeb\x07\xf8\xe4\xacQv\
\xf0\xdf\x0c\xed\xc7(;|\xde\x0e\xe2\xe2\xe7\xca\x8e\x8b\
\x00W)\x1f(;\x96\x00\xfe\xfb~\x9f\xb2K\xc8^\
D\x0c<\xae\xecr\x16\xe2\x90\xfb\x7f*\xbb\x9e\x069\
7\xbcR\xba\x87\xe3x\xbdX\xe9\xb1y\x16\xe0\x94\x9f\
\x95\xdd\x16\x01\x9d\xc0Y\xca\xee\xdb\x00\xaf9\xbdS\xf6\
\xf0\xbb\x00\xb8\xc6]\xd9s6\xe0qN\x8a\xb2W\x12\
\xcc\xa7q\xba\xb2\xd7\x83Q\xf0\xb9U\xd9{\x1f|6\
\xaaV\xf6\x1d\x7f\x0apW\xae\xb2\xef\xfc\x0f\xa0\xdf\x03\
\x94}\x17\xc3\xbc&\xb4W\xf6\xe3\xc1~n\x98\xaa\xec\
\xbfh\x10\xd8\xfd\xc7J\xef.\x10\x8f\xf4\xf6Vz\x0f\
\xf9\x19\xe4\xe9\x9a\xd2[\x0dqX\x87\x5c\xa5w4\xf8\
\x07\xf1\x09\xa57\xb8#\xa2cc\xa5\xf7O\xc0\x9fv\
\x07\x94C5\x10\x8f\x04\xdfS\x0e\x1b\x8a\xcfS6)\
}\xbb\x83\xff\x1c,P\xfa\xee\x97\x22b\xc8{\xa5\xef\
\x0f\xc0\xbf\xe1\xdd\x94~\xe7\xc0\x9e\x0c\x0fUNI\x07\
\xbb\xb5\xfc\xac2\xe4Z\x08\xe0\xe6\x8b\xca\xf0R\xb0\x1f\
\xbb>U\xc6\xe0\xf3\x8a\xbe\xc3\x94\xb3\x07\x83~\xfc\xeb\
\xa4\x9cw\x0f\xfcIy\x8arMg\xb0\x7f\xa3\xfb+\
\xd7\x8c\xdc\x0585S\xb9\xce\x0d\xfc\xcdo\xa1\xca\x83\
\x13\x00G\xab\xfc\x95G}\xc0\xae\xed\xcdP~\xcd\x03\
;\xeb\xf6Vy\xfe\xf9a\x84b'(\xbf\xed\xc5\x87\
\xcf\x8e\xca\x8b%\x80\xeb%}\x95\x14\x0eZ\xa6\xbc{\
\x1a\xf0\xe5g\xbe\xca\xbb\xef\xbf\x00\xdc(V\xde\xcb\x82\
8\xc7\xab\xab\xb2\xfa\xb3h\xd8\xf7\xc1\xca\xbf\x0bA\x9e\
cF*\x9f(\x01_~\x1f\xa9\xfc\x17\xe2Q\xf4d\
\x9a\xf2EK\xd0\xf7\x99\x22\xe5KW\x98\xd7\x0e_\xe5\
\xdbI`7\xb7\xedW\xbe\xf3\x03{\xf2\xfe\xbe\xf2\xdd\
L\xd8\xb7;\xeb\x95\xef\xf6\xc1\xdf_\xefT\xd6-\x04\
\x1c\xbc\xcd9\x16\x11\x93\x06\x012D-\x91d\xe2\x87\
\x18at\x97\x9c\xb7\x9a\x9bu\xb2\xc4c\x01o\x03\xfb\
j+\x0a/\xe7\xdc\xf0\xe4\x880\xd4\x07<\x80\xdc$\
\x86\xf5\xa7\x8c[\x96\x1a7\xec\xae)\xaf4\xe4\xafz\
|\x22\xb7z\xe11\xc3\xd2JC\xf6\x11\xe3\xaa\x8a\xda\
\xa5y5\xe5\xc5\x0f3\x17\x0aq\x87a#\x86\x8f\x0b\
\x0b'(\xf2*t\x04\xa9&{\xe5u\xa8sAi\
(\x0a\x85\xa1X\x14\x87\xb4(\x12\xa5[\xc87Q}\
}De\xd8\xbe\xaf\xe6\xe0\x8e\xc7'\xd6\xa5E\x85\xc5\
\xc6i#\xd3\xedi\xb9S\xb4\xa6=\x8dZ\xe8\x1f\x92\
woU~\x9d\x08(F \x1dJA\x09H\x8f\xd2\
\x91*{\x9c\xb6Bk\x08\xfd\xb9Nl\xa1\xedA\xd2\
>\xb2\xdf\xb8n\xa1a\xc1\x86\x9a#\x9bk\xd7\xe5?\
>\x91\x9d\x16\xa1KI\xd0\xa7\xabjJra\xfe\xc6\
\xd5;\x0c\xa7W?>\xb1\xcc~\xccfH\x95\xe6\x0b\
\xe3\xda\x8d\xa3yb\xa1\xef\xa4\xaa\xde\xbbLe&g\
\xc8\xaf\xb0'!@\x9e6\x1d\xf8\x9el\xad\x14h\x18\
\x1a\x81\x86#\x95Z\xaey\x9c\xe2fi-\x876\xaa\
\xaa\xa3y\x86\xfc\xf2\xea\xa2R\xfb^]\xcc\xbdB5\
\x81\xe3\xa9\x9eu\xb2\x9c\x971g\xa2\x0d\xf3\xa4\xd3\xf3\
\x83r\xa3\xe5\x81%A\x0a\xbc\xa3\x16\x8a}1E\xc3\
\xc9\xcf\x0d\xcb\xf2,ta;k\xca\x8f\x18\xb7e\x1a\
7\xef\xa8.\xcd1\x1c\xcf7\xac\xcc5n\xc83,\
/1\x14\xac\xa0\xf6\xd8~l'\xf3\xd8Q\x0b\xed\xe6\
\xec\x84G\x00~;\x9c\xb6\xcc\xdc5\xe3y\xf8vK\
7\x09\xeeV]y\xd0\xb8|\xbb}\x87\x89\xa6\x0e\xe3\
@|\xc2a;<\x90jVD\xb0[@r\xf1_\
u\x22m\x9f\x90\xc1I\x87g\x10\xe46%\xc3\x06\x85\
\xc1\x7fS\xe0_\xe9u2\xfb\x8d[37oDB\
A\xe8\xe2\x04\xbe^@\x13\x92a\xd4X*\x0f\x95O\
\x9c.96!Z\xe5\x16\x15\x9b\x10\x16\x17;O\x9b\
\xa4JK\xd6\x87\xe9S\x92\xd3\xdd-\xbb\x9c\xa4M\x8e\
\x8dL\x09\x8b\xc3\xff\xd0\xa5$Eh\x93;\xdb\xcf\xd8\
\xbb\xbe\x19\xff\xc7Yy0g\xf5?\xcc\xa0\xa5\xe3\x19\
\xa8:Z\xc6hd?F\xb7n\xdd\xec)\xb5\x03J\
\xfeh,RM]\x96}\xde\xa2\xca\xa9@7\x0e\xd6\
\xa0\x05\xf9\xb6\xaar\xcba\xfecU\xb1\x09\xc0\xb2\xb8\
8\x15\xa5\xc8\xde\xaa\xb4\xd4\xb0\xb8\x14\xad'C\xa3A\
\x971I\x98\x9ci\x00\x87d\x9d1Y3\x193}\
m$\x9b`\x91\x84\xfc\x1e\xcc\xd0\xd1\x04\x0b:W\x9d\
.1.(\xb7\xef\xe0\x0c\x1d\x22`\x13ba\xdcX\
\xf8\x9ck\xd7U9,B\x1f\x9b\x1a\xab\x9f\xeb\xa8\xff\
\xd4M\xabFN\xee\x14\xa2Db\xe4\x03\xfd\x93`\xee\
]\x91\x97\xa5\x7fC\xe8\x8f\xb7I\x03\x92$\xf6\xd1'\
\xc5u\xf5b\x98\x183\x09\x90\x0b\x1a\x09\x9a\x1c46\
\x11I\x06\x22*7\x8aJg\xb6MJ\x00\xab\x9a\x04\
\x82\x15\x0b\x9f\xb6\xbcL\xcf95Yh\xb5\xb7\xc3\x12\
\x22\x93t\xb1\x91&\x8e\xa6\xd7\x94\x9d2l_jO\
\xd1\xc5\x9e\x22\xa61u\xd3\xba\xdc\xa9V\x9dmj\xa6\
D\x910\x94m\xaa\xdd\x9dk(c(pc&\xad\
\xf9\x09\x16*\x0a\x1a\x95\xea\x93e\xf6\x9dE\xea\xb7a\
Ju\x8e\xfa\x05mG\x13\xe6\xaa\xb4\xa9\xda\x04}2\
\xa3\xf1\xf4\xa2\x14\xb7 \xf9\x5c\xab\xc1\x15\x0dKLT\
\xa9\xc3\xe2\xb5\x0ci\xc1M\x03\x85\x11\xe16\xb4\x1b\xe0\
\xe6\xc9\xb3c\xf5\x111\x0e\x86\xe0\xe1~V{\x0e\xed\
\xe3\xe62\xac#n\x13>\xb4@\xac]\xaa~\x11\xed\
\xb3\xca\xdf\xd2\xbe=\xd9^\xa5\x8f\xd1\xaa\x92\xb5q\xda\
\x08\xbd6R\x15\x05z\xa2J\xd4&\xc5\xc7&'\xc7\
\xea\x12\x18#\x0e\xc4\x9a\x8b)\xc2\xb6F\xa0\x18\x14\x0f\
l\x8cd\xaa\x0b\xfc\xc6\xf6w^(\x9d\xa6\xeb\xae\xe4\
\xc8\xd8\x8eD\xc4\xc4\xeb\x22\xad\xfad\xfa\x97W:\x8b\
\xf2\xf3\xf2\xafO\xbck!\xc1\x1b\x1e\x161\x8b\xc1G\
\xdc\x04\xaf3\xb0iv\x8c\x95\x8f\xb8\xa9J\xaf\xa3\x16\
\x17\x17\x9b\xacg\x90\x0e\x1e\x9d\x1df\xdd\xa6\xe1aq\
a\x09\x11,J\x1d\xdad\xea\xbb\xc0-\xf9\xe9\xd8\xa5\
YE`\xb8N\xa7\x8f\xd3\x85Ej\x93\xec;4\x8c\
\xf7[vA\xadH+\xd1\x0b\xb0\xc8\xe2\x99Y\xba\xb5\
\x1e\x9e\xa4\x9b\x9d\xacU\x85%D\xaa\xe2\xc3\x12\xc2\xa2\
\xb5\xaaHmjl\x84\x96\x9cf2\xd3\xc9\xf9\x80A\
\x99\x00Va~\x8a\xdb\x8c\xf3\x01\x87\xacN\xce\xc7\x7f\
\x82\xaa\xea\xe4ipo\xc6E\x8b\x0dK\x0e1m\x91\
\xb9\xab\x8d-\x22\xbb\xb1\xda\x12K\x87\xe8\xc3\xd1Y\xb6\
\x1d\x8c\x9b\x0e\x1b7e9\xec\x90\xd7&?\xdd\xb6C\
\xcd\xc1\xcd5'O2\x18\x13\x907\xab-\x09\xf1T\
\xab\x22\xd5\x869\x099VMn\xe5\x13\x17\x0b\xfb5\
\x02DR\x0f\xec\x89\x0e\x8bM\xc0\x9b\x17\xa1K\x88\x8a\
M\x8awH\x89\xa2\x82\xe9Y(\xb5\xa1(\xd9\x93\x00\
>\x03i\x90n\x86\x18`\x97dU'\xec\x87\x18\xaa\
*\xc2m\xd6d-\xbb`\x05Fd;Ub\x12\xec\
\x9ev6\x835\xb8\xfd\xc4\x0fI\xa3m\xfa4\xa5\xfa\
`\xd5\x8b\x8d\xc7[__o\xac\xb4\xf3Vk\x1eZ\
]\x9b\xb57MUU\xb3c\x13\x22u\x0c\x12\x02p\
m\xb9\xe1N\x96\xceb\x1f]|\x22f-S\xbc\xcd\
\x0c\x0c\xef2\xf1\x83\xa5}\x0b\x1f\x13\xd7\x92#\x92\xb4\
\xda\x84\xe4\x18\x9d\xde1\x03'\xcb\x03\xfbXz\x0a|\
t\x89\xb1\xccal\x1b\xf1\xa0\x11\xc3f9\xe3&\x98\
i6\xce\xcc\xc7\xaa\xd1\xb8\x93\xca\x17s\x8e\xf2e>\
\x0c\xcc\x11\x22\x88v\x8f\xf6\xc6\x1a\x87i\x05zb\x5c\
\x8au0\xf5\xef\xd0\x09\x16:\xddH:a\xaa8]\
\x04x5\xd2<\x80\x98`\xbeF\xa4$%\x81\xc5\xb5\
\xa8\xa4.\x8eE\xbdU\xe6i\x06z\x06\xce\xcc\xeb\x15\
=\xdf\xc6q\xfa\xd0\x1c\xa7\x8a\x1c\x88\xdaj,\x88q\
\xb1\x89\xe1\xba\xb0\xa4H\x93\x13\xf5a8\xd1\xc6!\x02\
l\xb3\xd7\xccM\xfd\x9b\x9a\x7fJ\xef\x05\x0d\xac\x96\x9b\
$g1\xda\xb1zm|\xb2e\xe6\xb0\xbd)z\xe6\
d\x1b\x07\xbba\x1e\xf8\x8d\x9f\x9f\x10\xd8b\xfa\x1b\x92\
3\xfd-\x14;\xf9$i\xc3\xb0\xba\x99\x96\xaa\xc2\x1a\
C\xe3\x03\xe6\x10\xdb\x8e\xdbQ\x9d7\xcf\xc6\xc6\xb9\x9b\
\xa9&\xa8\xb4\xf1\x89\x80]H\x16\xffG\xd2\xcd\xa6=\
\xc5$\xeb\xc1bN\x14\xf9H\x87\xb0\xce\x05\xcf\x0d{\
\xabzpbs\x1f\xd3<\x12\xc1K\xc0\xfe8\x06\x89\
2L\x0d\xeb\xc6\xf4|\xcdKK\xfff\xe6\xfe4\xfd\
\x00E\xd4\xcea\xed>\xbf\xb3v\xf0\xac\xeb~9\x96\
\xee2s\xf7y:\x1d\xc3\xb8\xf1\x02g\x06Z\xc1\x12\
\xd7'\x85\xe9\xb96\xdd\xa2\x99N\xe1\x08mTXJ\
\x1c\xb3\x95\x8dY\x14P\xa6\x95a\xd9p#\x0c\xaa\xad\
\x96\xcdd\x83G\x91\xe8\x99\xb5\xbd\x8d\xa9h`j\xaf\
\xb1p\xe2\xbf\xf7Iv\xd8\x07\xcb\x01\xf4\xaaO\x0e(\
\x1a\x8e\xe5\xa0%F-\xecDh\xa8\xa41I\x06\xa3\
\x123\x1d\x16\x14\x22J\xfd;\xc6\xd6\x88HGh\x93\
\xa1\x17\xab\x0c\xbb`\x93\x93\x7f7b\x07\x0e\x0b\xd5\x0a\
\xac\x1c\x91\x97\xfdB\xf2F\xc4\x0c\xb4\xaa\xde\x08\xca\xc6\
\x84\xa5\x02\x9b\xc3\xc2c\xe30\xc8\x8f\xd2%Q\xca\xa2\
\x03\x0bO\x92f\xe2KL{ne\xc6i+z5\
Q\xd2EE\xc5\xc5&06\xd8\x15w\x98\xf6\x14w\
\xc1\xb1y\xe1em\x05\x9eZ\xb8s\x818\xbc6 \
U}\xd3\x06\x9a\xf7\xb0%6\x00\x02<\xf0\x9f\x09`\
qT0\xb7\x88\x18\x9d\x8e\x04/:P\xe5$\x93\x99\
dH<\xe6\x13\xc6K6R\xd5lD,\x90\xd2\xeb\
\x92\xe6\xaa0j\xc2\xfc\x8eb\x150\xce\xbcyVg\
<\x12\xdb\x0f\x86\x5c\x177\xcfyLk\x93\x94\xa4c\
\xd8=^xt\xf68\xab\x86\x8c\x9c\xa3\x8dHa\x11\
~\xdcj\x81K\xb4\xbb\x95\x99\xa6\x96X\x9ac\x13\x99\
*e\xb3&\x01\xbb\x8a\xb4\xd3\xde\x8f\xbb\x81\xf3Yl\
\x0895+d\xfa\x8cN\x16\x12\x1d)\x12\xd8\x8c\x83\
U\x8b\x04D\x80\xb7^\x1f\xabM&\x85\xc1\x91h;\
\x7f$\x0cv\x1a\xf5\x91\xd0W\x16\xfaGA\x9b\xa0\xee\
\x81\xa53\xdb\x86*\xad\x18xTX\xb2>\x5c\xc7\xd4\
\xc6\x86X\x95\x16\x1d\xd1\xdc4\x9bV\x9a\x02\xb5\x18\xa5\
\x85X\x85\x84\xf5\xb66\x95\x0d\xcd\xdb8\x0a\xde(\x98\
\xa4}\x13\x09n\x82\x11\xf4D+\x96\x97\xe3\x86\xaa\x91\
s\x12\xe3tI,\x0e\xd9\xda\x83\xca38dK3\
\x1b:*\x0f\x87\xecQXIb\x1d\xb6\x1a\x0b\x92\x80\
\xd6L\x80\xca\xcc0\xa4*\xb2ez;\x9b\x85J\xc9\
n\xc9\xda\xb0\xa4\x88\x18\xc6N\xe0\x96\xda\xa5\xd1\xee6\
P\xb1\x01\xd9C\xaf\x9d\xa3w\x04\x12\x1b\xe2~Ar\
\x0d?\xa8\xab\xf6\xbev\xcc\xd4\xe04Z\xa4\x85{'\
@\xc8\x89\xc1\xaf\x1epp28'X*\x84\xb8\x11\
1aIa\x80\x1f\x92\x98ae\x01gz\x91\xd5\xed\
\x8c\x8aeH\x813n\x811\xa9\x0d@\xf3\xa4sG\
\x8f%9\x98\x84\xa4\x14F\xf3d\x18v3\x11\x1b\xd8\
\xe4I\x83M\xce&2\x14\xb25\x81%\xcf\xce\xac\x84\
XT\xac\x03]l\xf4\x96-\xee\xc0\x80\xc8v`H\
0\x8a\x15\xee9S\xcdpH\xcf\xca\xebNT7\xd5\
\xff\xcc\xee\xc0\xf1\xf9\xb7\xad\x16j\x94.i6@C\
f\x8c5\x1a\x8dB\x93\xec\xa3\xb8\xd1\xa3&9\x88\xe2\
\xda\xd1\xb5\xf4#V\xc2u\xb4Vo\xaf\xb4\x1fM\x9a\
\x01B\x0d\x99\x9eq\xcej\x7fG'\xe9R\x12\x99\x81\
\xab/\xc4\x86\xaa`\xcf\xe0\xa1\xc8{\xdecZ\x18\xe3\
\xe4\xeb\xaf2l\xa80l\xcc\xf4\xae\xfe\xb2\xdc\x90\xbf\
\x8d\xc1\x98y\xf3\x8a\x9fZm\x84o$\xd3F\xc8B\
\xdf\xa7h\xf1\x02\xa7uNXdi\xea\xe2\x1b\x9d\x00\
j\xa9\x0aKL\x84\x08\x90t\x9f\xaa\x88\xa4\xb0\xe4\x18\
f\x5c\xad0\x13\xd0\xde\x0f\xbaL\x93\xfa\x16,$\xf4\
\xb1\xf1Z]\x0a3\x0dCNb\xea\xb2\x80\x98P\xce\
\xf4~\x8cI$\x83\x1bI\xc2>];'B\x9b\xc8\
\xea\xca%8\x88\x98\xf6\xd4&0\x92\x91\xe1\x0d\xc8\x11\
[\x0c%\xc2\x1dr\x8c3\xce[%\x9cj\x1e\xa9\x05\
\xa9\x8bc\x0c\xd0\x12\xb7\x0f\xf1\x9e\xfa\xca\x93 \x85\xb8\
S\x882(\xd7\xefom\x7f\xed\x8b\xe2\xe7\xd6\xc3\x15\
\x8a\x06\xce\xee\xb9S\xe8\x83\xfa'\x99\xa2\xd0E\xc6F\
\xc5b\xff\x14\xcb\xcc_5\x8e6\xcc\x96N{\x1a1\
a\xd1\x91\xd4,\x8c\x22l ^{\xdf\x84\xe4D\x8c\
\x1b\x22\xc2\x12\xf5)I@\xc3\x14UY1\x1f\x93\xa5\
\xf4t\xac\xd5z\xfa\x9a\xf2\xb9\xc3\xfc\xc72X\x82\xf5\
\x12\xeb$\x8d\x83&\xd5cK\xb9\x89\xb4\x89\xfe\x03m\
\x9a+,\xcdS\xe2\xc3\x99\xda/\xa1\xac\xacM\x97\x06\
\xe6.$\xb3\x12\xd82{\xc5\xddRo\xcd\x7f\x9b\x1f\
g\x93\xd9k<V;\x97\x8a\xff\x00[%:H\xee\
5\x0bxS\xdc<H\x91\xf1St(0b<\xd2\
\xa1\x044\x0b\xf4v\xae5\x8b06\x16x1^\x97\
0K\x0bQl\x14\xd8\x16\x95\x96\x0d\x02)H\xf8\x0b\
8\x0c;\x16\x9a\xbfn8\xce\x84\xbfL\x8e\xe5\xf7\xcc\
\x9d\xec\xc8\x19\xba\xd6\x8b\x9c\x1b\x99\x09\x99M\x05\x0b%\
\x81\x9fz\xfa\x8b\xfc{\xd6\xbd\x1c\x07\x16}\x1c\x84o\
\x09\x11\x0c\x5c'S\x0fX\xb6`\xea\xbb\x85]l\xb8\
\xd6t|\xd8L\x1d6\xaf\xa9\xb1\xd1\x94B\xb23N\
\x16\x8d\xfc\xd40_\x0d\x1aA\x93\x1d\xe1x\x88;5\
#\xc62\xcfG0k\xc3M\x87\x81\xfe\xf0\xdf$\x14\
\x85\x0f\x040\xe3\xebd\xe1;\x82>\x99\xf64\xa5M\
\xb8S=\xe6\xd3}\xbc\x0ep\xbb\xd6_\x9b\x14\xa5\xd2\
B\xec\x17\xe9\x0e\x18.Q\x97\xa4WEk\x130~\
\xaf\xcf\x8c\x8e\xa8\x7f\x02\xd1]\x82\xdd\xd4\x06\xb5\x14c\
\xe9\xf0\x8c@O<\xa1z\xa6\xd2\xdd\xe1T\x00\xaa\x03\
\x92L\x01]\x8eMp<\x1b\xf7\x8f\xcd\x06\xcf\x01\xfe\
\xbd\xc1&\x06be@2D\xa2\xaaH\x0b\xd8\xb7\x8c\
o?d \xfb\x90\x05(\xe0\xcd\x1cB\xed\xcd\x94<\
jW4\x8f3\xdf\xab\xe5Ss\xb5z;vx\xd1\
\xd81\x86>\xb19\xb18H\x9c\x1d\xab\x8f\x01\xb3\x1a\
\xa9\xb5\xf0`\x80\x99E\xf1asU\xe18A\x11a\
\xca\x91y[\x12\xd2\x8cD\xf8\xff>\xe9\xe8.X\x8c\
\xf0\xd4-\xd3\x1bN\x9b\x1e\xe5n\xa9\xe9\xe1\xa9\xda\xcf\
1Ag\x9e\xe6\xec\xb0d\xab`\xd9O\xcc\x93}b\
\xea\xcb\xc1n\xf9?f\x8f\xc3\x91\x9f9e\xea\x1f2\
+\x9cv\xb6\xeeE\x9bLl2@Zl]\x92R\
\x12\x12\xf0a\x9c\x8a\xca\xa5j\xf4\xbaD*D\xd1'\
\xcde\x06\xc7\x0c\x97\x22\x1ao\xf2\x1b\xf6M[\xd3-\
\x1aL\x0f\x14]3c\xd6\xf5 QN\x89\x8d\x89u\
3\x997R\xd5q\xba3\x02>\xa94\x1ax\x02<\
O\x13\xc0\xb2\x1f\xa0\x9b\xe3\x01\x98\xeaC\x83\x8a\xf5\x0f\
\xe8\xed\x18E\x06:\x1e\x90M\x1eP\x87:\xd9\xf4\xd4\
\xd5\xd3\xe1/^\xf0\xb3'\xfc\xdc\x22D\x10!\x9e\x15\
\x89\xf3C\x19\xd5\x19\x7f\xd1\xb6&\xd8\xc1\xa4`\x97R\
\xe2\xf1~Xf\xe5N\xea\x99\x97\xa7g\x87\x01$\x06\
\x8dMH\xc1\x86\x99\x94*}\x0c\xb0+26Y\x9f\
\x14\x1b\x9e\x82\x0dh7\xe6)\xa4\xcd\x1aV\xe5G{\
\xcf\xbd<\xd5zd$5\xcd#Y\xcb\xdcQ\xbb\xbe\
8\xcfQ\xfc|\x95\x15Q)M}\xf51I:\xbd\
\x9e\x09\xe5\xda\xd9\xf6\xb7\xe7\x17\xe6\xa5\x15[\x99hY\
\x0e\x8e\xac,\xf9\xc8\xb449\x81\xeb\xe3\xc7\xe6\xdc\xb0\
\xfa.\x13)\xc3\x8a\x1c\xc3\xf2\xf5\xc6C95\xe5\xc5\
\xcc\xe2\x0b\x1b\x1a\x18TGw\xc1\xdad\x8dT\xccT\
\xc8r\x06\x5c\x9dr\xba\xa0\xa6$\x97\x11\xaa\xd9\x12\xb2\
\x99\x88\xdcD\x82}\x0an\xcc\x9e\xd85[Tz\x0c\
Vf\x1bz\xddl\xe8\x19\xf7n3l(\xa5fE\
\x15Y\x18\x16g\x1b\x16l0\xee\xdd\xca>\xa0\x1d\xdf\
\xf0@6\x01\xb0\x99o\x14\xc9\xea\xe5\x87\x8d\x99\x0b\x18\
\xf6 \xe1j`\xa9\x8d\x0f\x87E\xd6\xe3\xb9\x9bM{\
:\xf7m`i=q\xbbb\xbc.\xb5\x9eD\x1f\xcf\
\xe6\xbc\x95\xc7\x06\xfc\x04\xb8I\x9d\x8b5j\xc1\x8d\xbc\
\x19\xd6\x83j\xc5PZI\xde\xe3\xd0\xacz\xfcM+\
\x92\x9ae~\x12\xff0}\x8cc'2\xdd\xd1(\x9f\
\xa5\x05\xe70GA\x12\xf2t\xde\xf6\xf7=\x1c\xcc\xaa\
'mV\x03\xecf\x1547\x91\xe6\xda$\xb8&\xc0\
\xfcc\x0f\xdb9\xf7d\xcc\xf9\xd4\xff\xdb9#\x09>\
\xee\xb2\xfb}/\xfc\xfb\xf0\xa1\xd1\xe2L\xbe\xdd_z\
\xc3_\xbcm~\xd3\x07\xb75\xfb!\xbb\xd6}i<\
I\xff\xff\xc1\x13\x89\xbf\xf5\xd8\xcd\xfc\xdb^\xe9\x12\xbf\
\xd9\xe0\x93\xcd?\xf7N\xf7\xa6\xfe\xd1']bv\x82\
\xe6\xbf\xf5epU\xc4@\xbb\x0d\xd4\x1f\xc3\xb9\x22m\
\x05u\x8ec\xf5\xb6j\xedl\x15{*\xad\x82q\xe4\
#!\x1b\xb3f:\x1aj+\x1cf9\x5cq\xb7\xff\
5\xc5!\xa2\x08\xd2\xd4Nl&\xc3P=g\xb5T\
\x8dBU8\x84\xac\x13i\x9ei\x8f\x055(\xeeF\
K\x0a5U\xe3\x5c\x18\xed\xb4\xc5-06:F\xcf\
\xacC\x09q\xd1\xde7EN\x0c8\x84\x11,\xcd\xbf\
vT\xebT4\xf4c\xc2\xae\xe0-MIy\x88\xee\
\xe6j\xf5\x0cw)\x01/p7b\x87M\xde\x5c\x0c\
\xa4\xd8\xd3\xe1\xd0\x1ag\xdamZ7\xb4\xb4\xb6\x1c\xe7\
1\xa27\x0as\x07\x8e\xd7<\xb1)\xf7h\x01]\xa3\
tI\xda\xe8$\x12\xd4[\xb26l\x10[\x16W\x12\
-\xc6\xa5q6\x81yS\xa0@\xe3\xa3e\xad\xac\xbd\
\xa3\xc5\xda16\xbd\x1bCoj\xdf\xeb\x89\xe3\x15\xd3\
\x9e\xe2\xe8\x11w\xd4&\x16\xfe`=\xc2\xa6\x82l\x95\
.\x8a<\x04\xd0\xd6K\x84\x17\xae\x09EV\xab\xee\x97\
\xa8e\x1c\xb4\xc8p\x13,\xe0\xf8$\xd2\xca]\xdc\x94\
T\x08\xd58\x07\xa7\x8c\xce\xb8#H\x89Y2\xb4H\
\x0f\xff\xb1&\xd8\xe4$\x09,\x15Z\xbd^\xc7\x901\
\xf6\xdeH\x95woE\x17\x9c\x14\xa1\xa5\xae]l(\
\xa9\xf4\xa0*Z\x15\x0e\xbb\x99\xfa'\xc2d\xb1\x88Z\
\x81\x17\xd99\x90\x94\xcb\xffe\xedT\xc9\x8b\x83\xb5w\
\xc4\x1d\xa3\x91\xb6\x225\xab>=\xb1\x90lK\x92\xc4\
g\xb7q\x10y$\xeb\x99*\xc3H\xfe\xe1\x11\xd4\x12\
5\xca\xd8eg}\x9c-\xb4\x12\xc3\xc8\xac#\xfb\x11\
\xbb3\x069\xf6Dh\x99\x87f\x98\x0c\x99\xc2\xa0S\
a9ohi&T\x7f\x22\xc3L\xae\x9eD\x06\x0f\
\x1f\x95Y\xe1\x83\x1f>\x00cL;\xff\xf3\x807\xf5\
\x9d\xca\xf8\xa5\xe8\x13S\xf4\xf5\xe6V\xb1\xb7\xa3\x0d\x83\
}\x0bc*`\xa1\xe5\xd6\x0c\x87?e\x02\x18\xf2\xb1\
\x1a-[\x80M\x87Mk'Sk\x10\xaaOS \
Hg\xda\x0c\xd6}\x93\xfb\xd7\xb7]\xbc\xcf\xd6\xe4\xf5\
\xb2N\xda?,\x99y\xd4\xe6:\xedi\xc4\x8f\xea\xed\
\xb8%\x8e\x11X\xa0\x84j\x8d5\xc7\xd5\x96\xa4\x01a\
Nx|\xac\xde&\x8fB\x96=\xb81\xcbM\x01D\
b\xda\xf5\x80H%I\xb3\x1e\x14\x89\xa1\x89\xd5\xde`\
\xdf\xcf\xd8\x1f\x0a\xbd\xd0\x97\x0a\x00\x81\xa1\xc73:e\
\xbe/\xfcv\xd57V=\xc6\xca\xa2K\x8a\xc7\xf5e\
\x8c\x90\xd8\xdc\xfa#gW\xce4\x1a\xf5\x9c\x5c\xc90\
\x90\xc2\x87\x8f6'\x95\xceV\xe8B\x9d3\xb2\x9f\xbd\
\x92\x9d\xa3\x9ek+l\x8fni\x9dS\x12#qi\
\x07{w\x9eM\xa1\xa1\xd4\xdfqA\xa1\x0bn\xf9\x1f\
\x16l\xa9rr\xbc`\x11&es\x22\xdc\x80\xde\x91\
\xf5t\x18\x17\xf1\xc3*\xd9\xcfgm\x16\xa1\xa2\xd3\xa2\
\x16\x1fY\xef\xc9\xacLs)B\x88\xeb=la\x9d\
\x7flBDLw\x5c\xed\xe1\x00\xd6\x0d\xcfy\x09\xd6\
C\x0bS\xb2\x1c\x9c\x04\xe5\xe2\x83\x93:\x99_\xce\xe4\
\x85d\xbe\xa0?@\xe8n\xf0\xd9\x07\xf5#?\xbb\x91\
9\x04o\x80\xc3\xe4\x7f,\xa3y\xfa\xc7i\xc3\x92\xb5\
*\x18\x07\x9c\xad\xaf?\x99\xca\xc79$w\x95\xb6[\
t7\x95W\xff\x1e\xdd\xbc\xfa\xf4\xeb\xe6\xd5\xcd\xcb\xd3\
\xbb7\xfc\x9f\xfddz}t2SaXo\x18~\
\x1a\xcb\xf0\x9d?2\xfcToo\xafi\xac\xe3:Q\
\xe3\x9a\xad\x16\x0d\xaa\xb5\xb4\xa1\x19f\xc1=\x18K2\
\xac\xfeP\x8a\x0c\xc6.\xf4%\xfc\x1fp\xb2\xaf\xdd\xb0\
\x14\xf2\xc1K\x8a\x8c\x04\xdf\x97\xfc_\x19\xea\x99\xf32\
\xd8-`X\xce\xd1\xd4\xacE\xdc\x89\xcf\x03\x16\x9b\xe7\
\x07>\xd8N\x04\xf1\x09\x05m\xe1\x83Xg`\xb1\x86\
\xe4'\x99\xe71\xd5W\x85\xc5\xc5\xe9f\x83\x8c&\x85\
%D393\x8a\xe2\x0cN\x9f\xfe_\x91\xb4\xfe6\
\xb33\xe7O\xffOD\xae\x0b\x9eA\xe8\xf95iQ\
\xdd\xc9\x19\xa8\x02=\xe1\xb3\x0f9^O\xf8\xafJ=\
\xb6\xf8yj\x966qj0M\xd0\xc8\xf4m\x0a`\
\x92p\x5c\xc4\x96@\xa1\xcbp\xad~6\x80J\x95\x17\
9\x89>\xbd{\xf7d\x8c\xe6j\x1e-\xd8\xcd\xf1h\
4#@\x1f\xe7?\x90\xe7\xd9\x9c\xe5\x0b\xfd\xd9O\xf0\
]p\xab\x8f\x1c\xd163\xf5\xfd\xe8\xb1lcLl\
\xda\xd3\xf0.\xda\xbdu2\x5c\x802\xdf9\xbf\xd0\x1a\
\xe9\x98\xc9\xe8\x93R\x12\x22\xb0\x11\x1b\xa0\xd2F\xc6\x92\
eOTv\x10G\x00\x0c\x83\xee\x82\xe1\x13&\x5c\x8f\
\x99nd\x22M\xc7O\xcc\xe0Nb\x0d\xee\xa6\x19\x19\
\xc1\x9d\x0bIC\x97\x92l\x13\xe0\x8d\xd3F1\xe3;\
\x9eM\xf9\x8c\xc4\xdfR/\xc3\xf0\xab\xb8!v\x84\xd8\
7\xd4\xc3a\x17+\x09\xcaY8\xe6\xb13&Y\x0f\
\xa9\xc6VR\x8e\x89\xf0\xd4RZ\xb54\xcf?%.\
\x8ey\xe1\x00\x9a\xd8\x84\xf8b\xdc\x8c5\xc6\x07\xdc\x83\
[\xd7\x8b{R\xf0]\x95\xfa\xcb\xe4\xd8i\xd012\
\xa6\xf2\x91*9\x9eZ\xe2\xa7\xa2/-\x99\x81\xa0$\
\xb8I\xa0\xe7\xac\xc8\xc9<\xfa\xe2\x92cTc\xb4I\
\xac\x8b\x83\xf6\xf5/.9\xa6\x9e\xc5\x89R\x06\xe4\xb9\
\xf95\x0b\xb0\x1e-\x08\x03R\xc2p\xb1\x1dc\xf2X\
V\xac\x93\x0f\x04\x94\xc4\x94=\xaf\x8cGV\xf0\x87\x9b\
\xcce\x82\xbf\xf0\xc9r\xdb\xa2\xaa@m\x84.U\x9b\
\xc4\x1c\xd1\xe6^\x9c0P\x1b\x05.\x85\xc1\xb1.\xe1\
\xd72\xee\xe0\x10\x06\xa7R\xd4r\x5cp\x90\x9a\x85\x0f\
\xf6\xeb\x11D/\xa0\x95B\xde\xd8\x82\x90S\x87C.\
\xaa\x08\x99<\x0fHIH\x0e\x8b\xa2<g=\xe6\x04\
\xd7\x09\xe2\x18\x9e\xb5\x82\x1a\xa2\x07\x1c\xbf\xff\xf7\x9ai\
\xb2j\xd1\x06_K\x03\xb5\xf1:=\x8e\x03\x990\xdb\
\x89\xac\x17\x1dZ \xc6\xbdp14}\xe0x\xe0\xa5\
\xed\xed\x15\xd3\xc8d=4\x03\xb1\x17^\x0eJ\xa7\xc5\
?\x82@-\xdb\x81}\x8fiO\xa9\x86\xac\x97Z<\
\xd0`\xe6\xc5\x16+4\xa1H\xd2\x9c\xb2\xc7`\x87\xb9\
\xdf\x86X<4\x9b\xa3\xb5\xe0\xca\xeco\xe6t\x80@\
_\x8fkG\xf0\xeatI\xb1\xd1\xf8\x0a\xe0G\xef\xe6\
Hp\xb0nw\x03\xb21\x952P\xa9\xc1\x8c\x0es\
\x94\xdfq\x0a\x1c\x1f\x9a\x89\xb3n\xea.v\xd1^\xf3\
@\xad>%)\xc1\x5c[\x9e\x803o\xec\xfb\xea\x84\
\xaf\xde`\xe3\xce\xa0\xd1\xca\x96F\xa2\xd9\xc0;\x88 \
\xf3oi6\xd37\x09\xf4\x85YF\x8c\x02\x91\x0e\xfe\
\xa3\xa7i)K\xad\xa2\xc8|BBS-\xea8\x93\
!\x1c\x1a\xe3\xd4Ijok;M\x18\xc8\xd60f\
\x1e\x93jG\xb3\x86\x12SK\x96D\x81\x8b\xdf\x9d\xa9\
\x93>\xe2\xd5\x9b\x90\xdd?\xe6\xd2\x9b\x85\x08\xb0\x13\x0f\
R`Y\x89v\xc7t\xedn\x04\xb8\x92t0\x7f\xb1\
3\xc7e:x\xab>r%@B\x11\xb2IH*\
(B:\xd5\x08\xd6\x1c&\xd8a\xdc\xa9\xbe\x13\x1aL\
\xc0\xb1\x19\x96`\xd7o\x97\x19k`-\x18WMd\
M\x88\xc9\xc8\x04\x22\xc8\x95\x8d\xe5hL\xebG)\x07\
\x8b\x09!\x07\x0c\xf0\xb1\xa9\x9akD\xeb\x18\xaf\xd5\x87\
A0\x17\xc6\xd8=\x5c\x0d\xfc\x91\xddkJ\xd5\x06\x7f\
t\xffZbZ\xd4=\x9c\xfan\x22\x98\xa9\xc5&\xc4\
bWVO\xcd.\xa6\x87SL6\xe8\xb2\x89\xa9\xbf\
\x8e\xcc-9\xaa\x16\x15\xe0\x9aT\x9a\x00\x8b5d1\
*\x8b\x13w\xc2\xd9j|\xbf\x00\xef\xb8\x8d\xd5o\xa5\
!-\xae\xcat\xdd@E\xca\x8c\xa5\xac\x9b\x95\xce\xb2\
\x05\xd8\x7fS\xb6\x8e\xb6\x81\x14\x1d\x0cg\xc8\x0b,l\
@\xc1\x15w\xaf/?i3\xb5v&\x92\xb4\xd4\xa4\
\xc9\x04:\x9c_\xe3\x9c\x97\xe6\xbc|\x90\x02\x97\xfa\xda\
\xcc\xb1\x8d\x89`\x98\xd9\xbb\xc04\xc3\xa9\xab{\xac\x17\
\xf5\xdc0-\xac\xa5\x98\x8a'\x81\xfds\xb8\xb3y\xbf\
\xead\xc1n\xb3\x22\xf1\xae\xd1\x02\xbb!\x96\x11H\xa5\
\xc5T\xdd)7\xed\x8eK\xed\x93mv\x15F7m\
,\xb89U\x0c@%\xc6\xbe5\xa3\xd6\x13\xec\x96q\
\xda\xc1\x9a<\xcc#&\xa8t\x09\xb8\xba\xdf\xbc\xb6p\
->Q\xa0\xd6G\x16\xe6\xb3\xad\xd0\x15\x87\xb0\x98r\
\x8cR\xed\x81G\x9a\x15I\x8d\x83k\xe8\xcdW\x1c\x18\
\xab\xa3\x8a\x0fL\x0e\x9a\x8aP\xcd\x83\x86%\x91\xcb\xa2\
\xb2Z\x1f\xbb\xf6\xe0\x844(\x06\xb6?\x0e\xfe\xa3\x0a\
JWWY\xeb\xfd41Z\xc0\xc6\x86\xc2\x93U\x95\
\xdb\x99\x0f\x14X\xbay\x12\x9f\xbd\xcd\xb8\x87\xef\xfdz\
\x128\xfa\xcb\x8f\xd3\x5c\x0d\xca\x9d\xd96\xfc\xde\xc4\x98\
i\x86\x80\xd9\x16\x82\xbdI\x82\x0f3\x17T\x1f\xa8\xac\
\xae\xdcL\xdd\x09\xc6?\x92\xd5\xaa5'\xf7\x18\xf2\x0b\
\xf1\xf3\x04\xa5%\xc6\x9c\xcd\x86\xb5\xa5\x86#;\x0c\x8b\
\x8f0\x945j\xf0\x5co,\xa7\x13?\xd0.\xa56\
\xd4\xc4\xe8f\x9b\x0f\x9a\xf0\xc1\x19K\x1d\x1b\xee\x88\xdd\
\x17~H\xc2\x9a\x80\xa5:\xa6$\xa8\xe2t\xd1\xcc\xa3\
\x12|\xdaj\xf5\x8a\xf8\x14\x93\xd1$~X\xcaH\xab\
\x87\xd5\xc4\x83\xe7d(\x9d\x0b\xbe\x11\xf0\x11\xeb\xe7\xac\
\xd1\xc3\xb4?j\xfc\x9c\xf1\x8d\xd5Y\x91\x85\xe3\xe7'\
\x84\xa2\xc9\xdf3R\xa2\xbd(2\x89\xb4\xa4f\x84.\
\x0e\xcb\x0cN3Z\x0bW\xc8\xdb\x9b\xd1)I\xacG\
\x19\xad\xb1\xab\xc7sf7\x144\xcb\x8f\x07\xc3\xa2\x1d\
O\x1a\x08<*\xc3\xc9\xe3R\x0a\x9b\xbc\xa7\x94,{\
bOu\xba\x98[\xd7\xeb\xe5\xad\xfd\x1d3\xca\x09S\
\xc2(\x9b\xc1\xa2\x8eT\xd9\x15N\xea\xe0W\x00\xb4\x0e\
\x98\xc5\x8a\x7f0Qk\x04\x82\x09%\xb2\x00 ws\
SG\x86vz\xaa\xb9x\x8d\xe6;\xdc\xcd\xe4h\xdc\
$s!\xa6\xea4\xfc\x17\xaaf\x8d-F\xc4ZH\
\x93\xc3\xb9\xc9\x00\xdb\x19:\x80\x1bE\x88\x8b\xbb\xd9&\
Q\xa9\xc6*KIT2\xcb\xd5#\x90i\xfb\x1aP\
IPXR\xb4V\xcfV\x06J\xdd\xd4\xc2\x18v\x09\
>\xf2\xa6\x92\xbf8z\xa3\x19\xea\xeeAV\xa3\x95D\
\x82Z\x00:`C\xcd\xe7\xdfVl\x8e\xcb\xa5\x99\x86\
\xb9!\xce\xc6,{8\x87\xc016\x15\xbaY3X\
$m\xdd\xec\x04\xd3qh\xac\xa9\xfa;%.\x92\xac\
\xe8\x0a\xc7#\xe3\x8a@\xe6\xf9\xb0\xa9\xa4\xcdTEf\
\x15\xda \xaa`\x0d\xd7\x821@\x11\xd5\xc7\xb6\xfe\xd9\
\xd4\xde\x97\xbd\x9e\xae\xd9G+\xe7\x9c\x82>R!'\
Zf\x8c\x9cc\xb3\x91\xb2 ]\x8a\xc3\xd7\x0d$\xf9\
1\xf9\xaf\xf5\x5c\x9b\x0eNAIa\x11\xb3\xc2q\x0d\
\xb8\x83'\x11p\x19\x8a\xd5\x00\xe2\xaa\x0ef\xe9\xe6\x04\
\x90\x8b\xe1\xd43\x12\xf8\xfc>Ha~m\xa8\xae\x85\
\xf6>\xe55'\xcd\x0aXKO\x8cj.bWA\
\x13\x86O&h\x86\x9b\x1e\x9b\xa89\xbd\xc9\xb8b\x87\
\xa1`\x05\xfd%\xa2\xc7'\xd6\x1bWo\xa9>~\xda\
\xf4 E\xc9\x97\x86%kU\x96+\x0f\x86\xfc\xe5\x94\
\x1bay\xab\x88\xcc\xda\x99\xeb\xb5\xad\xe6vB\x02Y\
\x88\x00\xae\x92\x0c\xb9\x1d\xe0;\x17\xdc\x99\xfd\xa0\xd3\x8a\
[\xad\xa4\xc8\x9c\x80C\x8b\x84i\x05|3Y\xc8\xb8\
\xc0\xde\xc6J\x01\xe6\x81\x0f_?r\x91\x1dS\xc2b\
o#\xf4\x8diTpZ\x8b$\xc1:\x09\x9c\x92!\
\xcb\xee\xe8ar;kw\xf2(\xcbr\x81\xc5q\x8c\
l!\x86q\x8aM\x02\xb1\xb5\x1d1*\xa0p\x98T\
lH'4\xb9\xbf\x0d)\x95=)\xea^\x90cb\
\xce\x9a\x09~\xe3\xeb\xf1\x1f\x8a\x09\x09\xb1\xf5\x1c\x167\
\xc6\x1e\x16\xb6;\x89\x0a\x8a\x91\xca\x86K\xca\x09\x00U\
\x93t\xb8\xc0#\x22B\x9b\xcc\xbc\x1b\xc2\xd6\xbbN\x84\
\x92Q\x0a\xfd\xe9\x17;**\xb7\xe4\x14fJ6i\
\x0c\xed\x06\xa5p\xa26)\x99\xed\x95\x00\x1c\xfeYU\
t\x22\x8b\xb8\xf0r\xa2hU\xd2\xc2\xe0\xb0$\xb6\xa8\
\x9d\x17\xb06@k\xcd\xc2\x05'\xc52O\x9b\x9dm\
C\xe7\x80\xb5\x13\xef\xda\xc4\xbbnd/F\xe4\x1cn\
z2\xc4\x0aS\x99\xaf\x1aM\xa1\xac\x03\x16\x00`\x9f\
\x1b@\xccnh\x1e\xf8\xcdD\xd4\xd9\x0a\xf3\xa6\x80\xc6\
\x1bW-\xad\xaa<\xacr\xeb\xd2m^lbg\xa6\
$\x0d\x9e\xdc\xc9\xe6\x1e\xdd \xeb\xc6O\xc1\xe7\x84\xbe\
\x09\xd4\x0d\xbaA\x8c\xae\xf3;\xdb=\xf8\xe3a\xddv\
\xb2\xab_\x8a\x9e\xea\xeb\xc1\x10\x1a<\xac\xcd\xcd\xbbA\
\xb4\xedv\x22{\x03N\xa7\xee\xdc\x0db>P\x80\x87\
\xb6\xe9\xeeA\xeb\xde\x80\xec\x0e!\x8b\xa9\xbf\x07\xa3\x7f\
G\xfa\xf318p\xf8\x08\x84jN\xbd\x14c*\x92\
\xaf\xef\xdcU2I\x10\xfa\xc7\xa7\xd16\xb5\xc7\x0d#\
S\xe2\x13c\xb4a\x00\xc2\x92\xb4\x9f\xa6\xb0\xdd9a\
\xeb&7w\x0b\xc5\xdd>r\xfb\x98\xfd\xea\x0d\xbe\x12\
\x86\xf1{@rq7\xda\x81\x95\xccr\x19\x0cP<\
\xc3O\x16~\x1b\xd3\xd7f\x22b\x87\xd3\xe6\xd9$6\
\xa4\xb1\x09$.d}\x9c#PPd\xcd\xac\x09\xe3\
c\x13R\xf4,\xa6\xe8#\xe5\xd2\x82x\xb2\xec\x97\xf5\
\xb1#\xdbj\x94D\x07\xd5(\xe4K8\xc0\x11\x9bT\
\x8e\x221F\x97\xa0\x0d\x05f\x84\xb2%qD8\x05\
aS\xde$N\x0eK\xd5\xb2\xb6\xe5\xcc\xbdf\x9dD\
2\xbe\xb4\x1e\xc9\xcc\xe3\xf9\xb9\xe4\xdc\xb1-\xdbK\xd6\
&\xc5\x86\xc5%\xa4\xc4\xb3\xec\xc6\xaao\xb4/\x8a\xe7\
[\xa9\x9a.\x02~\xc4j\xcdf\xb7Z\xae \xe3\xe1\
\xa03a\xe4;T\xe9\xe4%7\xc6\xebVV\xaf\x9f\
\x16\x9e\x04\x88:]e\xfb\xbe\x15\xe38\x97\xf90 \
&\x83s\x00\xd4c\x85\xe4\x8btZ\x12\xd3\xe3g\xc6\
\xb4\xd4\xd0\x9a'\xd3\x9e\x16\x88\xd5\xde8b\xc7\x88\xd9\
2\xec`\xda;\x82&\x00\xb3\xa1\x14\xc0\x0c~\xc30\
\xcd\x9co'\xffj8\xb2\xbf6sY\xd5\xd1\xe3\xc6\
\xcf\xf3\xaaNn\xa8^_f\xdc\xc2:\xbdH\x184\
\x19\x06O\x22M$~\xe9\x0c\xcbY:\x92\x98\x9e\x0b\
t!\xdb\xc4B\x1b\xfcL\x1c\xf52c(\xb4\xd6\xc2\
\xcf\xc9T[\xcb\xf4\xba\xa6Ej\xa9\xbc\x08\x08z\xba\
\x84\xf6|\xe0\xba4\xf3\x11f(\xf8\xded\xf8+\xf3\
\x9e\x015\x17\xfc\xceZ\x04|\x86\x92\x5cO\xaf\x13\xe1\
\x87\x11\xb0\x5c\xd0\xecX\xab4\xca\xf8\x87\xc6F\xa6?\
>\x91]\xbd\xb3\x12xPub]M\xf9F\x967\
\x1a\xf1\x0a\xe2\xc8\xd9cF\xa7\xe3\xb2+F\xc1g\xf3\
\xb4\xb8\xb0pm\x5cz\xed\x86\xcc\x9a\x9d\x0b\x80s\xc6\
\x9c/\xd8\xb7\x14?\x19\x88\xf9\xa3\xc2O'ZC\x98\
\xb4\x84t\x15\xf5 \x22\xe3\xe8\xc2\xfe\xd5A$\xc1C\
\x9b\x18k\xbb\xe0\x04\x88\xe9t4\x86\xb61\xbf-(\
\xa1&C2\xd2\xb4t0)\xe9L\xf3\x9dFJ\xd1\
\x1c,mu2,E\xf5>N\xd9\x22\x0d\xbbU\xe0\
a.%/\xf5\xbdS9\xe2?\xd7\x96\xab\xd0gH\
\x85o%0\xeb\xcb\xad\xd7 ,\x15\xde\xd5\xfb*\x0d\
\x9br\xf0\xcaLG2\xaa\xcfT\xd4\xbd\x05\xcb\xefz\
0\x16\xaaf}\xda\xec3\xb6\x07\xce\x90\xca|\xf6A\
>\xf7h[\xeen\xfa\x9b5\x05g}\xf3\xec3\xeb\
\xb3g&\xa8\x98\xecn\xa9<gO\xc1uc\x99\x95\
\xdb\xb4\xa7\x11\xd9\xd1>,l\xeaL\xdbf\xf3\xa8n\
\xf8%\xd2\x15\xd9\xc6\x8d\x8bh\x0cazy\xfbqr\
\x9eG)\xac\xee\xd1B-F\x1b\x97\xc8\xbc4\xc3\x98\
c\xa8\xca\x06\xfe+\xad\xa5|\x18\xf8'\x7ftt\x9b\
;@\x8d\xfe\xc3\xe5\x1f\xe0\x09\x0b\xa7\x18\xfbF\xab7\
ln\xa1j\xd9\x13\x07u\x86\xfd\xd8fG>\xa9i\
C\xbdN\x5c'\xc3\xf0^\xed\x9d\x9a\x11(\x98u\x9d\
\x16B\xf62\x8fe\xc8\xdbb,/\xc2\x8f\xc1\x9a\xc6\
\x04\xe3\x82U%\xaf\xb8\xead\x1e\x98\xd6\xea\xb5\xa7\x0c\
\xd9K\xa0\x09K\xb0X\xff\x16)\xccC\xd4\x94\x1f4\
\xaeY\xf1Q9\xaas\xa1\x8e)\x80K\x9e\xa8\xbb\xc3\
\x93N\x8b\x1c\x81\xf0\x80 \x19\xcar\x8d\xd9\x05*\xcf\
\xee\x8eoK:\x1e\xc7~7\xba;T\xe5\x8e\xac\xa3\
\x9a\xc7\xec\xeeH\x85\x05\xd4\xb1\xa4\xd5\xd5W\x1d]^\
u4\xb3\xea\xe8nf\xb9\x85\xc4Oe\xa3\xa62\xdc\
\xf6\xc4\x16\x0a\xc1\xb3T9$\x5c\xb5\x22#hj\xac\
,d\x14|\xa9%\xf3\xdfj_X\x9e\x0an\x81s\
\x0dA\x8a\x89w\x03=q\xe95\xf9H\xb0\x0cC\x8c\
\xc9\xdfg\x5c\xc0\xd7\xfe\xacwW\x81`\xf5\xe9J\xe3\
\xea\xc3\xb6O\x06\xaf7\xa5\x19\x0aV\x18\xd6o2d\
W\x187d\xd2^\x0e\xce\xad]\xba\xb4v\xfd\x12\xc3\
\xae\x9c\xea\xca\xec\xea\xca]\xd5\x95{\x99\x0c\x91\xda3\
$\x87\x9d!.j\xe9\xac\xb6xr!\x02\x9c\x8c\x0e\
\x88)\xa81\xc37\xeb\xb3\x17\xd0\xdb\xb8\xa7\xc44l\
\xc5\x12\xe3\x9aS\xd5\xdb\x8f\x1b\x16\x97\xd6.*\xa5\x9c\
\x0955\x96\xf2\x17[\xee\xe5\xb0p\x8f,\x80\x09\x9d\
\x10\xe2G\xdf\x91\x9c\x9a\x93'\x0d'\x8b\x0d\xfb\xf2?\
^/cj\xce\xbe\x81\x02\xbb\xd3r\xb1\xc3\x87\x82\x15\
j9>&\xc0\x8b_\xfdl\x8d\xb5\x9c\xaa\x09\xf4\xa0\
\x0e\x02\xa8\xa5\xd6n>P\xbb\x95\xb1\x8a\x81j\x859\
\xa7\x1b$\xd3\xbe\xc0y\xea:Y\xdc\xe9\x1473\xb4\
\xack\x81\xafW\x87;\xe3\x0c,\xf5;5\x9a\x9ej\
w?wJ\xd5\xd1\x15\xc6\xcc]5\x8bN\x9ax]\
\x90\x0b\xb2a((7,\xc7\xef&\x1b\xf7\xe3' \
\xa9?\xc1\xefk\x8bOcQ\xa9\xfc\xdc\xb8q\xb31\
{\x15u\xd5\xcf\xf2W\xd8n\xc3\xb1\xc3\xd4/Y\x8c\
\x8aH\xdd\xa1\xf0\xb2Mx\x03|\xdcQ\xbb4\xaf\xb6\
hmMy9\x93\x8f]ft\xd28\xd3\xf9\xb8\x1b\
fj\xc8]\xc5\xa8'5]\x85M\x00\x05\x8f\xc7\xcf\
\xc1\x92?\x85\x99\x9e\xbe%A^]\x0b\xbf;)\x93\
q\x91=F\x156\xe0\xa9\x1b\xd8BU\x1a\xae\xb1\x00\
\xf3\x1cF\xe6\xbc\xc1\x16\xac\xaf:\xbd\xb1\xbax\xada\
\xf1\xe1\xaa\xcaU\x14\xbc`GT\x02\xf5\x00|\xcd\x8a\
>\xcdJC\xf9\x89\x9al\x16C`z\x80\x80\xbe\xfe\
J\x00l\xec\xcdy\xea\x01kR\xe8\xa2\x5cY[r\
\x88I3G\xfd\x22P0\x9dK\xa3y<\x07\xa4\x12\
L\xbb\xe1\xe8\x22\xd6\xe6\xdaDZ\x8d\xb9\xa9\xb9\xb1\xb8\
\x02\xec\x1f\xc3\xdb\xe2\xe6\xf8\xe6\xb0\xe5\xbe\xb1}>\xd8\
\xc5\xd4\xbd\xbc\xa8\xeaT\x8e\xa1 \xbb\xa6\xac\x04\xb3\x93\
-=lG\x0c;.\xf5X5J\xcd\xb0\xd6\x1b\xb0\
\x12\xa3\xfcT\xd51lM\xe0\xdf\x0e\xc9Fw\xc9?\
E\xd6Y\xd6;G|\x8b\xf6\x14\x10\xac`\x9d\xa3H\
]8\xeb\xb2v\x0c\xedz\x0a\xf0\xa7\xd0X\x9eg,\
\xce6n\xda\xc0\xf0\xd6\xe6\xe6\x18\x95\xc3\xc8\xc1$\x08\
\x8e\x04\x91\x9b\x0dP\x19\xcf\xc4\xab\x8e|\xa1\x0f\x1f8\
\xe0\x8c\xd8\xd4M\x0b\x932/EYc\xeb\xc1t\xf2\
\x14|7\xbdo\x94\xac\xf2\xf2\xc2\xee\x9a\xbc\xfbK\x9d\
\x15R\xef\xb1\x1a\xca6\xd5,\xdb_\xb3(\xd7\xb8\x96\
\xa13\x1d\xd5\xe7\xd5\xdeX\xba\xf1\xa0)n\xe1}\xfd\
CR\xdcpI.\x8e\xa2\xa7\xbe\x9e^\x94\x9aes\
\xdd\xab\x7fU\xe5b`\xb1)\x18\xa3\x86**5f\
\x1f\x01%\x86\x7f\xd4\x9c\xfa\xdc\xb0x\x87!w\xb1\xa1\
 \xcfP~\xccp\xbc\xa8z]\x16\xfe_\xa6-\xf3\
W\x9f\xc7\x1a\x16\x8d\xf2\xaf\x92\xda\x17\x07\xac\x88'\x1f\
\x9d&\x1f\xae\xd7l\x9e\xfc=\xe5\x95\xf2\x16\x07\xbc\x09\
R\xcc}\xbb*\x12<UuNE\xe8\x84\xba\x16S\
\xdf\x05\xbc\xc1\xc18\x9eu\xda\xd4\x02\xb1\xcd\x05\xa1(\
<GR\x19\xc1'\xd5\x9c.T\xa5\xc5\xc5\xc6\xc7R\
\x8f\xdb\x1bVl\x06\x9fd\xf1R5\x87\x17\x1b\x96\x1e\
\xc79\xf3]\x95\xb5k\xb7c\x1f\xb6zWMY\x05\
\xd8u\xd0hP3\xf8+\x902\xec]cZ\xeb\xde\
\xf5\xa0\xd7\xd8\x9c1\xf7V\xa0>\x1f:\x81\xf6t\x8e\
\x18\xa6\x81\xfdC6\xc3\xe07T_\x99,T\xbf\xc7\
\x1e\x02\x97_\xd9\xde\xa7\xab\xaa\x5c\x01\xac\xad\xaa49\
\x0b\xe3\x82\xad\x86\xedy\xec,T\xa9\xaf\x98\xab\xd24\
s\xf2\xd3\xeb\xd96O\xa0j\x5c\x96i\xb1I\x86\xbc\
\xa3\xe0\x8e\xfe\x87\xddr\xb6\x0e\x85\xdf\x07\xca\xb9\xa8\xdd\
k\xe3~\xdb\xda\x0f\x00s\xce>\x5cS\xbe\xdc\xb8j\
/\xbb\xe3U\xa8\x0d\x011!~\xf8p\x0b{\x22\x9a\
/\xab\xdc\x01n\x1b\xdc\xaa\xb1\xb4\xc4p\x22\x9f\xf2,\
,o`\x07\x96\xa8=B\xcf\xd2\xf4\xae\xb2\x12\xc2\xd1\
\xaa\xa3{\x0d\xa7\x17\xb1fZl.\x8e\xcb\xa8\xf8\xd9\
\xc1\x8dqFb\xc6\xd4\x9c\xdd\xa2+\xcc\xcd\xb1\xab\x08\
\xaf\xa5-\x85\xd6\x89r\x09\x10g3{\x87d\xf2\xb5\
\xdd#\x08un\xc6\xf39\x04\xad\xf7\xc9\x0d5\x99\x8b\
\x8dE\xe5\xc6\xdc\x05U\xc7s\xab+\x0fVoaL\
U\x86{\xd7\x894\x8f\x0b\xc4\xb4\x8cAC\xaa/`\
y\x00\x120,K\x9a`\xb0)\xe1n:\x85\xc2'\
P\xd3S\xf1\x95\x00\xbc\x10\xb5$5+\x97\x9bs\x83\
\x0c\xe5d\xe1\xf8\x22\x99\x16\x9fI\xe1\xdf\xe1s(\x1a\
\x1e\xd0PFFE\x1eDQGP\xe0\xd2\x17/\xa8\
);J-\x1c\xe3\xc7uY5\x15\x8b\xf0\xfd\x7fS\
\xac\x07\x90y\x15%}\xa6\xd3)\xf2\xaf\xd4\x99\x14\x0b\
\x10p\xc5s\x9d,/\x10\xc7\x8c\xc2\x0cV#\xcd\x93\
p\xe7\xc9.Tv\x09\xa7mmj=\xfa\x98\xcc\xde\
\xf6<\xcc\xf0\x92%\x14\xdb1\xd6\xc8\xaf\xc0\x18d\xfb\
:K:\xc9\xb8l\x17\xfe\xc6\x0b2g\xc4\xc8\xd0\xe0\
A\xe9\x07\xe1kR2\xaeN]G=-\x85w\x9c\
\xc6\x84\x9e\xa6!\xa9w\x17h\xe8\x08<pue\xa1\
\xa1l\x1df\x01\xc5\x0eR&\xd8\xd0\x0e\x1e/\xa5w\
\xdc\x0c\x9a\xd0\x91T\xab\x8b\x0e\x19\xf7ma\xd4\x1a\xe0\
\xe6kR)(\x8ck`\x02?\x14\x88S\xb3\x189\
4\x0f\x8aHm\xc9a+\x12\xde\x92\x8f\xd5$\xe7\x14\
\xb6e\xeb\xb2\xeaK\x99\xf1\xb0\x95\xa5a\x0a\xd2\x16~\
</*\xa3\x1aB\xdc\xc8\xf6~=i\xb9m\xd1\xb4\
\xc9\xc6\xb2\xa2i\xdc|\x0dp\xdd\xbey\xedV\xccR\
\x96\xe6\x11\xc4\x04\xd7\xc2\x956\xcdA\x85\x0cE\xdbk\
\x97\xacdV\x1f>\x98\xa1\xd3\x5cT\x1b\xd4\x12kF\
\x80z\xca\xce\x90\xbf\x1cl\x11\x88/\xf3\xac\xeaom\
\x7f\x5c\xd0\xe7I\xe0e\xa4\xf9\x9a\xcb\xd3lx\xd0\xa5\
\xeat\x99\xb1\xe8\x981{\xb7a\xfd\xa9\x87\x99\x0b\xa8\
\xd5U\xef]V[\xb9\xa6\xa6l{}\x1cjH\xab\
\x81\xb0\x7fnKN\xc1e\xd3\x83[\x1f\xaf\x1a\x91Q\
\xed\xa9\xaf\x93a$\xebp\xf3\x10\xbf\xe9\x13\x8aC\xfc\
\x7f\xb09G\xc1uJ\xb1(\x0a~\xee\x8a\x02\xc9\x1b\
\xc5)\xf0\x97\x04\x9a\x8d\xe9l\x22\xbc/\xdfp\xac\xb8\
\xb6x\x83a\x11\xfe\x22\x19\xf2\xa0E\x13\x13\x1b\xa5\xef\
JU\xdc\xb2\x98\x9e\x96xT06\xc9\xc5\x7fa\xfd\
\x0a\xdc\x9c\xf9\xde\xaaUV\xfe\x99\xe8ckr\xa0v\
\xf5^J\xb9\x0c\xcb7\x83r\xd9i\x13#\xe1b\xae\
a\xc1>\x0a\xabn\x9d\x0cc\x8d5)\xab\xc3\xd5\x8a\
iOq\x10\x99\x9ae\xe3\xbf\x06\x9a\x06\xa3\x14\x98t\
X\x94\x02\x83\xad\xa2\xb0\x04hr\xed\xc6\xad\x10\xfc\xe0\
\x94\x15\x19\x5cb\xd5aum\xe4&\xd8\x0a\xb8\x99<\
\x9b\x80\xb7\xc3\xcd\xcdE\xc2\x96K\xd0\xec\xcf\xb3\xb47\
=\x96B{G\x05\xa6\xa1\xaa\xf7\xd1\x16g\x0b\xfd\xdb\
\x98>\xden\x1b\xa0\xd2\xd6\x96\xe6z\x8a&\xb5\xaf\xec\
\x00F\xc4x\xe6EV\xdf#.\x22s@i\xdf\x9c\
b1\xa3H\xce\xdc<o\xb1\xf6E]\x0b\xd2\xd3_\
\xd6\xfc\x9czuv\x04~d&\xcd\x97\xfaf\x18\x9b\
\xf7\xe4\x87\xd0\x09\x02\xaa\x83\xe0\x12\x87d\x14$\xa8\x84\
pzu\xf5\xfa\xc2\xea\x8d\xdb\xa8Gg@\x09\x0d\xa7\
\x16\x1b\x8f.\xae.XB\xe5oX\xa7\x8c\x95\x821\
eR\xd0\x19f\x12\xc3f\xab\x99\xa4\xc00KeU\
\x8a\x1b\x05\x11\xec\xe0Y3\xaa\x83\x05\x228\x84a\x22\
L\xc2\xa6\xab\xcc\xd4\xd5qs\x8c\xdb\xec\x9bSP\x8d\
EP\xea\x05\xffm\xffg\x90/\x08\x18\x99\xd2[m\
=\x0e\x16\x1b\x16/\x06w\x06\xde\x87\x11\x88\x04\x8c1\
\x9fR\xd4\xc9\x02\xf2\xb0S\xc7cSU\x92\x00@~\
\x9b'\xb5q\xf2\xfd\x0d\x8b\xb3\xe9\xe7\x168\xf2Y\x92\
G\xf9sj.\x96\x8aI\x8c5No\xa8.\xcda\
\xf7\xf3<\x0cCi{GbO\x96F4.\xe2F\
,\xfcs\xc2\x8d@}\xbb#U@\x8cZN\xeb\xd0\
\x90\xea\xa0\xea\xae\x82\x7fT\x1d\xcdc\xe9\x8cG\xa8\xb1\
\x1da\x11sCq#\xbb\xfd'\x1b:\xd8\x7f\xdc<\
\xcd7c\x97}sP\x80\xea\xe3\xbbX\x9bg\xec\x0a\
\xec\xcah~|\x97!\xfbK\xc6\x11g@\xb2\xf5y\
^\xb0\xd1,_d\xa1^A_\xd1\x81\xaa\xe3+X\
\xbf[\x02x\xa6F\xa3h_\xad \xa1L\xbeJ=\
\x8a\xf1\x9d\x0a\x0aS\x07\x1c:\x8fB\xb1\xd6CgS\
\x97\xe0\xd8Q\xb1\xac_\x97a\xe3\x5cdTkv\xf7\
A6\x0f,M\x19`\xdf\x1c\x02\x91\xea\xa2J\xe6\x97\
\x7f@\xf3\xe9\xa9\x9a\x9b\xf1\xd9\xf8\xab\x02l\xa0J\x0b\
SGpb\xf9\xab\x8c\x87\xb3\x0d\xd9\xeb\x0d\x95\xc7\xd9\
\x91\x0b\xc9\x0a\xbc\xb9\xf8\x9bZ\xe8\xa2CR 7\xb8\
\xba\xac\x04L\x16S\xeeh\x9e\xd4f\x99\xcd\x98\xae\xb3\
\x9e%k\x13#\x12\xec\x97l,\xae0\xe6\x95\xb1N\
\x15\xc7\xaflS\xa5\x02W\xf6\xa9R\x1d\xc1\xf3\xdaL\
\xd3\xdc\x91\xf4\xa6\xf5L0\xebN\xd2d\xfb\x09\xd6|\
\xbe\xb1z\xd9Z\xd6q\xb01\xc1\xde\xce~\x1cS@\
F:\xb8\xfa\xdf\xd5\x10P\xe9<\xe6d\xa0\x91m\x09\
!\xd5\x90J\x1c1i.\xa6\x83h\xc3\x92\xc5l \
\x1a7\xb2)\xa3\x90Q\x0d\xd9\xdfU\x86\xe61\xfdl\
\x0a\x9dps\xe3\x96\xa3\xd5\xcb\xb2\x8d\x1b\xf60\x0d\xf1\
\xda\x00\xad\xff@\x9a!^\xb2\x16\x1b\xf1\xcc\x13\x8c\xb8\
\x02\xb7\x8c\x10N]\xc7V\x12@\x83\xb7-(\x0a\xc6\
\xdc\xa5\x10\xdd\xa8\xea\xff\xc6*\x19\xa6i.w\xa7\xed\
\x06I\x81^\xd6\xfe\xbf\xbf>\xeblXz\xbc\xb6h\
-N\xe1\x90If\x07\xb8XA~\xaf\x957\xfeF\
\xa6e\xdf\xd0\x9e\x0fjb\xc8^j\xcc\x03Xw\xdc\
\x90\xbd\xba\xa6\xa4\xb4f\xd7\x12@\xeb\x0ez\xe3o\x86\
t\xd4\x9b\xfc>H\xf6\xde\xcdp\xef@O\xf2\xac\x1a\
\x17\xff\x93\x19g\xf5\x805kh\x8b \xe9\x18\xb2+\
\xd2\xf41\xdaxm:\xce\xddn]\xe3\x80\x90\xaa\xa5\
\xed\x09\xbf\xaa\x15\x0b\xa1\xdf37\x98\xce\xf8\x7f\xcf\xdc\
\xc8\xba\x9e@\xcf\x99]B\xfc\xf0\xddg\xfb\xf5\xe0\xd3\
\x9c\xd2\xdd8\x03\xb3\xea\x98\xa1\xa0\xd0A\xefy7\x1d\
\xf6\xae\xfer\x95\xc3\xde\x0dqo\xcc\xc9pg\xc6n\
\xb40Q\xa0\xbe\x5c\x13B\xf5z\xf6\x84d\xc6\xacH\
L#5\x0b;.\x5c0h\x93~q\xa5\xa8\x19\xf7\
n\xa7\xe8`\x94B\xba3\xe3\xc6E\xb5k\x0b\xd8\xb3\
1\x12L\x16c\xa08+\xb8UR\x84L\x09\x8b\x03\
L|\x1b\xd84\xe0\x8d\x8d\xfb\x96\xc1\x888\xb1\xc8\xea\
\xc4e\xb8\xb9\xe6rP\x03|\x96C\xd3\x06\xaaK~\
\x1e0\x8d:\xcca\x1d\xc7\xf6\x5c\x89\xea\xc4~\xaeD\
\x8ec\xbeZb?\x0e\xfd\xf6\x08kG\x16u\xa5:\
\xd6\xa3\xae\x12\xdc\x91\xc9<\xdc\xcd!\xf3x\xd8g\xd2\
\x8c#\xe9 \x99\x22\x07\x8dfEb\xe7h\xe3^\x9b\
P\xcd\xf1\x16\x93\xfe\xd1AJ\x80\xe1\x96e\xf5\xf9a\
\xbb\xef\xa91do\xa9]\xcb\xb8\xc9\xe3B\xbf\x13\x8c\
\xd3e\xd3\x9ej\xfb\xac\xfa\xc6\xf6L\x92\xeaJ\xcf\x8b\
R\xc90\x1cB\x16\x1d&\xcf\xc0X\xcf$m.b\
\x0b\xd8\xbfo\xd4\x157\x9a\xf64b\xe5\xaa6u\xb2\
\x10\x01\xf5\x0dH\xb8\x5c\x1b\xc7E\xd4-(Z\x82\xaa\
\x0fE\x84,\xb7XY\xbbf3\x86\xcb\x15K \xde\
3C\x83-\xf84\x93\x0c\x85\xc0\x94R0\x9a%G\
\xd5\x1a\x0fJ~M \xa8\xdd\xf4T\xfc\xb5\xb8\xd4W\
\xe5\xe2{\x04\xf4\xa4\x93i8rS(\xed\x03\x08D\
}-\xae\xe5Ks1#HMg\xee\x17\x8cb\x9b\
~\xa5\xe8\xb1\xa7_E\x18\xf6\x04\x0a>K\xa35'\
\xa1\x8e!{I\xf5\xbeJ&w\xb7\xd0\x1e<\x10P\
Kg\xd2$\x0b\xdfmD\x86l\xc8.2]p\xf2\
M\xed\x1d>\xb7\xf0\x07s\x02\xaeN\xa6\x96c[2\
\xed).\x83g\xc9o\x0c\xa1\x12p\xb8fm\xd9\xb1\
\xda\xa5\xf9\xf44\x1c\xce:\x1c\xcd3YC\xd8\xb3e\
\x9f\x1bNd~$\xe9\xd1\x1a\xcf!HQ0:\xd0\
3\xf5\xd5\xf4\x22\x5c\xf2\xa9\xbe\x8c\x8f\xf2q\xa0N\x13\
\x05\x0fj\x5c\xd8\xe6\xda\x05K\xb1\xb1^\x7f\x14\xf6\xc9\
pb\xa1\xe1\xe8Q\x08\x95\xa9\xc3z*\x90g\xfb\x06\
c<\x0a~\x16\xcc|\xb1\xcf/\x84\xa5p\xaf\x0b5\
\x06H\xbeq\xc32\xaaf\xcf4\xf5\x93\x1b>R\xa4\
g\xfb\x9a\x98\x80\x0a3\x19\x17\x85p\xa3\x98\x81\xa1J\
|w\x04'\x05\xcc\xef\xd7\xe0\xdf\x07)\x22p\x146\
\x92,\x00\xd3\xa2$\x9a\x12\x90\xc4\x8c[N\x18N\xe4\
\x1bWo1\x16gS\xf9\x00\x93q\xda\xb0\x0c~c\
\x8akA\x09r\x97\xa9F&\xb0\x5cXv\xc6\x83\xd4\
\xb5H\x99<o\x9e\xb9\x1c\xc1\xf6,\x84\x22\x81\xcf\xbd\
\x8b\xd7V\x7fq\x9c^\x8a\xc0\xae\xf0\xbd4\xc9\xda\x17\
\xb9\x5c\xad~V\x84v)\xf9Ri\x8b\x88\xd2E\xfe\
\xd4\x81 \xfco\x22\xd2\xe3\xea\xb6h\xf1\xd4`\xcdK\
\x9c\xdfT\xcb5\xb7\xac\xcfw\x1b\xf2\x0e\x18W\x1f\xae\
\xa9Xd,>h\xdc\xbb\x0d\xbc\x81a\xfb.C\x05\
.\xd20\xae(\xad\xc9+Pyy\xa9\x12\xf5T\xd9\
\x1b\xde\x90\xbd\xab\x0d\xf9G\xa8\xac(Yk\xc0D\x1a\
\xe6\x09\xa5\xf9N=\x89\x17\xa7]:5\xd8\xe6R\x9f\
+}P\x9cO);I\xad\x0d\x8f\x0e\xf4\xc9\x090\
\xf7v\x8e\x8d\xea\x91\xa7P\x8ch\x067r\x90&!\
;\xfc\x874\x09&a\x17&S]\x1d7\xb7K\x93\
\x90\xcd\xd9\xd3$<\xcd\xc2\x09\xa3h\xabX\xb1\xd0P\
\xbc\x84Is\x89\xe6)>\xac\xa4\xd1\x5c\xb1\xc4\x90\xbf\
\x9f:]d\xa4?4\x97\x02\xde\x92\xf7W\xe5s\x9f\
\x84;\xcf\x9b\x97\x9a>\x99\x87Y\xe0I\xe0\xb8\x92\xa1\
`\xfd\x0d\xf9\xb9\x86\xa5\x95\xa6H\xa6 \xafz\x17>\
\xda\x00a\xab^{\xd2\xb0=\x8b\xe2\x0fN:\x93Q\
g}\xfa\xd6\xcb<r\xf68<^\xb83}\xbc:\
\x99\xe6\x99\xdf\xae\x08qQ\x196b9\x06\xf2\x90\x8b\
~9UM\x9f\x07\xf8\x0cj`\x0c\xdd\x18\x03c\xf1\
\xcb?Puj\x17(V\xed\xca2\xca\xa6\xd5\x94\xef\
0\x1f\x8f\xb1\xddZ\x15\x99_/\xa3q1?\x17b\
\x8e\xea\x13_\x18\x8b\x98\x8e\x1e\xa3\xaae\xe7\x02\x9b\xd3\
\x9b\x93xjW\x96!{-ks\x1bp$\xab\x0f\
~\x094W\xd5/\xd4\xc7i1T~!\xc0\xae\xaa\
\xe3\xc7\x99\x22|\xb5\x80\x08j\x80\x0b\xb3\x02K\xc3\xc7\
\x06\x9e\xa6\x89p~a-lKA!U\xa7eX\
^j\x5c\x96cX~\xda\x11\x09i\xbd$r\xfe\x03\
\x09\xcd\xb3zH\xc0\x8e\xfc\x07\x12\xd3\x8c\xf5\x918\xb2\
\xb3>\x12\x22Lb\xfa\xfc\xc8\xbdt&\x93]\x8f\x9d\
6\xae\xdc\xcb|\xaf\x0e\x9a3\xaeZ6\xa4\xba`\xc9\
)*c\x0f\xb2]\xe8\x1d-U\xc0\xb8\xe2\x98v}\
\x83I\x06\x97\x00Gj\xd3Yg\x8d\xaf\xea\xd8\xcf\x1a\
\xcc\x1bKxM\xce\x9a\xc1#\xf3\xac?\xc6\x1d\x5c\x8b\
g?\x0eU]\xc78\xf1\xc7\xcd\xb1\xaf#\x8f\x09\xec\
\xc2s\x1b&\xb7\xa6\xc8P\x9e\x0d\x1f\x11\x98#tv\
\xb6\xf3\xb0\xd6\xd3l\x1a\xa9\xbdL#\x05\x8dp:\x9e\
d\xaf\x0e\xdc\x92\x96\xbcA`.\x9a2\xd5\xb0\xd3\xc2\
9\x92\x0c\x95\x85W\xa5Yn\xd3\xe3:v&#\x80\
\xb6M\x92Uf\xca\x98\xb1\xa6Z;\xd2\xad\x14\x86$\
\xd4\x09\x8fC\xb0\xd5\x9fi\x8f(\x88b9\xdf\xf9\xaf\
0\xab\x0b\x1e9\xda}V[\x0d\x1fgk\xa2\x0d9\
\xbfc\xa8\xe7\xe7B\xbb\xf7m\x9f\xa4\xf02\x8d\xbea\
\x8fqO\x09\xa0\x03*\xa5c\xdc\xbc\xa3\xa6|+\x05\
\xf5`,\xaa\xd0\xc1\xd1\xb9\x1e\x1e\x15\x7f\x95\x96={\
jV\x1c\x81\x7f0\x95\xe1\x11>\xe2\xc1\xb1\x22\x9e\x1c\
\x86)\xf80\xc3\xe6\xfb{;\x19\xf2wS\xc7;T\
\xf8HM\x84\x02+\xd4)G\xf5\xee\xd5,\xdf\x87%\
\xd0<\xb6)\xd8\x003X\xce^\xa4\xd1R\xf38\x98\
qD\xcd\x82\x15\xa1\xff\x06\x87\x07\xd4\xf5\xf9\xae\x8e\x9a\
\xc7\x93]\x0a\xc4\x9e\x1c\xeb\xe9\x19\xdeu\x0cz\xf1\xe9\
\xb8f3\x1e\x98\x06}\xfb\xe3\xa1\xb6\xaf\x03\xaa\x80l\
\xed\xce\xd0L\xf5 $\xfa5\x9d\xe6\xaf\xd8LM\x87\
\x05\x06\x03\x13l\x8e#0\x13\xd8\x8f\x17D\xb8\xb6\xd3\
&\x01(\xa3\x8a;\x1d\xa4\x01q\xf3\xa9\x93\xfcK\x19\
\xcd\xf7\xae1,,e\xea\xed3z\xf9*e\xce\x1d\
\xdc\xb3F\x1e\xb4\x8byR\xaa\x5c\xee\xf1\x89u\x1e\x8c\
Ky\xce\x96K\xd6z\xf2.&\xae\x82\xa6_\xb1n\
`\xe9\x9bF~\x1d\x09\xf3\x8e\xb53.0\xc5\x1b\xe2\
@!\x1aQU\xa3\x14\xf3\x1d\x88|\x97 \x85\xe6\xc9\
\xd4u\xd1m\xa8@\x17\x17\xa8\xb0Y=\x9b8\xd1\x03\
\x97#\xe7W\x18\xca\xd6\x197l\xb6\x84\xbcTY\x0a\
\xdd\x08\xb2\x07\x92\xc3\xf1\x88y#\x12\x0a\xf0\xd7\xd4\xe0\
\xef\xd0\xf1\xe4P\xc1\xb4\xe61~~\x0c\x9b\x96Y\x91\
8\xd8\xa4\x14~\xb2<\xc5\x0d\x0b\x1eN5\xa7f\xe1\
\xc3e\x9a\xa8EP3\xa99\x94e<^\x80O \
A\xc233\x0dK\x8f\x830Y\xe2l\x5c\x9c\xb34\
\x0f\x97M\x93\x96\x07\xa71\xc8\xc0\xd5j\x13\xb6\x93\xe5\
u\xa4\xa4R\xb9kX\x05u\x12\xcd\x16\x9b\x0550\
g$\xe8_\x5c\x86l\x8b\xc9U\xe0\xb3mJ\xb5\xca\
\x96\xd5l[\x8c\xbf\xccL\xc5\x9eG\xe2\x04u\xa4\x9d\
\xf3\x14\xecdn6e\xf9\x86\x99\xeagS\xc9*\xbe\
\xb9\xb4\x0c\x10e\xd9\x86\xe1W#X^\xba\x13\xe1\xfe\
vh\x9d\xec\xe1\xa0\x14\x0d7\xa7jrb\xfa\xaa\x15\
\xf8=\x93@At\x01-\xfc\x22;[\xaap\x8c[\
\x8e\xe0S\xfb\xf5\xa7p\x12\x22{\x89qS\x01\xf3k\
6\x80\x22\xcd\xab\xda,\x03\xa9\xc2\x9d\xc9+\xf8T4\
\x99@{\xee\xab=5\x12\xcd\xc7\x9aV\xa8\x02\x00\xac\
\xf2\x85\xd81\x81q;\xaf\x1d\x1e\x8b,\xc1V\xd4\xc9\
\xcc\xcf\xaa\xf8\xb9`\x0b\x0d&\xec\x97\xc2K\xf4\xaa\x22\
\x8a\xbe\xb9\xcez\x05\x0eVI\x8d\xb1\x1c\x94\x98BK\
l\xc6\xd6\xd6.e\xcb\xd8\xf0\x82\xba\xdb\x9cL\x17\xb0\
\xd5\x95\xcbp#\x96C8\xb21\xdb!\x5cCS\x87\
 \xe4\x03\x12\xd6\x1d_A\xa6\x15\xa8P\xdd\x82|\xfc\
\xbb\xfb\xfa3\xdf\x89\xa0z2\x8f\xef\xa8^\xac\xc7w\
\xb8\x8f\xddy\x1c\xd9\x9a\xfd<\xce\x097w\x10@R\
\xdd>\x1e@b\x12\x0c\x91t|\xce\x8e\x9b\xdb\x05\x90\
ds\xf6\x00\x92lnw\xd8F5g=l#\x9b\
\xdb\x1d}\x91\xcd\xd9\x8f\xbe\x9cq\xf3zO\xf1\xa9\xce\
\xffC\xf1\xa7\x99bj\x16\x95\xdc%\xf5a\x04\x0d\xe7\
\xd1(b\xf8d\xce\xf5\xaa|G0\x1c'.\xcd*\
&h\x8e\x93,\xcb\xaa-bV6N\xfc\x10\x1a\x9e\
\xd0#\xfa'\x9bC\xb1\x86\xa0\xc8\x86\x93[\x8dG\xf7\
\x1b7\x7f\xce~4&\xc1\xa9H*-I\xb3A\xd4\
\x99\x829\xf7\xc8P\x13\x9bg\x91\x04\x94\xb5`x$\
\xdc(\x98\xbc.\x81O\xa4\x82\x14\xe4\x17\xf2\xb5\xc0Z\
\x1c\xdd\xa6\xf8\xb9\xe61~R\x00\xeb3\xfdY-\x93\
\xe1\xd9`Rc\xea\x94\x0a\x1fW\x15m\x06'\xf0\xf8\
\xc4z\x93Jo\xd8\x5c\xbb\xfa F\x11\x9bwTo\
0U(\xb3\x95B\x06\xbb\x99K_\xf1\xb88\xc3\xa0\
\xf6\xc0\xd6\xc3l\xf9m\xbe\x8f\xb3\x0f\x8cK\xaf\x8b\xa5\
\xc6\xa2R\x10\xf0\x1b\xca|\xd0\x9dAM\xf9N\xe3\xa2\
\xc5\xffiP\xbcX\xf3\xa06[\xf4\xb1A\xa9\x05\xd2\
\x93\xe2\xac\xdb\xd88\xd8\x0d\x1f\xde\xaa%xu\xf8\xcd\
\x16\x9b\xea\xba\xd6\xd8#\x92'\xb88\x90&\xd7Q\xb3\
k\xa7\xb1\xf0({E\x9d\x0b\x95\x1fW\x0f\xc0\x10\x18\
;r\x5c\xbe\x87\xab\xc6i7&:Y\xd2\xe1UG\
+)\xeck\xf2\xcbd\x09\x1fU\xf5\xcdr\xa5\xa2u\
\xb0\x9b\xf5 \x00\xd3\xb6\xb8\x92\x09(\x10Y\x9f}\xec\
\x00\xf4\xed\xce\x02LI\x10\x8b\x03\x99\x108\x8e\x91\x8a\
\xa3S\xc7\x94\xf3\x7f\x99u\xc8&2ue\xd2\xa5(\
\x82S0\x96\x1db\x8fX\x81!\xf8\x90\x17\x1f\x0f\x91\
\xd6\xe8>yE{\x18\x1a\x81\x86[\xef\xd7a\xc2\xe4\
\xf9.uZd2Rd\xc5\xae\x0ah1\xe0x\xb0\
\x1b\xf5\x1d\xd5j\x0f\xd3\xd3/$=4\x8e<\xabT\
\xe1\x97Sm\xae\xa8t\xc6\xf4\x0f\xe5\xd7\xec\xca6\xac\
-\xc5\x92ArCEQT\xd5\x96\x1c\x03\xd4\xcf~\
\x8b\x85\x87\xb3\xcf4u%3\xcc,\x9c#\x17\xe5\xf8\
>pC\xd3u\xf2z\xae\x01\x8b\x00\x096\xc6\xc2O\
3\xbe\x18\xca\x15Q\x12\xce\x22\xb4x\x99\xe4\xd7d\xe2\
7r\xd3\xd5U\xb4\x87?[\x93q\x0e^\x16\xfc?\
h\x03\xb5`\xea\xa98\x96\xefic{\x0cBi\xd8\
\xb2\xc4p\xfa\xcb\xea\xc5\xbb\xc0\x5c\xd4\xae+b\xd8(\
\xfcd\xd0\xac\x08\xad^\x9bX\xd7\x02\xf5E=\x90*\
D\xa9}A\xde\xc5\xe9\x85z\xc2\xcf\x9eH\x85\xdf`\
\xb09\x11 \x9f\x05\xc2\xa9\xe3\xe2\x83\xe4\xc5\x9e\xf5}\
{\xa8\x0c\x15\xf9\xe4\x15\xad\xe3\xaa^={x\xaa\x00\
:\xd5\xae\xdc\xccb\x91\x9c&=\x89RP\xaf\xb5h\
\x1e\xe5\xbc\xa5U\x8863l\xab0\xaeYA\x1d\xb7\
\x92\xb5\xe8\xd8\xfa\xb2\x14\x84\xf2\xf0u\x08\xdav\x92\xf7\
\x1f\x18\xe3\xe0F\x0e\xdc:\xd9\xe1?\xb8uL\xc2\xce\
OSw-\xd8\xfd4nn\xf3\xae\xa3\xa99\xb5{\
\x8c\xf0a\xb2\x8b\xba\x0b\xf5\xc2\x06\xc0\x15\x81\xe6e\xa0\
`UQ]\x0b\x90\x01\x0f\x12\xe4\x91\xcf\x9c\xc26\xe0\
\xfb\xea\xf8\x06\xbc\xf5\xf9\x81n\x10`\xe9P4mK\
FC\x98Zut7\xc6\xfcEe\x86\xbd\xab\xc9c\
\xb4%\x86\xfc#x\x1b\xd6\x15\xe1\xcb) 5G\xcd\
%3T\xf9tv\x85\xf5\xdb\x9d\xbb\xc5\xe9\xa2Y6\
\xab\x07\x9e\xa3\xf9\xf1c\xfa,\xadN\x0d\xdf\xef\xb0~\
\xb9*mNc\xa99\x99\x1c\xc5\x91r\xc3\xa9,\xe6\
\xb4\xec\xbc\x1cu\x0f\x04\x9f2\x91\xd6\x93b\x1c\xcb\xbc\
\xfa\xe0y\xe5\xdf\x9e'\xa5\xcf\x09\x7f\xf3\xd7T\x7f\xfc\
[\xed\x0b|\xc6\xa9\x1e@\xfe{p\xb0[\x9a\xbb\x1a\
\xad\x99K\x9b[\x80in\xa7\xd7W\x97\xe6\xb00\x0b\
\xc3\x9c/\x0d{\x0b\xa8\x06du(>\x00\xc5\xd7\xe9\
\xa8\xdf\x14\x9d\xc2\xb6`\xcf\x9e\xaa\xa3\x99\xa0\xa1l@\
\xda\xa6\xaaZ\xc0^O\xcd\x9b\x1a\xec\xa7\xa15\xda\xfb\
\xffu\xf6\xed\xd1Q\x1dg\x9e\x8d\xadi\x0b\xa5\xdd\x10\
\xc5V\x14\x89\xe06a\x01k\x8d\xe9\xc4\x19O\x8c}\
\x12\x87\xe0\xc4v\xec\x06$9\xac\x87W\x90h\x84\x97\
\x97\x83\x90l\xd0\xd8\x08,@ \x09\x09\x07\x04\x16`\
\x90\x83\xc1/@\xf8\x01\x08\x19\x93\x99\x9dIfs\x8e\
\xd7\x93s69\xd9\x9dd'3\xa1[R\xf6d\x9c\
a}\xf0xr2\xda\xfa\xd5Wu\xefW\xb7\xea^\
\xc9\xf3\xc7\x9c\x8cQ\xd5W\xd5u\xeb\xf1=~\xdf\xef\
;p\xe5\xd2\xf7\xed*k\xc2\xbc\xff\xee={9\xb6\
T\x1a\xf7\xf9\xe6\x81\xe1\x9d6\xfe\x1d\xb6\x5c@\x17\x95\
&\x9b{\x8f\x17/z!\x0b\xff\xe7\xc3\xd8Qb\x9f\
-g\x06\xcb\x8d\xb9\xd3/\x88\xdf\x9ezx}]\xed\
r\xcb4\x99a\xf7\x1c\xa5$J\xa9!/\xa2(J\
r\xd1\xc7<\xc1\x8c\xc5\xef\x85\xe6ie\x91\xd9?\xc9\
\xeb\xbdik@//\x0fH\x18<\xb15TM\x9f\
\xbc\xe8c\x1c~0Y(\xdf\xc4\x0a\xf1\x93\xd6\x8a\x83\
X/\xec<\x1f\xcc\xf8y!\x93n\x04\xa2\xb8Pn\
\x0a\xd0\xf0\xd4o\xb2\xb9\xde\x90\x8c\xc6\xbe\xb9L\x1as\
T\xd6[\xf0oF\x940A\x0dC\x10\x00F\xd6g\
\xdc\x9d\xef9yq<\x98\xc5\xda\xf6\xae#\x18\xfby\
\xb1\xd1u\xbe\xaa8\xbc\xa3\xc4_\xa7.\x8e\xeb\xac\xba\
\xea\xa4\x8f\x94\xc7\xed\x95\x99\xad\x19e\x99\xae\xd7\xb7\x83\
\xa7\xc6!nj\x82\xe3U\x9e\xc3\x85\x8b\xa4\x87\xb8]\
\x0c\xa5\x8b\xe3\xf82\x1aY@\x83\x19\xe1\xf7\xa9\xc8\xe9\
\x96\xdf\x84\x83\x0a<\xe1\xee\xb0\xbc\x12\x8b\xfbn\xef{\
\xc2\xf0NC\xe51\xc8\xf0}\xb1*szg\x07\x8c\
\xee\xd6>\xd2{(\x05\xcd\xda\x8f\x11y\xe8\xe5\x9f \
\xf7\xfc\xa6\xc5\xf1\xba\xdb\xebfk\x88N\x80\x03{2\
$\x89\x05;l`u\xc4\xd4\xdc\xce+!\x0c\xdd}\
a\x0637\x84Q\xbf\x80\xb0\xc1}o\x0f\xb5\xecu\
\x08\x83\xbf\xb8\xe1\x9e\x035\xf0#W\xa6\x8d\x8f\x0ea\
\xcaC\xbco`\xf8\xc8\x8b\xe4E\xc6\xa29?n\xf1\
\xe2\xb2\xba\x8a\xaa\x9f\xd6\xf7\x91\xcf\xd4\xf8\x91b\xb9z\
\x84Q&\xe62\xb8\xa7\xcf\xf3\xa1\xba\x7fa\x99\x96C\
 \xf1\xb6\x8f\xe0\x12\xac)1\xc02\xd3\xb9<\x0f\x19\
\x8e\x10\xbf\xf4\x01JL\x99\x0bM\x93\x80l\xbb.\x22\
I\x8b\xe2\xc71k0\xc4s}g\x07\x07\xac\x93\x1a\
_<{\xd1\xbf\xf2\xb2\x93\xb9\xbe\x8b\xb93\x17\x1c\x09\
\xd4\x05\x06^5\xee\xc6\xa8\x16\xa2\xd1\xa2\x1f-=\xc1\
.\x13\xca\xd68\xb3#w\xd1\xf2\xcfM\xd4\x19\x1fK\
\xae\x06\x88\xe8Ky\x92\x07\xb8,\xb4?\xdc9b \
\x1d\x82\xe5\xfd\xd8E/U\xf3\xb4\x8c\xc8U\xb7#,\
\xb6pFuB\xbc\xda\x0d\x07j\x0c\xcf\xf9\x9d\x5c\xd0\
otp\x0e\x84\xc62`\x06\x9b\xac\xab]\xbe\xca\xf0\
z\xba}\xec\x93\xfc\xf1\xf0\xfdd\x140\x891kO\
\xb2<\x97\x8a\xc0H\xeahR0\xf0\xc2\x1e\x1a/\xbf\
\xe7\xa4#\xe1\xa5t\xf1\xa3\xd2\x9e!\x0a\xab\x8d\xd23\
\xb8\xc6\x08-~:wv?\x8c\x170Sm||\
\xe3\x1a;\xa48\x112jJ\xb2wu<\x19`\x00\
(\xa5\xbebs\xe6\xf7\x9d\x1bz\xfb|(!@\x99\
/\x82\xd8\xae\x1b[\xda\xf2\xcf\xfc\xc8\xb0\xbe\xa7\x07\x84\
\xe5O\x1dW\x07\xbf\xa7EX\xf7\x83\x03;B\x00\xc5\
\x90\x1d\x00,HIn\xc0\x82l\xde5\x9eq\xd6\xa8\
\xe6\xe2\xb0\x08\x05\xca\xdd\xbc\xec\xc9\x9c\xdd\xbcg\xf0\xa8\
\xa5G\x15\xe9\xe6\xab&0\xcb\x87u\xc8\x1f\xb36]\
\xd1\x92\xdc\xbc\xc5U\xb3\xe1\x9fg}\xce\xbf$\xf6K\
\xae\xfd\x229\xd6\xad\xe3\x86\xc86;n2\x94m\x95\
\xef\xa2j\x03x\x8e$\xf4\xd6,I\xf3\xf9\x91\x04\xf4\
T7\x11\x93La\xb9\x8ee\x99\x9d\x7f\x83\xe7.\x02\
\xa4\xeb\x95x<\x02\x95T\xea\xa9>\xe9\x0fL\x00\x95\
\xccb\x87\xa0\x96\x5c5t\xa9\xf18\xc0N\xfdI\xb4\
\x5cp\xff\xba\x7f4[n\xdf\x9e\x1f\xb0\xcc\xd7i\xa2\
e\xfd\xfe\xdfm\xfdm\xe5\xcb\xb55\xa8\xe9]\xf5\xc1\
\x7f\xad\xa8\xfe\xf4\xba\xff]\xf92\xdc=\xa8\xd3e\xbc\
vwKI\x12S\xbf\xf3U8\xdd;^\xa4\xca\xde\
\xb8\xca_~\x15\x91\x86\x81\x1e\xfc\xbb\xf4\xf9 \xee!\
\x0cL\xe7[XJ%Z#\x94\xcdb\x8c%1x\
\xa1jf*L\x88\xfe\x16~\x91\x14[\x98\xbf\xd8\x16\
y\xcehbG\x12\x88\x03\xc1\xe1\x08\xef\x1b\xa3\xa6\xfe\
r\xd40H\x83\xa6\x18\xa4tI\x92\xeb\xcdQ\xc1\xe3\
>\x1a>|\xffu\x8d\xcf\xcc\x1c\xf3\xfe\xe30Fk\
\xffI<\xe2\xa9\xb1\xed\xbf)bZ\xff\xee&\x5c\xb3\
T\xd0[1\xb0\x0c\xe7r_K\x94\x1a*\xf6\xac\x01\
I\x90{\xd6\x89J\xb8\x89Z\xea\xcc(\x09\x9a\xba\x8e\
\xe9*\xba\x1fO\x94\xd2\xf8\xa8m!\xc2\x10i\x07l\
\x92b\xfc\x0ea\x14v'\x94\xa4\x17\xd0w\xfc\x06#\
\xfa\x22\x7f\x833\x00#6\xee\x7fY\xbd \x0b\xc5\x9b\
\xf6S\xd5\x07\x08b\x8336Px0\x0d\x19\xbd\xaf\
\xc1uO\xc8]\xbd\x95\x10%\x96\xc1\xeb\xc1w\xba\x87\
\xde\xddK\x8e}\xc7/,Zr\xd52('H\x1e\
\xabp\x9br\x8e\x93&\x8b\x1d\x80@\xd9@\xb1\xfbd\
QUy,\xa0\x9f\xb1#\xf1\xb5 g\x16?\x12\xe2\
\x8d\xd2{\x8f6\x87wFHms\xd5\xb7\xa1\xb95\
\xb6\xc0I\x17\x12H\x9b\xee\x8d\x89@?\xb9\xa6\xc7\x12\
<K.\xb9\xba,V=K_\x87\xccl\x15\xf2\xde\
i\x16\xdf\x92_{\xae\xde\xb3+\xef\xb2\x92_\xa9\xf7\
E\xa8\x5c\x11Y\xb0q\xc2\xb2\x18\x9b\x87\xfc\x85\x8e\x96\
\xd9S\xc1\x96\xdd\xa7\x1c-S\xc0\x90jF\xce\x91\xc4\
\xbcoj\xad\xd7:\xb0iB\x8ar\xd2M\x04\xa5/\
\xed\xe0\x1aq\xd4\xf9\x9d\xbc\xe4\xea\xba?\xd9\xbcYR\
\xb8\xc8\x08Iffc\x0b\x96a^\x99A/6\x13\
\x03]\xd8\x0e\x98\xac\x22eQ\x01\x11q\x0f!\xd6-\
\xd7F|\xac\x10\x0e\xb1%W\xc1\x97i\xfct\xa2\xc7\
t|\x8c\xb6\x8f\xd6\xccq~\x0ca\x1e\xe4\xcfn\x1b\
\xe5c\xc0\xd80\xc6!\x8b\xc2\xc1\xf5\x87\x96\xf2\xa8\x98\
t\x97aN\xe8I\x9e\xac\x94&\xbb\x0cwG\x17\x91\
x\xc3J\x99\xe0\x09\x081Q\xe04\xe5J\xce\x1b\x0e\
_\xa7&\xcfL\x1b<\x84\x09\xc5\x93\x99N9t\xba\
\xd2Q\xf96\x8bG\xa7\xd9,\xf3\x84\x84W_\xfe\x8c\
\x16\xa3\xef\x0b\xc7dR\xe4\x19\x065\x08\x99\x87U\x1f\
dr2\xae\xff\xcb\xcd\x9f2\xcc\x80\xb4\xe7'&J\
\x10?\x7f\xb8\xf3\x0c\xb8g(\xa6O\x09\xc3Nc\xa0\
p\xe9W\x1af\x18(\xd8D\xee\xc2\x05\x19Wva\
X\x0b\x96~e\xd7_\xb3\xe5\xbfpa\xe8d\x8b\xf5\
\xee\x00\xbc\x97I\x86\x00\x0d&\x12hO\x18)!\xa8\
\x82\x02\xe3:\x8f\xbbo\xf1\x04\x1ae\x92\xb8\xcd\x18K\
Z15\x16\xb2\xe9.s\xd0\xa5IZe#a-\
\xa1;\xb9\xd2\xd4ds\xa4>\x04\x9bS>\x83\xb5\xa5\
usf O\xe0\x1d\x1cf\xf2\x14\xd9'\x0d~4\
\x80\x93\xd3\xe3\xa0\x02\x81\xdf\xa7\xba}\xff\x1d\x8d\xbf\xf8\
\xde\xb4'\xfa\x99\x81\xa9d\xf5\x11y\x1a\xc1\x8f\x85\xfd\
G\xca\x0e1\x00\x09{SX\x81\x83\x87\x0e\x0e\xb6\x9c\
\x18\xdcf\xed\xaeI4\x1e\xac\xb6\xf48\xa2\x91X\xf4\
q\xdb\xafV}\x13\xb8xf`\xea\x91\xc8|\xc3\x18\
\x1ek\xc4\x99\xfe\xa13G\xf2\xbd;\x08\x1f\xef\xfc6\
\xd0\xf2\x0c\xba;\xf5m\x94\xca\xe6$\xbd\x9bA\x94\xd7\
\xe9q\x1cg\x95\x1e\x07\x83\x18\xf7\x5c&\x09\xaa&c\
\xb3\xa6\x95\xd0\xf6\xedb~\x04\xbd\x02P\x9clc\xba\
n\xc5^\x90\xccM!\xa0l\x8be;\xe1\x89t\xe4\
jL\xd3\xcd\x83\xf9\x1a\xb0&(_\x03yD\xcc\xa6\
`\xc2\xc2r5\xc8\x94\xf0r5(\xb3\xc8\xb9\xa8\x18\
\xa1\xf3\xc7\xeb\xaeX\x8b*\xfb\x0e]\xde\x99\xb7\xcb4\
\xddA\x1d\xf1*\xa6\xc7!R\x0c2\x0fs\x89\x89\x97\
\x83\x96\xd7/\xcf\xec\x89\xa6\xa7\x11\xee\x0c\x19;&\xe2\
\x0fo\xbd\x15Q\x87\xb7\xce\xce#Q\xf5'Fr\xf5\
\x04O\xb6;\xb3Z~\x15d\x0fX_Ef\x07X\
\xde\x084\x87st\xd9\xff\xad}\xd2\xc8\xf3+\xa5n\
\xca\xd9z\xf9\xb5|\xc7yw\xb6_\x09DH\xcdA\
\xe2mq\xfd\x1a\x14[\xb7*A\xa4%hT\xad\x0a\
\xd19y\xb7\xa6j\x89\xb2\x86\xa4d\xad\x87G\x02\xd9\
m\xd0\xe8\xa0\xdb\x199m\x5c\xbe\x8c/\xe1\xa0\xc9D\
&rZP\x8a\x1b\xa9w\xa4\xed\xb9\xe2\x97\x18\x14u\
\xb7\xc0\xbd\x84j\xd7\xd6J\xc8\xcaZ\xc4\xc2\x94\xdf\xdf\
\xe7\xc8\x99.\xb4\xb2\xf6\x13Q\xf9\xfa\x09\xdd\xdcX\xae\
b\xde%\x84\x97\x0c\x1d\x8d\x8f\xa5\xc6q\x7f j\xce\
\xf1 \xba\xb9\x13\xe5q;\x9a\xe3\xa8`\xbd5\xe5j\
\xf6Z\xc3-\xe2\xc8\x86\x97D\xf8\x92\x12)\x0f\x12-\
8\xa7b\xcd\x1f8\x07\xa4\x0bNoO\xa8\xd9\xae\x07\
^r\x15\xde\xd4\x88\xc1R\xc6`B\x8d\x96\xee\xd6\x08\
\xd1S\x96\xfe[\xdb\xe9\xc5qM\xf9\x88\x94\xa6\xccl\
\xc0[\x1d\xb4\x8f\xb7\xe5\x06.\x0e\x9d>\x8d\xb0 \xe3\
\x7f\xa4\x0c'\xa4xK\xd0\xab\x93\x05\xf2:\xa6}_\
\xef\xd0\xbb\x8baE\x84\xc2\xe5\xa4!\x11\x02\x97K\xa3\
gur\xff\x16(\xd2\x9e[\xa6\x1cN\x1a\xc0R\x83\
\xce\x19f\xa3<@rq9\xee\xbfL\xba\xb5\xe9\xa3\
9\xa4\xb8!$\x0c5\xccY\xe30k\xbe\x89\xfai\
\x95\x8f\xcc+[\xf5\x95E\x1f\xaf~\xbf\xea\xf70\x1c\
t\x16\xaco4\xa7\xaf\xc3\xcd\x9b\x99-l\x80k\xf0\
\x8cT\x17\xa0M\xe5#U\xbf\x0f8%\x1e\xc7DO\
\xb6\x01v#l\xb2c\x17\x10|;\xd3)\x1432\
,x\xdel\xc0\xde\x06\x94V\xde\xe2 \xfd\x84\x01q\
\x8e<)\xb9.u\xd7\xc0>\xee\xec\x0b\xf5`L\xc5\
/q\xb2_y\xb9\x83\x0c\xcd0E\xcd\xd3\xc1w%\
\xd3\x04\x1d\xb8\x86\x9b0\x00<\xef:\x0aex\xf7'\
+\x81\x84\xc1\xe7\x88\x5c\xb7\xd7\x9f\x84\x19\xacR\x9e\x00\
\x9b\xb1\xa6\x02\xcd\xb3\xd7\xb0g\xf0\xa1\xe8\xa3\x8c$\xba\
\xca:\x7fL\xd9\xc1p6T\xfdU\xf6\x09\x03\xac&\
\x05b!i\xab\xc8\xaf\xe1\xad\xb7t\x10\xf5\x88\xc3\xe7\
\xa5\x08+\x1fD\xe76q/\xba(\xed0\x87\x00O\
\x14\x8d\xe0\xe4\x89\x9a\x86\xe6\xba\xc6\x12\xb9\xb7\x89\x02\x14\
f\xeb\x82\xed\x8b\xfa\xe7\x95\xc1\xa6d\x9a\x82\x14\xa6>\
\xba\x9c\x8a\xe7\xea\xf6(>U\xca\xe3\x8e\xed\xb9\xd3\xfd\
\xd8`\xd2\xd6tN4\xc0P%e\xbb\xcdA\xd9<\
\x10\x0e\xa1\xe6\xcepH\x89n\x9e\xbd\x86Lt|C\
#\x9ev+\xef\x0c2e\x99\x9cN\x9f\xd5\x1dR+\
\xc4\xd3\xf8X\x81\xf1\xe0\xc8w/w\xbc\xc5\xf1\xe0\x84\
\xd5\x7f\xb9\x99:\xd1ZyX\x13\xeb\x0e\x85\x17\x03\xf9\
\x14O\xad\xc9\x5c\xdbR\xf2\xd4\xb8\xef\xac\x02\xe1d\xf3\
\x1f\xbbR5\x13\xab\x96\x1f\xdc\xc2\x0e\xc9\x9d\xe4\xd8P\
\xc4\x85\xbd\xaf\x83\x08\xe6\x9d\xee\xc1c[s\xcf\xbfL\
l\x94\x00e7\x1f\x03\xfe\xbd\xa3w\xb8\xf7\xb2\xe3\xd4\
\x14j\xaf\x09\xffq\xbe\xbb\xc4>\xc5\xaa9\xf2\xd1\xb3\
}\x1a\xcb\x1d\x82~\xbd\x8b\x8b\xa2\x9ct$\x090 \
\xf7\x98 \xb1ez\xd0\x88\xa1\xa6\xf3\xa1>\x81\xec\xc4\
\xb2\xd9\xad\x0f\xcb\x1f\xc4\xa5\x15\x0bi8q4q7\
\xdb\xd6\xb2\xd9\xed\xd7o\xdb\xc0\xbc\x14\xa2K\xdf\xb3C\
\xbb\xde\xb0w\xa48a\x91\x90}y\x9aB!\xfb\xdd\
\x12L\x19\xe4z\x0e\xe4\x8b\xc8\xcc\xa3Y\xfeC\x9b\xbe\
.Vd\xaa\xd0\x99\xf7\xe6\x95\xc17\x04W\x94\xe6\xa5\
\xc6\xc6\xca\xdc\xd84\xad\xba\xf0`K\xdd-\xb2O\x11\
\x1eq<\xdd\xd5\x05\x077aD\xd1~\x0bF5\xf9\
\x9b\xd9EvR\xe18\x9d\x5c\xd3:iE'<\x9d\
\x91o\xba\xb8\xbe\x8a\x94v~e\x00O\x11\xb9\xa1\xc8\
\xeb\xc5)\xb2i\x0f\x8b\x9e\x83\xaf\x9f\x10B\x87_l\
\xc9\x1f\x06.\xae\xa8\x88\xf4\x07R\x18\xc4\x1b4\xdc\xdb\
OCK\x19\x97i\x02\x8cK\xdaqa~\xd5^W\
\xa2\xbd\x0e\xae\xeeHB\xaf\x89\x93\x18\xfb\x91\x88\xdf\xef\
\xd1c\xeb\x85\xc0%\xc9f>:\x83vRsM\x05\
\x5c\x947s\x9e\xa9Pw\xa5\xdc{U\xbf\xad\x1b\xdf\
\xf9\xbf\xe0\xad\xb1\xa8vo\xd5\x8f\xca\xabp@^~\
\x9e\xbc4Q\xfc\xbbS qq\x1c\x86\x83\xcb\x1d\xe5\
\x94\xde\xb7\x83\xec\x86\x94Ub\xc8\xbe\x8e\x94W\x9e]\
G\xcc\xf5n9>9e,~\x1cYG\xf0\xda\x19\
\xea\xfeL\x9b,V\xa5\xa0iKI\xa5-9-\x81\
2\xcdn\xa9\x97\xaf\xb1\xc5\x1aa:g\xb3\xe4\xeb\x87\
\x11\x22d\xcf\x91%\x0e\xc7\x8f\xee\xc2t'c\x19\xb5\
\x0c\xbe\xa8\xe6px\x97\xc3\xb9\x19H\xc7r\xd7<\x90\
\xcbo\xd4\xeaS\xcbOj\xaa\xadj\xab\xe6\x94\x0a\x18\
\x00\x9b\xb0\x8e^\xca\x9f\xfb\xab\xcf\x85\x9c5\xbdu\xe3\
\xf1s(\x8d\xb0\xed#\x93r\xd7\x87\x9f \x04W3\
,\x14\xf2\xfa\xaa\x0f\xfc,1v\x1f\xadT#\xbf\xd1\
\x0b]D\xfeN/\xb5p\xe8\xccy'Eo\x00\xb1\
B\xd19a:Ca\xefx\x13:\xbb\x994\xe6\xb8\
N\xa6\xe9\x1f1\xc6\xf4\xb9\xe9\xc64\xc7\x9e8W\xa2\
\xc7\xf1\xf30\x0dE\xf5V.7\x90w\xe9\xd6^\xcb\
\xb4Dp\x96\x22t\xe0g\xdb\xbagK\xbc\xa5\x144\
\x08d\xd8Z\x18X\x89o{\xf0\x99\x93\x99O\xc9\x0f\
|\xf7\xdeG\xb4\xa2Y\xf5\x01\x91^<s\xb2\xa6\x04\
<\xa3T\x19\xc5\xc0\xc0*\xb0\x1b\xf8\x13a\xe7\xd2R\
\xb5\xf7\x0fo\xef0\xb4N\xf1Hhj\x0c\xd1\x12\xdc\
\x0c\xc49\xaaK\xa48\xbeV\xb1V{\xc5&\x0ar\
Z\x97s\xf5V~\xfbp\xe2\xeaI\xbe\xfa\xac\xef\x84\
L\x12\xd2:\xe6\xae\xba\x979+M\x85\x99\xdf\x08@\
\xc3\x10\x10\xeb\xed\x96\xfc1\xcb\xddq;\x06\x80_\xdd\
\xe7=G\x14f$\x01\xa5\x05\xff\xa63&\x0d:\xae\
9j@\xe9Y\x0f0\xa3S\xcc\x06\xeb&\xd5\x1b\xfa\
+O\x90t\x93u\x15\xc2\xb62l\xaa\x84\xc229\
-\xa8\x046%\xa0\x1cF\xd1\xbfb\xda\x81\x84\xcb \
X\xb3=N\xd0I\x96\x88r\x8c%\x96\xfd\xb1!\xbb\
h\xd7\x82UP\xbb\xd98\x97/\x0d\xee\x7f)wz\
\x17(F\xa5\xe2m\x8f#:.\xb9m\xdd\xb3|\x1c\
\xd9\xe9\xadW\xf2\x17\x9fu\x8e\x83\x97\xc9\xe8\xa2\xc7!\
\xe7\x9f\xb3c\x11:f\x7f]\xfd\xdeR\x9eX \xbb\
\xe5\x0f\x1c\xcb}\x1fO\x9bsn`\xe4\x0d\xce\x8d\xd8\
v\xad\xe6x\x02\x1b\x7fZ\xcb\xa8G\xe9\xa9\x1b<\xb4\
7\xbf\xe7\xa4\xb3\xb9\xe1KU\xcd\xdd\x0e\xd2B\xab8\
y\x82?\xa4Vx\x04e\x16\xfc\xf0\x08\xd5T\xb0e\
\x8aFF\x22BB\x15_p\xa6#LFsd\x13\
\xa5\xc7!4\x92\x1e\x07\xe8wu;\x82=\x06,j\
&\x09\xa1|\xa2\xdf\xe0l!f\x02\x8f\xbb\x04\x87\xe7\
\x9ek\xa7\x88\x90\x1b7\x95\xc0(\xa0\x177\xa9\xd8H\
&\x11\x89\xbb\xf7`A\xcd\xc4\xca\xa3\xec'\x0b{k\
\xf7Q\xcb\xf5YSQ\xf5s\xa7o\xa2\x14~\xeb\xce\
\xee\xd1\xbd\x12\x05p\x8f\xf3q^up\xf5\x15\xa1Q\
\xc0W>\x81\x9a\x86\xfb\xc0\xd1\x87b\xfb\xc1>^4\
\xdf\xba\xf9|_\xbdt}\x8a\xf12IT\x8b\x075\
\x9b\x7f\xf3\x05|\xf2\xda'\x8aY\xe0\xe6\xdb\xfdRn\
\xefn\xe2g\x8b\x18\x00\xc21\xc8\xd2F\x08\xc7 \xa1\
\x03\xa8`\x0a\x1d\xc8\xfes\x8a\xfaM\x0ecmB\x9d\
\x97\xc66!\xcb>\xb3nb\xfd\xf1\x1a[\xb4g-\
sc&\xb6\xf5C\x1dc\xd9\xb5\x15\xee\x17<\x9f,\
\x5c3\x87\x7fV\xbc\x97\xccM\x86\xbc\xf3\x0b\xcdC;\
\xdf\xe2\xd1\x16D\xcd\xa4\xc7\x86\x1eWG\x90\xa7D%\
|\xcd\x97\x94 +%a\xbc0W\xd8\x97\xa3\xdc\xae\
\xf9\xd9\x0d+\xb3\x1b7\xae\xb7N\x93\xcc\x96\x12\xcfF\
\xe5#\xcb\x9a\xf1\x83\x0e6h\x5c\x82\x99\xe0\xafR\xa6\
\xe4\xd3\x80y\xbf\xdb\xac\xc2\x0a\xbdosP\x82[O\
\x99$Y\x8c\xa4\xf4\xa5\x8d\x90\x0f\x1e\x0f\x9b\x90Be\
\xe5i\xb9\xf0\x12\x90h\xc9\xdf\x11\x85zH\xc8\xf4\xbf\
`\xc4\xb9X\x09\x8c\x8a)\xa3\xe3\xbe\x7fg\x10\x83\x04\
u\x1a\xfe\xfe\xbb\x0e\x94A\x01\x14\x04v\xea\xa46`\
\x9f\xee:\x99\xe4P%YG\xd7\xc4\xd6p\xd9\xe8\x90\
\xaaZ\x95]\xb3\xc6^$\xd1\xcdKa\xf4:\xc7R\
Hf\xf3Q\x0b$\xc2O]\x94\xb2R\x94\xcbf9\
&jV\xd7\xbe\xcfi\xc0\xf3\xbb^\xcbwv:h\
\xc0\x0b\xa9%\xc3\x0b%\xbc\xb6\x0e\xf0O\x85l.\xeb\
\xa6\xa0\x82J0\xe3P\xa8\xa1\xb1\xaa\x9ff\x92\xcf|\
Xs\xdc\x138K\x09\xd4\x15U\xa8\xc0\x8a\xce:\xc4\
\x0e\x17\xfb\xabs\xaf\xb8\x09\xc4\xdf\xf3\xbb\xad\x1f\x93\xc4\
\x98\x0e\x18\xc6\xcd$w\x140F!8\x02\x01\xc0\xe2\
?\x10\xf4\x7f\x84\xbf\xb2\xbf\xa1j\xae\xc9\x1c|L\x00\
\xef\x06\xf6\x86`\xd7\x874\x1b\xa1\xb6Z\xfc\x02!\x12\
!Q^w\xfb\xc2\xb4\xcf\x11\x81\x18q\xf6\xd7\x07b\
d\xeb\x00b\x9c\xbd\x06J\x1d\xec\x04o\xd0,\xa7*\
\xe4VK\xa0\x98\x88\xc6T\x1c\x12G&w\xb8O\x92\
KP0Y\xe8\x17\xa8Z\xa5\x8d\x1f\x85Q>p\x8e\
Hxh;\xd9O\x81\xb8]3I\x03y:\x81\xee\
O\xdc\xd7N<i\xa2v\xdc3\xbf\xc3\x972\x01\xfd\
\xe2K\x83\xddP~\xa9\x10g\x02:r'4Y\x06\
\xd8^:L\xe5{;I\x9c\xed\x80\xf6\xec\x00\xda\x5c\
<je\x8f7\x1e#\xed}d\xcb:\x9bA(X\
\xfd!\xdf\xbe\x8b\x86\x81\xb9q\xe9\xb4A\x19\x14R\xfd\
aj\xad| d\x84\x88\xf2\xbb\x02\x16\xa0\xb1\xacS\
\xc5\x08\xea'\xa8(\x90L\xf0\xd2\xe6_H\xbd\x8b\xda\
\xd6L+2@\xd9\x9e\xde\xd3z\xe5b+e~Z\
Q\x114\x07`C\xd8' \xc0\xb8ft\x9dL]\
\x158\x03v\x091^\x9cs\x0b+D\x89\x223\xa5\
\x93\x8a\x0c\xb9S:\xe3\xe0K5n\x22I\x87\xea*\
H \x99U\xcb\x00\x88\x02\xec\x7f\xc9UPo\xf9\xff\
\xad\x0a\xc5\xa7\xfd\xe8\xa1&V\xedI#\x09@\x22E\
\xc1\xc0\xe5\xfd\x83L\x18\xc4\x7f\x05GzX\x8d\xd4\x14\
\xfb\x9e\x0cx6\xe8\xba\xd8\xc6\xb8T9[\xf9^\xd8\
\x0c\x9a\xc4k\xbb\x5c|I*U\xed\x87J\xef\xf5\xe6\
\xd3\xf4\xbd\x86l\x03\xead\x07\xa6\xd5T\x9f\x85#\x86\
\xcf\xad\x89*\xdb?m\x9f\xa6\xbf\xab\xfa\xb9\xdc:\x99\
X\xa5O\x10\x92\xef\xec\x12\x1b?\xf5\xf5L\xa5e\xcb\
\xa2\x03\xce\x0bY\x19\x86zTN\xddTp]\xdb\x1b\
!\xfa\x10\xe4\x98ys\xd4;$on\xc5\xa4\xa7\xa7\
\xb0w\xb1\xeb\xf0\xe0[\x96\xfd_\x88F\xa6C\x8f\x1a\
\x86$T\xea\xe6D\xcdhhR\xe5\xbc\xa3G\xc3\xe8\
V\x91\x0aW\x1c\xdf\x1f\x0b\xec\xd4\xe7\x8e\x0f\xefk\x0e\
I>F\xf3\xc0\xa1\xa2\xe6\xeeC\x85\xe6\x11\x87Jv\
\x1d\xeb\xa1*Xq\x8aQ.\xc6\xf3\xcf\x9dr\x90-\
Vh\xc5\x89\xd6d\xc9\xd5\xec\xddU\xbf\x80\xde\x09\xcb\
?\x04@\xfd5\xae<y+%\xe9\x90\xfbs\x9d\x07\
I\xe7$\x8b\x7fL\x08\xebI\x1eQeY\x04\x0c\xb1\
\xcc\xa4\xa1\xec\x89\x80#N\xf4\x05\x122\x96YD\xa6\
\x10\x0f\x05\xeb\x5c\x17\x1f\xc0\x22\xebK}\x00@E\xb6\
\xdf$\xcf\xe0\x81W'\x88E\x97\xa1:\xa30\x15\xdd\
\xfdN*\x0dW\xe0U\xbe\xf2F2\x8f~\x98\x9d\xc9\
<\x96\x9e\x9d\x88R\xa3S\xba\xb9\x97\x11\x15Zp\x9d\
\x8b\x91\xb9Q\xe1K\x7f\x93)5\xb0\xfc\x9f\x0bJ\x0a\
]\xff\x89Z\x0e\xa8\xe1\x90M\x1a\xfc\x84\xbaB!x\
\xe0(\x8d4t*#\x85x\xf7!\x88\xc58'\x9b\
:N\xabz\xe3\xa5<G8\xb3\x18\xc2:\x7f\xbc\xf9\
S\x80\xd5\xac^\x01\x10\x93\xb5>\x97w\x0a\xcb\x80\xc0\
3\xf9S\xc7\x09\xaa\xe4\xfcH\x06\x17\x84\xfaHn\x22\
\x089s\x14\x07d\xcd\xa9\x94\xa0,\x0dh=\x8c\xd9\
\xbb\x16\x7f\xd5x\x18\xf7\x9d\xcb\xf5\xbd\xebx\x18K\xa1\
\x1bF\xe7\xc2\x91V\x17\x91\x0bW\x08\x19\x81\xfd)\xfb\
\x84\xecO\xd9\xdc\x002\xa9\xe6N \x93ln&\x9b\
Q\xf3\x90d3\xdd\x9c'\x9b\xf1\x0e\x8ed\xb3\x190\
\xfam]J\x18\x1d\x0d\xb1:\xf1\xdf`wX/\xfe\
w#\xdb|\xd2\xec\xf7T\xa9\x9a\x86\xba\x0d\xd9'\xd6\
o\xb0\xb1\xbc\x06\x06-\xeeF\x9c\x15\x18\x00\x82\xb8\x1b\
%P\x84F\xc4\xc8\xc2~\x18\x95\x15\xd5\xb4+\xf6\xda\
\x05\xab\xba$\xa2\xea\xb9\x14!#<\x934|G\x13\
(\xd3\x1b\xd7\x98\xd3et\xbb\xce\x22\x17\xeb5#V\
\x11\xbbCl\xa0\xa7\xc4\xff\xdd\x16\xbb'v\x0f\xa8\xc5\
\xd9\xdfn\xf3\xcb\xae\xf3\xfc\xf1\xd4\x8c\x8a;6>\xb5\
\xf1\xb6{\xee!\x8aq\xef_o\xb3\x1c\x0bH\x8d\xa0\
L%\xf2\x93x6b\xca@\xf4\x7f\x812&\xbc<\
%\xcf9\x02\xc30\xe5\xc6\xfa' [{`\x98\x8d\
!%q\x1f\x8b\xbd\xc8\xa7\xc8\x0f\xc1\x17\xf9\x94\xe7s\
p67f\xab\x9b;\xa7U\x98\xed\x0b\x96;\x00\xc4\
!\xac\xdcA\x1cE<xr2\xd5\xedp\xa0\xae+\
\xb2\xbf^\xf3\xb3 6\x0f\x03\x05\x10{_dw\xc1\
-\xc0\xee\xbe\xb9_\xe3\xf3h\x0a\x1e`\xef\x8b\xd6\xcd\
\x90\xc6\x18a\xd9vv\x9a\x11{C\xa7\xd2H\xc1t\
;\x96R\xe4\x8a\xb9\xe8\xe14\xf5\x00\x13X\xce\x05r\
\xd6\x81\xd1\xe4\xe0\xa6\x8a\x96C\xf7\x96CN\x8a\xcb\x81\
2\xb5\xea\x87u\x92u\x9b@\xd2<\x11\xcc\x96J\xea\
S\xfe\x07\xcd\x88{)fp\x05\x8dv\xb1Eb(\
M\xbdH4\xb6m\x1fm\x0e\xa2\xb1+\xd40\x8c\x90\
\xd1\xe3\xadE%\xbd\x97\xc3\xe1\xd7\xde\x00\xd0\xdf\x91\x9d\
5\xfa\x00*V-3\xb4F\x1f\xa0\x00\xacU\xec\x12\
\x94\xc4T\xf6\xf6\xfe\xb5q\xd2\xc6\x8bf!y2\x86\
\x9d\x11w[\x18)\xfdcP\x82P\x9a`R\xe3m\
\xfb\x19b_F\xc8.\xcd\x7f\x8c\xaa5\xa8\xec,\xa5\
\xe5B\xb3\xa5\xb2\x89\xce8\xde\x97ljH\x94\xf9\xad\
\x19\x96\xd0\xed\x12\xfc\x15\x91\xca\xea\xa4\x06\xaf\xf18e\
\x04E$\x95\x04F$\x99>g\xab2\xa6(T\x09\
\xd7*\x83\xbe96N\x82\xf8@\x1a\x1e\x13f\xc6\x13\
\xec\xda\xd3t\x1f\xf0\xe3\x08\xe3b\xbf\xad\x5c\xa3#J\
\x18\x8c\x14\xca\x92\x06\xbeJu\x93\x82\xa0\xc9\xc2\x04B\
\xa5B\xb1\x82]\xceq\xc1\xa3b0\xf1\xa8q\x89M\
\xc5\xcd\xca3\x09\x1d\x97\x5cE\xd7\x08lq\x99\x12$\
^\x00)+\x02U,g\x82By`I\x09\xce\x84\
\x8a\xe5\x11\x1d\x8a\xe5T\xd0\x05Iq,\xf4\xee\xd1G\
\x1c7|0\x17\x82\x97\x22Ug\x90\xed!~\xd4U\
\xed\xe5\xb0\xb3\x92\xd4##k\x9cA\xebn6F\x90\
\x19\xe4\x0e\x8c]\x85\xee\xbd|\xc2c%\xa0\x89r\xcd\
;\xdb\x87\x8d\xc8l\x1a&9\xdf\xd2\x99;\xdeM\xb4\
P\xd1s\xc7S%\xf7\x9fs\xd11\x07\x135\xcfG\
q\xe3Y\xae[9\xcbGg\xe7\x0fZFd1N\
\x18e\xc5j\x82Kvw\xd3\xf1\xd1\xf9\xb1\x9c\xdd\xd2\
)g\xe9tPV>\xf3\x0fm\xbd\x86\xe1\xab\xe5\x5c\
8I\xcc\x95\xb2\x84R\xaf\xdb\xa8-\x85\x1c\x09\x92z\
\xaf\xfa\xd3\x9a\xcf\xc5\xa8j0UIS@)\x94,\
\xe0\xb4.\xeej\x07\x9e\xd8\xd5\xb5c\x11\x0b\x98\xc6X\
\xc4\xca_M\x9c\x14\x96\xd1\xa9~\xb5\xcfE\x11a\x83\
\x96j\x12\xcb\xea\xa7\xabo\xdc\xbcy\xff\x87pe\x18\
Q\xcf\xa9\x9c\xae2\xb7\xf7\x12\xfc-\xaf\x5c\x14\xd6\x8f\
\xf2i8\xe3\xa0eZ,\xae\xca\xaa\x9f\xac\xfc0\xf3\
\x9f\xf6\xbe\x17(\xfe;\x9d\x0bV\xb7`\xe7\xee\xfc!\
!\xf8%\xb1#C\xeb\xfc\xde\x04\xd9k\xef\xa9|\xb9\
\xb1\xa5\xe1O\xd7u\x05\x98M'+\xa9o\x0d\x80\xa6\
\xb6\xa7\x05\x09$\x17\xbbB\xe9N'B\x18RP\x10\
X4\xf6N\xa9bT\x92\x09(*L\xe9\xa6\xf0\x80\
\x08\xb3Z\x86\xea\xea\xac\x96!G\xdc\xb2\xe0\x99_6\
\xcc\xd8\xfb>v\xac5\xe2\xa5\xbd\x83\x03 \x94\x18\xde\
\xd9I\x1b\xd69\xe2\xae<\xcb\xb6Kx\x5c\x9c\x8e4\
:\xf9\x8d)U\xc0G\x0a\x81\xd3-\xf8\x8d}\x82L\
\x13,Ddm\xce\x1f\x02\xb1VM\xc4R..\xaa\
>b\xb1\x16\x01P\xf5wV\x19\xb6f\xb9!D\x02\
\xac\x85\xe1\xe46=K\xb4\x1cX\xdf\x8d-(\xa2\xb6\
a\xd3w\xa7\xfbH(.\x8b\xecql\x0dYSm\
pW\x7f\xbe\xd9BF$Vn\xcb\xfe\xda*&S\
\x9c\xef\xd9\x06\xd7iDI\x19\xd9\xd1b\xaf\xd4\x1d\xa3\
8,E\xc7k\xd0\xddT\x22\xb3I\x0aZ\x22\x05\x9c\
#\xadM\xe5-;\xb8@\x13+?|\xac\x0c\x0ba\
\xe8D\xc5\xe2P\xe5\x8e\xf7\xa8\x9f\xef\xe6\xcb_\xf9a\
\xf6n\xc3\xf5\x93\x10\x9d\xf2\xfb\xfa\xdd\xde\x9eD]l\
^F\xabBl\x9c\xc3\xcdW.\xed\xe1z\x8d\xa5\xed\
\xd5\xc5:\x19\xf5\x8b\xe80t\xd9.\xf9RW\x81\x0a\
\xc6Ly<\xfc*\x950\xb6\x0ca\x9f\x9a\x8a\x19\xc2\
&\x13\x95\x15\xfa\xa9\x93l\x9d\xb2\x9cTbq<2\
K\xe6N\xc8\x924\x9d\xba\xba\x14\xf8\x0b?Y\xbe\xcb\
\x8c\xba\x8a\xe6?\xea\xd0\x9660j\xbe\xed\xe3\xe5k\
J\x02F\xc6\xbd L\x06\x08\xc7\x0fp\x19\xa6\x06(\
\x93\x0c\xd8\xbc\xb8\xeaC\x0d\x0e\xb1Dv\xee:\x06\x88\
\x08\x97&\xe1\x06tp\xda\xddL\xee\xbfQ\xb8\xec\xe2\
\x01'\xe2\xf8P\xa7a\x11\xb54Y1\xbc\xd6\xee\xc0\
@\x92\xfa\xe88apn\xe8\xc7B\x82!#\x1an\
z\x7fD\xb7_\xbe\xc8\xc1Q6a\x14\x82\xb2BM\
1\xc7\xce\x13c\x95\xb3\x8f\x05\x9fP\xdc=\x8fR\xe9\
\xbe\x1e\x07\x8d\xa9\xba\x1d\xc5\xb30#c\xed\xa6j\xd7\
\xf4V\xc5+\xf2\x5c;\x95\xd4R\x1b\xd5\xb9\xa0)\x88\
\xc5m\xd5\xf9\xf7KO\xa4\xc7\xe1\xd2#?\xba\xf6\x9b\
3\xdbJ\x8a\xa7\xfbK<\x0a\xb9\x8b'0\x94\xbc\x0d\
=':w\x96;\x87\xf2\x99PF\x12py\xc1\xfe\
\x87\xd6a\xfc\x125T\x80!E\xec\x7fr\x88)\x1e\
B\xc2\x9d:\x7f\xd5\x14\x0c\xb5\xb4\x11\xb8C,\x13\x00\
>#\x89\xca\x1b\x0e6T'aD\x19`\x9f;\xd5\
`\xfd\xe7\x14\x1c\x91.J\x89\x00\xc2\x89o\x95x\x94\
\xae=de\xb91A\xf2\xa7\xe1'\xc8,\xbcq\xf8\
a`\xa1!\x18\xa8\x81o\xd3?\x8d\x80?*\xa5n\
\xab\xfa]\x92\xa7\xc6\x83\x83\xba1pw\xe8\xa1p>\
\xfd|]\xe0hk\xc7k\xfb\xa8\xa6\x04I[\x86\xdb\
\xfb~>\xb0\x02\x13\x98\x99\xbb\x8aB\xaa}\x17\xb7\xa6\
\xa0G\x12U\x88\xd3A^!\x19\xc9\xa5&Zw\xfb\
\xc1\x06\xedv\x1fI\xe0_h\xb11;$\x921#\
\x85\xd8\xc8=\x0d\xf5\xf0\xebb\x85\xb9W^\x06\xf1\xf1\
'o\xd9Un\xb1\xcc(\xb3\xf4\x08\xcd\x8aN\xac8\
\x01=\x821\x9f{|7n=bb(\xbbz\xe9\
X\xf9\xd3'\x07E\x88\xa5q\xf9+g\x86\x09\xc4\xa2\
\x8c\xea\xca\x9c\xc2G\xa9.\x802'}\xacHt}\
4\x96\xea\xb8\x85\x15\xfc\xbb\xcd\x1e\x09O\x17q\xf6\xf6\
\xb4\xa4\xbe1\xff\xd1\xd4\xd0[G\x1d5\x01o\xe7\xa3\
\xc8\xec\x13\xf1B\x02|))3\xc2\xb2\x98\xd2\x8e\xf1\
\xe8\x0d\x93\xef$A2A\xaa\x11\x96\xe6$\xef9\x13\
&\xb3\xe0\x1bF\xe1\x8625\x04\x83\xb9l\x7f6\xa4\
\x8c\x03\x84\x05\xa0}\x94\x89\xe0<\xc6\x09\xdd\xdc \xa0\
.\xe6]\xdc4\xd4\xf2\xbb\xcbu\x8a\xd5\xcd\xce^\xdb\
\xbf%\x93\x84\x1a\xba\xb4~\xe1\xb7\x8c\xaf\xa1\xbe\xbbZ\
\x17\xf1\x95\x0f#\x83vx\xffe \x9f\xa4B\x9a\xeb\
\x7f3wd\xa7\xfb\x8b\xc8Qx\xf2\x1bmx\x14:\
\x829a\x8db\xa5\xbfy\x07\x80\xea \x91\x95\xe1\xbc\
\xcb4\x88\x9d\xb2,\xe4S\xd3\x08\xb8\x9c\xc9j\xa1\xc6\
a(v/cB\xfd\xc4\xfes\x0a<\xe8\xa6i1\
r\x0b\xe2\xee\xd4\x81$\x1a\xe1\x02\xa9\xfd\xbby\x87X\
h\xedfjNwB\xbe\xb3\xeb\xca\xbb\x87\x1c1\xb6\
\x04z\xe3[\x80\x81\xd8\xf8\xa4\xa2/-9\x11\x0e[\
5\x1a\xd1\xd1\x83\xe4}C\xe2\x83\x14G\x8c\xc4\x5c\x22\
\xfe\xd4(#P@_R\xdd\x81\x07\x8d\xb7X\x0c\xe0\
C\xf5\xbe\xb1^\x92\xc8\xa4\xe6oX\xdf\xf8\xf8\x8a\xec\
\x86\xd4\xa3\x95\x0fZv\xf3\xaa[{\xda1\xe4\xc2\xf4\
\xc2\xfb\x966\xe2\x1b\xc0\xdbj\xa6\x8b\xe4\x8f\xf5\x0e\xbf\
\xaa0\x80b\xff\xe7\x8e4\x8bEVy+\xd2\x19\xeb\
\xbe3JW\xdd]\xbb\x8eH\x15\x1b[\x10?\xb0T\
\xaf\xa9\xf9c\xfd\xe2\x08yt\x89`\x82\x92\x91\x83(\
},\xbe\xea\x87k\xbfm\x840\x7f\xd0\x9c\x7f\xbb\xcd\
\x11\xc2,\x06\xddC&V\xb7<{We\xba\xb1\xe5\
\xc9\xdf\xcd\xfbGvKK\xba\x87+\x17\x9a\xf3Gz\
\x11\x04m\xed\x83\x85v\x146\xb7u\xa4!\xc7(K\
\x91P\xbd\x9dE(\xe2h\xcebq\xe3\xa9\xb1+\x0a\
\x87\x96uYfy(\xc1\xf9#/9\x8c\x0f\xf9{\
H8~\x91\xd1Q\xfd\x1eo(\xfaIn9rX\
c5\xd4\xb0\xee\x9f_\x80\x02\xf2\xec\xc8\xc8\x9a\xf1\x96\
L\xb8\x9b\xcc\x9a\x9c\xe4Z\x0a\xa9\xc9\x89\xe6fMN\
\xd5\xdcY\x93\xb3\x04~\x0484\xc3\x0a\x8d)\xf68\
\xe9\xd5\x0c)4V\xa4e0\xd4\xe9\x04\xde\xcf\x01<\
M\xe8>F\x9eS1\xef\xe5NlJ\xea\x8e\xf0d\
\xb2\x01o\xe6]\xc9\x9b\xe9\x18\xb6P\xd7\x1b3WG\
\x17\x07\xb3\x0e\xb1n\x1ek\x8a\xad\x91\x90X@y\x9f\
6*#~\x8e\x0bhZ\xb3\xbc&\xbb\xe6iw\xe5\
\xc3\x84\x96f\xf4/\xe6\xfd\xdd\x1d\xa7H\x1a\xc0\x1bj\
k4\x802\xc2\x0b\xff\x05M\xf7'K_3\xdcd\
\x84;~\x92\x94\xef\x8c\x19\xb2\x15.U\x92\xcd\xf8\xa0\
c\x91o\xd2\xe2|\xfb\x80\x89\x99\xcc\xc5\x04\xac\x02\x87\
\xb04\x84i\xcf@j\x1a\xe1&2E\xabo\xc5\xbf\
Ebg\xbe\xa8\x06b\x0e\x04!\x1f\xa0\x0a\xf8\xc5^\
\xef\xa5?D!j&bl\xb27\x10x\x9b\xff\xb9\
\xe0Zx\x86\x85\x0a\xb45[\xc7q\xb2\x14Q\xd7\xfa\
\xb0\x06\x13C\x142\xe3\x90\x97\xc1K\x88(\x81\x94\x96\
\xc6@\xc2J\xb8L~\xa3\xa4\x0d\x17\x5cI\x8e\xb2\xba\
\xf6\xfd\xe0\xb6&\xa0\xae{R\xa2\xf9(\xe9\x8c\xe5\x5c\
\xc8()\x8c\xd3\xb4\xcc\xb1\xa6Jr\xd9\x9f UR\
n\xaeP\xf6x\xb5\xb9\xc6J /\x17\xa2.W\xf3\
\xcc\x18\x17\xe2\xe8K\xf9]\xef\x8e2A\xb9a\xc1\x18\
\x12\x96Jm\xd2\xbc\xb0\x93q\x97\x1aE\x92\x86\xd8y\
\xd5N\x0a\x17\xc7\x89\x99\xaa'\xe0\x0f\x02\x83R\x97]\
\x05\xb2\x90\x93@\xf1A\x03\xc2\xc9\x88\xe4\xb5W\x09T\
\xe8\xf2M\xc9A\x7fX\x97\xb3\xdf\x00\x0aT9&*\
\x8b?\x9a@G~:\xa8\x92\xb6Q\xb3\xf5^\xe5\xce\
vA\x1b\xed\x83\xe2U\xd1v\xd7x-\xd1\xc3s\x8f\
!\x9b\xfe\xad|0\xdb?\xe8\xf8A\xc5\x9a\xc5X\xfb\
\x07\x99\xb4rNU\xcc=\x81\x0e9\x93\x82r\xf8\xb2\
\xb0\xc0\x7f\x88D{%\x9c{T\xd3-;\x80\x22\xb3\
B\xe1(Sm\xc6e\xef)\x98\x15\x86I\x99\xaa\x83\
\x15axG\x93a\x80\xc7,\x02\x98G\xf7\x91\xfb\x12\
\xe4C\x1f\x18)\xef\xf9\x05l\xb4\xcc\xa7\x96\x5c\xcdL\
Yv\xbd\x0b\x03C\x15#}\xca9\x1a\x8d4\x06\xd4\
\xdfy\xed \x19lW.\xc0gu\xe5\xc2\x8b\xb9w\
\x9e\xf5\xd10^\xf1H\x8bd\x9ar\xd6\x0f\xc4vm\
\xcd\xc42\x15\x9b\xef\x5c\xd4\xe3\x97QN_G\xf9\xed\
\x8b\xe3\xa0\x13\xea\xfc\x9f\xdf\xf9?K\x1b\xa9\xa0\xda\x81\
\x9a\xba-\xb0\xc5\xd8\x89\xfc\xae\x97\x91\x8eD\x8f\x13[\
\x85&}\xe5\xc2\xab\x83/\xbf\x89:bfmeq\
\x10\xfd\x9c\xf6\xbe\x1dD:4ty_\xee\xd0\x0b\xc2\
\x90\xf0\xca\xb1\x81\xf7\xff\xc8e2\xde\x5c@\x96\xd5\xef\
\x83\xabl\xd5\x9f5\xb6\x00\x1e9\x92\xf0K`\xb1i\
U\xe4\xcft\x12+Y\xfe\xd8y\xd8\x13\x125\x89+\
\xc2,~\xe5*\xfd\xb3\xf6~\xc6\xaa\x12\xcf\xbf\xbd\xdd\
A\xa9R\xe4\x80;O\x18\x05\xbe<\xcd\xef\x93I\xe2\
r\x83\x8f;s#2\xd29\x90\x9a\xc1\x01Ly\xc8\
~\x91\xf7\x1a\xb9\xbf\xaf\x5c\xe8\xa0Lt\x1bGmi\
\x864\xb2T\xc4\x9e\x10\x1b\xacV\xe8\xcd\xcbcu\x06\
\x8c\xf3fo4\xe8^O,\xaf]\xbd\xbc\xce\x86r\
\xce\x90\x92\xfe*\xfb\x84\x09\x00\x07\x14 \x93\xc35\x8e\
\xdf\xb5\x97\xdbH\xf7*\xb9\x925\xca\x89\xfd&\x00\xc0\
\x95\x81\x97\xd4\xb5.\x7f#\xa5\xbcX\xaa\x83\xcco\xe4\
\xa1\x81\x84JUt\xd3\x12\x03\x0e\x99\x1e7/\xd5\xf9\
\xfd\xeav\xb8F\x19\xd5\x14GT\xce$\x80$\xf2u\
\xdf9\x06\x03\xf79\xed\xef\x0d\xd0L9\x81\x97%\x18\
E>\xeeB\xe6\xd2F\x8cfx\x1do%\xe9\xeai\
\x97\x22\xe0\xf2\xa5\x91\x9c~\xc5\x82\xb5\xffbl\xc1\xf3\
g\x1d[0\xb1\xf6\x0f\x95\xc7\x00\x1a0\xec\xa7\xe2\xfc\
\xf9\x01\xa1\xad\x12L\xc0mE\xc9\x8e\x1a\x12\x10\xec\xc8\
!\x00\xd6\xea\x03\x05\x15H\xcf\x90H\xa7\x90\xa4,4\
\xb7\x94\x9eb\xea\x12\xa5\xe8\x14\x18\xbc_q7\x89W\
\x05\x1a-\xb9\xba\xe53\x0b\xde\xa8n\xf7+\x17\x11\x0b\
9\xc5\x9ae\x953N?\xfd5\x12\x05\x0a\x82w\xc4\
\xd2\xbf\x81\xba#f\xfd\x22\x9f\xa5_\x07\xa1u\x893\
\x17!u\x02s\xb0\xc2\x15\xc54JT@\xa2\x10\x1d\
\x03aO\xd9\xc9\x1d\xaf\x12\x0b\xd2\xbd\xc2X\x90\xe1\xe7\
\x8f;&\xd3\xbdB&\xe1p\x97e15V\xcew\
\xa7\xabr\x22:\xea\xc7;\x90\x05A\x9d\xd9s\x1d\x12\
\x97\x85\x08+\x99Y\x8d\x1d\x95\xd2\x5c\x88\x8efq\x5c\
\xd5)|\xaan\xf6N\xd5mT\xf6N9U\xcd`\
\x1a\x9c*'-\xb5\xbc\x93\xe8h\xfb@1\xf9Lr\
\xcbgX\xc9\xf7\xb4\x12\x16\xee\x05\xa5_\x07\xd7\xab\xd8\
\x87vY\xf8\x82u?\xad|\x99}\xef\x81\xbd\xe2\xa5\
\xb4.\xb7'\xfa\x17\xfcA\x83\x01\xc5E\x1cHb\xf4\
/\xb7\xc1m\xfd\xb9\x9d\x03\x1c\xe6'o_w\x16c\
p\x94\x070\x8a\xd49?\xdb\xba*\xfb\x97\x8d-`\
\xc0\x01\x0b3b\xc7#\xe5\xdbr\x99\xf7\x00\x1e\xf0\x0b\
5!\xfb\x05@\x9e\xccL\x14\xe1\xd2\x80\x02\xf64\xaf\
\xa0\xf9(\x1dU\x06\xd4\xf2\x07\x80\x8b \xe6\x1b\x22l\
\xa6\xb02\xe8\xe1\xdb^\xba2\xd0\xa1P\xa3f\x9d'\
J\x95! \xd0\x95\x0b\xa7\xa8\x98\x17\xd0\x09\xaeG\xdd\
\x00\x8a\xc4\xdd\xb0\x90\xef\xa0\x91\xd2\xc2\xe0Z\xadW\x05\
\x1bU\x0a\xde\xb2\xd8\xba.\x94\xfb\x8c\x15\xb9\xcc/<\
/DD@\xe11bb\x9e\xb7\x98\xd9\xf8\xdf\xa1a\
\x85~\x96\xddP\xff\xf8\xfau\x94\x8d\xf7Ns\xfeb\
\x17\xd5\x09-2\x8d5z\x83<\xce\x02/t\xe6\xd1\
5\xa3\xd8\x8d\xed\x08H\xe0gT\xdfXW\x01\xb7\xb5\
\xbf\xc3ipD\xed\x0f\xbfJNk{\x918\xd6.\
\xee\xc6\xd7M\x92\xce\xf92\xe9cZ/\xeb\x06\xae\x11\
\x8b\xb09\x90\x8fx\x93v\xca\xf74\xadY_\xbb|\
\xcd\xe3\x9b\x1dy\x86E$j\xf3\xe6\xfdW}%\xca\
\xeb(\xd1^\xd6\xabW\x8a*\xcc\xe2{\xcc\x09M\xbd\
\x98H\xb5\x96Ss\xc2R.&C\x04\x15[\x8d\xd4\
!g\x92 \xaf\x04\xeb'T#Q\xc0\x90-\xa6\xac\
Wh]\x7fhd&'\xaa\xd2\x88N\x9fw\x01\xae\
=.\x13\xd7\x9c\xe5sD\xa3L\xd2\x22\xb1\xb9\x99\x9a\
#\xf4\x1a\xc1fS\x88\xde\x86Z\x9bP\xfd\x9c:m\
\x01\xa0p\xe6\x8c.v9d\xb6\xfd\xaa\xea\xa3\xa7\xc6\
\x192\xc1\xf9\xd3y~\xf0\xd8V\xfb\x13\xff\xe9\xde\xf7\
\xe51\xac\x91U)%5kl\x13\xdb]\xe2\x13\xbf\
=\xbc\xb33\xd5T\xb3|\xe3\xc6\xec\x86Mv\xc6Q\
\xc3\xc3\x07j\x8c\xea\x9c\x89\xc1\xfd\xed(^\xe7\xac\xd1\
9\x91\x9a\xbb\xa0\xca^\xb7\x08\xa8rA\xe3\xbf\xd6\xcd\
f\x8bp\xe8B\xfe\xb0\x9d\xd0\x05O\xbb\xa1\x17&\xc8\
\xcf\xeeV\x01\xe3O\x8d\xab\xdf\xc9\xf34\xc4B\x0d\xee\
\xd9\xe9\xc8\xd3(\x04Q\xe7\xd2zv\xcf$\x88\x8a\x13\
\x01=G\x89c\xcd\xeb\x19lN\xcc\x9d\xd6o{j\
\xdd\xa2\x1e\xf6\xdbzO\x0b\xc3\xce\xd1\xa8\xed\xb8\xd1h\
\xe8\xb4\xa5\x9fLB# \x87\xabg\x01\xa4\xe2g\xe6\
\x18\xf1\xb1\x14u&t\xb0\xb8\xcf\x09\xbd\x22\xd3r\xdc\
\xd1\xb2B\xabHh\x22\xaa*\xa8l~\xe0\xff\x1d\xdc\
\x1bl>|\xf4\xcd\xe1\x17-\x95\xb7\xc0(8\x12w\
W\x1b)\xd8\xf4\x07\xfe\x5c\x0f\x9e\x1cp<\xd7\x85\x9b\
\xfe\xd0\xbd\x02\xea:\x1b\xf8\xe4\x00\xb4+\xa9\xaa[\x97\
\xb8nn*\xe9\xbcK\x88\x92\x8e\x8e\x08\xab\x04\xc7\xa1\
\xc0\x8as\x1c\xdb\x18\xa0.Q\xc6@\x19:R\x942\
\x14\xb9<\x9d\xc4x\xb1\xc8\xb1\x82\x97\x99\xecP\xf8r\
P\xf6X\x11\xcc\x05\xc6s\x13w\xbf2\x85@\x1bl\
Yw\xb0\x91-\xa2\xc4\x0f\x88\x1bs\xb8\xf7\x9c-\xf3\
\xe7<46\xf8Z\xb7+4f\xadr\x22j}\xe7\
4\x91*\xf2\xb8T5PE\xdas>A\xe1B\x8c\
\x98#\x9a\x08\xa0\x0fgv&\xd9~}\xdb\xcf@\x94\
\xe0\xd7K\x1e|]h\x1d\x8f\xaf[\x91}\x8a9\xa6\
H\xa9R\xb1l\x0b\xf0\xe4\x83\xf6\xa5\xaf\x1bjG\xdf\
\xb3B'#\xbe\x05\xcb\xa1\x14=[\xf85\xb4\xd3R\
\x93\x15\x91O\xc2*\x08\x91\x89\x98+y7\xb8_\x93\
\xf3\x16y\x0e\x8c\xa8*\x11_\x1e}\xa2\xa6\x83\xd7\x98\
\xdc\xbd\xa3N\xce\xe9\xe7uO\xe5+\xe1S\xa9\xab\x90\
\xf9\x09\xff\xbc\xea\x06\xbdb\x0b\x1e\x90\xf8;s\xad\xe6\
\xb8\xa7s\xf8U\x95\xbe \x9d\x22|\xa1r\xdb[\xd5\
g\x0e[\x9f\x88I\xc1\x13\xa8\xa9\x19#\xdcV\xeeI\
\x91\x9f\x8f\xd35~\x02\xffU\x02\xeed\xbb^+9\
\x8d#\xeb\xb5\x1a8\xe1\xb8\x1b\x1b\x5c\x0c\xdcZX\x0d\
m\xc2\xa2\x85\xd4\xd0N\xa0'\xbe\xd0_4-l\xe3\
\xf3:\xe4c\xbe\xce\x0e\xe4^\xb00\xec\x85\xb0\x16\x02\
\x8f\x169\x9c\xdc\x8f\x16\x9a\x1b\x1e+\xd5\xdc\xed\x90*\
0\xa6\x13wO\xa1\x00\xd0\x14\xd6H\x02R,\x0d\x1d\
\x8d\x82Tn\xd44\x94\xcam*\xfa\x80=\x8a\xca\xb3\
\xc2\x19\x98\x1e\x87\xc4\x83L\x92@\x0b\x06F\xfc.\x05\
>\x92LR^\x99V\xf2\xfe\x01\x9e(\x93\x12\xe0\xf9\
\xf4\x10\x0dn\x16L{Pa\x94\x8bA\x8d\xc1*\x22\
\x06\x831.\x07\x0b\x01\xaac\x00\xb3\x0c\x94\x12\xe6\xae\
\x9a#AX\xe6\x07\xa6\xe6\xee\x0f\x8c\xe6(d\x1bl\
N\xf5j-\x8f#\x9aG\xd5bQ\x9d\xc7^\x8b\xa5\
T\x03\x95\x96\xc5\x16\xd4\xcbl\xecza\x04\xd7\xb2\x8c\
\xecR\x0eY\x823a\xfb\x9b\xa9\x19\xf5\x8d\xb5V\x0e\
v\x1c\xa2\xd8/\x19O\x1d\x1d?C\xfej\xd0\x1d\x06\
\x7f5Q\x1dZ\xa7M771r\xbc\x8b\x1b#W\
\xf0\xcc\xeb\xaczr|\xf0\xe2\xeb\x8e\xba\xc9\xe9g\xfe\
:sm\xa4\x10/RlV\xec\x8e \xccpd|\
M\x09\x03\x1f\xae\x8f\xf9\x86\xd5\xb4\xc1\x81\x16q\x0aA\
x/\xdf\x9eYwh\x84\xa1\xb0\x15\xf2\xad\xdd\x12p\
\xb8~\x9d=\xab\xbf\xdd\xfc\x01\x9b\xd5@\xabP\x07\xec\
F\xef\x1bS\x1f\xe8tL=\x81\x1c=\x09\x0d{0\
6\xd7\xe7\xeb\xa1\xfc\xbb\xd4\xfc\x07\xe7Zait\xa8\
N\xd6\xfc\xf7\xaa\x9f\xd3\x0e2\xc3\xd2\xd4\x11e\x1f\xda\
v\x89\xdb\xd8\xdb@!n^\x08\xb3\x18:\x8bIH\
\x14O\xa7\x9c\x05iy\x00\x92\xcajhs\xd9~\x93\
\x02<\xfd\x8e\x80\xa3)\xfb\xc7\x14J1<\xad(\xa1\
\xba:\xd3\x87&\xc1E\x89\x1a\xab\x0b\xb2\xa9I\xdae\
\x99\xfa<\xca|\xf1\xf8\x11\xb9+\xa9\x82\xaa\x98\xc0?\
5\x1f\xe6n\xcc\x7fj>B\xb5\xbe\x5c\xf0\x06\x08\x14\
?\xeb\xdf\xcc\xf9\xbcp\x18?e\xa7e\x17\xc6\xe1\xc1\
6\x0c=\xe9\x9av\x18z\xb7\xc3\xc9h\x07$c\xb3\
\xe4\xbf\xc1\x0b\xb3V\xeeU\x196\xf4\xa9\xfb\xc8\xc5\xe8\
\xc5%g\xa5\x9a\xd6<\xbe\xf6\xf1\x8d2:hOF\
\x18\x86\xe6d`\x14\xbaJ\x97\x1b\x99gqw\xceY\
!n`#\xd7,\xa1\xb2\xcc\xdc\xf9eV\xe9\xcdD\
T\xc5\xcd\x04\xd4\x0e\x9b\xa6\x8aT\x08\x17MU\x82\xab\
\xa1\xfeN\xb5\xb5J\xeb\x19D\xc7`\xb4Ou\x0b\x8b\
\xf6\xc9\xc1,2y=X\x04\xa5\xbc\x8c\xf2k\xf4\xb3\
\x0f\xbf\x80\xfaG\xa8~\xb8\xf7\x8c\xa9\xdc\xabTO\x8e\
\xe96\xe1\x17J\x1f\xd4\xf8~r\x05\xba\xe7=\xd5T\
\x81y\xda\xb2#e\xf9.\xa7\xd6\xeb\xc8Z\x8e\xceW\
.s\x0fj\x0c5}\xd4\xa1B\xea\xc2i\xd4\x84\xb1\
f\xc5\x1c)\xe1^\x09\x0bnA\xc4\xaa#\x89\xa5\x8d\
T \x10\xb7\xa6\xc1\x10xo\x18\xfc\xc2cR\x85\xeb\
\xb0\xff\x9cW9PUjrR\x05z\xf36\xc3g\
|\x88\x90\xf0\xd9\xb3\xbf\xac\xf2\xdf\xc7\xf8P\xe7\xe1\x5c\
\x87\xbd*\xbb~S\xd7e\xd1L\x16\x0d\x9d\xfcA\xfe\
\x85.\x17\xc1d\xc1\xae\xfc\x8a\xa7\x98\xd4\x93'\xf2{\
-J\xeb\xa2\xb6\x95\xd5\x0fU\xfd$\x93\xcb\x14\xb1\x83\
r\xeaDn\xef\xee\x5c\xe7\xee+\x03\xc2\x8c\xb4H\xdf\
\xa6\xb6\xbd\x12d\xf2\x9c\xf7\xab\xdaq\x0bg,h\xcc\
\xfc\x5c\xa2\xfe\x8b\xb2\xbe\xd3l\xda\xd0\xe9W4{\xe7\
\x95\xcbG@\xc5\x048\xe2\xb9+\x03\xdd\x1a\xe1/\x94\
R\xcb\x9dV\xd6\xf6\x0aDU\xb7\xb7\xae:PS\xfd\
@}_\xd5C]\x13V&\xeb\xe6w\xb0\x0a.B\
4\xc9\xc8=\xd7>\xd4\xfb2\xfc~{[\x07\xf7\xf4\
\xe5:v\x0f7w\xe6\x0f\xee\xc9\x1f\xe9\x1az\xcb:\
\xb0\x93\xda^A\xb9\x1f\xc8\x8f\x98x\x85\x90N5\x7f\
\xd4<\xc7>\xf95\x8a'\xcb\xb0\xcaF\xca\xc8\xfc\xf7\
P*v\xccb\x86z*\xd0\xe3\xe9\xd8m\xaa%j\
\x8al\x90\xc1\xff\x8d\x92\xf1un\x8c\xea\x8d\xd4\x8bv\
\xab\x99\x93u\xaeb\xdfR\xa6\x9cx\x03<'\x81\xc4\
\xb9xA\x8c\x19\xe2iY\x91}\xfa6\xfc\xeb\xc6\xe5\
\x1b\xea\xb2\x1bSUs\xbf\x9dj\xaa_\xb1\xdav\xf9\
\xcbK-i\xd0\xdbL\xd0W\xd6\x9e\x10\x86\x1b\xeb\xf0\
&\xa2\x8e\xadl\x0etK\xb09\xc1T\xacWUr\
\xf0\xff\xb4\xbe\xaf\xa6\x04\xb3\x92\xb5\x93\xae\x81D\x15I\
\x9a\xcb\xbeW\xfd\x9e\x0e\xaa\x19s\x9e\xa3\xb9\xf9\x11\x91\
\x12:\x9e\xba\xdfT\x81%U\x11\x89\xb26s\x97\xce\
\x82\xf3\x90E\xda\x22~&J5[\xf3\x96\x05\x99\xdd\
\xcd\xd3\x0b\xef\xb3\x9b\x03\x9a\xef\x5cx\xc4\xa3\xd6~=\
\xb8\xf0\x14H\xca\xbfm\x17h\xe4l\xff\x99\xf7\xaa>\
@~\x06\x94\x10J\x9a\x0b\x10\xe8\xdce\xf3\xfb_\x19\
\xe8@^\x17%\xb1H5\xc4\xcb\x9b\x0b\xe5\xd6I\xf3\
A\x11\xd7w\xd7!\xc74\x02I\xb3_\xb6'@\xd1\
}\xa3\xf48\xcd#4k6\xc5\x87'\xef\x06={\
V\xcd\xb0\xb4=\x9c\xef\xc6\xd0\xcf]T]1\xfa$\
W]g!\xb4\xe0\xb4\xfa$zZ#\x09\x84c\xab\
>X\xf9a\xb6/\xf2\x93\xf0i\xc9\xd4B\x84Z\xf1\
m\x0e\xbd\x85\xff'\xfa\x93\x14Z\x99\xdd\x89\xa8\x9c\xee\
\x84~\xb4\x0c%\xb8\x98?YnUX\x8e\xb3\xea\x86\
\xb6\x1fY\xe3\x1c\xdb9tf\x87\xb3\xf9\xe3\xdbv\xfd\
\xad\xd5\xfc\xc4\xb6\xa1\x93\xad\xce\xe6Fz\xbej\xee\xce\
\xc4\x97\xcd\x0d\xef\xbfn\xee\x8c\x01\xc8\xe6f\xe2\xadj\
\xeeL\xbc\x95kD\xd4\x9d\xfb?\x0c\xae\x91\xc7\xd79\
|\xe0-\xeb\x196bz\xf1\x90\x92\x14h$\xce\xcd\
\xb7\xc4\xe3^\xc5\x1ew\xd98\xf5\xad\xf9U\x96\xde\x8f\
\x0e\x0cM1\x9e\x9a:\xe0\x13_BK\x0a\x9e\xa6\xc7\
\xe1\xb2\xa4\x22s\x99\xa4G\x9e\x5c\xee\xb3IK\xdf\x0f\
\xa3)RRu@\x15\x91m\xaac\xa7\x8b\xd1\xe1\x0d\
0(\x95\x0f\x05(\xa3\xb5ch\x9b\xe30mQY\
F\xc6a\xc2x:\xaf\xc8r\xfc\xa1\x0f\xf9\xa4\x90\xd6\
\xb3p>\xc3\x95\x95S_\xcf\xedD9>\xb9#]\
.\x1ex\xc8A\xdc\xd4\xe4\xaa!\x09\x14=u{]\
\xe4\xa4\x03\x1c4j\xd2\xa1\xbc3\x12\x5c\x01\xfcc[\
oe\xf1H\x02{\xa8:\x09\xaaI\x5c\xce\x92\xae*\
\x09\x03\x94\xa7\xf5\x93D\xc2B\x0a\xb3+\xd7\xfa\x1c\xee\
*\xb9\xc9pE\x11\x0b%e6\x12\xab\x13\xc8\xd0a\
\xb1:\xd6Y\xee\x14\xee\xddQ\xc2\x1d\xde\x1dx\x0d\x8d\
\xe2\x18\x09r\x18\xbak_\x14\x18\xd9\xb3\xf1\x10\xae\xc7\
\xb6\xfc3?\x0a\xa8\x02gN\x0c\x0e\xecp\xab\x02E\
hn\xa9\xa3\xb2C\xa8:Z\xd0\xf6\xbb\xdd1>\x8f\
SC/7\xdb\xea\xa4h\x84\x95\x00\xcb'\x22\x9a\x92\
18\x89\xe2\xb9L\x9d\x94]\xd5\x1e\x94l\x9f\x14\xd2\
\xd4\xfc\xc1{\xa8T\xae\xbd\x9b>\x5c\x99D\xc9E\x83\
\x86\xb4x\xe8\xcc[B\x03\xa5\xaa\x8an\xea\xd1Im\
\x1fe\xfe\x06\xbe@\x14Z\xc3q\xe4\xa0l\xa6\x87\x9e\
9\x7fe@y\xcd\xa9\xda\x9a\xbau,h\xb6\x95\xd9\
\x830\x04\xb8\x15)CP+F#\x89\x05\x1d\xd6\xeb\
x\xa7\x8a6HzE/O\x90kAx\x86vt\
D=\x90\xd3\xc2\xc7s\x1a\xd7w\x8fq\xcc\xd1m\xf0\
\x89\x18\x19\x07\xd3*~^Jc(lWD!t\
\x19\xb3\xb1\x180\x8aU\xf7\x08\x12\x8c\x0at\x04\xb7\xb3\
T|\xd6\x09\xc5g-\xf4w\xfcj\xf1\xdf\xcb}\x07\
$\xd3\xd5o%\xb1\xc4\xf8\x9cjZ\xb7|m\xf6i\
\xfa\xadM\xcb\xa5\xf3\xf1i\xfb\xee\x93\xa3`\xb3d*\
\x02\x8aT\xb9'\x8d\xb6\x88\xd0\x9aB\xf5\xa5\xc9\xbe\x1c\
\xdat\x0b:\xa0<[U1f\x06dz\xdbN\xcc\
\x91\xb4\xe5\xa8\x82\x19I=J`\xa67s\xa9\xa1s\
\x9c\xa8{\xc3\xc3`|\x8eR\xde\x9f<\x0b!\xb5D\
\xb4\x88][%\x05}\x09\x08\xb8\x1b[@\x9f\xc1\xbd\
\x86\x5c\x1c\xca\xa8\x107}k7\x11r\xc3##\x19\
6\x5c4{z\x00\xd7v\x89\x0aq\xa5y\xc7\x91r\
m+i&A\x10ldf.\xfbo>\x19\xb5_\
3\xda\x16\x0e\xc0\x1d3\xad8\xa1 \xb1o\x88\xed\x95\
\xbb\xfcl\x80\x98\xda\xaa\x19\xdd\xf6\x91\x18X\x18\xbf\x14\
\x9c8\xb8)3se\xf2\xa9u\x9a>\x85\xea\xf5a\
\xbf\x8c$jJ\x16\xce\xd0j\x5cf&/\x02\xc3k\
Fc\xa2 \xc5\x86q\xec\xc52\xc4\x1b\x02R\xec\x83\
{\x06{Os\x02\x16\xbf\xe0\x9f\xdce\xb0\x02Z\xbb\
\x09(\xe8\xe9\x86\x80\x0bZ\xf5c\x1c_e\x0a~\x89\
\xae{F\x84!\xfa\x97\xe8\xfdn\xdexb\x96\xbc\xd6\
\x99\xa6\x0b\xe1\xb3\xe4\x9b\xdf~\xdc\xc5x\xbaz\x87y\
\xebU'yN%{\xdc\xe5\xa8\xbc.\x87\xf3\xe6\xc3\
CoeY\xda\xb6p\xe8\xf0\xfa\x92\xd7\x8e~\xf6y\
\xe6\x8cq\x0a\xfc\xc2\xe7q\x01\xc7\xba\x97\xf1\x89\xf8+\
`\xd8 \xd3\x1d\xc3\x9a?\xd8m\x9e\xdc\x1e.{\xa4\
\x1c\xb5\xa7\xf1\xf3`\xed\x1a\xcc\x89s\xc68\x1a*\xad\
\xcb\x1a\xd4\xaa\xc8\xa7\xb4\x80Ch\x16\xf5D\xa8\xc0\xa4\
\x9e\x0e\x5c\x004\xa5y\xff\x9c\xbd;p\xc3|\x8dO\
\xc3+\x1e\xc9\xe7C\xde\x02oVW.\x9f\xce\xef\xeb\
\x0f\xbdv\xa6\x8d6\x07\xd8\x97l\xfc\xbb?\xe9\xf8d\
i:F\xbec\xb4\x91\x91\x87\xaa\xe1\xb4l\x06\xf7\x7f\
\xd2\x19\xa8\xda\xe5\x0cB\xeb*\xc5\xeb\x9e\x8d=\x13l\
\x11d\x0b\x03\xc9\xa7]\x22lvKF\x9d]\xc4\xbc\
h\xef\xa8\x5cc*a\xce\x1c(Ng\xc5G\xfcb\
\x85\xd3\x0b\x8f/]\xae\xc6\xe5\x94\x86'\xde\xba*\xc9\
#\xa6\xcaw\xeb\x0b3\x84X\xaa\xed\xa35s\xcc\x02\
\x15\x10yv\x9b\x9b3\xea^JAN_\x87\xf9H\
\x8e\x8a*M\xc2\x9d\xbd\x06\xc7\x0a]\xfb\x99\xa2\x05_\
o\xbb\xe0\xff\x1d\xc8%\xb6\x9a\xdf\xf42\x95\xc5\x8f\xa7\
i\xa6\x1e\xad\xd2\x04\xdd\xc2(T\xa8\x16}\xb9\x8b\x17\
\x22\xb7}\xeb\xd0\xe9\x0b\xd4J\xe2\x95\x5c)dm\x1f\
i\xc5\x8c\x0a\x83\x91\xf6\x1e`C\xc3c\xce\xf54\xaf\
0\x98\xa7\xbf\x87s\x9f\xb5}\xa4\x9f\x08nw\x9c\xe7\
\x0f\x80C\xc5q>+7\x07\xfa\x850\xa7Qo\xab\
\x08.\xeb\x1dQ\xfev\x12\xf5\x1ee\x0fUx\xb2>\
\xf1\xee\x99\xeb\x0f \x15\x94\xc5>\xc9[urA\x07\
\x0e\x18\xdd\xbd\xfcX\x8d$\xaa\x8eJ\xf5%x\x17\xaf\
\x0cLD}|`\xe3\x0d\x828\x5c?;:\xe8\x9c\
y\xf7\xb2}\xb0\xf0.\xed9\xaa\xf4\x9b\x88\xfb\xba\x10\
\xf6\x94Y\xad\x8cl&w\xb52\xc9\xf0g\xf8T\xc8\
\xc0\xb2}*\x13\xd1R\x07\x99\x82\xd6\xc6@ 6\xe9\
\xb66\xa6\xd85\xacj%2\xa9\xba\x1d\x10(\x83\xb9\
\xf8\xce\xa8\x0aV\xed\x0a\xb7\x84\x148\x89\x96rS\x1b\
\x97a<\xbb\x1c\xa11\xf9\xe94ND\xf9A\xf7o\
\x99\x0c\xd9\xb57,\xeaq\xe5\xb93\xe7W\xb9\x92\xdf\
\xbe3w\xba\x87\xe7\xb9;=bB&\xf0#fe\
M\x92@\x08\x12w\xc7\xfbP\x22\xb8\xf6d\xe6Z&\
\x99\xdd\xb9hacKv\xe3\xbc*\xaaJo\xda\xfd\
#\xe5\x08\xf9,\xbd~\xf1}\xdd\x9d\x8b.-=\x81\
X6\xfa\xfa\x99\xb2T\x22X\x188W\x06\xce\x01\xd1\
\xd4\xbd3w\xea\x80L\x06z\xeb\xca\xa5\xef{\xc5\xe3\
\x9dN\x02\xb1}Uh\xea\xc2\xb3\xb9\xb3\xcd\xc3=\x9d\
\xb9\xd3\x97r\x17O\xa8$Z)\xd9\xba\x85p\x9bZ\
\xde\x0fy)\x86z?\x0a;\xfe\xa1\xbb\xb3.\x96\xed\
c{\xfc\xfcQ1\x5c\xfep\xb3x\xc7\x9d\xcd\x0d \
\x99j\xee\x86\x93\xa5Q\x8aW\x5c\x05[\x16<\xb2y\
\xf3\xaa{G\xcae\x82\xf1\x1f+\x8f\xc9w\xf6\xc6M\
\xbf\x07\xb2'\x93\xab\x9a]\x19\x0f\xf8\xb0\x1e\xa0R\xbd\
8\xf8[/\xe7\xb6\x83\x0a8\x7f\xec\x1d\x98+*\x8b\
\xf8\x12\x9eM\xf5\xb4\xa20\x13!\x81\xc4\x8f\xcc\xb5_\
\xcc\xb5\xee\x08\xf7gu\xae\xea\xfcx\xe3\xf5\xec\x94^\
\x12\xd2\xfa\x07\xbb,\x88\xeb$\xf8\x03\x1c\x84L&\xfd\
R1y\x06<\xd6%\x07\xd9RJ\x09Z.v4\
\x98l\xea\xcd\xa2\x8b\xec~)S\xc2\x96\xaf\xa8I\xd5\
\xb3\x8a\x8b\x8e\xdb\xe6\x9b:3\xad:Y\x0b0\xe3\xfd\
j\x8e\x1bb)\x09!-G\xc6\xa1\xfd7\xdc\xb3N\
n\x8aG\x8c\xec5\xa1\xad\xb4\xefJ\xdd/~\xd2\x86\
\x94\xc6\x93\x1eR\xc9\x94\xfco\x8a\xe9oT*\x8b\x12\
\xe9[\xd9\xb2\xe2T\x08\xa4\xea3j\xf4\xfe\xcb\xf9\xe7\
N\x85\xe0\xa7\x8a!\xa3\xa6D\xbf\xdff\xa5.\xe5>\
m\xed6\x9el\xe7u3\x15r\xc0v\x85`\x1a,\
R<\x7f\x9a\xaf\x0az\x02\x98)YH\x85$K\xc2\
+\x0a\xb5\x91\x85I\xef \xe7\xb0R\x16\x90\xa4\xa9\xb4\
\x0c==(\xce\xe8\x98\x06\xbe\x97\x0f\xacN\xf1\x7fx\
\xf8\x049\x9d\x03\x90\xab\x84\xe7tv\xc0\xac\x8a\xa9\x8b\
\x06q\x1a\xce\x9dr\xaf\xa3\x81\xd4t\xbar\x8aH\x8e\
Q\xaai\x82\xd7?\xa4B\x93\xc4\x8b\xff\xcb\xe29\xa8\
\x99\xaa\x8e\x9c\x0f\x12*Q\xbd\xcf\x9f\xcd\x9d\xddF\x15\
T\xc5\xb1{\xd8y~\xbbN7\x9dM\x8f\xebio\
\xfb\xcb\xa7\xc6\xd5\x94 P\x8f\xf24\xec\xc8U\x90\xb0\
\xe1m\xa7\x07O\x9f\xfdM\xf3V0\x9e\x9d\xd9\x8a\xc2\
\xa1\xad\xdd\x14\xa9\xa7\xca4.\xba&\xc4\xbb\x0clb\
\x82\xe2\x5cnT\xe2M\x8acbn\xac!\xb66\xf6\
\x84\xb8\x066\xc5\xea\xbd\xaeI\xc5(1\xb7a\xed\x13\
\xf5\x9b\xea\xedkKt\xe6\xecg\xd4\xdcUc\x15-\
\x91\xb1\xcffE\xae\x7f\x99\x91o)\x922(\xe5\x85\
\x11\x98\x22\xa9\x82RF\x80\xc0\x82\x91\xfa\xd5\xe8F\x0a\
}G\x19\xf3cO\x0d\x14\xa3CE-\xd3K\xe6\xf0\
l\x17\xaaH\xd9\x96\xe0o \x0aCgs\xb3\xdeT\
T2v\x01\x80\xed\xcc\xe3/\x91\xea\xf6\xb6\x15\x8d2\
E\x99\xd8\xc1\x06\xb6meS\xf1\x8c\x0a\xddw\xb8\xd7\
&XC\x1fc\xa3'\x14\xdd\x85s\x97\x17\xa3\xb9\x9f\
\xd3at,W\x1d\xcd4\x0d\xb7\x9c\x84\xa4\xec\x08J\
(V\x12\x22:\xca\xf9\x06\x02\xaa\xb2\x93;\xa0:\xa9\
\xf3\xef\x17d\xa9\xbe2\xece\xd8\x0b5%\x8f\x95Y\
V\xc3\xe5C(*\xed\xd5W\x96\xb60\x19\x0b8S\
\xc7{\xc2mN\xa0:\x83\xeb\x07Lg\xd8\xf4Es\
\x04&\xad\xe62\xdah\x7f\xf6_2\xcch\x9c\xdc\xcf\
\xf6Z\x8aF\xb0\xaa\x02\xa1=\xd9\x98L*wh/\
)=\xe0\xe3\xf7\xdf\x91I\xd6|\xbb\xf22?G\xd2\
\xcd-q\xdd\xb8-A\xaa\xed\xd8\xc1A\xffy\x22\xca\
=>Y7\xaf\xfam\xf3\x1fe\xfa\xb1\xf8\x16K\xae\
Z\xee\xe4\x99\x5cH\xae\x13d\xdf:\xa9\x18\x9f\x038\
\x81\x08Os\x89\x1e%\x0cu\xce\xa5\x8f\x09u\x9e\xd2\
\x12\xe96\x1bI\xc0\xcc\x93u\xc1o\xa8\xad\x09\xf8/\
\x98l\xef\xae\x83\xe5F\xec{T!\x5c:8\xdd\x93\
\x9f\x88\xa1\xf0\x02t\xdfR\xf9Yc\xda\xa5$Z\xdd\
\xfb\x07\x8f\x8a\xcd\xe5\x9em\x81\x81\xd4\x88\xbb\x01\x1a3\
\x14\x8d\xberh\xd4\x94\xe0\x91\xf7s\x1d\xab\x93\xc8\xa7\
\x87S\xcd\x134C\xd1\xea\xc3e!\xab\xf3\xe0\x81\x97\
\x09\x8f\xd0\xfe)w_:\xd1\xec\xfbB\x02S\xc0\xd1\
\x87\xb52\xaa\xb2\x95\xfb\x08\x14I\xd5\xa7Tcg\x85\
\xb6\x22\xe9\xe7\xddn\xe4pNP\xfd\xdf\xdd\xeeN\xe6\
\x9c\xadiZ\xa9\x1fA\xcb\x10\xf2\xd7dw\x92R-\
\x9a:\xe9>N\xdf\xea\x8d$)\xefd\xac\x9f\x13\xdf\
\x81jmTf%\xe9^j\xba\x1d\x9b\x7f\x14\x8a\xb4\
\xc9j\xe8\xd7_\xa7\x9d?\x0aKZ\xa1\x15\xc7KD\
E\xf0\xe4\x87!`\xbb\x05\xd2R\x1f\xc6\x87\xb5G`\
\xb6\x0a\x0c\x8a\x8a\xb8\x9b\x96\xa2\x0c\x8d\x82\x00\xcae\xb3\
\xdb\xafg\x0c2\x9f\xa5\xae\x1a7\x99{\xe7\x22\x14H\
\x9bR\xa6T\xcaj\xa2\x1c(a \xd4\xc9\xd4z#\
\xf3\x9a$5\xd5.\xdf\x98\xad[\xef\xc8\xbc\xae\xd0N\
,\xff)\x80g\x87\x08Yp\x91\x02\x22Yu\xd4X\
\xcc\xafq\xffV\xe0M \xbf\x8d\xc7\xc6BW\xae\xc2\
N\xee9\x1a\xb2\x0f\xe4\x1c\xee\xd9\xb5\x15<\x15\xd5\xed\
\x88\xa5b\xab\x92[\xeb\xe0a\xb60i=\xf2\x00\xa2\
u\x92y\x22\xf7\x5c\xbb*\x9cKhi\xed\xde\x1a~\
\xf1\xb0c\xc5n\xc2P\x9aI^\x1bR\xfe6S\xd6\
\x07g\x8dg\xb6\x91u\xc1B\x188\xdb\xc5\xe7\xfcs\
\xa1\x99\xcf\x8f\xa5\x8c\xa4/\xf5\x19\x89\x9d=\xf5\xe7\x0f\
\xceO\xb9\xf3\xbf\x12Z\x8e\x99(\xc3{\xbbU\xd2\x89\
\xdc\x0bX\x19\xff\x8b&\xff\x92\xb4\x1d\x7f\xb0\xaa\xcf\x0e\
XJ\x81\x16Q\xf5\xa8\xc6a\xd2\xba\x9bJ\x81!\xae\
c?\x07hz+\x1er\xb8\xf4\x00\x92\x5cc\xb6\x01\
\xf4,7\xc4\x12?\x860\xff\x9d\xb8Oynt4\
K2o\xb7H\xcb\x8b/\xd9t\x15$d\xc1*\xc5\
\xc5-v\x22\xd9Y\xceu\x94\x1f\xb2\xa6D\xd9\xf9\xf8\
\x90fM\x86\xcf)\xb9\xad\xdd\xca\xc0\x7fp\xfe\xec\x10\
\x9c\x18\x0f\x89\x06?eT\xd5\xde\x22t\xc4\xeey\xec\
n\xffRW\xdd\x88\x82\xeax\xbf\xf3\xec\x82\xfd,=\
\x0e\x04T5%\xf0\xee\x88\x1f\xb0P\xe1\x8e\xd7\xc7\x9e\
\x14V\x8a\xe9\x84\x9b\xa9c\xe7`I\x13\xf6\x12qU\
\xe1\x97I?Pj\xe1\xe3\xebV\xac\x7f\xb2>\xc4-\
7\x05#\x82|A\xed\x91\xdf\xed\x8e\x05\xfdj\xbe\xdb\
Ri\x12\x92\x90\xc1\xdf$\x12d\x13\xe66\xb3.r\
\x8cg\x9ahJ\xaa\xf3;\x16Z\x1aT\x22JA\xfa\
\xaan^\x9d\x1cId\xfe\xc7\x92\xfc\xbc\x93\x8d\x1f\xd6\
\xbe\x04\xc6<|\x89\xf48\xad\xee\x10O\x8c\xac\xd5\xd0\
N<1\x0b\x9e\xe4A$\x83\xc8\xbck\x8fD\xd2\xee\
\xc9\x9d?q\xe5\xdd\x93\x83\x87\xdeB\xe8C\xb2\xe3\xd1\
\x87D\x1e#S\x8e<\xba\x18\x95P\xfa\x5c\xbbG\x17\
\x93\xdb~\xde\x85\xee\xec\x1a\xaa\x8c\xd7L\xac<\xca~\
\xe4\xb3\xc2B\xd8\x01\xee\x93\xdd\x96\x0f\xafp\xef#\x8b\
>\x0e\xac\xc9v\xf0\x1b\x85\xdc\xc5\xc0\x00\x02\xae6\x22\
)\xee\xf1\x0eP\x16\x8b>v\xec.\x96\xd8>\x82\xa9\
\xc1\xa9\xa1(\xde\xe5\xcd\xaf3W\xf8!\xb4\xb6<\x86\
\x09&\xab\x92\xb8\xd0d\xd5B\xf41\xcb,S\x0fw\
\x99\xe5\x22GM\xbd\x09\xa3T\xd3+D\x1f\xd3xU\
U\xf2\xdc\xc6+\x9a\x9b\x14w\xeaG;)\xeeds\
@\x01\x83\xcd\x09\xe8g\xddz\xb29\x1e\xe5pR\xe6\
\xcfj\x01\xf4\xfe\x86\x121\xdf\x04Y\xb0\xb9:\xe6\xae\
\xeb\xaa\xfan\xc3\x0c\xc3\xf6\x9a\xac\xa4H\x0bl\xe8\xed\
\x16TC\xeb8\x86\xc3\xe9\xb4\xc6\xa6\xec\xfdI\xf6\xab\
\xfa\xe9\xc9\xcc^-)\xba\xa0P6\xb6\x08\x83\xe0\xf7\
\x18\x82\xdd\x04;w\xe7\xf7\xbdkD\xa1.\x5c\xcc\x9f\
:\xae\xb1+\xb2\x5c\x8axka\x15\xf4\xd1\xd8\x96n\
\x85[\x86\xe9V\xf2\xf6\xb0n_Na\xe5\xe3h}\
\xa6){\x7f\x88\x0ep\x91-\x9b\xc0\xf7\x07\x9a\x93g\
,\xf7\x8e\xcd\x0b\xa1\xef;\xfe\x05\xfd\xbb\xcc9'\xbb\
\x0c\xb1bK\x89\xa8\xddQ2\x0a\xf3\xcag\xc7J\xb8\
\x029\x81\x0b@\xf6\x0cy\xaf\x81U7\xf9\xb5\xd9{\
M\x04\x90.vm{\xb7\x099\x8b?\xdff\xd4\xef\
\xe5\xbbMJ\xea;\x02\xbf\xa8U\xc3wTa\x06\xf8\
4T\x98\x1b\x94:\x0d\xc2\x14A\xb52\xfb2I]\
>\xa1\xb1\x05\x88\x06\xc3\xe0\x9cE\xe2\x15Q5\xcc>\
\xec\x0dVA\x01[Wb\x18\xdcv\xa87\xdeX\xc9\
\xab\xf9x\x9f\x80\xbcZ\x1c\x11\x0e5GmDG`\
\x0d\x8dl\xec35\x8e\xc2>\x17\x18\xc9}\xf1\x90\xdc\
=4\xd2\xdf\xc8\x90\x1e\xf82\xce\x8e\xd6\x87\xd5\x1d#\
>f\xd9\xfeq\x8bz`J\xcb:\xd9\x85\xe2bL\
ef#L\xc5|\x98_\x18\xde\xb75w\xba\x87\xac\
i]?\xbb5->\xe3E\x0aG\xb98\xa2\xf6\x7f\
\xae\x8de{\x0f\xef{~\xe8\x8c\x8dWF\xa3`\xc4\
\x8e\x9a\x86G\xec\xd0\xa7\xe6\xa5\xea\x87\xd8q\x94=\xf2\
\xbb_\xca\xedu4\xbf\xa3\xf1\x17[\xfe\xd0\xb9\x867\
?=x\xe8\xe0\xe0\xe5\x81\xa1K\x16%^)2\xdb\
\xean\xd9\xff!\xcc6\xede@\xe9K\xdf\xa1KI\
m\xf9\xc3GQ\x9bS\x1af\xdc\xd9@\x150-\xf7\
\xb5\xa4]cy\xc6\x9aX\xcdf\xb7\x82\xbfF<V\
iv\xfdJ\x1f\x8dh\x9b\xb6\xae8\xd5\xb8)\xf6=\
\xf9\xaa5\x04X\xe9>\xedum\xfa^C\xb6\xc1A\
I7\xb9{~\xe5]A\xccdcK]\xec\xb1\xe9\
F\xfd\xe3\x99\xc3\xcfw\x09e+\x0c\x14\x89\xa8\xee\xe1\
\xe6\xdc\xf1\x93!\xa5\x91\xbb;\xeb$\x00\xa2\xaa\xad\xf2\
\x10@\xa9\xcc\xceB\xa8U\xa1\x18r{\xdar\xbb\x0f\
\x11,\xd5^\x17!b\xd3{\x8b\x18\x1e\x87\xba\x0e\x9e\
\xec\xc8\x9d\xb2\x9e\xbb\x04\xa8\x9emx)q6G2\
\xa8\x1cx\xec\x85_\xb0}{\xe4\xf9\xe1\x01+\x91\x22\
\x81\xecy\xabXE1\xa5\xc8G\x95\xac(\x04\x9fb\
\xe6\x1e\xe6SO\x10\x13\xa2\xb0\xc8\x1d\x0e\xf5\xaf\xa2|\
\x8c\x8c\x98\x22^\x9a\x95\x81C|\xe1e\x01Vca\
\xa4,\xfb\x9b\x83M+g\xd5\x8d\xcf>\x80\xc0` \
/\xea\xcf\xa8\xbcL\xaa>\xbb&[\xbb1\xbbb\x99\
\xa2;\xaeO\xe5.o\x1f\xee\x1d\xc8\x1f\x14\xcf\xe0.\
a?\xa8\xf0ghb\x14\xe6\x83\xb85\x9b\xbe\x94L\
1h\xcb7\x88\xe6\x8b\x16\xae~\xdb\x95\xd2F\x13F\
4\x8aMt\x86\x12w\xea@\xfe\xf4\xdb~\x1a\x9b?\
K\x19\x8br\x01W1\xd4\xaa\xbb\xb7m{\xa2\x9f\x04\
\x8b!\x1f\x12o\xd3\xbcX&\x96Z\xf4q\xfbr6\
\xc8t\x1a$\x7f\xac\x7fh\xf768\x1c\xb5\xf4\xd4C\
U\xf32)\xa8\xf6g{\x1dc\x14c\x8c5\xbdu\
\xe3\xc5\x0a\xff\xe7 \x84\x5c\xc9|\xa3\x17\x90\x1b\xac\xe2\
k\xa1\xf0l\xb9\x8a\xc6\xf5\xa8V\xd1}I\xc6\xd1\xdc\
\xb8;dc\x17G\xc1\xf3\xddlg\xc5\x87Ot;\
\xf6T\x02\x8c\x22V\xe4\xae\x98\xf8D\xc2\xe2w\xff\x1f\
\x11\xdf-\xa5\
\x00\x00\x91\xee\
\x00\
\x01\x80\xa7x\xda\xb4\xbd\x07@TG\xd77>w{\
_DE\xc5\xb6vT\x10\xb0\xf7.J\xd4\xa5*\x16\
\x04\x17X\x8a\xc2..\x0b\x16\x82\xc1N\x15\xb0`/\
\xd8KD\xec\x05[L\x8c\xc6\xc4$\x1a5\xb17v\
\x01Mb\xa2&\x1a\x8d\xf2?s\xef\x96\xbb{/\x98\
\xe7\xfb\x7f\xdf\xfb\xbc\xcf\xb3\x023gf\xce\x9c\xf2;\
g\xce\xcc\xf6?\x1e\xd3\xf8\xf2\xf3\xf5+\xaf\xb4jv\
vj\xc9\xe9{;\x11B\xfc9\xf1\x91\xa3F\x0fE\
\xa8}&B\x9f|\x85\x90\xb21Bcy\x085,\
@\xe8w.BIF\xf8\xdc\x81\xd0\x92B\x84\xfe\xf0\
F\xe8\xfe%\x84\xfe\x1c\x8cP\xd9\xef\x88\x13\xfb;B\
.{\x11o\xc9:\x84D\xed\x10o\xc7l\x84\xa4\xbf\
!\xde\x8f\xed\x10\xaa\xff\x12\xf1\xde\xc1g\xe3&\x88?\
\xaa\x07Bm\xfd\x11?\xf6\x0cB\x9dZ\x22~\xfc.\
\x84\xba\x14 \xfe\xa7\x9e\x08\xf5\x829|\xba\x1a>\xef\
 ~.\x8c\xd5{5\xe2\x17\xc7 \xd4\xbf/\xe2\x97\
\xf0\x11\x1a6\x1e\xf1\xcfi\x11\x1a\x15\x86\xf8?\x5cD\
h\x0cB\xc2-\x97\x11\x9a\x9b\x85\x84\xa7.#B\xfc\
\x1b\x12\xeds\x81\xf9\x1e@\xe2\xdf^\xc2\xcf\x9d\x91D\
s\x10\x11~\xe1H\xb2\xb5\x0a\xa1\xefo\xa3&\xbe\x0f\
\x11\xfa!\x13\xb9\xbb\xbcCD\xbd\x8dH\x151\x10\xa1\
\xd4\x7f\x90*k\x18\xcc\xef\x0b\xd4\xf9\xb6\x08\xa1\xaa\xb7\
\xc8\xf3\x89?\xb4\x0bB]\x7f\xdf\x8c\x10\x11\x85\xfa,\
\x1b\x8f\xd0W[\xd00\x9d+B\x9do\xa1Q3\xfb\
\xc0\xe0\xbd\x91\xbf\xe0\x02BKC\xd1'=W\x22$\
Y\x82F\xab\x96 \xb4v>\x1a3\xf2\x04B\xaen\
h\xcc\x9a(\xf8\xec\x8d\xd4\xc5\xe7\x10jt\x14\xa9\xbf\
^\x86\x88\xb04\x14\xfa\xe9\x01\x84\x1e\xb5C\xa1\x0br\
\x80\x1f\x89h|\xcev\x84\xbc\xbe\x81\xcf\x93\xc0\x8f\x83\
h|\xe9y\x84<\xf7\xa1\xf1\x15\xf0\xe9\xe5\x8a&\x1c\
\x03z\xbd\xcb\xd1\xe4\x013\x101,\x03E\x14B\xfb\
1\xfe(\xe2\xf9\x0b\xf8\xfbJ\x14S\xda\x11\xa1#7\
\x91V,F\x88\xb3\x07Mo\xe0\x87\xd0\xfbR\x94\x88\
\xc7W_BI\xfd\x80_\x0d\x05(\xb9\xc1\xcf\x08\xad\
\xea\x84\x0cS`\xbdC\x8e\xa3\xd9?\x1cCh\xf5s\
4\xfb\x9e\x1c\x11\x9e\xfdQ\x86q:\x22\x9aMFs\
5\xaf\x10\xe1\xd6\x01\xcd\xfb\x09\xc6\x93MD\xf3\x8f\x95\
\xc2~.F\x85\xc1\xb0O\x91yh_\xce)\x84.\
\x9eA\x87CF#\xf4\xcdbT\xae\xdf\x8aP\x83u\
\xe8k$\x06\xbe\x9fAWg\x1dA\xc8}\x07\xfa\xc5\
\x00\xeb,\xd7\xa1_6\xeeG\xe8\xb3tt\xab\x17\x8c\
\xdbp \xba\xa3\xf9\x05\xa1M=\xd0\xfd\xab\x1a\xf8\x8c\
D\x0f]\xf6 \x22t<z\xb4w'\x22\xba\x8b\xd0\
\xe3$\x19BgW\xa3'\xedV b\xf8FTq\
\x02\xfae\x1b\x90\xe9\xd8\x00\x84\xf4\x87\x91\xe9=\xc8A\
U\x01\xaa*=\x88\x90\xf6_T}\x1c\xf8T\xa0E\
\xd5\xe7\x80\xee\x96\xfa\xe8\x99/\xfe\xfc\x19\xfdj\xcc\x00\
\xb9l\x8e^\xbeHFh{3\xf4N1\x09\x11\xad\
\x8f\xa3\x0f\xebF!4\xf5'T3\xb6>B\xdeW\
\x09\xb48\x04\xa1\xd1A\x04\x11\x8c\xdb\xf9\x11\x9c\xa4\x11\
\x08\xf9\xbf\x22\xf8\x8f\x8b\x11z\xd3\x9d\x10\x0c\xea\x86\x90\
\xe6\x1a!\x95\x04!\x94\xe2G(\x06\xbdF(\xe6!\
\xa1\xac\x0f\xf2\x17\xbe\x9f\xa8\xbf\x15\x84\xb1ZO4\xcc\
\xd8\x8bP\xe6]\xa2q\xe4\xaf\xf0i$\xdc\x0b@>\
~:G4\xfd\xe1\x1f\xd0\x9f\xa7D\xf3\xcb\xb8\xffB\
\xa2\xb5Q\x8f\xd0\x8e!D\x87\x0c\xa0\xbf\xaf7\xd1\xb1\
e8\x22\x06\xf4$:\xc7\xc1:~I%\xba\xfa\xee\
C\xe8\xbb\x9bD\xd7# \xafo3\x88nI\xa0w\
\xbbuD\x8f\xa0+\x08\x89\xff$zw\xcfF\xe8\xc5\
,\xa2\xff&\xe0kz\x121\xf8p=\xf8y'1\
,\x8b\x83\x88\xce\xad\x08\xff\xc1\xc0\xff\x1d\xbb\x09\xff\xe8\
\xe1\x08\x15I\x89q/\xbeA\x04g\x141yv\x1b\
\xd0\xcf_\x88\x84\xdb \xf7\xc2=Db\x19\xe8c\xbd\
X\x22\xf3\x18\xc8\xd1\xc2\x16DvO\x1dB'\x86\x10\
\x05s\xe1\xf7c\x92\x88\x22\xe2\x10B\x83\xb3\x88\x22_\
\x90\x07!\x9fX}\xb1-\xd8\x85jb-\xf9y\x84\
\xd8<\x06\xe4\xb9{5\xb1\xe3\xf0\x5cD\xf4#\x88\xcf\
\x07\x13\x08\xb5YA|~\xb19B\xbf\x06\x11\xfb\x8e\
LD(\xaa\x928t~1BM\xd7\x13G\xf6\x7f\
\x03\xf2\x18I|\xe1;\x0b\xa1\x957\x88\xf3c\xc3\x10\
\xfa\xfaG\xe2|\x08\xe8\xcf\xc82\xe2\xbb\xd2\x0d\x08)\
L\xc4\x95tX\xf7\xce3\xc4\xf7\xe7v#b\xe0\x03\
\xe2fL\x0fD\xb4\xb8F\xdc\xe9\xfa\x1bB\xfb\x0f\x13\
\xf7\x93\xee\x83\xde\x09\x89\xfb\xfbA\x9egV\x12\xf7\xff\
\x00>_\x9cF<\xf8\xa97\x22\x82:\x11O$}\
\x11\xd1\xa8\x82\xa8\x1a\x99\x87P\xe1\x19\xe2Y\x1a\xf0\xff\
n\x10\xf1{\xa7$D\xf4\x14\x12\x7f<\x99\x89\xd0\x9a\
\xdb\xc4\x9f\xde\xd3\xc0.\x0c$\xfe,4\x22\xa2\xcd}\
\xe2\x9f\x98@Dt\xbbN\xfcsV\x89\x08\x91\x96x\
\xf7\x12\xf4^w\x89\xf8\xb0\x1b\xf4\xfad:\x07\xfd(\
@h\xc2F\x0e\xa7\xcf~D\x0c\xf9\x8d#}\xd5\x12\
\xa13<N\xbd/f#\xe2\x93\xd9\x9c\xfa\xd7n \
\xb4\xe11\xa7\xfeOG\x11\x1a\xae\xe64\x18\x0a\xfb\xb4\
\xe1\x10\xa7a\xe6-\x84j\x16s\x1a=\xafD\xe8\xe1\
7\x9c&\xe7\xc0\xb6jVpZ\x8c{\x81\x88\xd1\x7f\
q\xda\x1e\x06=\xac\xd8\xc9\xf1h\xf6\x1d\xac\xb7\x84\xd3\
1\x07\xe8n\xc9\xe1x\xafl\x85\x88\xc0\xbd\x1c\xdf/\
\xc7!\xd4}\x01\xa7\xebA\xb0\xa3\x1b\x16rz\xf4\x98\
\x85\x88\x0e\x9b8=\xbf\x1f\x89P\xf0=N\x1f\x05\xcc\
\xef\xe7I\x9c>W\xc1\x1e\xff\xb0\x9f\xd3w\xaa\x10\xa1\
w\x078}\xef\xc3<\x12\x1as\xfa\xfb\xc3z\x07\xf5\
\xe5\x0c\xd8\xf7\x1e\xa1W\x9fp\x06\x9f|\x8c\xd0\xd5>\
\x9c\xa1\xab\xaa@\xee8\x9ca\x07\x82\x10!\xfd\x933\
j\xc3M\xd0\xaft\xce'.\xc0\xcf\x9f\xb39\xa33\
\xc0\x0f\xb48\xc2\x09\xfcc#\x22z%s&\xaa\x8e\
!\x82\xc7\xe5L\xdajB\xa8\xa3\x863U\x91\x04r\
\xff\x84\x93\xb0\xec*B\x93\xceq\x92\xbc;#\xf4x\
<gF3\xf0#\x0d\xdc8s\xba\x83\x1d\xfa\xe7\x01\
g\xa1)\x0d\xa1\xcd\x9b89m\x16!\xa2\xa1\x8c\xb3\
\xc2u\x0b\xd8\x87T\xce\xaa\xbec\x11\x8a\xdb\xcaYu\
\x08~\xbew\x85\xb3\xc6\xf38\xe8\xb5\x0fg\xdd\x14X\
\xdf\xe0\x18\xce\x86\x1f@\xbf\x17\xcf\xe4\xec\xfc\xf2\x09\xc8\
\xd5/\x9c\xdd\xabw#\xf4\xe0*g\xdf\x19\xe0\xd7\x93\
\x9e\x9c\xb2/\xc0?y\x8f\xe3\x9c\xd8\x0e\x1e\xecug\
\xce\xd9\x1c\x90\xefO\xbc9\xe7\x1f\xdf\x03\xbf\xf1\x90s\
A\xaeBD\xef\xb5\x9c\x0ba\xd0\xdfm\x07\xe7\xd2\x0a\
\xd8\x8f\xb9\x9d8\xdf*\xc0\x8e\x0f\xe8\xc4\xf9\xae\x07\xd8\
\x93\xcf\x0frn\xfd\x06\xf2\xd1\xd4\xcc\xb9s\x1a\xe4&\
4\x87swi>B\xd7\x9bp\xee>:\x83\x88\xfa\
\x95\x9c\x07?\x80\xbd}\x92\xc5y\xf2'\xf8\xb5A\x9b\
9\x15k`\xfd\xbd\xdap*\xae\x5c\x03yI\xe1\xfc\
\xd1\x00\xf4o\xeeD\xce\xdf\x0f\xa0\xdd\x9f\xfb8o\x22\
\xba\xc0g(\xe7\xdf\xc2\x15\x08}\xf15\xe7\xc3B3\
\xe8\xe3t\xce\x87\xfb\xb0\xde\xcf\xcep\x89kc@\x1f\
s\xb9<9\xec\xd3\x91\xd5\x5c\x17\xcd\x11D\x10\xf3\xb9\
\xf5\x9a\x03\x1f\x9f|\xc1\xadwh\x01\xd8\x8b\x13\xdc\x86\
\x08\xf4\xf8\x9b0n\xc3/A_\xb6\x1a\xb9\x8d\xda\xb5\
G\xe8\x92\x81\xeb>c&\xc8\xc5k\xae\xfb\x01\xd8\xaf\
5\xf9\xdc\x16\xe7\xd3A\xde\xdbqU\xff\xfa\x22\x94{\
\x8f\xeb9\xe4\x0b\xb0\x07m\xb9]\x07\x80?H\x5c\xc4\
\xed\xba\x1e\xfc\xd9=wn\xf7\xd2\x09\xd0\xaf\x1f\xb7\xfb\
\xd3i\x88\x187\x88\xdb\xf7\x93\xa7\x88\x98\x98\xce\xed{\
\x19\xe4\xf2]\x10w\xc0\xf2\xe3\xb0\xde\xe3\xdcA\x9b\xc2\
\xe03\x9b;\xa27\xd8\x01\xdf\xf5\xdc\xb1W\xc0\x1e\xb9\
\xfe\xc2\x0d\xd8\x22C\xc4X97\xe00\xac\x7f\xd1l\
\xee\xf8_\xb9 \xafR\xee\xc4\xf2%\xb0_\xdfq'\
}\x09\xfa\xb9r\x0e7\xb2\xa8\x03\xf8\x8b&\xdc\x18/\
\xb03]\xdd\xb81\xebA\xde\xfa\xec\xe0\xc6\x95\xc2<\
\xc6\x8d\xe4&-\xdd\x86P\xd6\x0cn\xf2\xfc\xcf`\x7f\
\xbe\xe1\xce(\x00>\xec\xec\xca\x9dm\x06{\xddv\x19\
wN3\xb0\xcb#_r\xe7\x0c\xe8\x80\xb1\x06\xf7\xd3\
k\xd7\x11\xd1\xe0\x1ew\xfef\xf0\xe7>o\xb8\x0b\x8e\
U \xe4a\xe6\xe6\xdc\xf9\x12\xf6\xfb\x027\xf7\x13\xb0\
#\xfc+\xdc\xa5A\xe0'\x0fn\xe7\x16\xa4-@D\
\xdb\xfe\xdcu\xf5\xc0\x9e\x9e9\xcc-9\x0a\xfb\xa3.\
\xe6nw\x05yn\xc2\xe1\xee\xce\x07\xb9\x1f\xf4\x1b\xf7\
l\x82\x1a\xa1\x0f\x06\xeeWm\xe3\x10\xfa\xfbg\xee\x85\
?\xc0n\xf5\x8c\xe7^\xcf\x07\xbc\xd3\xf16\xf7\xfa\xf2\
LDL\x10po\xf5\xc6r7\x8b{\xdb\x1d\xc6\xf7\
\x9e\xc1\xbd\xa3\xf8\x19\xf4}0\xf7A\xeb\xed\xe0\xcfG\
r\x1f~\x0e\xf3\xcf\x08\xe7>\xfa\x17\xf8\xfdW\x0d\xd7\
<\x17\xe41\xb0\x86[U\x04~\xec\x82\x81\xfb\xec\x11\
\xf8\xb5\xae\xfd\xb9\xcf^\xf7F\xe8h*\xf7\xcf\xf3 \
\xa7\xc3Zs_}y\x03\x11\xfe\xab\xb9\x7fw\x01\xbd\
\xbe[\xc8}\x1d\x03\xe3\xec\x19\xc1}\x9d|\x1d\xe4r\
6\xf7\xc3N\xb0\x03{\x1bsk\xc6\x96\x80\x1f\x15q\
kJ`\x9di\xb9<\x14v\x07\xa1f\x81<\xfee\
\xb0\xcf\x013y\x02_\xc0G\x87\x04<\xe55\xd8\xbf\
\xe6\x9f\xf0\x5c~\x02?1}9\xcf\xe5\x1e\xc8\xe3\xe3\
\xdfy\xf5u \x8f\xb1\x91<\xb7a\xe0\x17\x975\xe1\
\xb9\xdd\x05\xfe_\xfc\x8b\xd7(x\x10\xec\xff\x18^\xa3\
\xefA?\xa7jx\x8d\x97\x81\x1fo\xdc\x9f\xd7\x9a\x03\
ve\xc1i\xf8\x84\xfd\xda\x99\xcb\xf3x\x00rh\xd4\
\xf0\xfa\xf4|\x03\xfe\xa6\x9a7 \x12\xe8\xa6n\xe6\x0d\
\xc9\x06;\xe1+\xe7\x8dX\x04\xfe\xe3\xdfW\xbcQ\x03\
v\x81\x1cl\xe0\x85r\xfa \xa2\xcf\x11\xde\x84\xb3\x1b\
\x10\xd1I\xce\xd3\xe0O\xc1b\x9e\xe67\xd8\x0fS4\
/\xaew\x0b\x84T\x17y\xfa&]a?\xe7\xf2\x0c\
\x99\xb0^i8\xcfx{\x0d\x22Bn\xf1f\x0e\x14\
\x82\xdf\xbf\xc6\x9b\xb5\x0b\xe6\xedW\xc0\x9b\xf7T\x83\x08\
\xd4\x93\xb7\xf8\xe9m\xe0\xa7\x9c\xb7d\xda\x05D(\xef\
\xf2\x96i\x80\xce\xe0\x9b\xbc\xe5\x89\x06\x84\xc6\x7f\xcb[\
{\x1a\xf4\x0bE\xf2v\x00F@\xd2K\xbc=\xad\xc1\
\xefxF\xf3>\xf7\x84\xf9*\xa7\xf2\x0e\xa0U\xe0\xaf\
E\xbc\x83\xe9\xd0\xae\x8f\x0f\xef\xd0\x12\xc0q7'\xf0\
\x0e\xd5\xdcE\xe8NC\xde\xd7\xc0\x1et@\xc1\xbb\xc4\
\x81\xfe\xae\x87x\x97\x16N\x01>\xcf\xe5]:\x01\xfb\
\xf9\xed%\xde\xa5;\xc0\xd7\x01\x87yW\xc7\x82\x9dO\
V\xf1\xae\xc6\x06#\xd4A\xc3\xbb\xce\x03\x9c\x153\x84\
w\xb3\x13\xac\xcf\xed3\xde\xedV\x80OZG\xf0\xee\
\xb4\xae\x07~\xe4\x04\xef\xd7x\xd0\x0bEC\xde\xf3\xd5\
`\xdf8\x03y\xaf^\xa4\x22bT\x0a\xefu \xac\
o\xc6A\xde[\xfd\xbf\x08E\x04\xf3j\x06MG\xe8\
\xd4\x04>\xfa\xf7o\xb0\xa7q|B\xa7\x04|6\x86\
\xcf[\x9a\x0a\xf8\xa6\x9c\xcf\xbb\x07r\x1cE\xf0%=\
.\x01\x9f\x9b\xf1e\x83\xbd\x00_<\xe7\xd7\x0b:\x8d\
\xd0\xf9;|W7\xc0\xb9\xe5\x97\xf9\xf5\xb3`?~\
\xa9\xe07v\x07{\xd6x\x06\xbf\xf16\xa03\xa9;\
\xbf\xf1\xf6&\x08}\x1a\xc9o| \x1e\xa1\xe2\xfa\xfc\
\xc6\xb7\x13\x00\xef\x99\xf8\xad\xbe\x8f\x00\xbb?\x86\xdf\xea\
\xe5-D\xb4\xff\x92\xdf\x0e0#:y\x8b\xdf\xee \
\xe8\xbd\xae\x05\xbf\xc3r\x98\x7f\xdb7\xfcN\xe1\x80{\
*\xbb\xf3;\xcd\x03{1;\x97\xefY\x04vsY\
8\xbfK\xc68D\x8c\x1f\xc8\xf7\x1e\xb2\x09\xa1\xc9\xfb\
\xf9]{\x81\x9et\xde\xc2\xef\xb1\x1e\xecph[\xfe\
\xc0\xab>\xa0\xf7\xfb\xf9\x83\x1e\x82~\xf4x\xc5\x1f\x1c\
\x0er\x1c\xd5\x9d?\xf4\x05\xccgt\x01\x7f\xc4\xc1~\
\x08\xcdr\xe7\xfb5\x01~\xf4*\xe2\xfb\x85\x80|\xeb\
\x82\xf8\xfe\x7f\x80\x1d\x9e\xb5\x81?\xfa/\xc0g\xc5\x93\
\xf9\x13O\xc1\xbex/\xe3'\x8c\x83\xcf\x1ea|]\
\xbd\x95\x88p\xaf\xe6\xa7\xeb\x13\x81?\x0a~\x1e\x8e/\
\xfa\xea\xf8y\xdf\x81\xdd\xed\xdf\x90\x9f\x1f\x06~\xf7\xd7\
c\xfc\xc2\x11\xf0\xb3h\x14\x7f\xc5\x1c\xb0\xdfg\xff\xe1\
o>\x0e\xfb\xbd\xb4\x8c_r\x05\xe4\xe7K#\x7f[\
,\xc4!\xc3f\xf3we\x03\xfe\xe8\xed\xc9\xdf\x1f\xa8\
B\xe8\xc7\xed\xfc\xfd\x97_!\xd4\xf22\xbfl8\xac\
\xfb\xd3\xc7\xfc\xb2=\xc0g?\x82_\xf6a3\xd8=\
\x03\xff\xd0M\x90;\x1f?\xfe\xe1f\xd0\xce\xef%\xff\
\xf8\x1d\xf8\x5c9\x98\x7f\xae\x1a\xe61E\xc3\xff\xea=\
\xf8)\xcdP\xfe\xb7_\x00^\x18\xd4\x93\xff\xfd\xb4\xf7\
\x10\x8f\xec\xe2_\xfb\x05\xe4g\xef?\xfcko\x13 \
\xc6Z\xcc\xff\xe9\x02\xd0\xb9\xe5\xc9\xbf}\xa9;\xc4\x17\
.\xfc;-`^#\x96\xf2\x1f\xfe\x0d\xf6\xec\xda\xbf\
\xfcG\xfbA^\xbf\xea\xcb7\xf96\x04\xbf}\x9ao\
V\x02\xdd\xab\xbf\xf2+S\xc1\xaf\xf5m\xc3\xaf\xfc\xe3\
<\x22F\xa6\xf0\x9fN\xf5\x00{\x99\xcb\xff\xfd0\xe8\
\x9bz=\xff\xf9K\xc0\x7f?\x15\xf1\xffX\x93\x01\xf8\
l\x04\xffu2\xecKh\x15\xff\xbd\x06b\xba\xcc\xad\
\x02\xdeA\xc0\x8f|\xae@t\xcb\x05\x11#\x9e\x0b\x94\
\x12\xc0Y\xeeFA}\x17\xc0U\xcf\x9e\x09\xea\x0f\x04\
\x5c\xde\xe8\x88\xa09\x07p\x90\xf1\xbd@5,\x00\x11\
M\xb2\x04m\x1f_\x05\xb9:'\xe8T\x03\xf1\xcb\xe1\
~\x02\xdf\xee\x80\x9bC.\x09\xba{\x01N\xcd\x1b,\
\xe8\x93\xef\x8a\x08\xdf\xc5\x82\x81\x01 \x8f\xc6\x95\x82!\
\x8f`\xbf\xce\x9d\x10\x84\xc4\x81}\x1b\xaf\x17\x84\xcc\x07\
{U\x96%\x18\x87\x00?\xbc|#\x08?\x0f\xb8U\
8J0\xa3\x0d\xe8\xf5 \xad`N\xa3E\x10\xd7\xf4\
\x86O\xd0\xdb\x80\xeb\x82\xf4h\xb0\x97C&\x08\xe6\x7f\
\x02\xfc\x15\xb4\x14\xcc?\x07\xfe\xa0\x8b\x5c\xb0x\x16\xe0\
\xe8\x1f[\x09\x96\x0c\x0d\x01;\xfaJ\x905\x1e\xe4q\
\xcc\xd7\x82\xbc\x07\xb0O\xebK\x04+\xfa\x81\x7f\x9f\xdf\
@\xb0z\xdf \xb0\xdf>\x82\x0d\xa1 \x07\xc3\xd7\x0a\
6L\x02\xbe\xcex&(\x89\x04<\x88>\x08\xf6 \
\xb0[C\xbc\x04\x9fG4\x07{\xae\x10|\xbe\x16\xc6\
\xf78.8\xb0\x08\xe2\x8e\xd0\x03\x82\x03\xc7\xc1>\xe7\
7\x17\x1c\xfc\xa3=\x22\x86v\x16\x9c\xf0\x049F{\
\x05\x97\x06\x83\x9f\x10\xec\x12\x5c\x0a\xb8\x08\xfb\xfaLp\
\xe9\xdd|\x84\xe4\xae\x82\xefn\x82\x1d\xed9H\xf0}\
\x11\xe0\x8f\x80\x1e\x82\xab)\x10W\x1e\xf3\x13\x5c\x0f9\
\x80\x88`\x99\xe0\xe7\x85\x10/\x8fp\x15\xdc^\x8a\xe3\
\x19\xbe\xe0\xceP\xd0\xf7U\x99\x82{W\x00/m\xbb\
/\xb8\xf7\x07\xe0\xb4\xf3\x13\x04\x0f\x12A>\xa2\xa2\x05\
\x0f*\x15\xa0\x07:\xc1\x93\x12\xb0\x1f\x862\x81\xe9\x10\
\xec\xf3\xd1\xa7\x02\xd3w\x10\xa7t\xf9E`\xba\xf5\x19\
\xc4\xe6\xfe\x02\xf3\x0d\xb0\xd7\xc1\x9f\x09\xaar@\xef\xba\
\x8c\x15<{\xf2\x1dB\xa5{\x05\xbf/\x07\xf9\xe8\xfd\
F\xf0\xdc8\x14\xfc\xf7\x1d\xc1\x1f\xd7\x7f\x81}\x0c\x10\
\xbc\x9c[\x04~\xd5M\xf0\xca\x0d\xf8Vt@\xf0\xd7\
\xb0\xafa\xdc%\x82\xbf\xa2`^\xf3\xb2\x05\x7f%\xc7\
\x01\xbe\xcf\x12\xfc\xb3K\x02~I.x\xeb\xdb\x00\xa1\
\xe6\xf9\x82\xb7g\x81\xbf?\x88\x05\xefb\x00\x97|\xea\
)\xf8\xb0\x01\xf8\xa1\xffSP\xb3\x09p\xe6\xf9\x8eB\
\xf1\x14\x88\x0b\xba\xe4\x09\xc5\x9b\x01\x17\x04\xea\x84\xe2\x03\
 \xb7\xcbr\x85\x92\x14\xe0\xeba\x99P\xfa\x08\xech\
\x8f\xcf\x85\xb2C=\xe1\xe7#\xc2\x86C\xc1\xde\x8f/\
\x136n\x05v-$N\xd84\x11\xe4aB\x0fa\
\xf3\xe6\xc5\x88\xf0(\x116\xef\x0bx\xa9\xb1B\xd8\xa6\
\x04\xe2T\xd7\xcf\x84m~\x04;s(D\xd86\x07\
\xec\xb3b\x82\xb0\xddp\xf0O\x82\x1b\xc2v\xbf\xc2~\
u(\x14vr}\x0b\xfe\xae\xb3\xb0\xd3<\x90\xf3g\
\xbb\x84\x9e\xc9\x80\x13\x5cn\x09\xfb\xa6\x82\x1e\xf5\x90\x08\
\xfbM9\x0b\xe3V\x08\xfb\xef}\x09\xfe.C8\xe0\
r3\x84\xd6\xfd(\x1c\x14\x09\xf1\xedo\xe9\xc2\x11m\
\x81\xaf\x0f;\x09\xfdx\xb0\x9f%-\x84~A\x10\xb7\
\x04l\x10\x8e^\x01x\xa7O\xaeP=?\x16\xec\xcb\
!a`x,\xe0\xe7ta\xd0\x80J\x90\x9fpa\
\xe8Z\xb0/K\xca\x84\x11c\x81\xcf\x8dB\x85\xfa/\
\xbeBD\xbd\x18\xa1\xa1\x1f\xc4\xe7^\xbf\x09S\x9e\x83\
|\xb5\x10\x0a3\x82\x00\xf7{\xfe \x5c|\x0f\xe4\xa9\
S\xb9p\xc99\xc0\x11\x13/\x0b\xf3~\x00\xff\xd4\xbd\
B\xb8T\x018u\xfe2a\xc1\x08\xc0q\xfca\xc2\
\xb5\x17\xc0>\x0d\xec,\x5c'\x808\xde\xbf\x95p{\
C\xf0/\xdf|!,}\x03\xfa\xf4\xa5Dx\xac>\
\xec\xf7\xb0\x8d\xc2/r\x00\x0f\xfe3U\xf8\xb5?\xe0\
\xa7&\xe7\x85\x97\x7f\x86\xfdj\xf9\x97\xf0\xdb\xed\x10\xd7\
\xb5T\x0b\xaf|\xf5-B\xf7\xa5\xc2\x1f^c<\xdf\
Lx\xed\x01\xe0+\x93\xb7\xf0\xfa\x1b\xc0\xdf\xa7~\x12\
\xde\xcc\x01}m\xf0\x8b\xf0\xe6\x86\x07\x80S{\x0b\x7f\
\xb9\x06\xfbs\xa4\xbe\xf0\xd6\x0a\x90\xd7\xb4^\xc2\xbb\x9a\
F\x08\x05\x85\x0a\xef\xdf\x85v\xd7N\x08\xef?\x079\
\xe2\xea\x85\x0f\xb7\x82\xbd\xccj)|\xf8\xd3)\xd0\xab\
\xee\xc2G.\x10\xcf\xddz \xacn:\x07\xe2\x88J\
au\x97\x8d \xdf\x7f\x09\x9f\xd6@\xff\x9f[\x09_\
I@~#]\x85o\xda\x82\x9fZ\xfe\xb7\xf0\xcd\xba\
\xbe\x08=U\x8b\x849 '\x11|\x91t?\xd8\xb7\
\xe2\x9b\x22\xf9\xaf g}W\x8a\x5c\x9f\x83\xff\xf8J\
'\xaa\x9f\xe2\x02qqgQ\xa3w o\xdcp\x91\
{=\xe0w\xceAQ\x1b\x1d\xac\xb7\xf2\xb6\xa8\xdd\xb7\
 W\x8b\xfcE\xed#\xc1\x8e7\x18%j\xbf\x22\x18\
p\xe0*\x91\xc7X\xb0\xab\xa2L\x91\xc7\x84\xb9\x08\xd5\
\xdf+\xea\xf4\xa81\x22:\xd6\x13uV.\x85\xfe\x8f\
D^S\x1f\x82\xfc\xcd\x13y\xe5\x03>[\xf8\x97\xa8\
\xdb\xbe\x0f\x08=:\x22\xea\xf1p5\xfc\xfc\x95\xa8\xe7\
\x06\xf0#\x8f;\x88z\x9e\xf9\x01\xfc\xfeuQ\xaf\xc1\
0\xee<\x93\xa8/\xe0k\x82(\x17\xf5-\x01\xb9\xfe\
\xf3\xae\xa8\x7f\x05\xf0\xe9\xe7\xe3\xa2A>\x9f\x03\x1f\xf8\
\xa2AF\x88c\x9a\x9c\x12\x0d\xf5\x079\xf5\x8f\x10\x8d\
\xb8\x02rs\xd1W\xe4\xb7\xeb\x1c\x22\xf8SD\x9fh\
\x80\xcetW\x91:n*\xc4i\x97D\x81\x85R\x98\
O=Q\xb0\x18\xfcq\xd7\xe7\xa2\xb0d\xc0\xb9\x9dg\
\x8a\x22\x16\x80=\x18\xfb\x89(\xe29\xf8\xd9\x01wE\
\xc6s\xe0?n^\x10\xcd\x1e\x07z\xd2o\xb9hn\
\xb3g\x10O5\x10}\xd6\x00\xd6\xed-\x10}\xb6\x1e\
\xe4GvL\x94\x99\x0c\xf1I\x7f\x91(\xf3\xdb\x14\x84\
\x1a\xdd\x15-\xcc/\x848\xe4'Q\x8e\xe4\x0c\xc41\
i\xa2\xd5\x82n\x80\xf3z\x8966\x03\xdc;\xe1\x85\
h\xcf2\xc0\x85\xf5?\x15\x1dY\x03~\xf7\xee7\xa2\
\xe3>\xd5\xe0\x0fu\xa2\x93\x9bA~\xc2\x82E\xa7\xf3\
\x00\x17\xf4\x91\x88\xce(\xc0_M\xfa \xfaN.\x07\
\xff7G\xf4SG\xb0_\x7f\xf5\x14\xfd\xb4\xf1{\x88\
k\x94\xa2\xdb\xc7\x01W\x0f\xab\x16\xdd\x9d\x03~s\xcf\
\x11\xd1\xfd\x1f\x81?&\xbe\xe8\xc1\xd3\x91\x88h\xa7\x15\
\x99_\xc1\xefO\xaf\x17U\x87\x81\xfe\xb8\xcc\x10U\xd7\
\x0c\x01\xfe\xc9D\xcfJ\x81?\x93\xef\x8b~\xdb\x02\xb8\
#\xac@\xf4Gs\xc0\xa1_O\x13\xbd(\x01>\xcb\
^\x88^<\x81\xf1\x86_\x12\xbdI\x848!p\x81\
\xe8\x1f)\xe0\xaf[F\xd1?\xcf#\xc1\xcep\xc5H\
\x05r4\xc1(&2J\xc1N\x1a\xc4\x9c\x97 w\
\xbaL1\xef4\xc8c\xbd\x1ebA!\xe8{\xdf\x0f\
b\xd1C\xc0\xeb\xabw\x8a\xa5\xcba\xbf<\xdd\xc5\xd2\
\xbdk\x11Z\xfbP\xdc\xf8\x1d\xec[\xeb-\xe2&A\
\x80K^\xdc\x147)\x00\xbd5\xdf\x14\xb7\x0c\x02\xbc\
s\xb9\x5c\xdc\xf27XW\xcay\xb1*`\x22\xc4\xeb\
\xb3\xc4^?\xf2!~_%\xeev\x06\xec\xe4\xa8\xe7\
\xe2n\x95\x80\xa3_\xe6\x8a\xbb\xb7\x85x\xfd\xf9\x08q\
\xf7\xde\x10\xf7\xcc\xa9'\xeeQT\x0e\x7f\xff\x5c\xdc\xc7\
\x1bp\xdc\xb3\xa9\xe2>/\x00'\x1e\xfbL\xdc\x0f\xc7\
W\xddf\x8a\x87\x94A|0\xfak\xf1P\x02\xafs\
\x85x\xe8;\x9c\x7f\xbb/\x1e\xf9\x14\xe4\xfc\xe9]\xf1\
(%\xc4{c\xee\x8bG=\x81x*`\xac8\xe4\
\x1f\xe0\xcf<\xa9x\xdc]\xa0\x93\xb7F<\xa1e[\
\x88\x0bK\xc4Q+@\x0fd.\xe2\xd8\x83 w\xa3\
[\x8a\xe3G\x82\x1c\x0c\xee N^\x0e\xf8h\xfai\
\xb1\xb1\xd7'`\x1f\x1f\x89\x17\xa6\x83\x9c\x8cv\x15\xe7\
yC\x9cn\xba'\xce3\xfe\x04\xf6,W\x9c\x7f\x0c\
\xe8\x5c~%.\x8e\x03;\xb37H\xbcv\x0d\xc6\xa7\
\x11\xe2uW\xc1\xaf4\xfc[\xbc\xad\x1c\xecb\xaf\x0f\
\xe2\x931`O\x03#\xc5\x17\xa4\xd0\xee\xf5C\xf1\x85\
@\xd0\xeb\xfe\x1a\xf1\xd7\x07\xc1\x0e6}/\xfe&\x17\
\xe8g\xb6\x17_\xd1?\x80\x9fG\x88\xbf\x1f\x0d\xf6\xa5\
\xdf\x15\xf1\x0f\xcbq\xdc\xfd\x97\xf8\xc7n\x80G\xdf\xcf\
\x11_U\xc0>\xee\xbd,\xbe\xe1\x05v)i\x84\xf8\
\x86\x1e\xec\xed\xee\xfb\xe2[-0.\xf8F\xfc\xe0\xf2\
#DH\xce\x8a+'\x82}\x17\xb7\x11Won\x8c\
\xd0\xb4'\xe2\xea3\x10\x87\xf6\xb8'~:\x04\xfc\xd5\
\x91\x04\xf1\xef2o\x84V<\x16\xff\xe1}\x10\xecI\
\x84\xf8O9\xec\xc3\x02\x91\xf8\x95\x06\xfcnb\xa5\xf8\
\xaf\xdb`/\xdb\xb4\x13\xbf\xf1\x05\xba\x97F\x89\xdfL\
\x05}\xceu\x11\xbf94\x0a\xc6\xdb)\xfe\xe7G\xa0\
\x9b\xb3\x00>a\xfeh\xb3\xf8\xad\x02\xfc\xec\x92?\xc4\
\xef\x97\xfd\x88\xd0>\x83\x84\x94\xab\x89\xd9\x12\xde\xf3\x09\
\x10'\xe5J\x04\x0d \x1eHr\x93\x08z\x02\xae\x1a\
W,\x11\xac\xff\x0e\xfc\xd3s\x89\xf0\xd1`\x88\x03\x0e\
H\xa4\xf5@\xdf\x07n\x94H5\xd3 \xdeX$\x91\
\xcd\x87\xf5\xfe\xbdK\x22_\x00~\x5c;]\xd2\xf0\xb9\
\x16p\xce\x09\x89[\x88'\xe0\xb1\x13\x12\xf7\xe7\xc0\xbf\
\xef\x17K\x9a\xfd\x08\xf3.\xfd]\xd2|<\xe0\x9e\xae\
S$-\x0b\x97A\xfc:A\xd2\x0a=\x87~k%\
m\x7f\x04{\x9c<W\xd2^\x0d\xfa\xb3\xeb\xa8\xa4c\
\x13\x18\xaf\xf0\x13\x89\x97\x0f\xd83\xa9\xbb\xc4[x\x04\
\xe2\xa6\xf1\x12\xef\xcf\xb1\x9e\xfe%\xe9\x9a>\x11\x11=\
\x03%\xdd\xd7B\x1c;\xcc$\xe9\xfe\x12\xe4]{E\
\xd2\xc3\xa7\x05\xf8\xfdC\x92~7 \xce\x1f\x11'\x19\
\xd2\xff/\x84n\x0f\x96\xf8\xb5\x19\x02t\xfc%\xfe\xeb\
 \xbe\xf5Z#\xf9\xc4\xb7\x18\xf8\xd0G\xa2\x9e|\x0c\
\xec\xe5u\x89z.\xec\xff\xfeE\x92\x00.\xd8\xcd\xfd\
\xe3%\x81\x9d|!\x0e\xf4\x94\x8c\x7f\x0b82\x7f\x99\
$\xac$\x0a\x11\xaay\x92)\x1d\xee\x83\x1f\xed\x22\x89\
*\x04{\xee\xee'Iq\x85}m\xdaH2\xf3\xad\
\x1a\xe2\xe6}\x92t#\xc8\x95<F2_\xdd\x0a\xf0\
\xe1W\x92M\xb1\x80sb\xbf\x92l_\x8a\xfd\xfef\
\xc9\xee\x8e\x10\x1f,\xaa\x91\xec\xee\x01\xf1\x88\x07W\xb2\
g\x92\x09\xa1V\x17%\x07\xef@\xfc\x19\xf0Ar\xf8\
\xc4\x15\x88\xab\xaa$\xc7\xa6\x81^7\x89\x96\x9c\xca3\
B|\xd7Wr~\xc6)D\xb4\xce\x96\x5crOA\
\x84\xfc\xad\xe4\xd2\x1d\xb0kmE\x92\xefx\x80+\x15\
\xbb$?t\x00}<\xb4X\xf2\x93\xaf\x1e\x11-\x05\
\x92\xeb\xa7\x00\x8f\xb5\xdb'\xb91\x06>C\xc4\x92\x9b\
\x7f\x00^x\xa9\x96\xdc\x95\x07\x82=h-\xb9gh\
\x06\xf6\xec\xa5\xe4\xde\x9fo\x01?\xc5J\x1e\x1c\x00=\
l\x13 y\xf8=\xe0\x8fN\xe9\x92'\x87\xc1N\xf6\
,\x97\x98\x06\xc2<Z\x0b%\xbf\xb5\x06>\xab\x9aI\
~;S\x00\xf4\x7f\x93\xfc\x99\xbe\x10!\xde<\xc9[\
\xef\x01\xf0s\x0f\xc9\xbbu<\x84FfH\xde\xef\x06\
\xdc\xd8\xa4\x9b\x14=\x01|\xe3\xb6]\xca\xfd\x1a\xf0q\
\xe0~\xa9X\x0f\xfa\xf4M\x13\xa9r+\xe0\xcd\x9bm\
\xa5\xae\x01\x18\xcfp\xa4\xf5C\xc0\x1e\x8c\xfd\x5c\xean\
\x02;z\xbd\x5c\xda<\x12\xf0\xaa\xf0'\xa9*\xe2+\
\x88S\xe7K[\x85\x00~y\xbcW\xdaf\x17\xf8\xab\
\xcd\xa3\xa4\xbe\x110\xeen\x89\xd4\xf7W\xd0;\xd1N\
i\xb7\x99`7y\x1e\xd2n\xa5;\x80?\x7fJ\xbb\
\xa7\xaf\x01\xfe\x96K{\xdc\xf3\x80\xf5\xa8\xa4=\x07l\
F({\xab\xb4\xcf\x05\xb0O\xd7\xa7H\xfb\xba\x83\xfc\
]\xcf\x93\xf6o\x0dxe\xec,i\x7f\x1d\xac\xa7\xcd\
\x5c\xe9\x00>\xfc\xddm\x90tp\xfda\xf0\xf3>\xe9\
p\x1d\xc8\xd3\xb9\xbf\xa5\xa3\xc7\x80\xbf>\xb5D\x1a\xb0\
\x1d\xecy\xff\x93\xd2\xa0\x83\x80\x03\xe3E\xd2\xa0\x1b\x80\
\xb3\x8f\xed\x96j[4AD\xf3\x1d\xd2\xb8\xe9`G\
GDKuw>\x07\x1cwH:\xa3\x00\xd6k\x8e\
\x91\xa6\xcc\x85\xf5\x0f\xed)\x9d\xbd\x09\xc7\xcd\xcf\xa4s\
~x\x0d\xb8I ]\xdc\x19\xf4\xf5\xd5\x12\xe9\x0a)\
\xe8\x7f\xf7\xfa\xd2\x92=`\xcf\x05\xd3\xa5[\x12\xc1/\
]\x9b!\xdd\xf1\x0d\xd8\xe9\xde\x0f\xa4\xbb\xcc\x1a\x84\xd6\
\x0c\x94\x9e\xfe\xa4+\xe0r$\xfd\xa2\x01\xc4\xab\x9eW\
\xa5_\x0e\x82\x9f\x8f\xfaI\xbf\x8d\x06<>\xb4Z\xfa\
\x1d\x07\xe2\xbe\xe8\xef\xa4\xd7J\xc0\x1en\xdb,\xfdi\
_\x0d\x22:4\x92\xfe\x1c\xe9\x0f\xfa\x10/\xfde\xea\
\xdf0/\x81\xf4v\xdb\x9e`_J\xa5\xf7\xce\x81\x1e\
\x8c\xbc/}\xd8o.\x22\x1aN\x93>\x9a\xd7\x08\xec\
\xc3\x0c\xe9\xe3s\xa0'C\xcfI\x9ft\x85xH\xad\
\x94V\xa4\x9f\x05?\xff\x97\xb4\xe2O\xf0\xb3S\xb8R\
\xd35\xf0s\xdd\xfd\xa4\x95\xea(\x84f\xca\xa4O}\
@n'\x15K_\xe1\xbc\xf8X\xa5\xf4/\x1f\xc0\x17\
\xa9q\xd2\xd7\x0b\xe3\x00_\x1e\x91\xbe\xde\x0c\xfe\xf3\xc6\
_\xd2\xd7\xbf\xac\x87\xf84P\xfa\xaf;\xe0\x90AU\
2\xce\xcbo\x00_\xf5\x94q'w\x02\xba]e\xd2\
\xef\xe1\xf7_\xb4\x93)\x17z\x83?\xd8/s\xfd\xed\
\x11\xe8\x7f\x81\xccm\x06\xe0\x81/\xaf\xc9\xdc\x0a\x80\xae\
\xa1\xbb\xac\xf1&\xc0=\xea$Y\xd3\xf7\xb0\x0f'\xdb\
\xc9Z\xd6\x00_\xcf\xe5\xc8\xda\xe5\x94\x01\xdf\x9a\xca\xda\
\x1d\x04\x1c\xe41N\xe6Q\x04v\xff\x8b|Y\xc7\xd2\
\x1f\xc1\xce6\x92u\xbc\x0a\xf6\xf2\xc6\x97\xb2.\xa7!\
\x0e\x0c\xd9,\xf39'AD\xb3\x03\xb2\xae\x1d\x00\x87\
\xdch!\xeby\x08\xe2\x1c\xf5@Y?\x1f\xf0/\xf5\
~\x96\xf5o\x02\xf6\xac\xf3@Y\xff\xa6\xa0\xcf\x9d\x86\
\xca\x06\xb4\xbc\x0c\xf1\xa6\xbfl\x98\x12\xecD\xfcI\xd9\
\x88\x10\xc0\x0d\xfbJd~y\xd7\x10\xba\x93)\x1bM\
\xfc\x09\xe3\xf8\xc9\xc6<\x07\xdc\xa9\xfeU6i\x14\xe8\
\x81\xfb]\xd9\xe4\x16\xad\x11\x1a5G\x16\xd3\x1b\xe4\x00\
\xe8\xc6\xcc\x8dFH\x88d\xd3\x03\xc0~\x0c\x98'K\
\xbb\x0d\xf2\xfb\xdb\x13\xd9\x9c\xb0\xa3\x88h\x95*\xcb\xad\
\x06\xbf\x1c\xd0J\xb6\xf4\x02\xf8\xafh\x95\xach\x1e\xe0\
\xf6\x03\xa3d+\xbe\x85uv\xe8)[\xfb\x07\xf8\xdf\
\xf1^\xb2\x92~\xd0\xaf\xd18\xd9\xbe\xfe\xe0'\xde\xfa\
\xca\x8e\xd6\x03\xdc\x19\xd8Mv^\x0f\xfe\xf3\x97z\xb2\
o6\xc3\xfcG\xdf\x96]\xfd\x0c\xe2\xcbQ\xade7\
\x16@\x1c\xf5\xc8 \xbb\xb9\x09\xe2\x83\xb9\x07e\xb7\xee\
\xb8\x81\x9d\x1d-{\xf0#\xe0\x89\x8cw\xb2\x87\xc3&\
 \x22\xc8 {\xfc3\xe0_\xc5\x0e\xd9\x93\x0f\x80\x97\
Z\xe5\xcaL\x1b\xc0\x0el\x1c!3\x0b\x01\xaf\xb6@\
\xb2\xaa\xccv`W\xcc\xb2g\x03@\xfe\xde\x1c\x91=\
\xfb\x1c\xec\x97k\xb8\xec\x0d\xc2\xf2\xbeZ\xf6f\x5c\x03\
\xc0\xdf\xbbe\xff\xa4\x14\x81\x9f\x88\x95\x13\xc5`g_\
\xba\xcb\xf9\x11\x107\xb4w\x97\x8b\xa2\x00\xd7\x14\x0d\x92\
\xcb\xd4S\xc0\xee\xe6\xca\x15\x07\xc1/\xac\xf3\x96\xd7\x1f\
<\x19\x11\x02\x0fy\xc3\x83\xb0\x8e\x95\xf5\xe4n;\x00\
\xc7\xccY*w\xfb\x02\xe6\xffE\x84\xbc\xb1\x1f\x8ec\
\x22\xe4M2\xfeA\x84x\x92\xbci\xd0}\xb0\x93\x1d\
\xe4\xcd\xa5\x99\x80\xcf\x16\xc8\x9b{\x9fC\xe8D\xa5\xbc\
\xf9\xa4|\x88\x97\x03\xe5\xed\xc6\x80\xbd[W\x22o\xbf\
\x1f\xfe~\xb7\xb1\xbc}M{\xa0\xf3V\xee\xf1g\x15\
\xd8\xdd\xfer\xcf\x14\xf0K\x1f\xfe\x94wi\x05\xfc\xd8\
XO\xee\xfb\x0d\xf8\xc59\x0f\xe5\xdd_\x80\x1f\x9c\xb6\
Y\xde{ \xd8\xc7\xb6I\xf2\xdeC\xc0\xae\xb7_#\
\xef3\x03\xf0\xdb\xabJ\xf9\xc0S\xc0\x0f\xefw\xf2\xe1\
\xe7\xa1]\xce`\xf9(o\xc0\xadAg\xe5\xfe\xcaV\
\x10'\x95\xc9\xfd\xbf\x87\xb8=b\x9e|\xcc2\xd0\x87\
\x0f\x1e\xf2\xd0i\x10\xcf\xf7_\x22\x9f\x1c\x07\xf8=\xec\
\xb5<\xfc\x16\xe8k\xc7M\xf2\xc8\x89@\xaf\xa9F\x1e\
u\x08~\xf6k/\x8f]+\x80\xb8~\xb0<\xbe^\
W\xb0\xb3\x7f\xcb\x13~\x01\xfb\xe7\xf6A>\x03a?\
vN\x9eb\xee\x00\xf1\xf5\xa7\xf2\x99\xd7q^\xf8S\
\xf9\xac\xc68/\xd9C\x9e\x19\x078\xd8\xfb\xad|a\
\x05\xc8\xbb\xcf\x0dy6\xc6+c\xda\xc0g/\x90\x87\
[\xf2\xc20\xf0\xf3W\x90|\x95\x18\xe4\xe9\xc9[\xf9\
\xaaK\x0d\x11\xa1\x0c\x92o\xdf\x0e~<$\x5c\xbe\xf3\
1\xe0\xbc\x961\xf2\xddG}\xc0\xdf\xff\x22/\xbd\x0d\
\xbf7\xbc\x97\x1f\xea\x08\xb8|\xe0S\xf9\x91\xa7\x10\x1f\
\x8e\xbd ?9\x01\xfc\xb2d\xaf\xbc|7\xc8\xe7\xf3\
S\xf2/o@\x5cve\x9a\xfc\xcb\x1a\xc0\xf5~\x11\
\xf2\x0bS\xc3\x017\x0e\x92_\x96\x83\x1d\xff6^\xfe\
\xedr/\x84\xda}.\xff!\x10\xec\x8c\xdb\x04\xf9\x8f\
O!\xbe\xd8\xe0!\xbf\xfa\xef\x1b\x90\x1f_\xf9\xb5y\
O\xc1>\xf9\xc9o\xa6\xc3|Z=\x94\xdfz\x0ct\
\x7f\xfc[~\xb7\x09\xc8U\xd6=\xf9\xa3\xd2\x81\xe0\x9f\
\xbe\x92?\x8e\x04\xfc\xfc|\x81\xdc\x1c\xd6\x0b\xec\xd2$\
y5\x0fp\xe2C\x83\xbc\xba\x08\xec\xc3\xbe\x0a\xf9\xb3\
\xee \xaf\x0b\x96\xcb\x7fU\xe1\xfc\xe1v\xf9+%\xe0\
\xf7\xad\x84\xfc\x95\xfb\x0a\x88K#\xe4\xff\x06\x7f\x07q\
\xceZ\xf9\xfb\xe6 \xef\x9f\xfd&\xafy\x0d\xf6\xa3u\
\x03\x05\x9a\x01z\xfaz\xb9\x82\xdf\xfc*\xe0\x82\xf3\x0a\
\xfe(\xf0+\xcaE\x0a\xf9\x1e\xf0\xf3\x82\xab\x0a\xe5\x07\
\xb0o[\x06(\x9a\xb5\x02\xff\x9f'T\xb4x\x06q\
\xbc'W\xd1V\xb4\x0a\x11\x9d#\x15m\x83A\x1fc\
?(\xda\xb9\x80\xdf\xb8_\xa5h7\x07\xec\x91\xff\x1e\
E\xc7\x9b!\xa0\xdf\xe1\x8a\xce\x00\xa3\x88q\x09\x0a\xdf\
d\xf0\xdb\xde\x0d\x15=N\xc38\xb2N\x8a>9\x80\
\x03&\xf2\x14\xfd\xd7\x82\x1f&Z*\x86^\x07\xfbq\
\xe0\x8eb\xd8\xd2 \x84j\xde+\xfc\xba\x00\xff/\x94\
(F\xf1\x00?\xf7\x0bT\xf8_\x06=\xd8\x94\xad\x18\
\x1d\x0d\xfb\x90}O1\xba\x0c\xf4\xff\xb7=\x8a\x09C\
A\xbe6s\x15\x13\x8b\x00\x1f^\x7f\xaa\x984\x17\xe2\
\xe8\xe9C\x14S\x92@^\xfa\x86(t> \xcfD\
\x96\x22e\x04\xd8\x95>\x1f\x14)\xe6\x7f \xde^\xac\
H\xed\x05\xfa\xb7q\xa3\x22=\x82\x03v\xed\x84b\xee\
\x5c\x90\x1f^\x82b~\x06\xc4O\xc4\x19\xc5\xe230\
\x9f\xef\xe5\x8a\xc5\xd7\xc7\x03\xae\xef\xacX2\x15\xf8\xd1\
\xa4\x85\x22\xf7\x1b\x88W$w\x14E]\xc0\x0e\x04\xbd\
T,\xeb\xb6\x0c\x11]o*V\xc5\x81\x1d\xe4\xdeW\
\xac&j \x9e\xe9\xa4X\x93\xde\x07\xa18/\xc5\xd6\
R\x98\xf7\xefG\x14\xdbM\x10\xa7wl\xae\xd8\xef\x05\
\xfez\xd9IEy\x180f\xe6<\xc5\x19-\xc8y\
\xc0\xf7\x8a\xaf\xbb@\xbb\x89\x87\x14?\xee\x82u\xd7\xef\
\xa7\xf8e\x16\xc41\xe3\x9e)\xee\x94\xc1\xbeNKW\
\xdc\xff\x00|\xdd\x9e\xacx08\x1e\xf0\xe1>\xc5\xc3\
d\xc0'\x89\xfd\x14\x0fg\x00\xfeO\x9c\x0a\x9f\xbf\xc0\
\xe7y\xc5#\x15\xd8\xe9\xa4\x15\x8aG\x81~\xd0n\xa2\
\xe2q\x09\xe0\xd3\xd4\xeb\x8a\xc7/!>N\x8bUT\
L\x85\xf8:\xadRQ\xf1\x0a\xe7]\xfd\x15\xa6\x81\xf0\
9\xfbWE\xa5\xe2&B\x9f.UT\x07\xc1x\xf3\
b\x14\xd5F\xf8}\xfaW\x8a\xea}\x80\xf3\x5c\xa6*\
\x9e\xb5\x06\xf9[\xd4V\xf1l*\xc8\xd5\xb1j\xc5\xb3\
=\xd7\x01_\x17)\x9e=\x84\xf6\xd9c\x15\xbf*A\
\xaf\xcf\x1fU\xfc\xf9\xfb \xf0S\xfb\x14/\x0b\x80\x1f\
_5T\xbc\x8a\x02\x7fwq\x8d\xe2uJ$\xf8\xb1\
v\x8a\xd7\xd7`?\xf2\x8c\x8a\xb7\x1b\x09\xc0\x97\xcd\x15\
o\x0f\x02^\xfb\xfe\x88\xe2\xdf\xf1\x107\xf4\xcbV\xbc\
\x9f\x0ax\xa0\xe8\x95\xe2})\xcc\xb3\xd2\xa0x\x7f\x16\
\xfc\xdd\x0f\xff*j\xa6\x82\x9d\xb8\xb1Q\x89\xb8`g\
W\xacV\xa2m<\x88;\xe6*\xd1o\xa7\xe0\xf7\xb3\
\x95\xc42\x98\xdf\x84+Jb\x0b|NR*\x89\x97\
0\xde\xed\x12%g\xc8\x12\xf8\xfcC\xc9IN\x84x\
\xbc\xb7\x92\xf3\x1d\xd8\xd1f\xaeJ\x9e\x11\xc6\x9d\xddN\
\xc9\xdbz\x01\xf0\xfb}%\xef\xd5<\xd0\xdb\x87JA\
\x1b\x15BUR\xa5@=\x0f\xe4_\xa3\x14N\x05?\
\xb5\xe2\xb4R|\x0e\xf8\xae\xf5SJ\x86\x01^\x7f\xae\
RJ\x1e\x01~['QJK\xc1o\x17\x1fPJ\
\x0f\xc0\xe7*\xbeR\xc6\x9d\x04\xb8\xb2\x5c)\x1f\xd1\x12\
\xfcR[\xa5<\x1d\xf4]\x1c\xa1\x94\xaf9\x00v\xa6\
\xb3R\xbe\x16\xec\x22\xef\x9aR\xf1-\xc8\x83\xb8@\xa9\
\xd4\x83>\x0bK\x95.C\xca\xc0\x8es\x94.C\xc1\
\xfe\x88V(]\x83a\x1d\x1bg+\xeb\xd7\x83\xfd\xdd\
\x19\xab\xac_\x08\xfb\xfd\x22D\xd9\xc0\x07\xf8\xbd\xdb_\
\xd9\xc0\xf0\x0a\xfc\x96I\xd9`\x1f\xe01y\xaa\xb2Q\
\xf2\x1c\xf0\x07k\x94M>\x83x\xc0\xaf\x97\xb2I)\
\xc4\x1f\xcdz*\x9b^\x04\x5c.\x0bV6kW\x0f\
\xec\xe9he\xb3\x1f\xa1\x9d$U\xd9\xec\xa7\x85\xf0\xb9\
V\xd9\xfcO\xb0_\xcdj\x94-\x86\x80]|?N\
\xd9\x22\x19\xe2\xba?\x1e+[\xae\x03\x7f\xf5\x8f\xa7R\
\xd5\x01\xf0\x97Q\xa2T\x9d\xd9\x0fr\xba]\xa9\xfa\x12\
pRp\x05|.\x02\xfc0T\xd9j\xe8'\x80\x97\
n)[\x0d\xeb\x8e\x08\xe2\xa9\xb2\xb5\x11\xec\xbf\xfc\x1b\
e\xeb\xad\x10\xafKg)\xdb\x10@\xb7\xe6\x17e\x9b\
\x5c\xd8G\xf9Ie\x9b\x8d\xa3\xe0\xf7\x1b\x94m?\xc0\
'\xf7\xbe\xb2]\xe0&h\xbfM\xd9nyk\xf8\x0c\
T\xb6_\x00\xb8\xaa\xde e\xfb\x12\xc0\x7f\xdf\xedT\
v\x0a\xdf\x87\x88\x81\xa3\x94\x9d\xbe\x848\xe4Q\x85\xb2\
\xf3Y\x90\xf3J\xa4\xf4\x8c\xc2\xf1\xfa\x12\xa5\xd7\xa6\xe9\
\x80\xe7z(\xbb,\x00:\xa1\xbeJ\xef\xad\x80\xd7\x5c\
')\xbb\x06\x5c\x82\xf5\xe7)\xbb\xcd\x04<\xce\x99\xad\
\xecn\x80\xf94\xbc\xa3\xec\xfe\xc8\x0f\xec0G\xd9\xe3\
\x00|6\x1c\xa1\xec5\xf6\x0c\xe0\xaeRe\xaf\xcf>\
@|\xb7N\xd9k\x11\xcck|\xb5\xb27\x0f\xf6s\
\xbdI\xd9g\xc1\x00\xc01|e\xdfN\x10\x8f\xf4<\
\xa7\xec;\xe8g\x90\xa7\xaf\x95}\xd5\x10\x87\xb5\x7f\xa1\
\xec\x1b\x07\xfeA\x0c\xbf\x07wDt\x98\xa3\xec\xfb\x13\
\xf0\xa7m#\xe5\xe0\x10\x88G&nW\x0e\x19\x8c\xcf\
Sv(\xfd\xbd\xc1\x7f\x0eZ\xa1\xf4?(\x05\xff\x98\
\xab\xf4\xff\x01\xf87\xec\x9c2\xe0+\xb0'C\x93\x94\
\x932\xc0n\xe5\x0eR\x86_\x0bGD}\x0fe\xd4\
.\xb0\x1f\xbb\xb8\xcax|^\xd1+@9s \xe8\
\xc7\xdfC\x95s\x1e\x80?)\xf3R\xae\xee\x08\xf6o\
\xa4\xbfr\xf5\x88\x9d@\xc7U\xb9\xd6\x03\xfc\xcd\xbd\x10\
\xe5\xe1q\x80\xa3U\xe3\x95\xc7\x87\x81]+\xed\xa9<\
\xcf\x03;\xdb)Ey\xe1\x15\xae\x13X\xa3\xbc\xd8\x9d\
\x0f\x9f\xd3\x94\x97K\x00\xd7K\xfa))\x1c\xf4\x97\xf2\
\xfeY\xc0\x97\x9f\x1eR\xde\x7f\xbf\x1bp\xa3\x5c\xf9`\
!\xc49]w*+?\x8d\x03<X\xa5\xfc\xbd\x08\
\xe49~\x89\xf2\x0f%\xe0\xcb\xef&)\xff\x82x\x14\
\xfd\xb9@\xf9w3\xd0\xf7ic\x94\xaf\xdb\xc2\xbc\xb6\
\xdfQ\xbe\x9b\x00vs\xdbp\xe5\xbf\x01`OjT\
\xca\x7f\xa7\xc1\xbe\xdd/P\xfe{\x00\xfe\xfe\xf6\xb1\xb2\
f>\xe0\xe0\xad\xbb\x12\x101\x89\x0b\xc8\x105C\x92\
0\xb7iM\xe2:\xe5f\x86\xdc\xac\x91m\xbc\x1fs\
9\xb8\x97\xb6\xac\xe8JN\xac\x0fG\x84\xa1>\xe0\x01\
\xe4!1\xad;c\xde\xbc\xc4\xbc~O\xd5\xferS\
A\xf1\xf3Sy\x95\xf3O\x98\x96\x94\x9b\xb2\x8e\x99\x8b\
\xcb\xaa\x97\xe4W\xed_\xf9$s\xbe\x10w\x182|\
\xe8\x18M\x14A\x91W\xa1cH5\xd1W\x1bV\xe3\
\x8e\xd2Q,\xd2\xa0\x04\x94\x88\xb4(\x06e\xd8\xc87\
T\x9d?\xa62m;Pux\xfb\xf3Sk\xd3c\
5\x09\x89\xda\x98\x0cgZ\x9e\x14\xad)/b\xf7\x06\
\x86\xe7?(\xdeU#\x02\x8a\xd1H\x8fR\x91\x0e\x19\
Q\x06Re\x8d\xd1\x96iM9y5b\x1bm/\
\x92\xf6\xb1\x83\xe6\xb5\xf3M\xf3\xd6W\x1d\xdbT\xbd\xb6\
\xe0\xf9\xa9\xac\xf4h}\xaa\xce\x98\xa1\xaa*\xc9\x83\xf9\
\x9bWm7\x9d]\xf5\xfcT\xb6\xf3\x98\x8d\x91*\xdd\
\x1f\xc6u\x1a'\xe4\x0f\x1b}\x17U\xe5\xbel\x95\x95\
\x9c\xa9\xa0\xcc\x99\x84\x00\xf98t\xe0\xfb\xb0\xb5R\xa0\
!h8\x1a\x8aTjy\xc8\xf3T\x0f[k9\xb4\
QU\x1c\xcf7\x15\xec\xaf\x5c\xb1\xcb\xb9W\x17k\xaf\
\xb4\xdf\x83\xc7R=kd9\xdfN\xdb\x12g\x9a#\
\x8d(\x08\xcd\x8b\x93\x07\xdf\x8a\xcc+\xba\x02l1\x1a\
\x056\xaa\xbd0U\xd3\xe9\xe5\xa6\xec|\x1bm\xd8\xd2\
\xaa\xfd\xc7\xcc[3\xcd\x9b\xb6W\xee\xca5\x9d,0\
-\xcb3\xaf\xcf7\xe5\x94\x98\x0a\x97R\xfb\xec<\xbe\
\x8bu\xfc\xd8\xbdN\xf3v\xc1#\x00\xcfk\x9d\xba\xcc\
\xda5c_\xeeL[7\x09\xeeVY~\xd8\x9c\xb3\
\xcd\xb9\xc3xK\x871 BQ\xb0%^H5=\
:\xccc\xe5\xdd\x95\xd95\x22m\xcf\xf0\x81\x86s\x9a\
\xd1\xe4V\xa5\xc0&i\xe0\xbf\xa9\xf0\xaf\x8c\x1a\x99\xf3\
\xe6\xad\xe6\xe7]\xd4\x15F.\xd2\xf1\x8d\x02\x9a\xa0\x0c\
\xa1\xc6Ry\xa9\x86%\xeaS\x12tq*\x8f\xd8\x04\
\x9d&1a\x8e\xd6\xa0JO1j\x8c\xa9)\x19\x9e\
\xb6\x9d6hS\x12bR5\x89\xf8\x1f\xfaTC\xb4\
6\xa5\xa3\xf3\x8c\xfb\xd65\xe3\xff8+/\xe6\xac\xfe\
\x87\x194\xab}\x06\xaa\xf6\xb61\xea;\x8f\xd1\xa5K\
\x17gJ\xad\x81R \x02\xfeN\xce\xce\xbagS\xe7\
4\xa0\x9b\x08k\xd0\x82\x8c\xdb\xd5\xb9\xd9\x90\xc0\xd1\xaa\
\x04\x1d\xb0,1QE)s_Uz\x9a&1U\
\xeb\xc3\xd0j\xd0gL\x12&g\x19\xa0V\xb2n\x98\
\xac\x95\x8c\x95\xbe6\x86M\xb0HBy\x17s$4\
\xc1\x82\xce\x15gK\xcc\xf3\xf6;wp\x83\x0e\xd1\xb0\
\x09\x090n\x02|\xcev\xea\xaa\x1c\x12mLHK\
0\xce\xae\xad\xffds\xf1\xba\x89\x1d\xc2\x95H\x8c\x86\
A\x7f\x03\xcc\xbd3\xf2\xb5\xf5w\x85\xfex\x9bB@\
\x92\xc4\xc3\x8c\x86\xc4\xce\xbe\x0c3c%\x01rA#\
A\x93\x83\x06\x16\x22)@D\xe5AQ\xe9\xc8\xb6I\
:\xb0\xac\x06\x10\xac\x04\xf8t\xe4eF\xd6\xbd\xcft\
v\x9b;D\x17c\xd0'\xc4X8\x9aQUz\xc6\
\xb4m\x893Ewg\x8a\x98\xc6d\xf3\xda\xb0\xc9\xdb\
l\x94\x1aY)Q$L\xa5\x1b\xab\xf7\xe4\x99J\x19\
\x0a\xdc\xc0\x99V\x8e\xd7\xe4\xb56*\x0a\x1a\x95\xca\xd3\
\xa5\xce\x9dE\xeaw\x1a\xa5:W\xfd7mGu\xb3\
U\xda4\xad\xce\x98\xc2h\xac\xf9&\xd5#T>\xc7\
\xbe\x07\xa2!\xc9\xc9*\xb5&I\xcb\x90\x16\xdc4X\
\x18}\xc7\x81v=\xdc<ef\x821:\xbe\x96!\
x\xb8\x9f\xdd\xa6C\xfb\xc4\xd9\x0c\xeb\x88\xdbD\x0d.\
\x9c\xa5]\xa2\xfe{\xba\xa48\xd0\xd6\xbe\x0d\xd9^e\
\x8c\xd7\xaaR\xb4\x89\xdah\xa36F\x15\x0bz\xa2J\
\xd6\x1a\x92\x12RR\x12\xf4:\xc6\x88\xfd\xb1\xe6b\x8a\
\xb0\xad\xd1(\x1e%\x01\x1bc\x98\xea\x02\xbfq\xfc\x9d\
/\xca\xa0\xe9z[rdlG\xa2\xe3\x93\xf41v\
}\xb2\xfc\xcb7\x83E\xf9y\x05\xd7\xc7\xdf\xb7\x91\xe0\
\x0d\xd5DOg\xf0\x117\xc1\xeb\x0cn\x94\x15o\xe7\
#n\xaa2\xea\xa9\xc5%&\xa4\x18\x19\xa4\xc3Ff\
i\xec\xdb4T\x93\xa8\xd1E\xb3(ud\xc3pE\
\x818H\x8b\xdd\x9a]\x04\x86\xea\xf5\xc6D\xbd&F\
kp\xee\xe0\x9a\xac\xcc>=_\x98^b\x14\xe4x\
\x05\xae\xc13\xb3uk1\xd4\xa0\x9f\x99\xa2Uit\
1\xaa$\x8dN\x13\xa7U\xc5h\xd3\x12\xa2\xb5\xe44\
S\x98Nn\x18\x18\x94qH\x15\xf0Y\xaa\xc7\xd4\x0b\
\x89_\xd8\x9d\xdc\xb0\xc0q\xaa\x8a\xd3g\xc1\xbd\x99\x17\
,2->\xc2\xb4E\x96\xae\x8e\xb6\x88\xec\xc6jK\
l\x1d\xe2\x8e&|\xeb\xd8\xc1\xbc\xf1\xa8y\xe3\xc2\xda\
G\xd8\x5c v\xecPuxS\xd5\xe9\xd3\x0c\xc6\x04\
\xe5OoE\xc2\xbcN\xc51j\xd3\xac\x939\xf9\xb6\
n\xcd\x87%&\xc0~\x0d\x07\x914\x02{\xe24\x09\
:\xbcy\xd1z]l\x82!\xa9VJ\x14\x15L\xcf\
F\xa9%E\xc9\x99\x04\xf0\x19H\x83t3\xc4\x00\xbb\
$\xbb:a?\xc4PU\x11n\xb3\xda%\xfb\xb4\x1d\
\x1c\x91\xedT\xc9\x06\xd8=\xedL\x06kp\xfb07\
\xc3H\x87>\x8d\xa8>X\xf5\x12\x92\xf0\xd6\xd7\xd5\x1b\
+\xed\x9cU!O\xec\xae\xcd\xde\x9b\xa6\xaa\xaa\x99\x09\
\xba\x18=\x83\x84\x00\x5c[^\x94\x8b\xad\xb3x\x98>\
)\x19\xb3\x96)\xdeV\x06Fu\x0as\xb3\xb5o:\
\xcc\xc2\xb5\x94h\x83V\xabK\x89\xd7\x1bkg`\xb6\
0\xeb\xbd\xad\xa7`\x98>9\x819\x8cc#\x1e4\
b\xd8,7\xdc\x043\xcd\xc1\x99\x0d\xb3k4\xee\xa4\
\xf2\xc7\x9c\xa3|\xd90\x06\xe6\x08\x17\xc6yN\x8b\xc4\
\x1a\x87i\x05\xfb\xa4\xa6\x05\x8f\xc5:\x98\xf6\xfbr\x9e\
\x8dN\x17\x92\x8eF\x95\xa8\x8f\x06\xafF\x9a\x07\x10\x13\
\xcc\xd7\xe8T\x83\x01,\xaeM%\xf5\x89,\xea\xad\xb2\
N3\xd8'xZ\xde\xa9\xb8\xcf\x1c\x1c\xe70\x9a\xe3\
T\x91\x03Q[\x8d\x0511!9J\xaf1\xc4X\
\x9c\xe80\x86\x13m\x10.\xc46{5?\xedwj\
\xfe\xc5\xef\xe6\xc5\xda-7I\xcef\xb4\x13\x8c\xda\xa4\
\x14\xdb\xcca{S\x8d\xcc\xc96\x08\xf3\xc0<\x08\x18\
\xfb\x99.85\xe2-\xe6\xcc\xc4\x816\x8a\x1d\x86\x19\
\xb4\x1a\xacn\x96\xa5\xaa\xb0\xc6\xd0\xf8\x809\xc4\xb6\xe3\
NT\xe7\xccq\xb0q\x9eV\xaa:\x956)\x19\xb0\
\x0b\xc9\xe2\xffH\xba\xf1\x94\x17\x98d\x1dX\xcc\x85\x22\
\x1fS+\xacs\xc7s\xc3\xde\xaa\x0e\x9c\xd8d\x98e\
\x1e\xc9\xe0%`\x7fj\x07\x892L\x0d\xebFD\xc1\
\xe2H[\xff\xc6\xd6\xfe4\xfd\x00E\xd4\xceb\xed>\
\xb7\x8bv\xe0\xf4\xeb\x01\xb9\xb6\xee2k\xf79z=\
\xc3\xb8\xf1\x82\xa7\x05\x0bmM\xb9\xc3R\x99\x9ek\xb5\
K\x8e\x97\xad\x85p\xb86V\x93\x9a\xc8l\xe5`\x16\
\x05\x94ieX6\xdc\x08\x83j\xbbe\xb3\xd8`?\
\x12=\xb3\xb6w0\x15\xf5,\xedCl\x9c\xf8\xef}\
Rj\xed\x83\xe5\x00z\xd5%\x07\x14\x8d\xda\xe5\xa0\x19\
F-\xecDh\xa8\xa4\x01I\x06\xa3\x12+\x1d\x16\x14\
\x22J\xfb}Z\x13\x07#\x22\x1d\xaeM\x81^\xac2\
\xec\x8eMNa\x9b\xe8\xed8,\x9c/\xc4\xca\x11s\
% <\xefb|\x7f\xbb\xea\x0d\xa7l\x8c&\x0d\xd8\
\xac\x89JH\xc4 ?Vo\xa0\x94E\x0f\x16\x9e$\
\xcd\xc4\x97\x98v\xf1\xe3\x8c\xdbv\xf4j\xa1\xa4\x8f\x8d\
ML\xd016\xb8-\xee0\xe5\x05\xee\x82\xe3s\x1c\
\x8f\xe3\xa9E\xb9\x15\xce\x8a\xb9\x18\x94\xa6\xbe\x89\xffn\
#\xd6\xd5\x91X?\x08\xf0\xc0\x7f\xea\xc0\xe2\xa8`n\
\xd1\xf1z=\x09^\xf4\xa0\xca\x06\x8b\x99dH<\xe6\
S0@\x02\x07\xa9j<<\x01H\x19\xf5\x86\xd9*\
\x8c\x9a0\xbfcY\x05\x8c3g\x8e\xdd\x19\x8f\xc0\xf6\
\x83!\xd7\xcb\xbds\xb6\xd1\xda\x18\x0cz\x03\x13\xdb\xbd\
\xce\x1ac\xd7\x90\x11\xb3\xb4\xd1\xa9,\xc2\x8f[\xcdK\
\x89\xf3\xb43\xd3\xd2\x12KsB2S\xa5\x1c\xd6$\
`W\x91\xd63Z%\xde\xc09-6\x84\x9c\xb60\
<qj\x07\x1b\x89\xf6\x14\x09l\xc6\xc1\xaa\xc5\x00\x22\
\xc0[oL\xd0\xa6\x90\xc2P\x9bh\xbb}$\x0cv\
\xf1\xfbH\xe8+\x8b|V\xd8r\x5cd\xf0\x8di\xad\
\x22\x95v\x0c\xec\xa7I1F\xe9\x99\xda\xe8\x8aU)\
\xc5\x10r\xd3jZi\x0a\xd4\xd4O\x0b\xb1\x0a\x09\xeb\
\x1dm*\x1b\x9awp\x14<?\x98\xa4s\x13\x09n\
\x82\x11\xf4x;\x96\x97\xe3\x86\xaa\x11\xb3\x92\x13\xf5\x06\
\x16\x87l\xefA\xe5\x19jeKc\x07:*\xafZ\
\xd9\xa3\xb0\x93\xc4:l7\x16$\x01\xad\x95\x00\x95\x99\
aHUL\xb3\x8c\xd6\x0e\x0b\x95\x92\xddR\xb4\x1aC\
t<c'pK\xed\x928O\x07\xa8X\x8f\xeca\
\xd4\xce2\xd6\x06\x12]q\xbfPy\x08?\xb4\xf3\x8c\
V\xdaQ\x93\xc3\xd2i\x91\x16\xee\xad\x83\x90\x13\x83_\
#\xe0\xe0\x14pN\xb0T\x08q\xa3\xe35\x06\x0d\xe0\
\x07\x033\xac,L\xd0|cw;~\x09\x0c)p\
\xc3-0&u\x00h>t\xee\x18\xb1$\x87\x91\x90\
\x94\xc2h>\x0c\xc3n%\xe2\x00\x9b|h\xb0\xc9\xcd\
B\x86B\xb6\x16\xb0\xe4\xd3\x91\x95\x10\x8b\x8a\xb5\xa3\x8b\
\x8d\xd1\xb6\xc5\xed\x18\x10\xd9\x09\x0c\x09\xfcX\xe1\x9e\x1b\
\xd5\x0c\x87\xf4\xac\xbc\xee@uS\xfd\xcf\xec\x0e\x1e[\
\xd8\xd5n\xa1\xfc\xf4\x86\x99\x00\x0d\x991\xd6H\xe4\x87\
&8Gq#\xfd&\xd4\x12\xc5\xb5\xa6k\xe9G\xac\
D\xdb\x91Z\xa3\xb3\xd2~4i&\x88\x1a\x1c\x9e\x98\
1\xdcn\x7fG\x1a\xf4\xa9\xc9\x0c\xe9D\xfe\x10\x1b\xaa\
\xc2|\xc2\x06\xa3\xbe\xd8\xdf\x84=\xb4\x1b'\xff@\x95\
i}\x99iCf\xdf\xca\xbd\xfbM\x05[\x19\xac\x99\
3ge\x91\xddJ\xf8\xc70\xad\x84,\xf2}\xaa\x16\
/qJG}\xb2\xad\xa9\xbb\x7f\x9c\x0e\x14S\xa5I\
N\x86\x18\x90t\xa0\xaah\x83&%\x9e\x19Y+\xac\
\x04f\xb4ZUC\x93\xfb\xa6,$\x8c\x09IZ}\
*3\x11CNbrvP|jrDo\xc6$\
R\xc0\x91\x18\xb0W\xd7\xce\x8a\xd6&\xb3:s\x09\x0e\
#\xa6\xbcp\x08\x8ddd\x80\x03\x92\xc4\x16E\x89p\
\x87\x9c\x94\xa9\x17\xec2N5\x8f\xd1\x82\xdc%2\x06\
h\x86\xdb\x87\xf7\x9d\xfc\xc6\x87 \xc5\xb8C\xb824\
/\xe0wm\x9f\xd8\xa1+\x97\xdb\x8fX(\x1a8\xbf\
\xe7I\xe1\x0f\xea\x9fd\x92B\x1f\x93\x10\x9b\x80=T\
\x023\x83\xd5 \xce4S:\xe5E\xf4\xb8\x14C\xda\
B\x8c#\x1c@^\x1b\x7f]J2F\x0e\xd1\x9ad\
c\xaa\x01hX\xe2*;\xeac\xb2\x94\x9e\x90\xb5\xdb\
O\x7fKFwH\xe0h\x06K\xb0fb\xad\xa4q\
\xd0\xa2|lI7\x91vV`\x7f\x87\xe6\x0a[\xf3\
\xd4\xa4(\xa6\xfeK(;\xeb\xd0\xa5\x9e\xb5\x0b\xc9,\
\x1d[noyjZ\xc5g\xef\x0a\xfc\x1dr{\x0d\
FkgS\x11 \xa0\xab\xe4Z\xd2{\x8d\x83\xde.\
\xf7\x0eUd\x04\xc6E\x02#\xc6\x22=\xd2\xa1\xe9\xa0\
\xb9\xb3\xedy\x84\xd1\x09\xc0\x8b\xb1z\xddt-\xc4\xb1\
\xb1`]TZ6\x10\xa4 \x010 1\xecZh\
\x1e\xdbu\x8c\x05\x81Y\x5c\xcb\xe3\xcc\x1d\xec\xd8\x19\xba\
\xd6\x89\x9d\xeb[\x09Y\x8d\x05\x0b%A\x80:\xe2\xef\
B\x83}/\xc7\x80M\x1f\x03\x01\x9c.\x9a\x81\xecd\
\xea~\xd9\xf3\xc2\x15\xf3;9p\xad\xd1X\xcd4=\
6\xb0i\x09q\x94B\xb23N\x16\x87\x02\xd40\xdf\
\x104\x9c&;\xc2\xb1\x10y\x86\x0c\x1f\xcd<!\xc1\
\xac\x8d\xb2\x1c\x09\x06\xc2\x7f\x0d(\x16\x1f\x09`\xc6\xd7\
\xc8&\xf8\x86~2\xe5Ej\xcb(\x97:\x0c\xa8\xe7\
X= wm\xa0\xd6\x10\xab\xd2B\xf4\x17\xe3\x09(\
.Yo0\xaa\xe2\xb4:\x8c\xe0\xeb2\xa4\xc3\xeb\x9e\
@\x5c\xa70\x0f\xb5I-\xc5h:jn\xb0\x0f\x9e\
P\x1dS\xf1\xaeu*\x00\xd6\x01K\xa6\x82.'\xe8\
j\x9f\x8d\xe7\xc7f\x83\xe7\x00\xff^\xef\x10\x05\xb12\
 \x05bQU\x8c\x0d\xee\xdb\xc6w\x1e2\x98}\xc8\
B\x14\xf4v\xd6\xa9\xe4\x93L\xc9\xa3v%\xe4y\xe6\
{\xb5|r\x9e\xd6\xe8\xc4\x0e_\x1a;F\xd1'6\
+\x01\x87\x893\x13\x8c\xf1`Vc\xb46\x1e\xf4\xb3\
\xb2(I3[\x15\x85S\x14\xd1\x96,Y_[J\
\x9a\x91\x0a\xff\xdf'\x1d\xd7\x09\x8b\x11\x9e\xbamzC\
i\xd3\xa3\x1c.5=<U\xe79\xea\xf4\xd6i\xce\
\xd4\xa4\xd8\x05\xcbyb>\xec\x13S_\x09\xf3(\x1c\
\x9d5\x06\xc7~\xd6\xa4i`\xf8\xf4(\xda\x09\xbb/\
m2\x09)\x00j\xb1u1\xa4\xeat\xf88NE\
eSC\x8c\xfad*H1\x1af3\xc3c\x86K\
\x11\x8d\xb5\xf8\x0d\xe7\xa6-\xe8\x16\x0d\xa6\x07\x8a\x1e2\
u\xfa\xf5PQ\x8e\xc8\xc1\xc4zX\xcc\x1b\xa9\xea8\
\xe1\x19\x0d\x9fT\x22\x0d<\x01\x9e\xa7\x05b1\xcf\xa5\
k\x1d\x80\xa9>4\xb0X\xf7\x80}k\xc7\x91\xc1\xb5\
\x0f\xc8&\x0f\xa8]\x8d,\x22mU\x04\xfc\xc5\x17~\
\xf6\x81\x9f\x9b\x86\x0b\xa3\xc5\xd3cp\x86h\xee\xa7s\
\xf3h[\x13V\xcb\xa4`\x97R\x93\xf0~\xd8f\xe5\
I\xea\x99\xaf\x8fO\xbb~$\x0aM\xd0\xa5b\xc3L\
J\x951\x1e\xd8\x15\x93\x90b4$D\xa5b\x03\xda\
\x85y\x0e\xe9\xb0\x86\xe2]\xd3\x22\xe7t\x99l?4\
\x92Z\xe6\x91\xa2e\xee\xa8S_\x9c\xe9X\xb9\xbcx\
\x85\xfd\x0c\xd3\xd2\xd7\x18o\xd0\x1b\x8dL(\xd7\xda\xb1\
\xbf3\xbf0/\xed\xd8\xcaB\xcbvtdg\xc9G\
\xa65\xe1\xa7\xe0u:\xcf\x1c{6\xb5\xbe\x85\x94i\
i\xae)g\x9d\xf9Hn\xd5\xfe\x95\xcc\x12\x0c\x07\x1a\
\xb8\xd2\x01\xcc2=\xb3\xe0f\xa5B\x164\xe0\x1a\x95\
\xb3\x85U%yL8\xec@\xc8a\x22r\x0b\x09\xf6\
)\xb4g\xf6\xc4\x13P{\x91\x0a=\x0a\xab\xb2\x03\xb5\
.\x0e\xd4\xcc\xfb\xb6\x9a\xd6\xef\xa2\xe6D\x15Y\x98\x16\
e\x99\xe6\xad7\xef\xdb\xc2>\x9c\x13\xd7\xf0P\x0e\x01\
\xb0\x95k\x14\xc9\xca\x9c\xa3\xe6\xccy\x0ck\xa0\xbb\x1a\
|\xc3\xc1\x83\xc3\x12\xeb\xf0\xdb\x8d\xa7\xbc\x98\xfd.\xf8\
F\x1dq\xbbb\xac>\xad\x8eD\x1f\xcf\xe1\xbc\x95\xc7\
\x06\xfb\x04\xb8I\x8d\xbb=j\xc1\x8d\xfa2l\x07\xd5\
\x8a\xa1\xb2\x92\xfc\xe7\x91Eux\x9b\xe6$5\xdb\xfc\
$\x81\x1ac|\xed.$\xa2\xb6QVG\x84\xe52\
GA\x12\xf2t\xde\xf1\xf7]k\x99U7\xda\xac\xfa\
9\xcd*tv2\xcd\xb1IpM\x80\xf5\xc7\xae\x8e\
s\xee\xc6\x98\xf3\x99\xff\xb7sF\x12|\xdc\xe5\xf4\xfb\
\xee\xf8\xf7Q\x83\xe3\xc4\x99|\xa7\xbf\xf4\x80\xbf\xf4u\
\xf8MO\xdc\xd6\xea\x85\x9cZ\xf7\xa2\xf1$\xe3\xff\x07\
O$\x81\xf6c7\xebo\xbbgH\x02f\x82G\xb6\
\xfe\xdc#\xa3/\xf5\x8f\x9e\x19\x12\xab\x0b\xb4\xfe\xad\x17\
\x83\xab\x22\x06\xd6\xad\xa7\xfe\x18\xca\x15i\xcb\xa8s\x1c\
\xbb\xafUkg\xaa\xd8Sie\x8c#\x1f\x09\xd9\x98\
5\xd3\xe1\xaa-\xab5\xcb\xd1\x16w\xfb_S\x1c\x22\
\x8a M\xed\xc4V2\x0c\xd5sSK\xd5(\xb2\x07\
\x0e kD!/\xb5'B\xeb-O\xa5%\x85\x1a\
\xa9q.\x8cv\xda\xe2\x11\x9c\x10\x17od\xd6\xa1\x84\
\xbb\xcfhe\x89\x9b\x18`\x08\xe3W\x9awm\xaf\xd6\
\xabh\xd8\xc7\x82\x5c\xc1WZ\x92\xf2\x10\xdb\xcd\xd6\x1a\
\x19\xceR\x12\xd7\x09g4\x1c\xf2\xe6b \xc5\x9e\x0e\
\xc7\xadg\xc5\x5cth\xedjkm;\xcec\xc4n\
\x14\xe2\x0e\x1e;\xef\xadC\xb9GS\xe8\x1a\xab7h\
\xe3\x0c$\xa4\xb7em\xd8\x00\xb6,qY\x9c\x18\x97\
\xc69\x84\xe5\x8d\x80\x02\x8d\x8f\xb6\xb5\xb2\xf6\x8e\x13k\
G9\xf4n\x00\xbd\xa9}\xaf#\x8aWLy\x81c\
G\xdcQ;\xab\xe8\x07\xfb\x116\x15b\xab\xf4\xb1\xe4\
!\x80\xb6N\x22\xbc\xa8\x90\x95\xf6\x133^@\xb2\x96\
q\xd0\x22\xc3M\xb0\x80\xe3\x93H;wqSR!\
Tcj9et\xc3\x1dAJ\xac\x92\xa1EF\xf8\
\x8f\xde\xee\xb0H\x12X*\xb4F\xa3\x9e!c\xec\xbd\
\x91*\xff\xc1\xd2\x18\x9c\x12\xa1\xa5\xae\xdd\x1d(\xa9\x8c\
\xa0*Z\x15\x0e\xba\x99\xfa'\xc2d\xb1\x88\xdaa\x17\
\xd99\x98\x94\xcb\xffe\xedT\xc9K-ko\x8f;\
\xc6!mY\xda\xc2\xba\xf4\xc4F\xb2\x15I\x12\x9f\xdd\
&B\xdc\x91bd\xaa\x0c\xa3j\x05\x8f\xa0\x96\xa8Q\
\x86\xbb\x93\xf5q\xb3\xd1J\xd6\x90YG\xf6#v7\
\x9c}p&B\xcb;4\xc6d\xc8\x04\x06\x9d\x0a\xcb\
yC3+\xa1\xba\xd3\x18Vru\xa41x\xf8\xa8\
\xcc\x0e\x1f\x02\xf0\x01\x18c\xda\x05\xbd\x83\xde\xd6u*\
\x13\x90jLN5\xd6\x99[\xc5\xde\x8e6\x0c\xf6-\
\x8c\xa9\x80\x85\x96\xdb\xf3\x1b\x81\x94\x09`\xc8\xc7*\x94\
=\x0f\x9b\x0e\x87\xd6.\x96\xd6 T3R!Dg\
\xda\x0c\xd6}\x93\x07\xd6\xb5]\xbc\xbcSj{r\x9a\
\x1f\xa8Ia\x1e\xb5\xb5\x9d\xf2\x22\xfaG\xf56\xdc\x12\
G\x08,PB\xb5\xda\xbe\xf0V$\x0d\x08r\xa2\x92\
\x12\x8c\x0eY\x14\xb2\xec\xc1\x83Yn\x0a \x12\xd3\xae\
\x03D*I\x9au\xa0H\x0cM\xec\xf6\x06\xfb~\xc6\
\xfeP\xe8\x85\xbeT\x00\x08\x0c=\x9e\xda!\xf3}\xd1\
\xc5\xe2\xaf\xedz\x8c\x95EoH\xc2\xf5e\x8c\x80\xd8\
\xda\xfa#gWn4\x1au\x9c\x5c\xc90\x90\xc2\x87\
\x8f\x0e'\x95nv\xe8B\x9d3\xb2\x9f\xbd\x92\x9dc\
_i\xcb\x1c\x8fni\x9dS\x93cpi\x07{w\
\x9eC\xa1\xa14\xb0\xf6\x82Bw\xdc\xf2?,\xd8V\
\xe5T\xfb\x82E\x98\x94\xc3\x89p=zG\xd6\xd3a\
\x5c\xc8\x0f\xabd?\x9fuX\x84\x8aN\x8bZ|L\
\x9d'\xb3\xb2\xe2[\xd1B\x5c\xef\xe1\x08\xeb\x02\x13t\
\xd1\xf1\xde\xb8\xda\xa3\x16X7<\xe7[\xb0\x1eZ\x98\
\x92\xed\xe0$4\x8f:8\xa9\x91\x05\xe4N\x9cO\xe6\
\x0b\xfa\x00\x88\xee\x02\x9f=Qo\xf2\xb3\x0b\x99C\xe8\
\x0b\x80\x98\xfc\x8fm<\x9f\xc0D\xad&E\xab\x82\x91\
\xc0\xdd\xfa\x07\x92\xa9|\x9cC\xf2Ti\xbb\xc4uQ\
\xf9\xf6\xe9\xda\xc5\xb7g\xef.\xbe]|}\xfa\xf6\x80\
\xffs\x9eN\xcf\xff0\x9d\xc90p_\x98\xc0\x14\x96\
\x09t\xfc\xc8\x04&\xf7\xed\xeb;\x85ud\x17jd\
\xab\xe5\xa2\xc1\xb5f\x0e456\xec\x83\xf1$\xc3\xf2\
\x0f\xa6\xc8`\xfcB_\xc4\xff\x01/{9\x0dK\xa1\
\x1f\xbc\xa4\x98\x18\xf0\x7f)\xff\x95\xa5>9\xdf\x86y\
\x04\x0d\xc9\xf1M[\xb8\x80\x1b&\x0f\x8a\xb3\xce\x0f\xfc\
\xb0\x93\x18\xe23\x0a\xda\xc2\x07\xb0\xce\xc0f\x11\xc9O\
2\xd3c\xa9\xb1\xd2$&\xeag\x82\x9c\x1a4\xba8\
&gFQ\x9c\xc1\x09\xd4\xffK\xd2\xd6\xc7a~\xd6\
\x1c\xea\xff\x89\xd8yRs\x88\xbc\xb0Z\x14\xebM\xce\
A\x15\xec\x03\x9f=\xc9\x11\xbb\xc1\x7fU\xea\xd1+\x97\
\xa7-\xd4\xce\x9a\x1cF\x1362\x89\x9b\x0a\xd8$\x0a\
\x17\xb3\xe9(\x94\x19\xa55\xce\x04p\xa9\xf2%\xa7\xd1\
\xb3G\x8fn\x8c\xf1\xda\xdb\xc7\x0b\xf3\xa8}<\x9a9\
\xa0\x8f\xf4\x1f\x06\xe09\x9c\xea\x0b\x03\xd9\xcf\xf2\xddq\
\xab\x8f\x1c\xd66\xb6\xf4\xfd\xe8\x01m\x03Ll\xca\x8b\
\xa8N\xdac52\x5c\x8a\x92QU\xe0m\x8fy\xac\
d\x8c\x86T]46g\xfdT\xda\x98\x04\xb2\x00\x8a\
\xca\x12\xe2X \x86i\xb0\x01Ha\xc2u\x18\xec\xfa\
\x16\xd2t$\xc5\x0c\xf3$\xf60o\x8a\x99\x11\xe6\xb9\
\x934\xf4\xa9)\x0e\xa1\xde\x18m,3\xd2\xe39\x14\
\xd2H\x02m\x953\x0c\x0f\x8b\x1bb\x97\x88\xbdD\x1d\
\x1cv\xb7\x93\xa0\xdcF\xed<v\xc3$\xeb \xd5\xc0\
N\xaav\x22<\xb5\x94V7\xcd\x0bLMLd^\
=\x80&\x0e\xc1\xbe\x187c\x8d\xf6\x01\x01\xe1\xd6u\
\x22\xa0T|k\xa5\xee\x829v\x1at\xb4\x8c\xa9|\
\xa4^\x8e\xa7\x96\x04\x1e\xa2/-\x85\x81\xa5$\xb8I\
\xb0\xcf\xf4\x98\xc5\xe3\xe8\x8bK\x89W\x8d\xd2\x1aX\x17\
\x07\xed\xeb^\x5cJ|\x1d\x8b\x13\xa5N\xcf{\x1a\xd4\
)\xc8~\xc4 \x0cJ\xd5\xe0\xb2;\xc6\xe4\xb1\xac\xd8\
'\x1f\x0cx\x89){\xbe\x19\xd7\xec0\x107\x99\xcd\
\x84\x81Q\x91\xbb\x1d\xcb\xab\x82\xb5\xd1\xfa4\xad\x819\
\x22\xbe\xf7h\x9fW\xb06\x16\x1c\x0b\x83c\x9d\xa2\xae\
e\x8c\xc3\xc1\x0cN\xaa\xa8\xe5\xb8\xf0 m!>\xe0\
\xafC\x10}\x81V*yw\x0b\x82O=\x0e\xbe\xa8\
rd\xf2\x5c U\x97\xa2\x89\xa5\xfcg\x1d\xe6\x04W\
\x0c\xe2h\x9e\xb5\x96\x1a\xe2\x08\x1c\xc9\xff\xf7\xeai\xb2\
~\xd1\x01iK\x83\xb5Iz#\x8e\x08\x99\x80\xdb\x85\
\xac\x1c\x1d\x5c8\x0b\xf7\xc2e\xd1\xf4\x81\x93\x80\x97\x8e\
\xf7X,#\x93\x95\xd1\x0c\xec^t%4\x83\x16\x09\
\x09\x82\xb5l\x07\xf7]\xa7\xbc\xa0\x1a\xb2^o\xf1B\
\x03\x99W\x5c\xec\x00\x85\x22Is\xcd^\x03k\xcd\x02\
\xbbb\xf1\x08\xd9\x14\xb0\x18\x9c\x99\xf3\x1d\x9dv\x10\xf2\
\x1bq\x0d\x09^\x9d\xde\x90\x10\x87/\x03~\xf4\x96\x8e\
\x04\x87\xedNw!\x1bP\xc9\x03\x95\x1a\xcc\xe8\x90\xda\
2=.\xc1c#3q\xfe-P\xea\x14\xf75\x09\
\xd6\x1aS\x0d:k\x95\xb9\x0e\xe7\xe0\xd8\xf7\xd5\x05_\
\xc2\xc1\xc6\x9dA\xa3\xb9#\x8dd\xab\x81\xaf%\x96,\
\x5c\x18\xb2\x89\xbeI\xa0/\xcc\x82b\x14\x8c\xf4\xf0\x1f\
#MKY\xaa\x16E\xd8\x9e\xe1\xc3O\x9ajQ\xc7\
\x9a\x0c\xe1\x081O\x9e\x90|\xd2\xde.D\x03\xb25\
\x84\x99\xd1\xa4\xda\xd1\xac\xa1\xc4\xd2\x92%e\xe0\x1ep\
o\xf2\x84\x8fx\xf5\x86d\xf7\x8f\xb9\xf4\xc6\xe1B\xec\
\xc4C\x15XV\xe2<1]\xa7\xbb\x01mI:\x98\
\xbf\xd8\x99\xe3r\x1d\xbcU\x1f\xb9\x1c \xa1\x089\xa4\
&\x15\x14!\xbdj8k6\x13\xec0\xeeT\xd7Y\
\x0d&P\xbb\x19\x96`\xd7\xef\x94#\xabg/\x1dW\
\x8dgM\x8d\xc9\xc8T\x22\xc8\x95\x83\xe5h@\xebG\
)\x07\x8b\x09!\x07\x0c\x1a\x16\xf0h\xaa=\xbdW\x9f\
\xd61Ik\xd4@X\xa7a\xec\x1e\xae\x0b\xfe\xc8\xee\
5\xa2\xaa\x84?\xba\x7f\xcd0-\xeaFN]w\x12\
\xac\xd4\x12t\x09\xd8\x95\xd5Q\xbd\x8b\xe9\xe1d\x93\x03\
\xbalh\xe9\xaf'\xb3L\xb5\xd5\x8d\x0apu*M\
\x80\xc5!dY*\x8b\x13w\xc1yk|\xd3 \xa8\
\xeb\xe4\x09\x0eV\xbfy\x08iqU\x96\x8b\x07*R\
fl\x05\xde\xact\xb2\xe7a\xffM\xd9:\xda\x06R\
t0\x9c!\xaf\xb2\xb0\x01\x85\xb6\xb8{]\x99J\x87\
\xa9\xb5\xb6\x90\xa4%)-&\xb0\xd6\xf95\xc8\xf9\xd6\
\x9a\xa1\x0fU\xe0\xa2_\x879\xb6\xb4\x10\xd4X\xbd\x0b\
L3\x8a\xba\xc4\xc7ze\xcf\x03\xd3\xc2Z\x8a\xa9\xf8\
\x10\xd8?G\xb9Y\xf7\xabF\x16\xe61=\x06\xef\x1a\
-\xbc\x1bd\x1b\x81TZL\xd5\x93r\xd3\x9e\xb8\xe8\
>\xc5aWat\xcb\xc6\x82\x9bS\xc5\x03Tb\xec\
[cj=a\x1e\x19\xb7kY\x93\x97uD\x9dJ\
\xaf\xc3u\xfe\xd6\xb5Ei\xf1\xd9\x02\xb5>\xb2D\x9f\
m\x85mq \x8b)O\xe7\xa9\xbd\xf0H\xd3c\xa8\
q\xf0i\xb1\xf5\xb2\x03cuT\x11\x82\xc5ASq\
\xaauP\x8d\x81\x5c\x16\x95\xdf\xfa\xd8\x05\x08\x17\x14\x82\
\xe2a\xfb\x13\xe1?\xaa\xd0\x0cu\x85\xbd\xee/$^\
\x0b\xd8\xd8Tt\xba\xa2|\x1b\xb3\xbe\xc9\xd6\xcd\x87\xf8\
\xf4]\xc6\x0c|\x03\xd8\x87\xa0\xe2\xbf\x02\xff\xb4OC\
\xf3\xa6\xb5\x8a\xf9u|\xfc\x14S\x90\xfdM\x80\x1e$\
\xc9'\x99\xf3*\x0f\x95W\x96o\xa2\xee\x07\xe3\x1f\xc9\
\xba\xd5\xaa\xd3\x9f\x9b\x0a\x8a\xf0S\x05\xbbJ\xcc\xb9\x9b\
Lkv\x99\x8em7-:\xc6P\xd7\xd5\xfa\xd9}\
\xb1\xa4\x86\xb9\xd1.\xa8\xba\x86\xc4\xebgZ\x0f\x9d\xf0\
!\x1aKE\x1b\xee\x88\x1d\x18~X\xc2\x9e\x8c\xa5:\
\xa6\xeaT\x89\xfa8\xe6\xb1\x09>y\xb5\xfbE|\xa2\
\xc9h\x924$v\x8b\xdd\xc7\x86$\x81\xefd\xa8\x9d\
;\xbe\x1d\xf0\x11\xfb\xe7\x16b\x84i\x7f\xd4\xfc\xb9\xe1\
\xdb\xab\xd3c\x8a\xc6~\xa6[\x99;\xf1[Fz\xb4\
;E&\x99\x96\xe0\x8c\xd6'b\xa9\xc1)G{\x09\
\x0by\x933.\xd5\xc0z\xac\xd1\x02;{<gv\
SA\xb3\xfdx0,\xdcI\xa4\x89\xc0\xa32\xdc<\
.\xabp\xc8\x81J\xc9\x02(\xf6\xb4\xa7\xbb\xb5u\x9d\
~\xde\xde\xbfvF\xb9`J\x18g3X\xd4\x9e*\
\xc0\xc2\xc9\x1d\xfc\x22\x80\xb6\x16f\xb1\x22 L\xd4\x1e\
\x83`B\xc9,\x10\xc8\xd3\xda\xb46S\x1b\x91f-\
c\xa3y\x0fO+9\x1a7\xc9l\x88\xa5N\x0d\xff\
\x85\xaa^c\x8b\x12\xb1\x1e\xd2\xe4pv\x0a\x00w\x86\
\x0e\xe0F\xd1\xe2\xe5\xa9\x8e\x09U\xaa\xb1\xcaV\x1c\x95\
\xc2r\x0diZ\x13F5\xa8$Tc\x88\xd3\x1a\xd9\
\x0aB\xc9[[$\x8a]\x8c\x8f\xbf\xa9D0\x8e\xdf\
h\xa6\xda;\xd4n\xb6\x0c$\xac\x05\xa8\x03V\xd4z\
\x16nG\xe7\xb8p\x9ai\x9a]q>&\xfb\xc9\xac\
S8\xca\xa6\x827{\x16\x8b\xa4\xad\x9f\xa9\xb3\x1c\x8d\
&X\xea\xc0S\x13c\xc8\xda\xae(<2\xae\x0dd\
\x9e\x15[\x8a\xdb,\xf5dv\xa1\x0d\xa5J\xd7pU\
\x18\x03\x16Q}\x1c+\xa1-\xed\xfd\xd9+\xeb\x1a\x7f\
\xb4\x86\xce%\xf4#\xb5r\xa2\xec71\xb3\x1c6R\
\x16\xaaO\xad\xf5\xa5\x03\xc9\xd2\xef\xf2\x1f\x19\xb9\x0e\x1d\
\x5cB\x0d\x9a\xe8\xe9Q\xb8\x1a\xbc\x96\xe7\x11pI\x8a\
\xdd\x00\xe2\x0a\x0f\xe7&C\xd18\x90\x8b\xa1\xd4\x93\x12\
\x85m2nG\xe6\xe1\xbaH\xeb[55Mg\xb4\
\xca\xb8\x8d\xff6a\xfa\xe4g\xf4$i\xc8e\xcaa\
\xd0D\xe2\x93q!C-\xcfOT\x9d\xddh^\xba\
\xddT\xb8\x94\xfe>\xd1\xf3S\xeb\xcc\xab6W\x9e<\
ky\xa2\xa2d\xafi\xf1\x1a\x95\xed\x0a\x84\xa9 \x87\
r&,/\x18\x91\xd9;k\xfd\xb6\xdd\xe8\x8e\xd3\x91\
\xa5\x09\xe02\xc9\xd0\xbb\x16\x9c\xe7\x8e;\xb3\x1f}\xda\
\xf1\xab\x9d\x14\x99\x1b\xa8\xd5.aZ\xba\xe2\xc05\x8c\
+\xed-\xed\x14`\x1e\xf88\xf6#W\xdb1%,\
\xfc\x0e\xa2\xdf\x80F\x05\xa7\xb7H\x12\xac\x93\xc0\xa9\x19\
l \x1d\xc2\xe5\xd6\xf6\xee\xe4\xe1\x96\xedJK\xed\xb1\
\xb2\x8d\x18\xc6+\x0e\x89\xc4\x16N\xc4\xa8\xc0\xa2\xd6\xe4\
\xa2+\x9d\xd0\xc4\x81\x0e\xa4T\xce\xa4\xa8\x9bB\xb5\x13\
s\x1bW\x1a0\xb6\x0e/\xa2\x18\xa7K\xa8\xe3\xf8\xb8\
\x01\xf6\xb3\xb0\xdd\x06*8F*\x07.)\xc7\x01d\
5\xe8q\xc9Gt\xb46\x85yW\x84\xadw\x8d\x08\
\xa5 z\x82\xb6\x81\x13\x15\x95GJ*35k\x18\
E\xbbS)\x1c\xaf5\xa4\xb0\xbd\x1b\x80\xc3@\xbb\xa2\
\x8eg\x11\x17^n,\xadjZ\x18\xa61\xb0E\xef\
\xbc\xc9\xcf\x82\xb4\xf6l\x5c\x98!\x81y\xfe\xec\xe6\x18\
BO~6\xfe\xbeC\xdc\xebA\xf6bD\xd0Q\x96\
GD\xecp\x95\xf9\xce\xd1$\xca>`\x01\x00\xf6y\
\xa0N\xa8\x0b\x9a\x03\xde3\x19u\xb4\x83\xbdI\xa0\xf1\
\xe6\xe2%\x15\xe5GU\x1e\x9d\xba\xccIH\xee\xc8,\
\xbf\x1a8\xb1\x83\xc3\xcd\xba\x01\xf6\x8d\x9f\x84O\x0e\xfd\
u\xd4\x9d\xba\x01\x8c\xaes\xbb8=\x01d\xbf\x1d\xae\
$\xbb\x06\xa4\x1a\xa9\xbe^\x0c\xa1\xc1\xc3:\xdc\xc5\x1b\
@\xdbn\x17\xb27\xe0u\xea\x16\xde\x00\xe6\x93\x05x\
h\x87\xee^\xb4\xee\xf5\xc8\xee\x10\xbaX\xfa{ud\
\xd6\xb7\xd2\x1e\x94\xc1\x01\xc4G\x80T\x13\xea\xed\x18K\
\xd1|]'\xb1\x92\x09\x82\xc8g3\xe2\x1cj\x91]\
cR\x93\x92\xe3\xb5\x1a\x80b\x06\xed\x8cT\xb6;(\
l\xdd\xe4\xd6n\x91\xb8\xdbG\xee#\xb3_\xc5\xc1W\
\xc40\x8a_ywy*\xed\xe8Jf\xbb\x1c\x06X\
\x9e\xe1-\x8b.Nk\xe30\x11q\xad\xd3\xe69$\
8\xa4\x09:\x12\x1d\xb2>\xd7\x11,X\xd1\xd8\xaeS\
I\x09\xbaT#\x8b)\xfaH\xf9\xb4 \x89,\x04f\
}\xfe\xc8\xb1>%\xb9\x96\xfa\x14\xf2m\x1c\xe0\x88C\
JG\x91\x1c\xaf\xd7i#\x81\x19\x91l\xc9\x1c\x11N\
>9\x14<\x89S4iZ\xd6\xb6\x9c\xd9\xf6\x0c\xbd\
0\x05_c\x8fa\xe6\xf3\xe2\xb893\x1c\x0b\xf9R\
\xb4\x86\x04M\xa2.5\x89e7\x8a\xbf\x8e\x1d\xba\xd2\
\x1e\x1d\x0a-\x17\x03?b\xb5f\xb2[\xad\xb6 \xe3\
Q\xa03\x1a\xf2e\xaa\x0c\xf2\xd2\x1b\xe3\xbd+\xbb\xd7\
O\x8f2\x00\xae\xceP9\xbex\xe5L\xd4\xcf\xf9m\
\xb7yo1\x19\x9c\x0b\xa0\x9e0$\xdf\xa8\xd3\x92\xc8\
\x1e?<\xa6\xa5\x86\x9e\xf7v\xca\x8b\xc2Y\xc9'q\
\xe4\x8eq\xb3m\xd8\x81\xb4\xd7\x05-\x00f\xfd.\x00\
3\xf8e\xc3tk\xde\x9d\xfc\xab\xe9\xd8\xc1\xea\xcc\xec\
\x8a\xe3'\xcd\xcb\xf3+N\xaf\xaf\x5cWj\xde\xcc:\
\xbd\x18\x184\x05\x067\x90&\x12\xbf}\x86\xe5,\x03\
I,\x8f\x08\xba\x93m\x12\xa0\x0d~8\x8ez\xaf1\
\x12Zk\xe1\xe7\x14\xaa\xadmz\x9d\xd3c\xb4T~\
\x04\x04=CB{Ppm\xba\xf5(3\x12|o\
\x0a\xfc\x95iy\xa8\xb9\xe0\x97\xd7\xa2\xe13\x92\xe4z\
F\x8d\x08?\x950\xc5\x14\x10^\xbct\xfa\x11\x9a-\
k\x9eN9\x80\xc8\x84\x98\x8c\xe7\xa7\xb2*w\x94\x03\
\x1f*N\xad\xad\xda\xbf\x81\xe5\xf5F\xbc\x8aDr\x05\
\x98\xd9\x19\xb8\x18\x0b\xa7J\x1c\xf6\xb4Iz\xa2&J\
\x9b\x98Q\xbd>\xb3j\xc7<\xe0\x9e9w7\xfb\xb6\
\xe2\x87\x041\x8fT\xf8QE{0\x93\xae\xcbPQ\
\xcf$2\x8e1\x9c\xdf\x22D\x12<\xb4\x85\xb9\x8e\x8b\
\xd6At\xa7\xa71\xb5\xa5\xf5\xc5A\x095\x19\x92\x99\
\x96\xa5\x83Yae$\x96\xa4YX\xe2jdX\x92\
\x98\xcfV\xce{k/aM\xc7\xae\x15x\x98G\xc9\
L]/X\x0e\xff\xcf\x15\xe7*\xf4)R\xe1\xbb\x0a\
\xcc\xaas\xfb\xe5\x08[\xddw\xe5\x81r\xd3\xc6\x5c\xbc\
2\xcb\xf1\x8c\xeaS\x15u\x9b\xc1\xf6\xbb\xae\x8c\x85\xaa\
Y\x1f<\xfb\x94\xed\xd93\xa4\xb2\x9e\x83\x90\x8f@:\
\x16\xc1[\xfefO\xc7\xd9_B\xfb\xd4\xfe\x18\x9a\x05\
.\xa6x\xda\xea\xd1\xd9\xd3q]Xf\xe51\xe5E\
t\xd6t\x09\x0b\x9b:\xd2\xb6\xd9:\xaa\x07~\xa3t\
i\x96y\xc3\x02\x1aC\x98\x9e\xdey\x9c\x9c=\xb1\x0a\
\xbb\x8b\xb4Q\x8b\xd7&&3/\xd20\xe6\x18\xd9\xc3\
!\x04P\xda\x0b\xfc0\xf8O\xf9\xe8\xe8\x0e\xf7\x82\xea\
\xff\x87\x0bA\xc0\x13\x16N1\xf6\x8dV\x85\xd8\xc4F\
\xd5\xb6'\xb5T\x1f\xf6f\x9b\x1d\xf9\xd0\xa6\x03\xf5\x1a\
q\x8d\x0cC\xfc\xe4\x93is\x83\x05\xd3\xaf\xd3\xc2\xc8\
\xee\xd6\xb1L\xf9\x9b\xcd\xfbW\xe0gb-c\x82q\
\xc1\xaa\x92\xbf\xb2\xe2t>\x98\xd7\xca5gLY\x8b\
\xa1\x09K\xc0X\xf7\x16)\xacCT\xed?l^\xbd\
\xf4\xa3rT\xe3N\x1dY\x00\x97|\x90w\xad\xa7\x9e\
69\x02\xe1\x01A2\x95\xe6\x99\xb3\x0aU>\xde\xb5\
\xdf\xa0\xac}\x1c\xe7\xdd\xf0\xaeU\x95\xdb\xb3\x8ej\x1d\
\xd3\xbb6\x15\x16PG\x94vw_q<\xa7\xe2x\
f\xc5\xf1=\xcc\xd2\x0bI\xe0\xa1i+\xe2i\xf7\xca\
q\xdbS\x9b)\x14\xcfR\xf1\xa0\xbbjGG\xd0\xd4\
\x5c^\xe4\xdc\xa8{h=\xb5$\xda\x10|#v\xa8\
\xed!\xe1\xa68\xf3\x10\x99\x87\x13O\xb8(\x9b|B\
X\x16]R\xfc\xf5\xc4o3\x86\xe2\xeb\x80\xf6;\xad\
@\xb4\xf2l\xb9y\xd5Q\xc7\x07\x85\xd7Y\xd2\x0d\x85\
KM\xeb6\x9a\xb2\xca\xcc\xeb3i\xef\x0a\xe7U/\
YR\xbdn\xb1igneyVe\xf9\xce\xca\xf2\
}L\xa6H\x9d\x99\x92\xcb\xce\x14w\xb5tz+\x8c\
\x83\xc2\x8585\x1d\x14_Xe\x85q\xf6\x071\xa0\
\xb7\xf9\xf3\x12\xcb\xb0e\x8b\xcd\xab\xcfTn;iZ\
\xb4\xabz\xc1.\xca\xa1PSc)\x87q\xe4`.\
\x0b\x07e8w\xb0dK\xc4\xb8\xe5\xbc\xc8\x19\xf4\x9d\
\xc9\xad:}\xdatz\xa5\xe9@\x01k\x0d\x8d\xf3F\
\xe2\xe6\xec\x1b)p:A\x17\xd7\xfa\x8c\xb0B-\xc7\
\x07\x07\xd8\xaf\xaez\xb9\xba\x9f=\xd7\x0b=\xa8\xa3\x01\
j\xb9\xd5\x9b\x0eUoa\xac\xa4\xff|\xa15\xcb\x1b\
*\x8b\x1d\x8a3\xd75\xb2\xc4\xb3\xa9\x1eV\x98Y\xd3\
\x14_\xbd\x8er\xc39Y\xeawj\x14\x91\xe6tw\
wR\xc5\xf1\xa5\xe6\xcc\x9dU\x0bN[\xf8]\x98\x07\
\xf2a*\xdco\xca\xc1\xaf*\x9b\x0f\xe2\x07\x22\xa9?\
\xc1\xef\xabW\x9e\xc5\xe2R\xbe\xdc\xbca\x939\xab\x98\
\xba\x08h\xfb+l\xb9\xe9\xc4Q\xea\x97,\xc6E4\
\xfep\xd1\x15\x87P\x07\xf8\xb8\xbdzI~\xf5\x8a5\
U\xfb\x19\x0f\x91\x08\x02\xa5\xea\x93!nt>\xee\x81\
\x99\x9a\xf2\x8a\x19Za\xb9&\xab\x03EO\xc2\x8f\xc5\
\x92?i,\x0f\xe3\x92\x80\xaf\xa6i\xc0\xbd\xd4\x89\xb8\
\x04\x1f\xa3\x0b\x07\x10\xd5\x05l\xa2*\x1d\xd7]\x80\x99\
\xd6\x90Yp\xb0\x09\xeb*\xcen\xa8\x5c\xb9\xc6\xb4\xe8\
hEy1\x053\xd8\x91\x95@\xdd\x0f_\xc2\xa2O\
\xb3\xdc\xb4\xffTU\x16\x8bA\xb0<N@_\x7f9\
\x007\xf6\xe6<u\xbf\xd5\x04]\x9c\xcb\xabK\x8e0\
i\xe6\xaa\xff\x0e\x16\x04\xd0e\xf3d.H%\x98x\
\xd3\xf1\x05\xac\xcd\xb5\xb3h\x15\xe8\x96\xe6\xe6\x95e`\
\x07\x19^\x177\xc7\xb7\x8amw\x91\x9d3\xc4\xee\x96\
\xee\xfbWT\x9c\xc95\x15fU\x95\x96`v\xb2%\
\x8c\x9d\x88a\x07\xa6\x1e\xadFis\xed5\x08\xac\xc4\
(\x7fUq\x02[\x14\xf8w\xadd\xe3:\x15\x86\x92\
\xb5\x97u\xce\x11\xdf\xb0=\x03\x04\xcbX\xe7(*~\
1\xfd\x8av\x14\xed\xf2\x0a\xf0\xa7\xc8\xbc?\xdf\xbc2\
\xcb\xbcq=\xc3k[\x9bct\x0e#\x87\x91`8\
\x06Dn&@f<\x13\xdf\x1a\x19\xbe\xf4\x8b\x8f \
pvl\xb2y\xbe!\xf3\xbbX{\x9c=\x90N\x9e\
\x82\xf1\x96\xd7\x8fRT\xbe\xbe\xd8m\x93\xf7\x82\xa9\xd3\
C\xea\xb5VS\xe9\xc6\xaa\xec\x83U\x0b\xf2\xcck\x18\
:\xd3>\xf0B\xf2I,\xddx\xd0T\x8f\xa8\x9e\x81\
\xe1\xa9\x1e\xb8X\x17G\xd4\xe1r\xcd7i\x0b\x1d.\
\x83\xf5\xa9(_\x04,\xb6\x04f\xd4P+v\x99\xb3\
\x8e\x81\x12\xc3?\xaa\xce,7-\xdan\xca[d*\
\xcc7\xed?a:\xb9\xa2r\xedB\xfc\xbfL[\x16\
\x1ax\x01kX\x1c*\xb8Jj_\x22\xb0\x22\x89|\
\x92\x9a|\xda>d\xd3\xc4o)\xcf\x94\xbf(\xe8m\
d\xde\xecw\xc51qh\xbe$\xa7\xf1r^M\xd3\
\x10\xef\xa0\xb7q\x5c\xaaJ xl\xda\xc2\xf4\xea\xc2\
Y\x0eW\x88b\xf1<I\x85\x04\xdfTu\xb6H\x95\
\x9e\x98\x90\x94@=\x81oZ\xba\x09|\x93\xcd[U\
\x1d]dZr\x12\xe7\xd0w\x96W\xaf\xd9\x86}\xd9\
\xaa\x9dU\xa5e`\xdbA\xabA\xd5\xe0\xaf@\xca\xb4\
o\xb5e\xbd\xfb\xd6\x81nc\x93\xc6\xdc_A\xe0\x85\
\xe5\xbc\xe0\x9e4\xdd._\x84}D\x16\xc3\xe8\xbbF\
n\x0c\x5c\xa3~\x8fQ9.\xcbr\xbcqWQ\xbe\
\x14\xd8[Qnq\x18\xe6y[L\xdb\xf2\xd9\xd9\xd8\
6r#\xaeV\xc3[\x98\xfd\xa48\x06?fS\xc7\
\xf6\xf9\x00esv\xa6\xcd6\x99\xf2\x8f\x83[\xfa\x1f\
v\xcd\xcd>\x5c\xe4\xee\xe0\x9e9}\xb5\xc7\x1c\x5cq\
+\xe7\x01`\xdeYG\xab\xf6\xe7\x98\x8b\xf7\xb1;a\
\x85\xda\x14\x14\x1f\x1e\x80\x8f\xbd\xb0G\xa2\xf9\xb4\xf2\xed\
\xe0\xc2\xc1\xbd\x9aw\x95\x98N\x15P\x1e\x86\xa1\x7f8\
lV{E~I\xd3\xbf\xf2r\x08O+\x8e\xef3\
\x9de\x983\x995\xcav\xb8b.\xa3b\xeaZ\xee\
\x963\x126\x96\xe6\xec\xd6\xdd\x15\xbb\x8b\x98\x8b\xd6q\
\x1c_!\xa7w\xa4\x5c\x04\xc4\xdf\x0c\x0a\x01\xe1\x99|\
\xadw4\x01j\x11\x84\x82\x91j\xd6)\x1a\x85\xd3\xeb\
\xab2\x17\x99W\xec7\xe7\xcd\xab8\x99WY~\xb8\
r3c\xca2L\xa1F\x14\xf2\xbcp\x16-\x9b\xe0\
J\xf5\x05\x9c\x0f\xe0\x02\x86fI!\x0c\xb4$\xe4-\
gU\xf8\x9c*\x22\x0d_ \xc0\xcbPK\xd2\x16\xe6\
\x9c\xcd\x89%\xc3<Y\x14\xbez\xa6\xc5\xa7V\xf8w\
\xf8\xa4\x8a\x86\x11B(\xc3\xa3\x22\x0f\xaa\xa8#*p\
\xf3\x8b\xe6U\x95\x1e\xa7\x16\x8fq\xe5\xda\x85Ue\x0b\
\xf0\x8b\x01\x968\x10\xe0t1%\x89\x96\xd3+\xf2\xaf\
\xd4\x99\x15\x0b8h\x8b\xe7\x1a\xb9\xbbpV\xbc\x1ff\
\xb8\x1a\xcd{\x1b\xe56\xd1\xdd\x92}z\x9d5\xc6\xa1\
&\xa4\xa7\xc5\x14n\xcb\xc7L/YL\xb1\x1e\xe3\x8f\
\x822\x8cK\xb6\xad\xb5\xa5\x9b\xcc\xd9;\xf1\xf7d\x90\
9%\xc6=L<(\xfd\xb8|5\x911o\xf2Z\
\xea)*,(4&t\xb3\x0cI\xbd\xd3@CL\
\xe0\x95+\xcb\x8bL\xa5k1\x0b(v\x90r\xc1\x86\
\x80\xf0x\xc5\xef\x12\xa7\xd2\x84\x8f\xa4Z\xb9\xe2\x88\xf9\
\xc0fFE\x02n\xbe\x9aSX\x85y\x10\xdcH\xed\
\x15\xfc\xa1pV\xdaBF\x8e\xcd\x8b\x22R]r\xd4\
\x8e\x907\x17`\x95\xc9=\x83m\xdb\xda\x85u\xa5\xd4\
x8%J\xc3\x19\xa4m\xfcx\xdeTF5\x84\x98\
\x92\xe5\xc5{\x19\xb6\xe5,(\xdbbwYQ6\x1e\
\xc1\xe1YZK\xf3\xea-\x98\xad,\xcd\xa3\x89qk\
\x8b\x9694\x0752\xad\xd8V\xbdx\x19\xb3R\xf1\
\xd1T}\xc8e\xb5\x89v\xcfPI=\x80g*\xc8\
\x01\xdb\x04\x22\xcc\xb8\xe4\x85\x9f\x03\xc0\x8b\xc0\x05\x80>\
\x04^J\xba\xbf\xb5\x9c\xcd\x81\x17\x9d*\xce\x96\x9aW\
\x9c0g\xed1\xad;\xf3$s\x1e\xb5\xc2\xca}\xd9\
\xd5\xe5\xab\xabJ\xb7\xd5\xc5)WZ\xc5\x84\xf33]\
r\x0aJ[\x1e\xea\xfax\x8d\x89\x8cjO}\x19\x0d\
#\xa1\x87\x9b\x93[\xf2(\xf0\x07\x87\xf3\x16\x5c\xd7\x94\
\x80b\xe1\xe7\xce`\x9f\xb4d\xc2\xcf\x80t4[\xd3\
\xd1B\xf8@\x81\xe9\xc4\xca\xea\x95\xebM\x0b\xf0\xd7\xd0\
\x90\x072!\xf1\x09\xb1\xc6\xceT\x85.\x8b\x09R\xe1\
Q#\xd2\xf0{\xe4\xd8\xb5\x07o\xca|\x9f\xb6\x10\x8b\
\xb3\xd5\xa2\xdayh\x19\x03[\x96C\xd5\xab\xf6Q\x8a\
f\xca\xd9\x04\x8a\xe6\xa4Y\x8c\xc4\x8c\xb5\xea\x05\xfb.\
\xac\xc652\x8cEV\x13\xab\xa2\xe6\x0b\xa7\xbc\xc0\x81\
f\xdaB\x07\xbf\xd6\xdf2\x18\xa5\xcc\xa4#\xa3\x94\x19\
\xec\x16\x853@\xab\xab7l\x81\xe0\x08\xa7\xb6\xc8\x00\
\x14\xab\x11\xab\xcb\x93\xd98\xeb \xec\xd6!\xd8\x84\x9d\
d\x0b\xf5\x0c\x8b\xed\x125\xfb\xe3.m,\x8f\xad\xd0\
\xdea\x81\x89\xa8\xea|\xf2\x85\x8c\xf8\xc8\xd2\xe5\xaeY\
c\xd2\x16RS\xa3\xc1\x98V\x8e4\xd7Q4\xa9\xdd\
e\x877\x22\xc631\xb2\xba\x1e\x81\x11YCN\xe7\
\xe6\x14\x93\x19\xf7\x12\xac\xcd\xf3\x17\xc5\x0e\xadi\xaa~\
\x17|K}%\xe4\xe7\xb4'3\xa3\xf1#5\xe9\xfe\
\xd47\xcb8\xbcG?\x88N\x100\x1f\x84\x9f8h\
\xa3\xc0B9\x04\xdc\xab*\xd7\x15Un\xd8J=Z\
\x03\xaah:\xb3\xc8||Qe\xe1b*\xd3\xc3:\
e\xac\x1a\x8c)\x93\xe2\xce0\x9a\x18X\xdb\x8d&\x05\
\x97Y\xaa\xb1R=(\x00\xe1\x04\xdc\x1aS\x1dl\xa0\
\xa1V\x80&\xc2$\x1c\xba\xca,]ko\x8e\x11\x9d\
ss\x0a\xc4\xb1\x08J\x9d\xe1A\xab\xff9\x0c\x10\x04\
\x8d(~\xa7\xb6\xdbp\xb1i\xd1\x22pn\xe0\x8b\x18\
\x9b\x1e4\xcaz\x9eQ#\x0b\xca\xc7\xca\x80\xc7\x9e#\
\x8dTR\xf5\x95Qn\x85S\xe7<wp\xfb}L\
\x8b\xb2\xe8\xa7\x1c8>Z\x9cOyxj>\xb6J\
K\x8c>\xce\xae\xaf\xdc\x95\xcb\xee\xf9y\x18\xa4\xd2\xf6\
\x8fD\xa6,\x8dh\x9c\xc4\x8dXx\xe8\x82\x1b\x81\x0a\
{#UP\xbcZN\xeb\xe0JuPy\xab\xe0\x1f\
\x15\xc7\xf3Y:\xe3\x11\xaa\x1cGX\xc0\xdcT\xdc\xc8\
I\x06\xc8\x86\xb5\xc8\x00n\x9e\xee\x9f\xe1\xee\xdc\x1c\x94\
\xa0\xf2\xe4N\xd6\xe6\x19\xee\xc1\xed\x18\xcdO\xee4e\
\xede\x1c\x8a\xae\xbck\x7f\xe2\x17,5\xcb\x97ah\
O\xd1Wt\xa8\xe2\xe4R\xd6\xef\xa7\x00\x9e\xa9\x91\x1f\
\xed\xeb\x19$\x94\xe1W\xa9\xfd\x18\xdf\xcb\xa0\xb0t\xc0\
\x01\xb6\x1fJ\xb0\x1fS[\xba\x84%\xf8%\xb0\x0e\xc2\
p32\xaa\x07\xbb#!\xbf\xa5#\xf8F\xeat\xe7\
\xe6\x10\xaaT\xae(g\xf8n\xdc<\x22-\xe4fR\
\x16\xfe\xca\x01\x07\xf0\xd2\xd4\xd2\x11\xdcYA\xb1\xf9h\
\x96)k\x9d\xa9\xfc$;\x96q\xc1t\xac\xc2\x8f\xbf\
\xf5\x85.B$\x15r\xa3+KK\xc0|1R\xf6\
t\xdf\xcaXnc\xa63\xadc\xe9y\x17\xb5k\x9c\
\x97n^Yf\xce/ee.\xce\x89\xb2M\x97\x0a\
s\xd9\xa7K\xae\x15\xfbb\xc6T\xad\x9dI\x1f[\xc7\
$\x17]1Lt\x9ed\xd5\xf2\x0d\x95\xd9kX'\
\x89\x0d\x0c\xf6\x80\xce\xe3X\xc26\xd2\xe9\xd5\xfdV\x87\
\x80J\x022\x15\x07\x1a9\x96\x22R\x0d\xa9t\x13\xc3\
2\xe64\xd6\x1c]{\x9dFu\xf1\x22\x16\xa0-\xa1\
\x9a9\xbc\xd6,\xa3\x9a\xb2\xbf\xd7,\x0a\x8a\x8b\xef\xed\
P.\x85\x9b\x9b7\x1f\xaf\xcc\xce2\xaf\xff\x9c1\x0d\
\x5c\xea\x14\xd8\x9ff\xa0\x17\xaf\xc1\xc6=\xf3\x14#\xfa\
\xc0-\xa3\x85\x93\xd72\x0b\x0b\x1c\xbe\xfc\xaa)E\xc1\
\x9c\xb7\x04b U\xdd\xdf\x84%\xc34\xad\xc5\xf3\xb4\
\x1d!)\xd0K\xe4\xff\xf77m\xddLKNV\xaf\
X\x83\x13?dz\xba\x16\xd4\xac\xc0\xdf\x97\x95|\x12\
\x7f\xd3Sv1\xedY\xa2\x86\xa6\xac%\xe6|\x00|\
'MY\xab\xaaJvU\xed\x5c\x0cX\xbe\x96\xde\xf8\
['k\xebM~\xd7${\xeff\xb8\xf7\xbc\x97\xe4\
i7\xbeJ@\xe6\xaa\x03F\xc5\xea\xd5\xfdV\xd3^\
\x04\xa4h\x99\xb2\xca\xd2\x8d\xf1\xda$m\x06\xce\xfcn\
a\x08Jc\x8a\x98\x8f\xcc\xb1N\xc0G\xceB\xe8q\
\xe6zK\xa5\xc0\xe3\xcc\x0d\xack\x0a\xf6\x996=<\
\x00\xdf\xa6v^\x13>\x0f\xda\xb5\x07\xe7m\x8aO\x98\
\x0a\x8bj\xe9\x9d\xa7\xae\xb5w\xe5\xde\xe2Z{\xbb\xe2\
\xde\x98\x9bQn\x8c\x1dij\xa1@}y'\x04\xf5\
u\xec\x0b\xc9\x8c\xe91\x98F\xdaB\xec\xd0p\xe9!\
\x86\x17\xf6\xdc2E\xcd\xbco\x1bE\x07#\x18\xd2\xcd\
\x997,\xa8^S\xc8\x9e\xbb\x91`\xb2\x18\x1f%\xda\
\x13YJ\x8a\x90%\xb5q\x88\x89}\x83\x1b\x05\xbdu\
p\xeb2\x18\x11\xa7$Y\x9d\xbb\x0c7\x0f\xb9\x12Z\
\x0f\x9f\x04\xd14\x82\xeaR\x90\x0fL\xa3\x8e\x82X\xc7\
q<\x95\xa2:\xb1\x9fJ)ps\xfbe\x15\xe7\x91\
\xe8\xf7QX\xa7\xc8\xa2\xb4T\xc7:\x94V\x82;2\
\xd9\x87\xbb\xd5\xca>\x1e\xf6\xa44#I\xbaM\xe6b\
\xa0\xd1\xf4\x18\xec2\x1d\x9cnC\xaa9\xded\xd2c\
\xd6\x92:`8kY]\xde\xd9\xe9[pLY\x9b\
\xab\xd70n\x07\xb9[\xef\x19[SkS^h{\
\x16\x7f\xedx\xaeIu\xa5\xe7S\xa9\xc4\x19\x0e1W\
\x1c%\xcf\xd0X\xcf5\x1d.w\x0b\xd8\xbf\xcd\xb4-\
n4\xe5E\xf4\xb2\xe2\x9c\x1aY\xb8\x90\xfa~%\x5c\
\xfa\x8d\xa3&\xeaf\x15-\x99\xd5\x93\x22B\x96m,\
\xab^\xbd\x09\x03\xe9\xb2\xc5\x10\x0dZ\x81\xc2f|\x1a\
J\x06J`P)\x80\xcd\x92\xcfj\x81\x07%\xbf\x84\
\x10\x14/\x22\x0d\x7f\xf1.\xf5e\xbc\xf8f\x02=A\
e\x19\x8e\xdc\x14J\xff\x00\x18Q_\xbck\xfbZ^\
\xcc\x08R\xd7\x19\xf2g-\xabw\xc8\xbe\xca(\x9a\xec\
i[\x11\x06C\xc1\x82\xd5\x11\xb4\xe6$\xf81e-\
\xae<P\xce\xe40\xfd\x0b\xe8\x04\xd4\xf2\x994\xc9B\
z\x07\xb1!\x1b\xb2\x8bM\x17\x9c\xacK>\x195\xbb\
\xe8\x07k\xc2\xaeF\xa6\x96c\x8b2\xe5\x05.\xab\xaf\
%\x0f2\x88J\xda\xe1:\xb8\xec\x13\xd5K\x0a\xe8\xa9\
;\x9c\x9d8\x9eo\xb1\x8b\xb0w\xd9\xcbM\xa72?\
\x92\x1ci\x81\xe7\x11\x99W82\xd8'\xed\x0d\xecU\
rDo\xf5\x15\x5c\x16\x80\xc3y\x9aHxQ\xe3\xc2\
vW\xcf[\x82\xcd\xf6\xba\xe3\xb0_\xa6S\xf3M\xc7\
\x8fC@M\x1d\xfcS\xe1>\xdbw%\xe3Q\xf0\xe3\
c\xb8P\x10\xaf+ \x9c\xa5\x18\xb0\x135\x06h\x80\
y}6U\x07h\x99\xfa\xe9\xf5\x1f)\xfcs|\xb3\
L@\x05\xa3\x8c+H\xb8Q|\xffH%\xbe\x95\x82\
S\x07\xd6\x17r\xf0\xefC\x15\xd1\xf8]\x8a\x11dA\
\x99\x16\x19h\xca@\x123o>e:U`^\xb5\
\xd9\xbc2\x8b\xca\x1aX\x8c\xd4\xfal\xf8\x8d%\xfa\x05\
e\xc8\xcbV\x8d\xd0\xb1\x5c\x86v\xc3\x83\xd44M\x9d\
8g\x8e\xb5\xb4\xc1\xf1,\x85\x22\x81\xcf\xcfW\xae\xa9\
\xdc}\x92^\xd6\xc0\xae\xf8>!)\xb1Cs\xcej\
\x8dAq\xda%\xe4{\xa8M#\xde\xe6&S\x07\x8b\
\xf0\xbf\xc9\xc8He\xba\xb4\x8f\xe3\xc4\x93\xc3h\xdf.\
6\xd4\x94\x7f\xc8\xbc\xeahU\xd9\x02\xf3\xca\xc3\xe6}\
[\xc1'\x98\xb6\xed4\x95\xe1b\x0f\xf3\xd2]U\xf9\
\x85*__U\xb2\x91*\xa1\xc3\x9b\xb1o\x95\xa9\xe0\
\x18\x95A%\xeb\x15\x98x\xc3:\x99t\xff\xc9\xbf\xe2\
\x85i\x97L\x0es\xb8*\xd8\x96>(\xce\xb8\x94\x9e\
\xa6\xd6\x85G\x07\xfa\xe4\x04\x98\xfb:\xcbA\xf5\xc8\x13\
,F\xd0\x80\x1b\xd5\x92H!;|<\x91\x22\xb3\x1e\
\xa79\x05\xd2Tw\xf6@\x1a\x8f\xea\x94L!\x9b\xb3\
'Sx\x11\x0f\xc7\xf9\xd1V\xb2t\xbei\xe5b\xe6\
}\xba\x99!/\xf0\xa1'\x8d\xe6\xd2\xc5\xa6\x82\x83\xd4\
\x09%\xe3<\xb7\xf8V\xcce\xacN\xf8\xc5\x8e(\xb7\
9s\xd22\x16\x8f\xc3l\xf0!p\xd4\xc9P\xb0>\
\xa6\x82<\xd3\x92rKlS\x98_\xb9\x13\x1f\x87\x80\
\xb0U\xae9m\xda\xb6\x90\xe2\x11NP\x931i]\
\xfa\xd63Z\x1c\x94\xa0\x96R'\x0fx\xc4(7\xfa\
\x885\xb2\x90\x97\x81\xc6h\xf1\xb2\x86+s\xc7E\xe6\
\x18(SF\xbb\xf8\xaa\xa6\xcf\x04\xbc\x0754\x86q\
\x8c\xa1\xb1\x10\x16\x1c\xaa8\xb3\x13T\xabzY)e\
\xd5\xaa\xf6o\xb7\x1e\xac\xb1\xdd\x88\x15Y_I\xa3\xf1\
\xb1 \x0fb\x90\xcaS\xbb\xcd+\x98.\x1f#\xac\xec\
\x82\xe0\x91\xf4\xe6$\xb6\xda\xb9\xd0\x94\xb5\x86\xb5\xb9\x03\
L\x92\xd5\x05\xc5\x04i\x9f\xaa\xffV\x9f\xa4\xc5T\x05\
E\x00\xc1*N2\x80\x8bK\xda\xa7\x85\x04\xae\xe1\xc2\
/\x5cG\x8d\x0e~L\x13\xe4\x82\xa2j\xd8\x98\xc2\x22\
\xaa\xf2\xcb\x94\xb3\xcb\x9c\x9dk\xca9[\x1b\x09i\x9d\
$r\xff\x03\x89\x90\x97u\x90\x80\x1d\xf9\x0f$\xa6\x98\
\xeb\x22qlG]$D\x98D\xc4\x93\x98}t&\
\x93]O\x9c5/\xdb\xc7\xbc\x8e\x09\xcd\x19\xd78]\
\xa9.XrV\x94\xb2\x07\xde\xee\xf4\x8e\xb6\xbab\x5c\
\xc3L\xbb\x14\xc2$\x83\x8b\x8ac\xb4\x19\xac\xb3\xc6\x17\
\x80\x9cg\x0dF\x8e%\xdc&g\xcd\xe0\x91u\xd6\x1f\
\xe3\x0e\xae\xecs\x1e\x87\xaa\xd5c\x1c(\xe0\xe6\xd8\xdb\
\x91\xc7\x09N\xe1\xba\x03\x93[Pd(\xdf\x86\x8f\x12\
\xac\x11;;\xdbyX\xebiV\x8d\xd4^\x86\x99\xc2\
\x8dp\xda\x9ed\xaf\x1e\x1c\x93\x96\xbc\x97`-\xbf\xb2\
T\xc6\xd3B;\x92\x0c\x95\xadW\xa5\xdb\xee\xea\xe3\xca\
x\xa6.\x02m\x87D\xac\xcc\x92QcM\xc7v\xa2\
[)\x0cJ(\x0fY'\xe4\xea\xc3\xb4I\x14P\xb1\
\x9d\x06\xfdW\xb0E\x8e\x1e\xe79\xbdU\x08\x1fgp\
\xe2L9Q\x18\xf4\xc5qi\xf7\xca\x9d\x13\x17\xbe\x96\
\xd1\xd7\x7fn\xfe\xbc\x040\x02\x95\xe61o\xda^\xb5\
\x7f\x0b\x05\xf8`,\xaa\x5c\xa2\xb6\x93@<*\xfe\xda\
.g\x16U-=\x06\xff`(D\xc8S|\x1c\x84\
cG<9\x0cV\xf0\xc1\x87\xc3w\x05w0\x15\xec\
\xa1\x8e\x82\xa8p\x92\x9a\x08\x05Y\xa8\x13\x91\xca=\xab\
X\xbeyK\x10\xf2\xdc\xa1\xec\x03L\xe1~\xf6R\x8f\
f!\xcf\xc3\x18\x87\xdb,\x88\x11\xfa\xaf\xaf\xf5h\xbb\
.\x0f\xe6\x11\xf2|\xa2{\xe1,\x1f\x8e\xf5\x9c\xcd\xba\
\xef\x18\xfc\xe2\x93\xf5\x90Mxh\x1a\x04\xee\x83\x07\xdb\
\xb6\x16\xe8\x02\xc2u:q\xb3\xd4\x94\x90(\xd8R\x09\
\xb0t\x135!\x168\x0clp8\xb8\xc0l`?\
\x88\x90\xe0ZQ\xa7\xd4\xa0\x8c*\x17eO\x10\x8ap\
\x87\xc9\x13\x82\xba2\x9a\xef[m\x9a\xbf\x8b\xa9\xbf/\
\xe9E\xb1\x94Y\xaf\xe5.7\xf2\xa2]\xfb\x93R\x05\
x\xcfO\xad\xf5b\x5c\xf9s\xb3]\xe46\x927=\
q}5\xfd\x1aw=[\xdft\xf2\xcbO\x98\xf7\xb8\
\xddp\xc9*~\x98\xa2\x16\xa5\xa8O\xd5\xa1R\xec\xaf\
E\xec}\xc2<p-\xdd\xe4\xb5q-\xad\x11\x22`\
\xc46\xd1\xdb\xd9l\xa0C\xec\xe8\x85K\x9d\x0b\xcaL\
\xa5k\xcd\xeb7\xd9Ba\xaa\xb4\x85n\x12\xd9\x83\xcb\
\xe1x\xd4\xbc\x8b\xbaB\xfc\xd588#\xa9\xf6\xf2\xe1\
\xe00;2/\xe49\x9e\x09\x86D\xd3cp\x08J\
)\x7f\xd1\x95T\x0f|\x1cKf\xea\x17\xe2ci\x9a\
\xd0ESs\xa9:\xb2\xd0|\xb2\x10\x9f\x5c\x82\xb4g\
f\x9a\x96\x9c\x04\xb1\xb2E\xe0\xb8\xc4gI>.\xca\
&\xad\x10Np\x90\xe1\xac\xdd>l#\x0b\xf7H\x99\
\xa5\xf2\xdb\xb0\x0e\xea\x0c\x9b-Z\x0b\xadg\xcdU\xd0\
\xbf.\x0d\xa9\x1c\xf2I*\xf0\xe1\x0e\xc5_\xa5\xd9U\
[\x17\xe1\xafPS\xb1\xe7\x988\xa1\xedigC\x85\
;\x98\xb7\x93)+8\xc4R\x99\x9bF\xd6\x07\xce\xa6\
\xe5\x86(+7\x04\xbfP\xc1\xf2\xae\x9e\x08\xf7w\xc2\
\xefd\x8fZ\x8a\xdbps\xed\xa8\xcc\xf7!7\xa7\xb5\
\x99/\xc4o\xa7\x04\x0b\xe2\x0ai\x01\x19\xd9\xd9V\xcb\
c\xde|\x0c\x9f\xf7\xaf;\x83\xd3\x13Y\x8b\xcd\x1b\x19\
\x87\xc4]0E\x9a\x97uX\x06RE\xb9\x91W\xfd\
\xa9\xf8RG{\x5c\xac\x0d5\x12\xcd\xe7ZV\xa8\x02\
@\xac\xf2\x87hR\xc7\xb8\x03\xd8\x1a\x8fE\x16w+\
jd\xd6'\x5c\xe2\xb8\xd8Z\x87y\x146)\xfa\x8e\
^\x9bD\xd1\xb7Vp/\xc5\xe1+\xa99\xb6\xc3\x14\
K\xb0\x89\x0d\xda\x9a\xea%l\xb9\x1c\xde\xb8H\x87\x13\
\xedB\xb6\x8au\x19n\xc4rpG6f;\xb8s\
\xb5t\x08E\xc3@\xc2\xbc\xf1EgZy\x0b\xd5-\
tX\xa0\xb7\x7f #\xc7g\xe9\xc9<\xf2\xa3z\xb1\
\x1d\xf9\x89p\x1f\xa7\xf3;\xb25\xfb\xf9\x9d\x0bn^\
KXIu\xfb\xf8\xf9<&\xc1\x10\xc9\xda\xcf\xe7q\
s\xa7\x90\x92l\xce\x1eR\x92\xcd\x9d\x0e\xe5\xa8\xe6\xac\
\x87rds\xa7\xe31\xb29\xfb\xf1\x98\x1bn^\xe7\
\xe9?\xd5\xf9\x7f('\xb5RL[H\xa5}I}\
\x18N\xc3}4\x8a\x18JY\xb3\xc0*\xff\xe1\x0c\x17\
\x8a\x8b\xbb\x96\x17\xd3\x5c(Y\xd8U\xbd\x82Y\x1f\x19\
\xe6\x16\x19\xa5\xeb\x1a\xf7\x93\xc3\xa1\x99+(\xb2\xe9\xf4\
\x16\xf3\xf1\x83\xe6M\xcb\xd9\x8f\xce$8II%,\
i6\x88:o\xb0f%\x99\xdf\x0bM\x7f\x82I@\
Y\x0b\x06\x0c\xc4\x8d\xc2<\xf0%\x1c\xec\x1f\x22\xf3R\
[\xa7\xb6\xaci\x8a\x81H\x5c\xcb\x95\xcbC\x9e\xe3\x87\
\x0b\xb0>\xd3\x1f\xf1\xb2\x18\x9e\xf5\x165\xa6N\xb1\xf0\
q\xd6\x8aM\xe0\x04\x9e\x9fZgQ\xe9\xf5\x9b\xaaW\
\x1d\xc6xb\xd3\xf6\xca\xf5\x96\xbag\xb6\x82\xca0\x0f\
\xb2\x90\xc6+\xf2K<.\xce9\xa8\xbd\xb0\xf5\xb0Z\
~\x87o\x01\xed\x09\xe3\xd2+m\xa9\xb1\xa8\xa4\x04\xfc\
\x862\x1ftgP\xb5\x7f\x87y\xc1\xa2\xff4(^\
\xacuP\x87-\xfa\xd8\xa0\xd4\x02\xe9\xe9r\xd6ml\
\x10\xe6\x81\x0fx\xd5\x12\xbc\xba\xec7\xd1;\x1dj\xf3\
Z`\x8fH\x9e\xf2\xe2\xc0\x9a\x5cG\xd5\xce\x1d\xe6\xa2\
\xe3\xec\xf5x\xeea\x1e\xf80]\xdd/\xbbx\xce*\
\xec\xc8q\xf1\x1f\xaeE\xa7\xdd\xc5\xe8`K\x94W\x1c\
/\xa7p\xb0\xc5/\x93\x05\x80T-9\xcbe\x8d\x16\
a\x1e\xf6#\x02\x1c\x8f\xd8\x5c\xc98\x14\x8c\xec'\x80\
\xed\x80\xbe\xd3)\x81%)bs \xe3\x82\xc70\x12\
tt\xea\x98ra\x93\xe9G\x1c\x22\xd5\xb6L\xba\x14\
Ep\x0a\xe6\xd2#\xec\x11l3\x90c\xe1\xe4\xb5\xd4\
\xd1\x11\xd6o\x5c$Lz\xbf\xe1h\xa8\xfd\x0e\x1f&\
M\x9e\x00S'I\x163EV\xfe\xaa\x80\x1a#b\
\x0c\xf3\xa0\xbe\x1d[\xed\x85\x99l\xa5\x87\xc6\x90'\x99\
\xaapQ\xfc(\x87\xeb/\x1d1\xfd#\x05U;\xb3\
Lkva\xd9 \xf9\xa1\xa2(\xaa\xaaKN@\x0c\
\xc0~C\x86\x873\xd24\x85%\xb3\xce,\xbc#\x17\
U\xfb\x9dcW\xcb\xb5\xf5:\xae\x1a\x8b\xc0/7\xc0\
\xe2O3\xbf\x18\xcc\xad\xa0d\x9cEl\xf12\xf1\xe3\
\x83\x98\x05\xf8%\xba\xe0F\x0ebK-\x0b\xfe\x1f\xf4\
\x81Z0\xf54\x1d\xcb\xf7\xc3\xb1=:\xa14m^\
l:\xbb\xb7r\xd1N0\x18\xd5kW0\xac\x14~\
\x9chz\xb4\xd6\xa8\x9dU\xd3\x14\xf5B]\x81\xef\xca\
\xd8\xa1\xe4=\x9f\xee\xa8\x1b\xfc\xec\x83T\xf8\xad\x07\x87\
S\x02\xf2\xf9!\x9cR^y\x98\xbc4\xb4\xaeWW\
\x95\xa9\xac\x80\xbc\xfeuR\xd5\xbd[W\x1f\x15\x80\xa7\
\xeae\x9bXl\x92K\xa6!VA\xbd\x0a\x13\xf24\
7\x93Va\xda\xd8\xb4\xb5\xcc\xbcz)u\x18K\xd6\
\xb4c\xfb\xcbRP\xca\xc3\xd7,h\xdbI\xde\xab`\
\x16\xdeA\xa3Z\x1c;\xd9\xe1\xbf\x14\xde\x01\x09'O\
M\xdd\xe1`\xf7\xd4\xb8\xf9\xff\xd7\xd9\xb7\x07Wy\x5c\
y^l\xf9\xea\x22_\x04QlE\x96\x18|!\x14\
`\xd6\xc0\xf5\xa3\x9c8\xf6$\x8e\xe2$\xb6c_@\
\x92\x8d\x1d\x1e\x0a\x12\x92xc\x10\xc8\x18\x86X\xc8\x02\
\x84\x10H\xbc\x04\x16`\xc0\xe1\xe1\xd8\xe6ec\x1e\x12\
\x98\xdd\xca\xcef'\x8c+\xb3\xb5\x13\xd7Tf6[\
\x89u\xaf\xa4\xec\xee8\xc3xS)\xbb\x12m\xff\xfa\
t\x7f\xdf\xe9\xaf\xfb\xbb\xc2\xfb\xc7\xd4\xc4\xa2\xfbt\xdf\
\xfe\xfaq\x1e\xbf\xf3;\x06\x8f\xa4jN_\xcf\xe2\x8f\
z\xa1x\xc6\xed\xc4\xe4!\x14\x96\xe8\xe6\xca\xb2h\xe7\
\x9e\xc1\x12\xb1\x07\xa6\xe0Y ZU\xf1\x19\x90\x13\x8f\
,{\x9f\xe6`\xaa0\xb5VD\xea\xd8'\xf9\xbe0\
Y{/\xbd\x05\xad\x7f\xcf\xe9\xf4\xa9}2\xc4\xb69\
\xdd~\x11\x9f\xa1k\x0f\x92^\xc4\xae\xb9\xa4\x815\x04\
\xc1n9\xebW\x95\x9e\xbatE\x9d\xe3c\xdd\x8f9\
j\xb2e>K(\xa5x\xd6*\xf2Qw\xda/\xea\
\xca\xe6\xf4\x03\x9a\x93z*.\x9eI\x7f\xd0lO+\
\xf0\xceQn\x09\x22O\xf2\xfe\xa4\x85s\xcc\xeb!\xcc\
\xab\xe3\xfeu\xb7\xf39\xa1\xe6\xd8\xec\x19\xf8km)\
\xe2\x9f\xa9G\xf0\xbfk\xbe9k\xd2\xfa{S\x91\xfd\
\xb7\xb1\xb9\xcdTs\xbbv\xa0\xef\xcdm\x8e\xc5\x82\xa2\
\xf3v\xfaT\x075\x90\xb8R\x04G\x91\xaaG\x7f\xd9\
\xf3\x01\xee\x82w\xde\xe9\xbd\xd4(N\xa8K\x956P\
\xd9Q7\x1e;g\xf6,\xc62\x16\x15\x1f\xae\xf7\xea\
nk[\xc1\xd0\xff\xf1_\xef\xe4\xa8Ti\xe6g\x1a\
{\x06\xb6\xd8\x18zG\x80C\x1am\xee=^0;\
S[*v\xd9\xd3\xd8Qb\x9f\xcdg&\xcb\x88\xf4\
\xe9\xd7\xc5oO<\xbd\xa2\xaez\xbee\x9cL\xb2{\
\x0eQ\x8c\xa5\xc8\x90\x97\xa5\x1cK\xfe\x9c\x11<y\x8d\
\xc5\xf6\x85\xeeie\xa8Y?\xc9\xef\xfd\xf2\xc6\x80f\
^\x12\x90\xd0wbc\xa8\xa2>f\xce\x08\x1c~\xb0\
e@\x91\x11?l\x81\xf8I\xcb\xc4A\xac\x17\x96^\
\xbd\xcf\xe9!d\xd2\x8d@4\x1a\xcaa\x01\xba\x9f\xfa\
\x97mf\xb99\xf939\xb8A&\xa39j\xfa\xcd\
\xfc\xcc\x88\x1c\xc6\xa9a\x08:\xc0\xc8(\x8d\xbasI\
\xc7\xcc\xc9\x0df\xc8\xb6Nq\x04h\xffJlt\x9d\
\x0b+\x0e\xef\x101\xd9\xf1sr\x812@\xb6^E\
\xbe\x8f\xb2\xc7\xed\xf5b\xb7f\xb0e\xda\xde\xd9\xcd<\
\xe5\x0e\xb1T\x13X\xaf\xf2$.u\x93&\xe2v2\
\x14\xcd\xc9\xc5\x97\xd1\xa8\x03\x1a\xcc\x08\xcb\x8fG\xce\xb8\
\xfc&\x1cp\xe0\x09w\x87\xebG\x93XhOp\xe1\
\xc0\xf8.KB\xf11\x08\xf8}\xd1*3{\xcbv\
\x98\xde-gI\xf7\xa1\xd46{O\x86\xe7\xba\x97|\
\x81\xfc\xf6\xc29\xb9u\xf7.\xae\xf4A<eI\xc3\
\xab5\x06\xb2\xc4\xb2\x1d4\xd0<brn7\x96\x10\
G\xec\x85\xbe8\x83\x11\x1c\xe2\xa8g@\x5c\xdf\x9e\xf7\
\xfb\x9b-\x1f\xe2\x1dsr\xe1E^\xb3d_\x15\xbc\
\xcbeI\xc3\x97\x04a\xcao\xbc\xa7g\xe0\xd0\x1b\xe4\
[\xc6\xc29?r\xc1\x9c\xe2\xba\xc9\x0d\x7fS\xff\x17\
\xf2\xa3\x1a?S,Y\x970\xcf\xc4\x5c\xfav\x9c\xf5\
\xfc\xaa\xee\xdf8F\xcb!\x98y\xebu\xe4\xc0U\x15\
jw!\xd3\xe8\x99L\x0f[\x0e\x08\x80\xf4\x09J\xf4\
\x99\x0bu\x13\x87|\x8b\x96\xa7\x80\xa4e\xe3\xe31\xeb\
?D\xd3g\xcf\xf5\xf5X\xa76:\xe7\x1b\xb3\xff\xc4\
\x8b_\xa6\xcfv\xa7\xcf\x5cr$j\xe7\x18\x08\xd7\xa8\
\x1b\xd5\x1aC\xa3\xd9\xffe\xde\x09v\xb1P\xce\xc7\x99\
\xcd\xe9n\xcb[7J\xe7\x8d\xcc\xbd1k\x92Q\xb3\
\xb8\x88\xa7\x8a\x80;C\xfb\xc9\x9d#\x06\x92*X\x0e\
\x91\xe5\xf2\x9a5\xa9\x22.^\xeba\xfb\xaa\xf0\xd5u\
\xe7\xa4\x8c\xdeU\xb4\x19!\xb4\x07\xb8\xa0\x8fu\xe8\x0e\
T\xca2\x9c\x06\x0b\xad\xa3M\xbe\xd0\xf0\x81\xba}\xef\
\xa3\xfd\x11\xf0\xfd0JS.F\xa9>\xc9\xb2e&\
\x07FRG\x94B\x85\x97v\xd0x\x99\x1d'\x1di\
3Es\x9e\x95\xf4\x99D\x9b\xb5Z\xfa\x09\x97\x1a\x81\
\xc7/\xa5\xcf\xed\x85!\x036\xac\xd5\x8bV/\xb5\x03\
\x8e\xa3 \xa3\xaa\xb0\xe6\xa1\x8a\x18\x98\x06\x18uf\x11\
\xf5\x15\x9b3\xb3\xe7B\xff\xfb\x17C\x89\x07\x8a\xb5\x88\
\xed/-Y \xb3\xc3\x9b[\xeb7$\x0d[|b\
@X\xe6\xd41u\xf8\xbb\x9a\x85\xad\xdf\xd7\xb39\x04\
~\x0c\xd9\x01@\x83\x94\xe4\x064\xc8\xe6\x1dk\x19G\
\x8ej.\x0e\x8bP\xa6\xdc\xcd\x8b_J\xdb\xcd\xbb\xfa\
\x0e[:U\x9en\xbe$\x87YA\xacC\xe6\x88\xb5\
\xe9\xf2\x10\x16*\x7f\x0c\xdez\xd6\xe7\xe2q\xb1_\xd2\
m\xdd\xe4f\xb7\x8e\x1b\xe2\xde\xec\xb8\xc9@\xb7U@\
\x8c*\x1d\xe0iJ\x8c\xb6\xca\xe1\xfc\xd5`\x1c:\xab\
\x9b\xf8\x09\x8f\x1b\xd3X\x1f\x15g\x8c\xe7B\x02\xce\xeb\
\x15\x9a<\x04\xf5T\xea\xac>\xc9\x10\xcc\x01\x95\x0ec\
\x87\xa6\xe6\xde0\xf4\xaa\xe18\xc0N]J\xb4\x9c\xf9\
\xdd\xe5\x83f\xcbM\x9b2=\x96);a\xee\x0d\xc4\
66\xfe\xbe\xecW\xd5\xff\xdc\xf2\xb4\xf8i\x9f,^\
R\xf1\xa5\xe5\x7f)\xfb\x15\x9c?\xa8\x14f\xbcz\x0f\
KI\x12\x85\xbf\xe5-\xb8\xe0\xb7\xbfA\xf5\xc5q\x9d\
\xbf\xf9\x16\xe2\x0e=]\xf8\xbb\xf4\x00!\x0a\x22\x8cM\
\xe7\x9bXD\x85b\xb3(\x9e\x05\x18K\xe2\xf4BU\
\xceD\x98\x10\xfd-\xfc\x02-\xb60\x7f\xb1\xad\xf8\xd4\
Pb\x07\xe3\x88\x0a\xc1\xfd\x08_\x1c#\xc5~0\xdb\
0H\xad\xa6\xd8\xa4tP\x92#\xceQ=\xe41\x1a\
>|\xffu\xacMM\xb9\xe9\xfd\xc7\xa1\x8e\xd6\xfe\x93\
x\xc5S7\xb7\xff\xc6\x89i\xfd\xc5E\xf0V\xfe\x07\
K\x1d\x1d\x8b\x81e\xa0\x97\xfb]\xb2\xa9\xa4b\xcf\x1a\
\x80\x05\xb9g\x9d\x98\x85;\xa8\xa5\xce\xad\x92\xa0\xaa[\
\x98\xbe\xa2\xfb\xf1T+\x8d\x9fj\x0a\x11\x86\x18<`\
\x95\x14\xfdw\x08\xa3\x80<\xa1(\xbdP\xbf\xe37\x18\
\xb1\x18\xf9\x1b\x9c\xe1\x98Iso<\xbfdf\x0d,\
\x1e\x9d>\x84\xb3\x87\x007\xb8j_\x98\x95\xfa#\x80\
c\xecw%!\xeb\xe8\xdbp\xe8\x13\xd2Wo)\xc4\
\x90ep\xbb\xefJg\xff\x07;\xc9\xdd\xef\xf8\xa5y\
soXF\xe6H\xc9\x9f\x15ng\x96:\xe9\xb9\xd8\
A\x08\x140\x14\xbbP\x96x\x95\xc7\x03\x10cv4\
\xbe\x15\xe4\xea\xe2GC\xbcUz\x0f\xd2&\xf1\xce\x0a\
\xa9o\xae\x1a;4\xb7\x86f8\xeeB\xc2k\x13\xbd\
1\x01\x04 \x87\xf5\xcd\x84\xd4\xf2\xc5\xb5\xb8\xed\xd9J\
}-2SV\xc8\xbb\xd2(\xbe)\xbf\xfe\x1c\xbd+\
\xbfV\xf6\x90\x95JK\xbd\xbb\xa1ze\xc9\xa9\x8d\xd2\
\xd8\xc6&\x22\x1f\xa2\xa3e\xcdEV([\xb6\xec<\
\xe5h)\xee\xc9\xba\xe1\xe4_\xde\xf0\xeb\xc1\xf8\xf4\xef\
i\xed\xd7:\xb8IB\x95r\xc2O\x84\xaa\xafn\xe6\
\x9aq\xb6s<f\xee\x8d\xe5\xb7\xad[')cJ\
\x10\xfd\x04\x80\x03\xcbPw\xabAi6\x05\x03]\xda\
\x048\xad\x22\x80Qa\x12q\x1f!\x02.\xd7F|\
\xac\x10\xde\xb2\xb97\xc0\xd5i\xfct\xa2\xe5t|\x8c\
\xd6\xebKK\x9d\x1fC\x98\x09\x99sMC|\x0c\x18\
\x1e\xc68dY8N4Z\xca\xa3b\xd2l\x869\
\xa6G{\xb2\x12\x9ad3\xdcE\x9dG\xe2\x0dke\
\xa4' \xc4T\x81#\x95+;\xef:\xfc\x9f\x9a\xb4\
3i\xf0\x1f\xc6\x15?g2\xe1\xd0\xed\x8a\xdc<\x9f\
\xe5\x7f0\x9e\xee!\xe8=\x8b=!\xe1\xb5\xa0\xbf\xac\
\xc5\xe8\xfb\xc21\x99\x04y\x8bA;B\xa6b\xf9'\
\xa94\x9c\x00\x1d?Zw\xbba\x0e$=\xdf1\xd1\
\x8d\xf8\x99\xc8\xedg\xc0qC\x91~J=v\x1a\x05\
\xb1y__3\xc9\xc0\xca\xc6\xd3\x97.\xc9h\xb3\x0b\
\xe9\x9a\x93\x8a4\xdd\xcb\x96\xff\xd2\xa5\xfe\x93\xcd\xd6\xfb\
\x03\x88_Sn\x08\xfc`\x14A\xfb\x84\xb1\x12\x825\
\xc81\xae\xf3h\x08\x82\x1a\x8d\x9arq\x9b1V\xb6\
\x02j,d\xd3]\xe6\xa0g\x1b\xa5\xdf&+\xd5-\
\xae;\xbb\x12\xdc$\x134\xd2%\x82\xcd)\xff\xc1:\
\xa1z\x14taF\xf3H\xde\xc9a:\x8f{a\xd6\
\x9aI\x1b\xff\x1d\xdcl\x803'\x87u\xac-\xff\x08\
|BM\xb9\xbb\xd74\xf4\xae\x9c\xf0\xfao\x98\xd1\xa9\
d\x9d%\xe26\x02,\x0b\x9b\x90\x14 b\x1c\x126\
\xa8\xb0\x0c\xfb\x0e\xec\xefk>\xd1\xd7d\xed\xb414\
\x1e,\xb9\xe40\xa2\xa8\x983\xa2ue\xcd\xe5\xe7\x9f\
\x02\xa2\x9e\x99\x9dz,2\xea0\x8a\xc7Iq\xe6r\
\xff\x99C\x99\xa3\x9b\x09Y\xef\xfcR\xd0\xfd\x0c\xb2=\
\xf5\xa5\x94\x22\xe7\xa4\xdc\x9b\xaa\xd7\x10\x9aCr\x18G\
f%\x87\xc1XFD\xbb)\x174Q\xc6\x06N*\
\xd1m\x9b\xc4,\x09\xac\x05\x909\xd9\xcdt\x05\x8b\xfd\
!Y\xa3B\xe0\xdc\x16\xebw\xdc\x13\xe9\xca\xf3\xe0\xf3\
\xb43>`o@Xe\x1b2\x92\x98\xd5\xc1D\x86\
e{\x90\xb1\xe1e{P\x8e\x92s\x811BGj\
\xc5_\xac\x05\x96}\xfb\xafm\xc9\xd8E\xa4\x1e\xe4\x13\
\xc7\xab\x99\x1c\x86\xf82\x88C\xcc\xe5&\x16\x10Zj\
\xbf\x90\xb47\x00=\x9dp{\xc8\x883\x91\x8cxk\
\xafhA\xbc5\x0f=\x90\x98\x85\x91\xc0=\xd2\x1b\xc1\
\x9d\xbd-\xbf\x13TJ\xeb;\xc9\x5c\x03\xe7@p\xab\
V\xfe\xaf\x8e\xbb\x8d\xec\xc1\x22\xea\xa6\xdc\xb4\xd7\xde\xce\
l\xbf\xe8\xce!,\x84\x08\xa9_H\xec..i\x83\
\xeck\xac\x12D\xba\x84F\xe7\xaa\xe0\x9e\x93\x01l\xbc\
\x96\x88\xb8US.\x12\xa2\xe0\xbf@\xce\x1c\xf4>h\
\x80F\xa6\x1c\x97/#S8\x802-\x8a\x5c\x1c\x94\
8GJ \xe9\x84\xae\xc8'\x06E}0\xb0?\xa1\
:\xb7\xb5\x12\xb2\x02\x18\xf1@e\xf6\x9eu\xe4c\xcb\
\xb57\xbeV<\x1b/@\x5c77\x96\xab\x80w\x09\
aHCG\xe3c\xa9q\xdc\x1f\x88\x9as,\x89n\
\xeeD\x88\xc8\xa3\x8bc\x83\xf5\xd6d\xb0\xb5\xa5k\xee\
\x16\xc77\xbch\xc3\xfdJ\xa4<T\xb4\xe0\x9c$6\
\xb3\xef\x02P28\xc9]\xa1F\xbe\x1ex\xee\x0d\xf8\
^\xb3\x0c\x960\x06\x13\xca\xb6t\xcef\x11=\x0eY\
Ysr5\x11%\x92\xa4^\xec\x06D\xd6AFy\
O\xba\xa7\xbb\xff\xf4i\x04\x14\x19+%\xe5L!}\
\x5c\x02g\x9d\xdc\x94\xb70\x1d\xfdV\x87v^\xa0\x80\
\x14n\xa8\x9d47B\xa0vI\x89?\xc8\xdf\xfb\x12\
\xd4m\xcf\x89S\x02\x97NE\xbe\xed\xcaa\x96\xcc\x13\
$\x17\x17\xe5\xdek\xa4\x81\x9b\x1e\x9d\x03\x8a\x7fBB\
X\xc3\x5c;\x0e\xe3\xe7{\xa8\xf3V\xf6L\xdd\xad\x0b\
\xbf>g\xc4\x92_n\xfc\x0c\xe6\x85\xce\xad\xf5M\xec\
\xe4-\xb8\x85_\xec^\xb7\xae\xb6\x14~\x94\x8a\x1c\x89\
&\x7ff\xe3g\x01\x17\xc6\x22L\xf4\xe46@v\x84\
\xe5v\xe4\x12\xc2vg\xda\x85\xfaF\xe6\x07\xcf\xc6\x0d\
X\xe7\x80\xe1\xca\x1b\x1dT\xa403.\x90\xdf%\xdd\
\xa1\xee\x1aX\xd1\xedgC\xfd\x1d\xe3\xf1K\x9c\xbc[\
^&\x22\xc3A\x8cS\xf3t0m\xc9\xa4C\x07\x22\
\xe2\x0e\x0c\x00?\xbd\x8e_\x19\xb1\x801J a\xf9\
9\x9a\xd7\x19#\x88{\xb35\xb9\xac<!6K\xce\
\xbd\xe8R[\x8a}\x83\x8f\x857\x05\x9ff0\xdeQ\
\xdc\x91\xaalC\xe4\x00\x0e\x8a\xf2\x9f\xd5\xac5\xe0n\
R$\x96\x936\x8c\xfc&\xde\xaaK\xa7R\x978\x82\
^\xfa\xb1\xf2W\xb47\x89\xdb\xd1E\xad\x87Y\x04\x18\
\xaah\x04'C\xd5\x044\xd7\xb5\xa0dQ\xeaf\xa2\
'\x85\x89;\xb3n\xf6\xe5\xba[a\x7f2\xddA\x0a\
S\x9f^N\xc5s\x8f{\xd4\xa3*\x95r\xf3\xa6\xf4\
\xe9\xcb\xd8f\xd2.uN4\xc0\x8d%e\xbbMG\
\xd9<\x10B\xa1\xe6\xce\x10J\xb1n^[\x8a,w\
\xfd%\x8dX\xdcX.\x00d\xcf2\xf9\x9d>\xae;\
\x1c\x17\xc3#\xb9\xf9Y\xe3\xe9\x91/`\xfaX\xb3\xe3\
\xe9\x09\xabUs'u\xa2\xf5\xf2\xf0*\xd6m\x0a\xaf\
\x07\xf23\xd6.M\xfdqC\xff\xda+\xcf-\x04\xf9\
e\xe3\x9f;\x12U\xa3\xca\xe7\xef\xff2;.\x0f\x90\
#D\x91(\x1e}\x07\xb43W:\xfb\x8elL\xbf\
\xf6&1c\x02\xda\xddx\x04(\xfa\xedG\x07\x8e^\
s\x9c\x9f\x98\xf6\xb2\xf0\x1f\xe7\xbbWl\x86V\xd5\x1c\
\xf9\xee\x14(\xce\x82\xa1}\x88\x8b\xa2\x9cw$\x1b0\
8\xf8M\x01k\x8b\xf5\xa0Y\x86\x9a\xc8\x87\xfa\x02\xb2\
\xe3\x95_ky\x1a\xb2\x0di\x05B\x1aN\x1dM\xdc\
\xcd\xf5U\xf9\xb5\xd6kM\xab\x98WCt9\xfbj\
\xff\xd6w-%\x0e\x17@V\xe0\xbf<Q\xa1\xc0\xff\
N\x09\xc9\x0crQ\x07\xb2O\x90kQ;\xcd\x7fr\
\x93\xb7D\xf2L\x95:\xf5a\xdd\xad\xb8\x8e\xe0\xba\x22\
\xde\xecy\xb7bc\xa5F\xac\x9fP\x11\xdb?\xaa\xee\
n\xd9'\x0f\xcf9\x1e\xf1\x8a\x9c\xfd\xb7aD\xd1\xfe\
\x15\x8cj\xf2K\xb3\xcb\xec\xa4B\x83:\xb9\xb0u\x0a\
\x8cN\xa1:#_wq\x85\xe5)m\xbd\xb7\x07\x8f\
\x12\xb9\xad\xc8K\xc6)\xbci\x0f\x8b\x9e}\xef\x9c\x10\
B\x07\xdeh\xce\x1c\x04\xb6./\x8f4\x09R\x1d\xc4\
k4p\xf42\x0d-e\x5c\xa3\x090\xaek\xc7\xa5\
\xf9M{]\x89\x96;\xb8\xba\x83q\xbd&N\xe2\xee\
g\xb2\xfc~\x8f\xbe[/\x04.J6\xf3\xa1\x19\xbe\
\xf3=v+\xd3\xa5y'g\xb5\x0auo\x16\xcb\xc7\
\xe7\xf7u\xc3;\xeeJE\xca\xff\xe0d\xf2\x1d\xab\x1f\
\x97\xb7\xe0\xb4\xbc\xf6\x1ayv\xb2\xf1\x02\x8f\x83\xd49\
\xb90#\x5c.,\xa7\xf4\xb3\x9b\xc9\x8aHX%\x91\
\xec\xfb\xb6\x81<\xfa\xecJb\xeez\xcb\xa5\xc0)l\
A[K\x04\xb6@v\x18\xca\xff\x14\x9b\xbcV\xa5\xb5\
i\xbbI\xa5@9\xed\x82b\xcd\xb0\xa9\x19\x94\x1b\x9a\
\xad\x11&rFM\xbe~\x18!\x8b\xecR,g\xdd\
\xf0\xa1\xdd\x9e\xee\xc4.\xa3\xde\xc2}j\x0e\x07\xb7:\
\x1c\xa2\x81\xd4.w]\x86\x98\x9c\x0d\xaf-\xa8\x96\x9f\
\x94V\xe7\xed\x86\xe6~\x8aa\x00\xb0\xc2:{\xa9\x84\
\xee/\xff\x04d-\xddU7\x1c?\x89\xd2\x13[\xaf\
\x9b4\xc0&\x84\x05a\xbc\x05?\xafl+\xaf/\xff\
\xc4\xcf;cwS\xad\x1a\xfd\xdd\xa3\xd0M\xe4\xef\xf5\
\xd2\x16\xfb\xcf\x5ctR\x07\x07P/\x14\xe1\x13\x065\
\xd4\xf8\xed\xefA\x937\xd3\xd0\x1cW\xcb\x04\xfdC\xc8\
\xe3<dJ\xdeDc\x9a7\x9f\x8cW\xa4\xc7\xd1Y\
\x9e\x96\xf2:\x96K\x0edu\xba5\xdab-\x13\xfc\
\xa9\x90\xe9g\xf3\xba\xe7K\x1c\xaa\x14r\x08d\xf0Z\
\xe8U\xc8\x06;c\xeav\x8c\x80\x87g\xe1\xa1\xd4\x1f\
\xb5\xfaY\xfe\x09Qll(\xae*\x04\xef)\xd5s\
1\x90\xb5\x0aB\x07.G\xd8\xc0\xb4`m\x97\x076\
m7tQ\xf1lh\x22\x0e\xd1\x12,\x10\xc4\x81\xaa\
\x0b\xbb8\xbeY\x01\xe6F\xe7\xc9b\xdc.\xe1J\xaf\
\xdc\x01\xe1\xb4\xda\xa3}\xa5Z\xdf\x10M\xf2\xaal\xfb\
\xf9\xc2G\x99\x83\xd3T\xa3\xf9\xfd\x00\x5c\x0d\xc1\xba\xde\
o\xce\x1c\xb1\x5c!\x0fb\xa2\xf0\xcc\xf3\xf3F\xb1\x9c\
A\xc9\xc6\xab\xff\xae32\x0d*\xb0R5\xb0\xf4\xd1\
\x078\xdc)\xfa\x83\xf5\x93\x8a\x0f\xfd+O\xc0t\x13\
\x85\xc5`\x7f\x19vW\x5c\xa1\xa3\x9cV\xd6(\xbdI\
\xc1$m\x94/,\xa0\x1dIh\x0f\x02N\xdb\xfaj\
\xd0\x99\x16\xcf\xe6@\x8bW\xfeyM\xcd\xec\xad3\x17\
B)g\xe3\x5c\xbb\xda\xb7\xf7x\xfa\xf4VP\x9fJ\
\xb5\xdc\x1eGt\x9c{\xcf\x8a\x17\xf98\xb2\xd3\xf9\x9f\
f\xba_u\x8e\x837\xcb\xe8\xa2\xc7!'\xa1\xb3c\
\x1e:\xae\x1c\xbbop\xfe\xdf1\x85Pv\xcb\xec;\
\x92\xde\x8dG\xcf97\xb0\x05\x07\xe7FL\xc0Vs\
d\x816|\x5c}\xd2oN\x8f`\xdf\x81\x9d\x99\x1d\
'\x9d\xcd\x0d\xcf\xabj\xeev\xa7\xc6\xacb\xebq\xfe\
\xc4Z\xc1\x16\x14\x88\xf0\x83-T\x0d\xc2\x96)\x1a\x19\
\xa9\x0eqU6\xc2\x99\xf00\xae\xa3\xb9\xfc02\x96\
\x92\xc3t\x90%9\x0c\x00\xf3\xa6\x5c\x84\x8f\x0c\xc0\xd5\
\x14\x12DyK\x1f\xe3\xac!\xfa\x02\x7f\xbd\x84\xa0\xa7\
w\xb5Q\x8c\xc9\x8d\xc8\x8ac$`JL28\x92\
It\xe7\xee}\x98S5\xaa\xec0\xfb\xd9\xc2\x22k\
=l\x1d\x8c\xaa\xc9\xe5\x1f9\xfd\x18E\xf0t\xb7w\
\x0e\xed\xc1\xc8\x81C\x9d\x8f\xf3\x96\x83/0\x0f\x8d\x02\
\xde\xf5\x91\xd44\xd4k.\xfb\x10Z \xd8\xc7\xc3\x07\
X\xaf\xa0I\x1f\x9f\x1c\xa6=\xef\x18\xb9)\xf7\xf9\xfb\
*\x9e\x02M\x9c\x7f'\x06\xfc\xf9\xda\x93\x8a\xf9\xe0N\
l=\x9e\xde\xd9J\x5cq\x96\x7f\xd3\x0f$@\xb8\x1e\
(5\x01\x03`\xa0\xd0AT`\x86\x8e\xe8\xe5\x0b\x8a\
\x8aN\x0eemK\x9d\x0d\xc7\xb6%\xcby\xb3\x5cC\
\xfaS64k\x9f\x5cjD*\xb2\xf1S\x1d\xa9\xd9\
\xba\x11.\x1b<\xb0,\xf4S\xca?2^T\xe6`\
C\xb6\xfb\xa5\xc6\xfe-\xe7y\xcc\x06\x918\xe9\xe5\xa1\
\xe7\xd7\x110*Tu\xccgHb\x92ZIr/\
\xcc\x1b\xf6\x1d)\x9flF\xcd\xaaZ\xa1U\xad\xb04\
l\xa8VxL\xca\x9e\xa9l\xc4\x0f\xda?L\xe3\x1e\
Lb\x01\x95\xa6%\x1f\x0c\xcc\xfb\x83F\x15\x908\xfa\
>\x07=\xb8u\x99\xd1\x18\x85\xa4\xa7&@>\x98D\
lJ\x0c\x95\x0b\xa8\xe5\xc2\xab@\xa2%\x83H6T\
E\x1c\xcb`E\xb4\x0b\x94\xc0l1kt\xdc\xfd_\
\xab\x8f\xb3\xef.;\x0d\xec\xfe\xc0\x81b\xc81\xe0\xc2\
Q\xd2\x15\xac\xb3\xae\x12+\xca%\x17\xea\xd2\xc8R.\
\x1b\x1d\x12\xe5\x0bk\x96.\xb5\xf3\x11E7/q\xd2\
\xeb\x1cI \x81\xceGE\x90\x08?aR\xcaJP\
\xfe\x9c\xe5\xc8\xa8~\xb5\xfa\x97\x9c\xb4<\xb3\xf5\xedL\
{\xbb\x83\xb4<F-\x19\x1e)\xee\xb5u\x80\x8b\xa6\
\xa2\xb9_\xf7EU\x8112\x1d\x1b\x9a\xf7nk\xf8\
\x9b\xa6\xdc\x0d\xa7\xb6\xf9\xf1\xd4iJ\xa8\xae\x08C\x05\
bt\xb6#v\xb9\xd8c\xed;\xc5\x8d \xfe=\xd3\
j\xfd\xa0|\x8c\xeb\x80z\xdcIr\x87\x00|\xc4\xc0\
Y\x08\x90\x17\xff\x91\xa0\x22$\x8c\x97}g\xab\xe6\x9a\
F\xc2\xc7\x1d\xf0n\xe0\x8d\xb0\xbc\xfcU/\xd3\x06\xd7\
\x16\x0e\x158\x91\x08\x8c\x12\xe4:\xf8\xcc\x14\x887\x0b\
%!B6\x11\xd0\xd0\xb5\xa5 \xf6\xc1N\xf0\x06\xac\
\xe1\x94\x89\xdc\xb2\x09\x14B\xd1\x98\x8d\x03\xe2\xc8\xa4\x0f\
\x9e\x95\x94\x16\x14\x98\x16\x1a\x07\xaapi\x03Ia\xa1\
\xf7] \x1a \xdaNv\xee\xa5\xb8]\x9br\x0d\x84\
\xebH\xba?qg\xbbkFT\x0f\xfbq\x1b\xbe\x92\
\x998 \xbe2X\x16\xe5Wr\x7f\x9c\x09\xe8()\
6\x95\xaeNv\x83\xd8Z\x9fz\x0c\xe2\x03\x0c\xaf\xf3\
\x00\x89\xb4\x1d\xd7\x9e\xa5@\x9b\x8b\xc7\xbc,\xed\xa2z\
8F\xdb\xf9\xcc+\xcbm\x1e\xa3`\xbd\x8aL\xdbV\
\x1a\x06\x06\xc9\xd5\xd3\x06qQH\xbd\x8a\xf1\xd3\x0f\xe1\
\x97,~ck'H\x06mK\xd1X\xda\xf1b\x04\
\xf5\x13T\x0cI&\x96i3\xd1\xbd\xde\xb1\xea\x96T\
\x0b2O\xd9\x9e\xde\xd1\xd2\xdb\xddB\x19\xa7VL\x05\
\xcd\x81\x8f\x15\x16\xcc\x0fZ\x9e\xae-5\xba\x8e\xa1\xae\
\x0a\xf4\x01\xcb\x85\xb86.\xb8\x85\xc5Pb\xc9L%\
\xa5\x22I\xeeT\xd2(8\x5c\x8d\xdbHR\xb4:n\
\xa3\x09\x92\xed\xb5\x18\xa0+\xa4\x18\xcc\xbd\x01\x120\xff\
\xbf\x91\x85\x88\xff\xf2c\x8f\x9a\xec\xb5+\x89\x84\x03\x89\
J\x05\x17\x98\xf7\x07\x99\xa8\x88\xff\x0a\x8e\xf4\xb4\x1ai\
}d\xa5\x0c\x97\xae\xd1u\xbf\x8dq\xa92\xb8\xf2\xd5\
\xb0\x19\xac\x17/\xee|\xf1%\xa9\x14\xb7\x1fh}\xd4\
\x9b\xcf\xfa\x95kj\xd6\xa0\x0ex`Z\xeb\xebk\xe0\
\xb8\xe1s[_;\x7f\xd1\xd2\x1a\x9b',^\xfd\x0f\
\xe5\x1f\xc9\xad\x93\x8a\x94\xf9\xd4$\x99\xf6\x0e\xb1\xf1\x13\
\xdfN\x95Y\xd6.:\xe0\xcc\x90\xeda\xa8H%\xd4\
M\x85\xe6\xb5\x15\x12\xa2\x13A\x8e\x99\xafG\xbdC\xf2\
\xf5\x16\x8c\xde0\x8e\xbd\x8d\x1d\x07\xfb\xce[^\x82\x18\
\x1a\x99\x0e@j\x18\x92\xc8\xa9\x9b\x13M\xa4\xa1M\x95\
\xf0\x8e\x1e%\xa4[M\x8a-8\xb6\xebb`\xa7\xee\
:6\xb0\xa71$\xe9\x19\xcd\x03\x87\x8a\x9a\xbb\x0f\x15\
\x9ag9T\xb2\xeb\xcd\x1e\xaa\x9c\x05\xa7\x18\xf9c4\
\xb3\xeb\x94\x83\xf6q\xb2V\x9ehM\xe6\xde\xa8yx\
[+tO\xf8\x04B\xc0\xda\xdf\xe2\x0a\x94\xb7R\x92\
\xa2\xf9r\xba}?\xe9\x9d\xe4\x0b\xb8)4\xf7h\x8f\
2\xb38\x0b\xd4\xb1\xd8$\xc4\xec\xca\x02y\x1c\xe5\x0b\
$\xf4-\xb3\x91L!\x1e\xd2\xd6\xb9.>\xfc\x05\xbf\
\x1fll\xa9\xdbk.\x9b\xb4\x1d<`\xeb\x84\xc0\xe8\
\x12Zg\x14\x22\xa3\xf3\xb2\x93\xc4\xc3\x15\xb0\xc5\x1c\xcc\
\xc4!\xfd8;\x13\x87,];\x9eM\x95N\xe8\xe6\
^\xf6Uh1y.F\xe6a\x85/\xfd\x1d\xa6\xd4\
\xc0\xf2\xdf\x15\x94\x14\xba\xfe\xa3\xb4\x1c\x10\xd4-\xbf\xed\
\xd9\xd3\xc1O\xa8\xab-\x82\x8b\x8e\xd2WC\xa72\x18\
\x83Z\x09A,.:\xc6\xd4sZ\xd4\x1b/\xe59\
B\xa0\x05\x10\xd6\x91Zw;@9K\x16\x00\x02e\
\xad\xcf\xb5-\xc2: \xe8M\xe6\xd41\x02:9?\
\x92\xc1A\xa1>\x92\x9b\x80B\xce\x1c\xc5\x0dYs*\
\x85(K\x1bZ\x0fc\xcdCs\xbei<\x8c{.\
\xa4\xcf~\xe0x\x18\x8b\xa0\x1ff\xcf\xbb#\xcd.K\
\xde]\x0c\xe9r\x81\xfd)\xfb\x84\xecO\xd9\xdc\x80A\
\xa9\xe6N\x18\x94ln&\xb6Q\xf3\x90\xc46\xdd\x9c\
'\xb6\xf1\x0e\x8e\xc4\xb6I0\xfcm]J\x18\x1dk\
\x22u\xe2\xbf\xc1*\xb1B\xfc\xff\xd5l\xf3I\xd3\xdf\
S\xa5\xaa\xd6\xd4\xad\xaayq\xc5*\x1b/l \xd8\
\xa2n\xbcZ\x8e\x01:\x88\x86 \x0b\xd0\xe8\xc7\x7f\xbd\
\xfe(\xfbYT$U\x93\xbd8{\x980\xb8l\xf5\
f\xf2\x90\x87\xde\x94k\xf8\x92FR~9.1\xa7\
\x0b\xe9^\x9d\xbb.VkRdrd\xaa\xd8>k\
\xc5\xff\xdd\x13y$\xf2\x08H\xce\xd9\xbf\xdd\xe3\x17\x94\
\xe7Y\xeb\x89I\x93\xa7\xae^\xbb\xfa\x9eG\x1e!\xb2\
s\xef\xaf\xf7X\xae\x05$_PN\x14yJ<\x0b\
1a\xe4\x0c|\x95r2\xbc\x8c(\xcf=\x02\xb30\
\xe1\xce&\x88C\xb6\xf6\xc10+CJ\xe2^\x16{\
{\x8a\x8e\x81\xdbVv\xca\xd2\xdc\x98\xadn\xee\x9cV\
\xac\xe6l\xb0\x00\x03@\x11a\x05\x18\xa2(,\xc2\xd3\
\xa0\xa9\x96\x88\x03\xcb=y\xe5\xd8\xa5\xbf\x0a\xe2\xfa0\
P\x00\xedw\x1f\xbb\x09\xee\x06\x06\xf8\xbd\xbd\x1a\xdbG\
S\xf0\xc0~\xf7Y\xf7B\x12c\x84\xe5\xf5\xd9\x89L\
\xec\x05\x1dO#\x05\x13\xfbX\xd2\x92+&\xa3\x87\xd3\
\x84\x07L`\x09\x17\xc8\xb9\x0e\x86\x92\x83{*\xbb\x1c\
\xba\xb5\x1cr\x12\x5c\x0eT\xa9\xc5o\xd4\xa5\x11\xeb\xa9\
\xc8\x07\xd8\x9a\xa7\x9a\xd9RIy\xca\xfc\xa4\x11\xb11\
\xc5Q\xae \xd6.\x96J\x0c\xa5)\x1f\x89J\xb7\xf5\
\xfa\xba\x114\x10s\x87\xd10\x8c\x08\xd2\xe3\xceE\xe5\
\xbf7\xc3a\xdc\xde\x00\xd0\xde\x91\xff5\xf4\x00*\xb2\
-s\xc0\x86\x1e \x07\x5cY\xec\x0a\x94tX\xd6\xf6\
^9\xd68i\xc3E\xb3\x90L\x1c\xc3\xca\x88\xba\xed\
\x8b\x84\xfe1(\x99(\x0d0\xa9\xef\xb6\xd6\x22.f\
\x84\xf4\x92\xfc\xc7\xa8\xda\x88\xca\xcaR:.\xf4Z*\
\xf3\xe8\x8c\xf3\xddoSR\xa2H\xf1\x82\x9fK\xd8w\
!\xfe\x15\x91\xcc\x8a|\x0dy\xe3q\xcc,\xd4\x94T\
\xd0\x18\xf1f\xfa\x9c-\xca\x94\xa2P&\x9c\xab\x0c0\
\xe7\xd88qb!Y\xf3B\xcb\xd35\xac\x1c\x9fG\
2\x02O\x8e0-\xf6\xda\xaa5:\xa2\x90\xc2`L\
\x16W\xf0\x15\xaa;\x14hM\x96I\x10\x0a\x15J'\
lu\x8e\x0b\xf6\x16\x83\xffG\x8dK\x1c.n.\xa0\
\xd1\xb2 \xda\x0dt\xcd\x82K.V\x82\xc4\x0b e\
eA$\xcb\x99\xa0\xa8\x9f\xe1\x0bR3\xa1\xc2~D\
\xc2b\xb9\x14t\x09U\x1c\x0b\xbd{\xf4\x11G07\
p8\x1e\xe6\xc5S\xd5\x19d{\x88\x1fuU9:\
\xec\xac\xe4\xeb\x91\x91\x9f\xce\xc0xw\x1a#\xc8\x5cu\
\x07*o\xb2\xee=\x7f\xe4\x0b\x08PT\xba\xe6\x0df\
\xde\x17\xae3\x8b\x86I\xce4\xb7\xa7\x8fu\x12\x19U\
\xf6\xb9\xe3\xa9\x92\xfb\xcf\xb9\xe8\x98\x83\x89\xb8\xe7\xa3\xb8\
\xd1/\xb7\xd4N\xf3\x91\xdd\x99\xfd\x96\x09Y\x80\x13F\
y\xb7\x9aX\x93\xdd\xddt|t\x06.g\xd5t\xca\
\x99\xf7\x18\xa827\xacl\x8d\x19f\xaf\x96s\xe9$\
1f\xca\xa2NG\xdd&m\xb1\xe4\xfa\x01\xac\xea\xc3\
\x8a/\xf9\xfc1F}\x85\xf1J\x9e\x02V\xa1x\x02\
\xa7\x91q\xd7]\xf0\x04/\xa9\xbe9\xc1\x80s\xdc\x8c\
`\xf9\xcb\x89\x01\xc32;\xd5/\xf7\x99/\xb2X\xa1\
E\x9a@\xb3bC\xc5\x88u\xeb\xf6\xee\x863\xc3\x88\
\x84\x8e\xe7T\x99\xe9\x9dW\xe1q\xf9i\xb7\xb0\x7f\x94\
W\xc3\x19\x1b-\xd6bq]\x96\xff\xa2\xf6\xd3\xe7\xce\
\xef\xfc0P\xb2x\x22\x17\xacn\xc2\xf6\xd6\xcc\x01!\
\xf8\xb8\xd8\x95\xa1\xd5\x89\xef\x80\xece\x8f\x94\xfd\xaa\xa1\
\xb9\xf3\xf3\xe5\x1d\x01V\xd51J\xea\xf9\x1eP\xe4v\
5#\x01\xa5\xbb#\x94ju\x14\x84!\x85\x05!F\
c\xff\x14).'\x99\xc0\xa2\x02\x96n\xc2\x10\x880\
+w\xa8\xae\xce\xca\x1dr\xc4\x0d\xefn\x98\xbff\xd2\
\xce_b\xd7Z#^\xdd\xd9\xd7\x03\xfa\x8a\x81-\xed\
\xb4i\x9d#n\xfd\x13\xcb\xe3\x8b{<\xa0\x8e\x04\xbd\
B4\xa7T\x03\x8d)\x02\x97\x5c\xf0\x0b\xfb\xd4\x9c&\
\xa4\x88H\xe2\x9c?\x03B\xadj\x8dE\x5c\x5c\xb6\xca\
\x8d\x05Z\x04\x80\xd8\xcf-4l\xcd\x12C\x88\x04e\
\x0b\xd3\xc9mzz\xbf\x0f\xd6wC3\x0a\xbb\xadz\
\xf9G\x13}\xbc\x14\x97E\xf686\x86\xac\xf3\xd6\xb7\
\xf5r\xa6\xd1\xc2K\xc4k\xdf^9\xd6*lS\x90\
\xe9j\x82\xeb4Ky\x1b\xd9\xd1b\xcd\xd4\x1d\xb3q\
g\xd6\xbe][\x0a\xedM%K\x9bd\xa4\x85R\xc0\
\x05\xd2\xdbTn\xb4\x83\x834^\xfb\xe9\x0b\xc5X\x08\
C+*\x10G*}\xacK\xfd|\xa7\xde\x13\xdb\xd6\
Z\xfb\xa9\xe1\xfa\x89\x8bN\x99=\x97\xdd\xde\x9ex]\
dzJ+Cl\x9c\x83\x8d\xbdWwp\xcd\xc6\xd2\
\xf7\xea\x22\xed\x8cfFt\xe8\xbff\x17\x9f\xa9\x9b\x8c\
\x9a\xcbL}<\xf8\x16\x15]\xb6La\x9f\x0a\x8b\x99\
\xc2&\xeb\x95e\x0a\xd7I\x96P\xcd$\x01jE?\
\xcf\x06Q\xfd\xda\x15^\xd5f\xc6G\x0e\xa9\x92(T\
\xd7\xbc\x02\x83\xe2\x17\xcb\x9bI\xd6Mn\xfc\xb3\x0et\
\xf9\xec\x16\xad\xd7\xab~@\x88{='`!\x0d\xc3\
\xe3Q\x907\x03\xac\xe3\x87\xbc\x0c\xf3\x03\x84M\x06\xf8\
^\x5c\xfd\xa1F\x88X4<DP#\x8cE\xcb\x16\
@\xcd\x87c\xd0\xc1\xaew'9\x04\x87`\xd5\x8b\x06\
\xdc\x8a\xc3C\xdd\x88y\xd4\xd2\xe4\xe2\xf0Z\xbbC\x05\
\xf9\xd4G#\xf4\x82sC?\x16$\x0c\x19\xd1p\xdc\
\xfb#\xba=\xf5\xaa\x8f\xb5\x82\xd9\xe8\xd1\xf2|\xa2;\
v\xc6\x18\xb7\x9duT\x8c)E\xdd3I \xc2\x98\
\x1c\x06=\xaa)W\xd7\x03\xc3F\xd6\xdb\x8b\xdd\xf1\xca\
m\xbdQ\xf1\x9a\xecj\xa3\xd2_j\xeb:\x976\x01\
\x8f9\x90\x87\x1d\xf7\xcf;\x91\x1c\x86\x0b\x91|\xec\xda\
\xa7\xce,/)\x9e\xee6\xf1`\xa4\xbbO`(y\
Sz\x0ev\xeeH\xb7\xd4]9\x94\xd2\x08\xfd\xc3\x01\
\xb7\x18\xdc\xc9x\xb3\xac\xdf\xa4\x06\x0dp\xb5\x883A\
\x8e3\xc5\x92H\x18V\xe7\xef\x9b\x80AS\x13\x80Y\
\xc4\xa2\x01\x0a4\x18G\xb6=\xb2\xd8+\xa5\xc1e@\
\x83\x1eP\x03^\xbe\xa0\xe0\x8ct\xa5J\xbc\x10n\x84\
\x16\x89^\xe9\xd8A\x16\x99\x1bA$\xd7\x14?e\xfa\
o\x7f\xb4\x229\x0c?\x10\xdc8\x04)5\xf0q\xfa\
\xe7\x11LH\xa5\xeemT\xbfM\xb2\xe7x\xd0R7\
\x86n\xaa\x1e\x0a\xe7\xd6\xcf\x0b\x06&\xb7z\xb8\xb6\xa5\
\xaa\x0a\x91\x16f8\xc8\xbf\xcb\x07V\xd0\x033CX\
\x11[\xb5m\xe5\x96\x17\xf4M\x22.q\xba\xd2\xe5\x17\
&\x8d\xb5\xee\xde\xfd\xc3\xb4\x83~0\x8e\xbfT\xe4c\
\xb11;\xa4\xaa1\x83\x86\x18\xd3=M\xf6\xe0;b\
\x85\xb9\xff^\x86\xfb\xf1O\xde\xb2\xab\x1cf\x99\xb3f\
i\x1c\x9a\xb9\x9d8z\x02\x1a\x07cg\xf7\xd8w\xdc\
\x1a\xc7\xa8P\x06\xf8\xa2\x9b\xe5x\x1f\x13\x14!\x96\xc6\
\xe5\xdb\x9c\x12&\x10\x8b2\xa4\xdbs\x1c\x1f\xa5\x22\x07\
j\x9f\xf4\xc7\x22\xa1\xf6\xd9H\xa2\x8dW\x09\xbd\xc7\x1e\
\x09O\x1b\xb1\x0aw5'\xbe3\xe3\xd9D\xff\xf9\xc3\
\x8ej\x86\xf7\xf2Qdn\xcb3\x1b?C\xf5%I\
\xe0\x11\x96#\x95t\x8cGo\x9b|G\x09\xce\x09\x8a\
\x8f\xb0$\xaa\x22\x0c[w\xef\xac\xa4\x0f\xaa\x99\xf9\x1d\
\xa3\xb8D\xb1\x1a\x82\x81b6\xbd\x1aRj\x02\xc2\x02\
@@\xcaop\x1e\xe3\xb8nnPd\x17\xf0.n\
\xa2l\xf9\xdd\xb1N{\xb7-\xae\xac-\xdd\xfbRS\
.\x14\xd6y\xf5\xb3\xbeo|\x0d\xf5\xdd\xd5\xba\x88\xaf\
|\x10\x99\xba\x03{\xaf\x01#%U\xd7\xf4\xe5\xf7\xd2\
\x87\xb6\xb8\xbf\xc8x\x8c\xc2S\xeb\xf4\xe5)6\xbd,\
\xcd\x04\xe3\xc3\x1a\xcbJ\xb1\xf3\x8e\x01Un\x22\x9b\xc4\
\xf9\x08Am\xc5\x1d\x96\x1c\xa6\xc9CS\x13\x00\xfe3\
Y5\xd48\x0c\x17\xefeb\xa8\x1fz\xf9\x82\x02\x1c\
\xba\xa9c\x8c\x8c\x85\xa8;!!\x1f\x8dp\x8dT\xff\
\xc3\xf4\x03,\x14w'5\xa7\x9b!\xd3\xde\xd1\xfb\xc1\
\x01GL.\x8e\xde\xf8\x22`J6>\xac\xe8K\x0b\
O\xc4\xc8\x16\x84\x1f\x1d=\x18\xdfw$\x9eH\xf1\xd6\
H\x9c&\xe2U\x0d2b\x05\xc4&UHx\xd2x\
\x9f\xc5\x00>\xbc\xef;+$\xb1Mb\xc6\xaa\x15\x0d\
\x8b\x16\xd4\xacJ<[\xf6\xa4ee/\x1c\xdb5\x0b\
C\xceJ\xcezl^\x03\xbe\x01\xfc\xb3f\x1aJ\xe6\
\xc8\xd1\x81\xb7\x14nP\x9c\x82\xf4\xa1F\xb1\xc8*\x1f\
F\xbaoC\xd2P\x16>\xbc\xe0\xd7D\xf8\xd8\xd0\x8c\
\x88\x83\xa5\x98\x8d\xcf\x1c\xb9,\x0e\x92G\xe5\x08v*\
\x19k\xc8\xa6\xadE\x17\xbf\xb1\xfc^#\xe4\xf9\x93\xc6\
\xcc\xfb\xdb\x1c!\xcf\x02\x90K\xa4\x22\x0b\x0f\xd5<T\
\x96lh~\xe9\xffL\xff-\xbb\xab%\xb9D\xef\xa5\
\xc6\xcc\xa1\xa3\x08\x9a\xb6\x9c\x85Ew\x18\x16\xba\x1d^\
\x13r\x8c\x02\x1aq\xd5\xdbY.#\x8a\xe6\xcf-d\
\x13\x94\x8d\x9dq;\x08\xde\xcc,\x15%8s\xe8\xb8\
\xc3X\x91\xbf\x87\x84\xe3\x17\x19\x1d\xd5\xef\xf1\x86\xa2\x9f\
\xe4\x96#\x875VC\x0d\xeb\xfe\xf99\x8b\x97\xcc\x99\
\xce\x8e\xcc\x9bo9\xf2\x83bpO\x99\xd5D\xc9\x11\
\x15RM\x14\xcd\xcdj\xa2\xaa\xb9\xb3\x9ah!X\xef\
\xe0\x02\x0d+\x8d\xa6\x18\xed\xa4\x1f4\xa44Z\x9e\x96\
\xc1\x90\xaa#y?\x07Xu\x94\xeeceP\x15\xf0\
\x9e\xee\x94\xa9|\xdd\x19\xfeO6\xe8\x9d\xbc+\xf9@\
\x1dC\xc7tu4s\x85t)3\xebQ\xd0\xcd#\
\xeb#K%\x8c\x16\x10\xe0\x0dV]\xc7\xbb\xb8\x90\xf5\
K\xe7W\xd5,\xdd\xe0\xae\xdb8JK\xb4d\x14p\
\x19\xee\xce\xe3$M\xa1\xd0\x835\xc3H\x16\x1f\xfeW\
5\x1d\xa1,\xe1\xcd0\x97Y\x9c\xf9\xa3\xa5|g\xc4\
\x91\xadt\x91\x92lF\x17\x1d\x8b}\x87\x16\xe739\
21c\xb8\x98\x80\xad\xe0\x10\x96\x840\xedUHL\
 \xccE*o\xc9X\xfc-+\xee\xe6>5\x10s\
>\x08\xf9\x00d\xc0\xa7\xf6\xceQ\xfa\x87lh\x1c\xf9\
\xd1\xc8\x0aA\xd8n\xc6]\xc1\xb5\xf0L\x0d\x15\xa6k\
|\xcd\xb9\x93`\x9e\xe92\xed\x10\x85\xbc;dy\xf0\
\xb2'J %\xbd1\x90\xb1\x12.S\xeb(\x05\xc4\
\x05u\xc2(\x00\xfb\x06\xb77\x01}\x9d\x93R\xc8\xf1\
l)\x93%\x5c\xc8\x10i\x92\x13\xb4\xcc\x9bM\xc7\xe4\
\xb2\xbf@:\xa6\xdc\x5c\xa1l\xf7js\xdd,\xe1\xbd\
\x5c\x88\xbat\xd5\x8for!\x0e\x1f\xcfl\xfd`\x88\
\x09\xca\x0d\x0b\x9e\x12\xd7\xe6\xb4\x09f\xd8\xc9xH\x8d\
\x22\x89J\xec\x1cn'y\x8c\xe3\xc4L\xd0\x13\xc0 \
>YJ\xf9'^\xe9\xd8\x8f*\xf7q\x02*>l\
@<\x19\x96\xbc~,A\x12]~,\x0c\x8b\x80\x98\
\xfd\x22P\xa0\xcb1UY\xb4\xd2\x84I\xf2\xf3A\x15\
\xc1\x8d\xba\xb3\x8f*g\xb8\x0b\x18i\x1f\x15\xaf\x1a\xb8\
\xbbNm\xa1\x1e\x1e\xfbH\xe7\x0f\xb1\xe9\x8f\xe5\x83\xd9\
>E\xc7\x0f*\xd4|\xcb\xdc\xa7\xc8$\x96pbe\
\xee9t\xc8J\xb8d\xf1\xe5a\x00\x82\x10\xa9\xf6\x8a\
8w\xab&\x88v\x00N\xa6\x85\xc2Z\xc6\xdb\x1c\xd1\
\xde\xa30-\x0c\xdb2^_\x87n\xd4$e\xa0[\
\xebO%OL\xe4\xa4\xfb\xf0\xdd\x0f\xf9\xd0\x10\x06K\
\xba\xfe\x09\xf6[\xea\xf6\xb97Rw/\xfc\xcf.,\
\x0dU\xbc\xf4\xc9\xefh4\xd2!P=\xe8\xed\xfdd\
\xcc\xf5^\x82O\xab\xf7\xd2\x1b\xe9+\xaf\xfa\xa8\x1a\xaf\
\xf8\xa5U\xbd\x952\xe4\xf7E\xb6nLEf\xdc\xbe\
n\xd1\xec.\xb3,t\xf2\x16\xca\xa8\x9f#\xa9.\xdb\
\xff\xf1\xb9\xdf\xa4&PQ\xb8}Uu\xaf\xc0Jc\
\xa7\xf3G^\x0e<\xd2FNl\x14:v\xef\xa5\xb7\
\xfa\xde|\x0f\x95\xd0\xccZ\xd1\xe2P\xfaY\xf4g7\
\x13\xedQ\xff\xb5=\xe9\x03\xaf\x0b\x13\xc3+)\x87j\
\x05\x87\xae\x91Y\xe7\x02\xc5,\xf9%8\xd3\x16\x7f\xb5\
\xa1\x19@\xcb\xc1\xb8_\xc4\x8bMkr\xe6L;\xb1\
\xa3e\x8e\x5c\x84\xa5!\xf1\x97\xb8.\xcc\xf2]\xae\xe2\
E\xcb>c\x9c.\xd1\xcc\xfb\x9b\x1c\x84.y\x0e\xe0\
\xf4\xc8!\x80\xd0\x13\xfc>M\xb9\xb8\xe8\xe0\x1bO\x8d\
(\x7fx\xe73\x1c\x92\xcd\xa0\x05\xa6<\xe4\xd2\xc8;\
\x8e\xdc\xe6\xbd\x97\xb6S\xd6\xbb\x8d\xc8\xb6\x0c?\x1aY\
\xaae/\x8aMV-4\xea\xf9\x91:\x03\x10z\xa7\
7\x1a4\xb1\x17\xe7W/\x99_g\x83B'II\
?\xabYkB\xc9\x01+H\xa5q\xa9\xe3w\xed\xe4\
\xd6\xd3\xa3J\xae\xe4\xadr\xa2\xc8\x09L\xd0\xdbs\x5c\
]\xf1\xf27R\xf2\x8c\xa5H\xc8lI\x1eR\x88\xab\
\xc4G7\x892J\xec%\x87\xcdx\xaf\xfd\xeb\x15m\
p\x9d\xea\x9c\xa1\x86f\x03\x9b9\x85\xc0\x96\xc8\x05\xbe\
r\x04\xa6\xef.\xed\x13\x0e\x10]9!\x9c\x85\x18E\
\xe6\xef\x08\x99\xa9\x09\x18\xcd\xf0J\x8e%\xe9\xea\xa1\x97\
\x22\xe0\x12\xa6\x91\x9c~\xc7\x9ce\xfffl\xc1\x8b\xe7\
\x1c[0\xbe\xec\xf3\xb2#\x00 \x18\x96UA\xe6b\
\x8f\xd0]\x09p\xe0\xb6\xaf\xf2\xd1\xd1\x07\x17\x04\xbbr\
0\x81\xbd\xfe\xb7\xad\x8e\x06R=$n*$\xc9\x0b\
\xcdu\x8e\x16\x1bGv\xc9\xa6\xf8\xe4\x18\xdccQ7\
\x91\xd8d4\x9a{c\xc3\xc0\xd2\xce\x8a6\xbf\xfa\x12\
\xb1\xa6#\xc1\x82\x08\xb3\x0d\xba\xeco\x91(\x10\x1d\x5c\
\x11\x8b\xff.\xea\xa5\x985\x98\xfc\xea\x02:\xa0\xad\xcb\
\xb4\xb9\x08\xb4\xe3\x98\x83\x15\xde(\xa0Q\xb2\x050b\
\xe8\x18\x08\xa1\xcaN\xeeH\x97X\x90\xce\x05\xc6\x82\x0c\
\xbcv\xcc1\x99\xce\x05x\x89\x0d\xa7f\x015V\xee\
y\xa73s\x14:j\xca\x9d@F\x05uf\x8fv\
H\x8c\x17\x22\xac\xe4h5v\xb6\x14\xe9\x18:\xd6\xac\
]\xf0kc!\xd0)|\xaan\x1eQ\xd5mH\x1e\
Q9U\xcd\xa5\x1a\x9c*\xa7O\xb5\xb4\x03tt{\
I\xb1\xe2M\xb9\x1b\x06f?\xcf\xbc\x97$0\xdcK\
J\xbf\x10\x0eZ\xb1\x17\xedB\xf79\xcb\xff[\xd9\xaf\
\xd87\xef\xd9)\xdeK\xeb\x8a{\xfd7\x0b~\xa1\xe1\
\x85\x83q\xce\xe8g\x1c\xba)}M\x97\xd3[z8\
pP\xde\xc1\xee\xac\xc8\xe0(30\x0a\x96\x0c\xc1\xb5\
\x9a\xff$\x0e\x96b\xdf\x01c4\xa2\xcf\x83%M\xe9\
\xd4\x87\x00$\xf8\xc5\xa6\x90Q\x03hPj\x8a\xe6\x89\
\xd3@\x05\xf6P/\xa0y)\xedU\x86\xe02\xfb\x80\
\xb7 \xe6\x1d\x22\x98\xa6\xe04\xa8\xed\xb7\x1d\xef\xed\xd9\
\xae\xf0\xa8f\xad*J\xc1!xQ\xef\xa5ST\x98\
\x0c\xa8\x07\xd7\x13o\x00P\xa2n\xb8\xc9\x0f\xd1H\xe9\
ep\xc1\xd6\xab\x02\x94*\xb5o\xef\xb6\xe5\x1d(_\
\x1a\xc9s\x99fxl|\xb2\x03\x0a\xa8\x11k\xf4\xf4\
9,\xeb\xe99\x1aZhm5\xab\xea\x17\xadXN\
\x99~W\x1a3\xdd\x1dT\xfb4\xcf4\xe6\xe8U\xf2\
x\x11\xbc`\x9bG-\x8d\xa2=\xb6\xa3 \x8e\x9fR\
1\xa2n2\x5c\xdc\xfe\x8e\xa7\xc1\x11\xff?\xf8\x169\
\xb8\xed\x85\xe2H\xbe\xa8\x1b\xbd7\x1a\x8d\xa4n\x81\xca\
\x9c\xd5R\x89]\x14Y\x17\xc8u\xbcC;\xf0\xbb\xd6\
/]Q=\x7f\xe9\xa2u\x8e\x1c\xc6<\x12\xb5n\xdd\
^\x9f\x11f\xa4\xd7Q\xe2\xc8\xacw\xb0h\xcd\xdd\xb2\
\xb4FihZ\xc7(\xaa \x9d(\x0dK\xe7\x18\x03\
\x11T@6\xabV9\x85\x04yee\xbf\xa0b\x89\
\xa2\x8cl1e\x0dF\x9b\xf9L42\x13\x1fU\xb9\
G\xa7\x7f<\x07\xd7 \x97\x89k\xcfz\xf0\xd1\xa8)\
\xd7\xa2\xcd\xb9\x93\x9a#X\x9b\x85?'\x86\xde\x86\xa2\
\x1bW\xfd\x9cZn\x0e@v\xe6\x8c\xba;\x1c2[\
Wn\xae\x5c{\xc5\x90\x09\xa6\xa1\xf6\x8b}G\xac\x1d\
V\xd4\xf9\xf9\xce_\xca\xa3X%+mJ\xd2\xd8\xc8\
\xcblw\x89O\xfc\xfe\xc0\x96\xf6\xc4\xfa\xaa\xf9\xabW\
\xd7\xacz\xd9\xcefJ]\xdfWeT\x1c\x8d\xf7\xed\
mC!>g\xdd\xd1Q\xd4\xdc\x05\x84\xf6\xbae\x01\
B\xe74\xfciq%[\x84\x03\x972\x07\xedd1\
x\xe5\x0dM1N>y\xb7R\x18]{\xa5~\x0b\
\xcf\x02\x11\x0b\xd5\xb7c\x8b#\x0b$\x06\xe2\xd0y\xf5\
\xcc\xd7\x18'jP\x84\x00\x1de\x9b5\xcfh\xb09\
1\x89Z\xbfmm7\xdbC\xd1\xbe\xa3\xa7\x85\xa9\xe7\
h\xd4\xba\xddh\xd4\x7f\xda\xd2W\x12h\x04\x8ezz\
\x1d<\xbe\x03\x99\xfbc\xc4\xd3\x12$\x80\xf0\xc7\xe2^\
'$\x8cL\xfcqG\xd7bV\xf1\xd3x\xb6j\xa7\
\xb2\xf9\xbe\x7f\xdf\xffH\xb0\xf9\xc0\xe1\xf7\x06\xde\xd8i\
\xefq^4%\xea\xae\x98\x92\xf3\xf2\xe7\xfc\xf9\xee;\
\xd9\xe3x\xbec/\x7f\xde\xb9\x00J<\x1b\xf8d\x0f\
4.\xa9\xc0[\x17\xb9nn*\xee\xbcK\x88\xe2\x8e\
\x8e\x08\xc3\x04\xc7\xa1@\x8cuc\xa0\xb9\xcbD\xa0N\
\xd9L\x84\xd1\xe8Jq\xcd,\xe8\xe8\x89$\xc8\x8b_\
\xde,@\x9aI\xcf\x02\x91\x0eJ\xbfY\x94t\x8e\xf1\
\xf0D\xdd\xefM\x0cH\x85W\x96\xef\xbf\x85-\xa5\xc4\
\x1e\x88\xbbs\xe0\xa8e\x1d\xe6\xb4\xa5x@\xad\xef\xed\
NG\xf4(\xcf\xb1\xd6\xf1l\xab\x5c\xba\x9eT\x93E\
R\xf5@\x95l\xcf\x7f\x0b%\x0c\xb1e?\xba\xa1S\
\x01\xe0\xf8\x16j\xc8\xb5\xd6Z\x102\xf8\xf5\xa0\xfb\xde\
\x11\x1a\xc8\xa2\xe5B\x0bg\xae+R\xb2T\x0c\xdc\x82\
L\xf9\xe9\x01\xd2/\x0e\x15\xe4\xec\xabBG#^\x07\
\xab\x12[\xf6\xd9\xc2\xeb\xa1\xdd\x9b\x9a\x18\x89<\x16V\
\x09\x8bT\x96\xb9\x92\xef\x83{@9G\x92\xe7\xde\xc8\
V\xd7\xe2\xc1\xa1'j\xba\x82\x8d\xc9=:\xe4\xe4\x9c\
\x1ea\xf7T\xbe\x1e>\x95\xba\xc9\x12\xf7\xf6\xaf\x8b\xef\
\xd2+6\xf3\x09\xfc%\xb0V\xa5\xee\xe9\x1c|K%\
JH\x97\x09_\xa8\xf4\xa6\x16\xf5\x99\xc3\xd6'\xcb\xa4\
\xe0'\xd4D\x91Y\x9cZ\xeeI\x91\x17\x90\x93G~\
\x01\xefV\x1c\x0eg\xbb\x06-\xb9\x95\xb3\xd6\xa05\xf0\
\xc8Q7\x06\xb9\x00\xa8\xb7\xb0\x1a\xe1\x84d\x0b\xa9\x11\
\x1eGO|\xa1\xfd\xf3\x98\xdaQ\xa0\x8a?\x93\x11x\
\xae'\xfd\xba\x85\x95\x8f\xc1z\x08<^\xe4\x8er?\
^hn\xf8\xb3Ts\xb7\xbb*\xc7\x98N\xd4=\x85\
\x1c@ZX#\x09d\xb1n-4\x0a\x92\xc8Q\xd3\
P\x12\xb9\xf1\xe8S\x9d\x9b\xea\xa5\x92\xb3\xd0G\x93\xc3\
\x90\xde\xd0\x94K`\x07\x03\x8b\xfe\x90\x82.I\xd6*\
\xaf\xf4,\xf9\x06\x01n\x94\xa9\x0f\xf0\x8bzH\x087\
\x1f'\x06\x05=\x96?\xa80\xd6\xdf\xdd\xfe\x891\xd8\
\xe4,\x83\xc1H\x97\x83\x85\x00\xe21\x80Y\xd2J\x09\
sW\xfbA\xf3\xc0\x07\xa6\xe6\xee\x0f,\xd7l\xf8\xee\
5\xc1\xe6T\x83\xd7\xf2G\xa2y\xb6\x8a1\xaa\xf3\xcd\
W\x8c)\xd2\x00\xa7\xbd\xdb\xf6\xfe\x8b\xcc\xfb\xae\x17F\
q5\xcb\xfd.\xe2P'8\x196\xbd\x97\x98T\xdf\
Pme{G!\x8a\xfd\x92\xe1\xd4\xd1\xf13\xe4\xaf\
6\x93\xa4U[I\xb2h\x9d6\xdd\xdcD\xd8\xf1.\
n\x84]\xce\x86OXE\xe8h_\xf7;\x8eZ\xd0\
\xc9\x0d\x8f\xa7\xfe8\x18\xc3\x8b\x14\x99\x16\x99\x1a\x04)\
\x0e\x0e\xaf*d\xd0\xc5\x15\x11\xff\x1e\x9a\xd0\xd7\xd3,\
N!\xc8\xf8\xe5\xdb3m\xaa\xc6'\x0a\xbb!\xd3\xd2\
)\xe1\x8a+\x96[\xeb\xb4\xa1t\xdd'\x86\x0d\xd1\xd3\
\x22\x14\x02{\xf2\xbb\x8d\xc9\xf7\xb4;&\x1fG>\xa0\
\x04\x95=\x19y\xdcg\x06\xa2\x5c\xbf\xc4\x8c'\x1f\xb7\
\x82\xd8\xe8P\x91_\xf5w\xe5\x1f\x11\x93\xb6\x19\xc4\xa6\
\x8e(L\xb1m\xab\xb8\x8f\xbd-\x14\xe2\x04\x860\x10\
\x8a\x1aD\x8f\x05$$\x1bO\xa8\x9c\x05\xe9z\x00\xa2\
\xca\xdan\x8f\xb3\x1d'\x05x:\x1e\x01O\x13\xf6\x8f\
\x89A\x8c\x91\xc0\x14W]\x9d\x89J\xa3\xe1\xc0D\xe5\
\xd8\x995\xc9\xb8vh&G\x00\xe2\xcd\xe3K\xe4\xcc\
\xa4\xba\xb0b\x02\xbfk<\xc8\x9d\x9c\xbfk<D\xb5\
\xca\x5c`\x08\x08\x14?\xeb3s>\xaf\x1f\xc4O\xd9\
\xd2mo\x84\x81\xa5\x9d\x86\xd9'\x1d\xd7\x0e\xb3\xef^\
\xb8\x1f\xed\xa0ed\x9a\xfc\x1b|2\xcb\xe4n\x95\xa1\
E\x9f(\x90\x9c\x8f^\xecrZb\xfd\xd2E\xcb\x16\
\xad\x96\x11D{2\xc2L4'\x03\x13\xd1U\x90\xdd\
\xc8p\x8b\xbas\xdbb\xb8\xf8\x8d\x9c\xb6\xb8\xcafs\
\xe7\xb1Y\x85D\xe3\xd9\xea\x87\xc6\xa1x\xd8\x84X\xa4\
D\xb8\x08\xb1\xe2\x5c\x11\xf5w\xaa\xadWZ\x0f!:\
\x06\xa3\x81\xaa[X4P\x0ef\xd1\xdc\xeb\xc1\xb2\x90\
\xddKD\x80FO\xfb`\x0d(\x80\x94\x15\x00g\x9f\
1\x95G\x95\xf2\xc91\xe1&XCi\x84:?\x80\
\x1c\x83\xeey\x8f7\x95`\x9e\x22\x0d\xfb\x22\xa0\x83>\
\xe4\xd4{\x1d\x19\xd2\xd9s\xa3\x8b\xdd\x83\x1aCM\x1c\
r\xa8\x90Zv\x90m\x01\xf3\x0b8\xaa\xc2\xbd\x12\x16\
4\x83h\x5c\x07\xe3\xf3\x1a$WE\x12\xb7\xa6Q \
\xef\xd10\xa8\x86\xc7\xdb\x0aG\xe2\xe5\x0b^\xe5CU\
Q\xcaIJ\xe8\xcd\xdb\x0c\xae\xf1!B\x82k\xaf\xfe\
\x0b#\x5c\x8a\xf6\xb7\x1fLo\xb7We\xeb\xc7u\x1d\
\x16\xa1e^\xff\xc9\x9fd^\xefpQY\xe6l\xfd\
\xd3\x02V%\xb5\xff\xe4\x89\xccN\x8bR;o[m\
\xc5S\xe5\xbfH\xa5S\xfc\xa0\x9c:\x91\xde\xd9\x9an\
o\xed\xed\x11\x86\xa4E/7~\xdb\xee g\xe8\xf4\
\xffQ=l\xd6\xa4\x99\x0d\xa9\x8f@\xf9\x9c\xca\xab\xf1\
]h\x13\xfaO\xffT\xf3\x84\xf6^;\x04\xd2'\x80\
\x17/\xf4\xf6t\xea\x0c\x01\xa1\x96Z\xce\xb5\xe2m\xbb\
!\xaa)\xb7e\xe1\xbe\xaa\x8a'\xea\xffR\xfeT\xc7\
\xc8\xda\xfc\xba\x19m\xbfg\x1b\xec\xf4OIFzW\
[\xff\xd17\xe1\x05\xdc\xd9\xd2\xb7\xe3lz{\xeb@\
c{f\xff\x8e\xcc\xa1\x8e\xfe\xf3\xd6\x81\x1d\xbdm7\
\x0a\x12\xc1m\xe0O\x1c\xffeL|\xb2\x90N\x15\x89\
\xd4<o~\xf2K\x15#\x97a\x97\x0d\x16\x93\x03\xc0\
C\xb2\xd8Q\x8cI\xea\xa9@\x8f\x0d\x91{TKT\
<Y%\xc1\x01\xab%\xbf\xec\xe3\x11\xaa\x86R/\xda\
-a.\xd7\xc7\x15\xcf\x972\xe6\xc4\x1b\xe0\xb9\x09$\
\x16\xc6\x0biL\x12O\xcb\x82\x9a\x0d\xf7\xe0\xaf\xab\xe7\
\xaf\xaa\xabY\x9d(\x7f\xfc\x07\x89\xf5\xf5\x0b\x96\xd8\x01\
\x00\xfc\x94\xa6\x5c\x83Jg\xa4\xbe\xb2v\x84\xb0\xe9X\
\x877\x9e\xed\xd8\xca\xe6@\xc0\x04\x9b\x13\x8c\xc5zU\
\xd1\xbc\xfa\x8d\x0d\xe3\xaa\x0a1+dE\xd5\x96\x82\xae\
\x15\xa9\xa0\x95+\xf7\x0djL\x811\xe7R]'\x00\
1*\xa1\xe5\xa9\xfbM\x95\x7fR\xf5\x9a(+4}\
\xf5\x1c\xd8\x15Y\x0c.\xe4g\xe2\xaa\x995\x89s\x0c\
\xf1\xf2\xd2\xce\x9f\x09\xa0\xbf\xdd\x1c\xa0~\xeb\xbck\x04\
\xd0\xb2o3Mi\xa4\xae\x0b\x80\xc0R\xe6}\xbb\x94\
$\xe6\xa4\xeb\x0e\xa4>,\xffD\xa6\xb9\x0c \x07\xc0\
A\xd7\xf3\x90]e\xa0\xb7g;2\xc3(\x0dF*\
\x22^\xf6](\x93O\x92\x0f\x8a\xb8\xbf\xbb\xae:\xa6\
\x11(\x82\xf7\xa0=\x01\x8a\xfe\x1b\xa5\xd4i\x1e\xa1y\
\xb9\x09><y8\x88_\xc3\xaak\x96\xb4\x87\xf3]\
\x19\xfa\xc1\xcbV\xfb,\x8f\x86\x82x\xfb\x93\x84\x14\xd0\
V\x9fDOk0\x8e\xfa\xf1\xe5\x9f\xd4~Zs6\
\xeb'\xe1\xd3\x92\xc9\x89\x08\xbf\xe2\xdb\x1c8\x8f\xff\x91\
\xfd\x93\xc4\xac,\xf2x\xb6\xfc\xf1\xb8\xb6)\x0c5\xb8\
\x80?ZneX\x8e\xb3\xf8\xaem\xcf[\xe3\x1c\xd9\
\xd2\x7ff\xb3\xb3\xf9\xa2\xa6\xadW\xad\xe6'\x9a\xfaO\
\xb68\x9b\x1bT\x00\xaa\xb9;\xeb_\x1eH#\x12\xa0\
\x9b;\xe3\x01ytI\x98)\xbd\xaa\x833\xa5W\x1e\
I`KjK\xf7\xee\x0e\xae\x92\xc7\x0e:\xb0\xef\xbc\
\xf5\x14\x1bQ\xbehHY\x0c4\x12'\xe7\xfb\xe2\x81\
/g\x0f\xbcl\x9c\xf8\xfe\x8crK\xf7G\x07\x86\xb7\
\x18NM\x1d\x00\x8b\x07\xd1\xf2\xf9\xe8\xbag\x10PM\
\x0e\xc3\x95I\x85\xf0\xc4\xf3\xaa\x09\x9bK\x90\xc6I\x0c\
\xd6\xd2\x07\xc4\x88\x91\x94\x5c\x1ddE\xb4\x9bj\xed\xe9\
\x82yx\x09\x0c\x0a\xe7\x03\x01\x9aj\xed jr\x1c\
\xa8\xd9]so \x83\xd78P\x18O\xe7%Y\x0e\
@\xf4!\xdf\x14\xd2\x82f\xcd`\xe8\xb3\x12\xea\xeb\xb9\
\x9f(G(}\xa8\xc3\xc5=\x0f9\x88\xa5\x9a\xec8\
$\x81\x22\xaan\xef\x8b\x9ct\x80\xf5FM:\x94\xe9\
fR\xeb\x94W\x96\x03%\xd9\x1a+{u0\x0e4\
TE>\xa8-qA\xe3\x034\xe5J\xbb\x96\x91\x06\
\x90DBL\x0a\xe3+\xdd\xb2\x0b\xf7\x95\xdcf\xb8\xa6\
\x88\xf5\x92\xf2#\x89G\x0a\xe4\xeb\xb0[\x1d\xeb,\xf7\
\x0a\xf7\xf2(\xe1\x0e/\x0f\xbc\x87Fy\x8e89\x0e\
\xdd\xd57r\x8c\x1c\xdch\x08\xb7dk\xfd\x86d@\
!8s\xa2\xafg\xb3[!\xc8CsK)\x95\x1d\
B\x95\xd2\x9c\xd6\xd7[#|\x1e\xa7\xfa\xdf\xb4\xde\xd4\
qh\x84\x95\x00\xab\xa8\x8erjLHe\x1bJ\xfe\
2\xe5R\x8aP{Q\xb2\x8cR\xa8S\xf3\x16\xef\xa0\
\x02\xbf\xf6\xaez\xab6\x1f\xe5!\x0d\xfa\xd3\x82\xfe3\
\xe7\x85>J\x15 \xdd\x94\xa7\x89\xd6\xeb3\xfe\x16\xbe\
\xc1T\x84\x1c\xf8A(7\xd3L\xcf\x5c\xec\xedQ\x9e\
t\xaa\x0c\xa7\xee \x0b\xd0m\xaf\xc0\xf5\x99O\x80\xd9\
\x11\xd9\x86\xd5\xc752i0>s\xbb\xf5Z>\xa0\
\x22\x10\x92\xdc\xd1\xcb9\xe4z\x11\x9e\xa5\xcd\xdb\xb3=\
\x98\x13\xc2\xc7s\x9a\xdb\x0f\xdf\xe4\x98C[\xe5\x85\x18\
\x19\x87\xd4\xac\xcc\xee\xbb\xabh$\x85\x06\xcbR\xda]\
Fs\xac\xc2\x05\x05\xaa{\x16\xd2\x8d\xc9\xb2\xe3\xda\xd4\
\x14\xa9\x0e-\x17\xea\xd02\xe8\xf5\xf8\xed\xe2\xbf\xe7\xfb\
\xaeI\xa6\xc3\x8f%\xb1\xc49\x9dX\xbf|\xfe\xb2\x9a\
\x0d\xf4\x8b\xd7\xcf\x97n\xc9\x0d\xf6m(G\xc1\xb6\x99\
q{@\xbd*\xf1\xa4\xd1F\x11\xbaT\xa8\x165\xc6\
\x97C\xdbo\xe6v(\xd5Vm\x8e)\x01\x99\xde\xe6\
\x13s$-:[\xd9\x8e|=J`\xa6wr\xa9\
\xa1s\x1c\xa5{\xc3\xf3`|\x8e\x22\xde\x9f<\x0e!\
\x15M\xb4\x88\xad\x1b%\x09~!(\xc0\x1b\x9aA\xd6\
\xc1\xbd\x89\x5c\x1c\x8a\xb9\x10;~K'Q\x82\xc3S\
#\xf9<\x5cT\x7fz\x00\xd7v\xc9\x16\xfcJ\xf2\x8e\
\x83%\xda\x86\xd2l\x86 $JM\xa9\xfc\x99O\x87\
\xed\xd7\xbc\xb6\x85\x03\x9a\xc7L.NjH\x1c\x1fb\
{\xa5\xaf\xbd\x1a\xa0\xc6\xb6\xaaa\xb4^\x17\x03\x0b\xa3\
\x98\xc2\x16\xfboKM\xa9\xcd_\xdb\x8dI\xfa\x15\x06\
Q\xc3r0^U8k\x92V\xeeRSx)\x1a\
^\xf3\x1a\x13\x05-7\x8cf/\xca!^\x15\xd0r\
\xef\xdf\xd1w\xf44'|\xf1\xcb\x13\xca]\x06\xdb\xa0\
\xa5\x93 \x85\x9e\xc6\x08`\xa1U\xc5\xc6U\xfc\x0f\xbf\
\x84\xd7f#R\x12\xfdk\xf0\x1b\x8c\xef\xf5\x80\x9a)\
\xaf\xc5\xa6\xe9H\xf8L\xf9\x01\xb0\x9f|1\xa6\xae!\
b\xde\x7f\x15\xf9<;\x93=\xf9rT^!\xc4y\
\x07\xe2\xf9\xb7\xf25-;9|x}\xdd\xeb2a\
\xec\x13\x95\xde\xe4\x14\xf8\xd5\xcfc\x06\x8e\xb5/\xe6\x13\
\xf1W\xc0\xb0N&:\x865\x7f\xb0\xdbp\xb97\x5c\
\xf6`\x09*g\xe3\xe7\xc1\x0e6\x18\x1cKor4\
T\x8b\x97\x15\xb4UiRi\x1b\x87\xd0=\xea\x89`\
\x02Kr\xf4t\xe0\x1e\xa0)M\xff\xd7\x9a\x87\x03\xb7\
\xcc\xb7\xf84\xbcR\x97|>\xe4I\xf0f\xd5{\xed\
tf\xcf\xe5\xd0\xabg\xc2Ps\x80\xe5\xc9\xc6\x7f\xf8\
\x8b\x8eO6\xa8c\xe4\xa9C\x8d\x8c[K3\xd9\xb0\
\x19|\xf7\x8b\xce@U^g`[W\x11a\xf7l\
\xec\x99`\x8b \xef\x18\x98?\xed,a\xb3\x9b;\xe4\
\xec\xb2\xcc\x8b\xf6\x8e\xcaZ\xa6\x02\xec\xcc\xb5\xe2tc\
\x5c\xe7\x97+\x1cbx\x80\xe9\x825.\xa7$\xbc\xf4\
\xd6uI\xde2Ux\x5c_\x9a!\xec\xd8\xad\xd7\x97\
\x9a\xb5.\xe2\x10y\xae\xc9\xcdR\xf5(%3'o\
\xc1|$\xf3E\xb9&\x03\xaf-\x85\xcb\x85\xae\xfeT\
\xde\xcco\xb7\xde\xe7\xff;pMl5\xbf\xe7\xe5<\
\x8b\x1fO\xd3L<[\xae\x89\xc2\x85\xa9\xa80/\xfa\
\x82\x17\xafDz\xd3\xc6\xfe\xd3\x97\xa8\x95D3\xb9\xd2\
\xcfZ\xafk:4q\xc9)\xcd\xc2\xa2~\xc6\x83\xce\
u5\xafD\x99\xa7\xcd\x87\xf3\xad\x89\x01\x94Z\xc4\xad\
\x91\x8b\xfc\x01p\xa89\xceg\xe5\xce@?\xf7\xe7)\
\xa0\xde\xce\xd2\xbdLB\x96\xa2\xbd\xa3I\xc2\x10\xfbh\
\xb2'\xeb\x0b\xef\xa0\xc7\xfd\x01 r\xfa\x1c\x9f\x5c\xae\
\xb2m\xe6vY\xd3\x5c\xde\xbf\xfch\x0d\xc6\xcb\x0f\xe3\
GY\xf7qm`\x22j\x03\x00Io\x10\xd3\xe1\x0a\
\xda\xbc\x9d\xce\x9aw7\xdb\x87\x0bo\xd3\x8e\xc3J\xcf\
\xc9rg\xc7`a\x99\xb5\xd3\xc8\x82r\xd7N\x8b\xa2\
\xb9\xe1o!s\xcb\xf6\xb7\x14\xa2\xa5\x0eB\xb9m\x8f\
\x9e@\x04\xd3m{\x8c\x0b\xa6\x8f\x0c\xc6\xab%\xcfy\
\x85\xa4n4\xebje\xab\xa8\xd5\xa6\xf0MH\xa4\x93\
\xa8*7\xd9r1\xc6C(\x93j\xe5\xea\x9f`\x94\
\xef\x99H\xe3d)\x89\xe8\xfe-c \xbb:W\xfa\
\xb8\x02\x09\x1a\x86{\xacD\xc9o\xdb\x92>\xdd\xc5s\
\xe7]>3\xc8\x04\xce\xc4\xac\xfdI\x12\x08i\xe2\xee\
X\x8a\xa2\xc6\xb0k\xf6\xdf\xd6\x94[\xb3e\xf6\xac\x86\
\xe6\x9a\xd5]\xff\x88\xaa\xf3\x83q\xed\x19 \x8f\xc0`\
\xc9\xaa'\xf6U!\x85\xb2\xf3\xcd\xd9\xff{\xde\x09\xc4\
\xbc\xd1\xdb\xcf\xb8\xa5\xb2\xc6\xc2\xe0\xe9\xed\xb9\x00\xecS\
\xe7\x96\xf4\xa9}2\x9d\xe8|\xef\xd5\xddT}\x1e<\
I.\xf7\x81\xd8\xc6*\x84u\xe9\xd5\xf4\xb9\xc6\x81\xae\
\xf6\xf4\xe9\xab\xe9\xee\x13*\x19WJ\xb6o$q\xb3\
Z\xfe\x11yA\x86\xfaGb\xdb\xffg\xe7\x9bu\x91\
\x9a\xb3l\xaf_<,\x86\xcb\x1cl\x14o\xba\xb3\xb9\
\x019S\xcd\xdd\xc0\xb3$J\x06\x8b+\xe1\x95\x99\xcf\
\xac[\xb7\xf0\xd1\xc1\x12\x99\xa8\xfc\xe7\xb2#\xf2\xcd\x1d\
\xb1\xee>`\x80R\xe9\xf2\xc7\xca\xa2\x01/\xd7\x13T\
R\x18\x17\xc0\xc6k\xe9M\xa0&\xce\x1c\xb9\x02\xf3E\
e#_\xc5\x13\xaa\x9eY\x94\x8a\x22\xcc\x90\xf8\x91\xe9\
\xb6\xeet\xcb\xe6p\x8f\xd7\x8e\xbf\xdf\xfe\xdb\xd5\xb7\xb2\
\xd3zUH\xbb\xdc\xd7a\x81aG\xc3K\xe0\xa0|\
2\x09\x9e\x0a\xc8S\xe0\xf1:9\xe8\x9c\x12J\xd0|\
\xb1\xa7\xc1\x95So\x96\x82d\xf7L\xb1\x126\x7fA\
U\xa2\x9e\xd5\x81t\xdc:\xdf\xd3\xf9m\x15\xf9\xd5\xe0\
[\xf9\xae\x9a\xe3\xaaHB\x82MK\x90\xb7h\xff\x1b\
\xee['\xe3\xc53F\xfe\x9b\xd0\x5c\xda\xb6&\xbe+\
~\xd2\xaa\x84F\x9e\x1eP)\x99\xfc\xdf\x14\xa3\xe0\x90\
\x04\x19\x85\x98\xed\xbc\x8f\x17\x9c\x0a\x01_}Y\x8d~\
\xf9Zf\xd7\xa9\x10\xa4U\x11dT\x15\xea\xb7\xdcq\
\x7f\x96(7kK\xa7\xf1\x88;\xaf\x9d\xf1\x90\x06V\
-\x84\xde`\xa7\xe21$\x8f3\x8a\x81o\xf85X\
1Y\xf8\x85$Kb-\x0a\xcc\x91\xddI\xaf\x22\xe7\
\xcaR6\x91\xa4\xc8\xb4L?=(N\xeaM\x0d\xfc\
(\x1fX\x9d\xe5\xff\xef\xe1\xe3\xe4\x9c\x0e\x00\xb4\xe2\x9e\
s\xda\x01\xca*\xa0.\x1a\xf4i\xb8|J\xbc\x8e\x06\
\xb2\xd3\xe9\xe0\xc9#9F\x09\xa9\x91^\xff\x90\xcaQ\
\xe8\xb3\xec\xdf\xe6,@=Wu\xf0|HQ\xa1\xea\
}\xf1\x5c\xfa\x5c\x13Uw\x15\x87\xefi\xe7)\xee\xf8\
\xbf\xeb\xcf%\x87u\xcd\xda\xf6\xe4\xda+U\x85\x08\xeb\
\xa3p\x0e;x\x93I\xd8@\xd3\xe9\xbe\xd3\xe7>n\
\xdc\x08f\xb53\x1bQ\xd0\xb4\xa5\x93\xe2\xfaT3\xc7\
E\x09\x85\xd8\x98\x81e\x8cSL\xcc\x8db\xbcC\xb1\
V<\x1eY\x13Y\x16yQ\x5c\x06/G\xea\xbd\xae\
\xf9\x8a\xa3\xe2\xf15\xcb^\xac\x7f\xb9\xde\xba\xbc\x88\xe7\
\x9b]^\xb2\xb9\xab\xfe+Z\x22\xff\x9f\xcd\x8aB\x04\
2\xbf\xdfRL\x11x\xf0\xc3\x0dL\xadT\xe1+#\
\x90`\x9dL\xbfJ\xde`\xccw\x9f1?\xf7\xf8@\
\x91<T\xfa2}g\x0e\xcfwL\xc5\xd4^\x0a\xfe\
\x06\x22Lt67\xeb`eK\xec\xce\x01\x10\x9eE\
\x06$\xb2\xdd\xde\xb6`\xd5\xc8KE\xf6\x0fc\xdbV\
6\x15\x8f\xa9\xd0\x84\x07\x8e\xdaDn\xe8\x83\xf0-\x9f\
\x87$\xcfp\xee\xf2\x024\xf7s@\x8c\x8e%\xaa\xa3\
\x99\xd6\xe1\x96\x13\x87\x1cKB\x81\x92\x90\xa5\xa3\x9co\
 \xf8*;\xb9\x83\xaf\xa3;\xee\x9fYC\xb5\x9fa\
A\xc3z\xa8*|\xa1\xd8\xb2!\xae\x1d@\xc1k\xaf\
\xf6\xb3\xb4\x8e\xc9t\xc0\x99:\xd6\x15n\x85\x02\x03j\
\x5c\x14qB\x80\x86L\x1f\xcd\x11\xc0\xb4\x9a\xcb\xa8\xa4\
\xf5\xd9\xe1\xb9\xe6\x9f\xfd\xa0\x8b\x04\x1f\x8d\xb4\x9d\x15\x08\
\x03\xca\x0edd\xb9\xc3\x80\xf9\xd27>|\xf7\x9a\xa6\
\xdc\xaa\x1f\x94\xfd\x8e\x9f%\xe9\x00\x97Xp\xdc\x98\xa0\
\xf7\xb6w\xb1\xe5Y\x8fgs\x9c\x8f\xd1\xcd\xcb\x7f\xdf\
\xf8g\x98Z\xb0G\xe7\xde\xb0\x1c\xcdS\xb8\x90t;\
h\xc7uR2>\x09p\x05Y|\xd0\x85z\x940\
\xa4:\x97~SH\xf5\x84\x90\xf8\x09$\xd2\x8d6\x18\
\x87\xe1'\xeb\x96\xe7V\xffs\xc0\xab\xc1d{\xf7\x1d\
l9b\xf9\xa3\x0a\xe6\xd2\xed\xe9\x9e\xbc\xfc\x98x\x05\
\xa6\x7f\xbf\xec+\xc6\xb4\x8bH\xb4\xba\xfb\xf7\x1f\x16\x1b\
\xcc=\xdb\x1c\x033\x14u\x03:\xa6v\x8c\xecH\xf9\
n\x8e\xaaB<\xf4\xbcFZ\xf5\xf1\xca\xb6\xea\xe1:\
#\xdf\x137I\x11\xff\xc3\x9d!+\x08\xe1\xa9\x97)\
\x93\xb0\x06\x88\x0d@:\xd8\xac\x9b\x83p\x9c`\x03\xc4\
\x8a\x19\x95\xe3J|\xdc\x8a$\x04T\xaa\xb2\xb3\x8a\x5c\
\x9e\x94\xb3\xc9\xc8\x04\x1d\xa9\xfa\x7f\xb0\xc9\x9d\x12\xfa\x0d\
M\x0cK\xfd\x08\x92\x06\x90\x80\xa6\xd4\x93\xc4mN\xde\
2o\x8c\xc78a\xac7\x92$\xd6\x93\xe8\x00N\xaf\
\x07B\xb7!Y\x9b\xa4\xebi\xfd\xbd8\x02C\x10\xb1\
\x8dQC\xbf\xf3\x0e\xed\xff!\xb8\xd8bV\x9c/\x9e\
-\xc2'?\x0c\x01\xe2-p\x97\xfa0>\x1c>\x0b\
\xd6+\xc7 \xbe\x88\xba\xc9.\x8a\xd1(\x08\xbc\xac\xfc\
Z\xeb5\xc6L\xf3\x15\xea\xaa\xf1\x96\xe9+\xddP%\
m\xaa\x9a\x22)k=eO\x09\x83\xa1N&\xe8\x1b\
\xf9\xdb$i}\xf5\xfc\xd55u+\x1c\xf9\xdbS\xb5\
S\x0c\x8f\x02}px|p\xcc\x1b\x9a\xf5\x95\x0ax\
e\xf9acA\xbf\xc5\xfd_\x81\x17\x82|:\x1e\xcf\
\x0b]\xbe\x0aw\xb9\xe3p\xd8^\xc0<\x1e\xd9\xba\x11\
\xcc\x17M\xb9\x1dk\xcb?\xc2v%\x97W\xd3\xaa\xca\
E\xfe\x05\xa3G\xeeADO\xf2X\xa4w\xb5\xa9\xf2\
\xbe\x84\xb4\xd6\xae\xaf\x817\x0e:V\xed\x0e\x19zT\
l\xf60\xae\xcc\xad\xa6l\x11\xceZ\xcf\xec%\xfb\xaa\
\x15\xc2\xc0\x17/>\xe9\x0f\x85\x9e>#\x92@\x11\xc7\
\xe0\xa7$f\xf8\xc4\x0f\x9f\x9c\x91pg\x8f\xc5\xb5\x1c\
3\xcd\x86\xf7v+\xa8\xa3\xb8\x87\xb0,\xba\x7f\x9e\x7f\
]\xdaNAX\xda\xe7zl\x15A\x89x\xf6\xb4\xc6\
p\xd2\xba\x9b*\x82!n\xfb^\x0e\xee\xf4V<\xec\
\x80\xa9\x01$M\xc7c\x06H\xb4\xc4\x10KL\x1bm\
\xddn\xcc\xa8<;:\xda%Y\xbf\x9b%12_\
\xb2\x89*\x90\xc8\x82Y\x8a\x07\x5c\xecD\xb2\xba\x9c\xeb\
(\xcfRU\xa1\xb2\xfd\xf1!\xbf\x11\x00\x95\xdd\xa5$\
\xb7t*\xb3\xff\xc9\x19\xdf\x08A\x98\xf1\xc0i\xf0c\
f\xab.\x9c\x87\x8e\xe0\xbcy\xc1\xcf\xf1\x18\xa9\xba\x11\
\xc1\xd51\x0b\xba#\x8b`\x80[-9\x0c\xf4VU\
\x85\xf0\xf9\x88\x9f0K\xa1\x96WD^\x12V\x8b\xe9\
\x9c\x9b\xa2#\xec\xe0`\x13\xf6\x131a\xe1\x97I\xef\
Pb\xd6\xa2\xe5\x0bV\xbcT\x1f\xe2\xae\x93#\x82\xc8\
\x81v\x09\xd08\xbe\xb7-\x04\x87\xf3\x80\xd2.$\xc9\
\x83\xbf]$8'\xcc\xa9f_\xebr\x1bq\x8bA\
Iu~\xd1\x98\xa5U\xc5\xb3)M\xa5\xbaye\xdb\
`\xbc\xf2\xf5\xb9\x99\x19\xab\x1b>\xad>\x0e^>$\
\x81&\x87i\x15\xc8\xe7\x9fA\x82\xa8\xe6\x9f\x99\xf9\x12\
\x0f9\x19d\xea\x1d;$\x22wG\xfa\xe2\x89\xde\x0f\
N\xf6\x1d8\x8f@\x89\xe4\xe1\xa3\x8f\x8a\x9cH\xa64\
y44*9uW\x9bGC\x93\xdet\xd1\x85\x12\
\xed\xe8/\x8bV\x8d*;\xcc~\xe8\xab\xc2z\xd8\x0c\
N\x95V\xcb\xcb\x17\xdb\xf9\xcc\x9c\x11\x81u\xd9\x04\x0e\
\xa5\x90\x9b\x19;\xa7\xfc\xa3\xc5_\x1d\x94d\xfbx\x19\
(\x1f\xa6\xfa(\x1dBv3K| A\xdd\xe0\xf0\
P4\xf3\xf2\x1d\xd090\xfcHZ\xdb\x1f\xc8\xba`\
\xe2+\x89\x0bM|\x8d\xa1\x8fY\x1a\x9az\xb8KC\
\xe79*\x01\x8e\x1c\xa2\x06`\x0c}L\xc3V\xd5\xf6\
s\x1b\xb6hn\x92\xe9\xa9\x1f\xed$\xd3\x8ba\x1d\x01\
'\x0c6'\xb0\xa0u\x07B\xba\x8c\xfe\x87\x93A\x7f\
E\x0b\xa0\xd78\x94\x00\xfa\x0e\x0c\x0d{\xac\xed\xe7\xcb\
;\xca\x7f\xb4f\x92a\x97\x8dQR\xa4u\xd6\xff~\
3\xea\xb7m?\x82\x03\xea\xb4\xd4\xc6\xed\xbc^\xf3M\
\xfd\x10\xbd\xd8\xbdDR\x81A\xc5lhn\xfc\xfb\xda\
\x15\x18\x82\xdd\x06[Z3{>0\xe2U\x97\xba3\
\xa7\x8ei\xb4\x8b,\xdc\x22^^X\x0bgil{\
\x99\xd5\x8d\xc34.y\x8bX/d\x90&\xcbG\xe5\
\xfalV\x96U\xa8;\xc1\x95\xc6@{#\xa9\x0by\
\xd0\xd2W,\xc6\x09\xe3\x1e\xe4_\xd4\xbf\xdfB\xe7g\
\x17TV\xac,Y*\x8b\x14\xdf\x04\xcb\xcbWn\x92\
\xdc\xc5\x9b{\xe0r\x90\xbdC^vt19\xbf\xd9\
\xcbN4\x94.\xc6ok'B\xces_i\xad\xe5\
\x15\x89\xf9N\x94\x92\xce\x1e\x82?\xd5\xaaJ<\xa40\
\x03\xdc\x1a*\xcc\x0dz\x9d\x00a\x8a4[\x99\x8aM\
\xb9\xba\xbcCC3\xb0\x11\x86\x91:\x8d\xc4+\xf2l\
\x18\x89\xd8+\xac\xc2\x03\xb6\xb5DC\xb8mWo<\
\xcaO\x18\x9aP\x9b\x8f\xf7\x05\x08\xb5sv~\xc8\xa4\
\xe0\xe8\xb8\x02shdc\xab\xa9q6lu\x8e\x91\
B\x18\x0d\xc9\x10D#\xfd\x8d\x0c\xe9\x81/\xe3\xech\
}X\xdd1\xcb\xc7,\xde\xdd9\xbb\x0b\x86\xb7\xac\xfc\
\x1d\x13\x97f\xe2\xc5n\x04\xb9\x98\xef\xf3\xab\x03{6\
\xa6Ow\x91\xed\xad+\x82\xb7$\xc5g\xec\xa6`\x96\
\x8b\x97j\xf7\xb4\xd6c\xec\xe7\xeey\xad\xff\x8c\x8d\x87\
F\xa3`\xbc\x8f\x9a\x86\xc7\xfb\xd0\xe7\xf9\xfb*\x9eb\
\xc7Q\xf6\xc8\xb4\x1eO\xeft4_\xd3\xd0\xfb\xca\xe7\
\xedO\xf2\xe6\xa7\xfb\x0e\xec\xef\xbb\xd6\xd3\x7f\xd5\xa2\xe2\
+B\xfe\x5c\xdd\xdd{w\xc3\xc0\xd3>\x09\x14\xf2\xf4\
\x1d\xc1\x94:\x979x\x18\x95F\xa5\x09\xc7]\x13T\
\xcf\xd3r{K\xaa7\x96\xcd\xac\xc9\xdclF-\xf8\
x\xc4C\x96dW\xb2\xf4\xeb\x88\xb6I\xcb\xd4R\x8d\
\xd7GV\xca\x17oM\x80\x09\xefK^\xd7\xf5+\xd7\
\xd4\xacq\xd0\xe0\x8d\xe9\x9cQ\xf6\x90\x84.0\x04f\
Cs]\xe4\x85\x89FE\xe7)\x03\xafu\x08E,\
\x0cb\x89\x98\xf0\xc1\xc6\xf4\xb1\x93!\xc5\x9e;\xdf\x5c\
\x5c\x09\xed\xff\xf9\xff^v\x00\x10Wf\x91!P\xab\
\xb0\x10\xe9\x1d\xdb\xd2\xad\x07\x08\xe4j\xf3\xb8\x09\x11\xeb\
\xa6\xcef\xc8\x1e\xea\xdawr{\xfa\x94\xf5\x14\xc6A\
:m\x83U\x899:+S\xcb\xbe9\xaf\xff\x13\xdb\
\xb7\x87^\x1b\xe8\xb1\x125\xe2\xc8\xd1\xb7\x0ai\x14P\
\x22~\xb6r\x1a1\xf08\xa6\x1ea\xbe\xf88\xb1/\
\x0a\xdb\xdd\xe1\x88\xff&X&d\xbc\x15\xd1\xd6\x1a\x19\
v\xc4\x17\xae\x0cp+\x0bc\xa6\xf2o\xf7\xc7j\xa7\
\xd5\x0d\xafy\x02!\xd5@\xee\xd5\xd7\xa8\xfcM\xa2\xbe\
fiM\xf5\xea\x9a\x05\x95\x8at\xb9>\x91\xbe\xb6i\
\xe0hOf\xbfx\x0a\xb7\x0a\xfbB\x05OC\x93\xaf\
0\x1fD\xbd\xd9\xf4\xa5d\x8a`[\xc1B4\x9f=\
k\xc9\xfb\xae\xb49\x9a0\xa2Xl\xa2\x93\x94\xb8S\
\xfb2\xa7\xdf\xf7S\xe5\xfcY\xca\x18\x96cf\xe30\
\xd4\xc2\x87\xd7\xff\xc7\xd7\x7fC\x82\xc5\x90O\x89\xb7i\
z$\x15I\xcc\x19\xd16\x9f\x0d2\x91\x06\xc9\x1c\xb9\
\xdc\xdf\xda\x04\xf7\xa4\x96\x9ex\xaa|z*\x01\xb5\xff\
\xdcQ\xc7\x18\x05\x18c\xe9\xae\xba\xe1b\x85\xffC\x10\
\x90\xaed\xbe{\x14\xc0\x1d\xac\xe2\xdb\xa1`o\xb9\x8a\
\xc6\xf5\xa8V\xd1}IF\xd1\xdc\xb8;dc\x17\x13\
\xc2k\x9dlgE\x07Nt:\xf6T\x1c\xe2\xac\x88\
_\x01\xf1\x96\x84\xc5\xfd\xfe\x1f e \x1f\
"

qt_resource_name = b"\
\x00\x06\
\x06z\x92r\
\x00a\
\x00d\x00b\x00l\x00a\x00b\
\x00\x04\
\x00\x06\xc4\xee\
\x00i\
\x001\x008\x00n\
\x00\x0f\
\x02\x05\x9d]\
\x00a\
\x00d\x00b\x00l\x00a\x00b\x00.\x00e\x00n\x00_\x00U\x00S\x00.\x00q\x00m\
\x00\x0f\
\x00{/\xbd\
\x00a\
\x00d\x00b\x00l\x00a\x00b\x00.\x00z\x00h\x00_\x00C\x00N\x00.\x00q\x00m\
\x00\x0f\
\x00t\x1f\xbd\
\x00a\
\x00d\x00b\x00l\x00a\x00b\x00.\x00z\x00h\x00_\x00H\x00K\x00.\x00q\x00m\
"

qt_resource_struct = b"\
\x00\x00\x00\x00\x00\x02\x00\x00\x00\x01\x00\x00\x00\x01\
\x00\x00\x00\x00\x00\x00\x00\x00\
\x00\x00\x00\x00\x00\x02\x00\x00\x00\x01\x00\x00\x00\x02\
\x00\x00\x00\x00\x00\x00\x00\x00\
\x00\x00\x00\x12\x00\x02\x00\x00\x00\x03\x00\x00\x00\x03\
\x00\x00\x00\x00\x00\x00\x00\x00\
\x00\x00\x00h\x00\x01\x00\x00\x00\x01\x00\x010\x1a\
\x00\x00\x01\xa0v\x05%\xec\
\x00\x00\x00D\x00\x01\x00\x00\x00\x01\x00\x00\x9f\xd1\
\x00\x00\x01\xa0v\x05#\x98\
\x00\x00\x00 \x00\x01\x00\x00\x00\x01\x00\x00\x00\x00\
\x00\x00\x01\xa0v\x05$\xb0\
"

def qInitResources():
    QtCore.qRegisterResourceData(0x03, qt_resource_struct, qt_resource_name, qt_resource_data)

def qCleanupResources():
    QtCore.qUnregisterResourceData(0x03, qt_resource_struct, qt_resource_name, qt_resource_data)

qInitResources()
