# Resource object code (Python 3)
# Created by: object code
# Created by: The Resource Compiler for Qt version 6.8.1
# WARNING! All changes made in this file will be lost!

from PySide6 import QtCore

qt_resource_data = b"\
\x00\x00\x9bg\
\x00\
\x02\x0d2x\xda\xc4}\x07|T\xc5\xb7\xff\xdcd{\
\xa5\x0bHY\xaa\x80\x10\x12:\xa1H\x97N 4Q\
\x81M\xb2IV\x93\xdd\xb0\xbb!\x14Az\x0f\xa1\xf7\
\x16\xa4+\x09MZ(6,\xd8(\xa2\x02J\xcdn\
\x12\x1b\xa8\xf8S\xb1\xfd\xcf\x9d\xb9\xfd\xcen\xf0\xf7\xde\
\xfb\xfc\xdf\xef\xc9&\x9b{\xcf\xb43\xe7|O\x993\
\x9d\x8f\xa7T?\x7fo\xd3\xea\x8f\xeb\xd5:;>\xff\
\xf4\xd7\xbb\x11BZ\x97g\xdc\x88\xc4\x1e\x085z\x03\
\xa1\xfe\xef T\xf93\x84\x06i\x10\xaa\xb5\x11\xa1\x1f\
\xa2\x11Zn\x84\xcf]\x08\x1d-C\xe8~K\xc4\xb4\
\xf9\x10\xa1\x1f\xbb\xc1\x7f\xedPT\xea\x0f\x08U\xbd\x82\
4\xf3\xe1YS4\xd2\xec\x9a\x8c\x90\xbd#\xd2\x5ch\
\x84P\xcd4\xa4\xf9\x03>\xeb^D\xda\xbem\x11j\
y\x19iS\xcf \xd4~\x02\xd2\xa6\xefA\xa8\xf3\x1f\
H\xfbRs\x84\xfa\xf6\x82\xcfu\x08\xf5\xeb\x82\xb4\x8b\
\x03\xd0\x87JH\xbb&\x05\xa1!M\x906_\x8b\xd0\
3\x03\x91\xf6\x0d\x17B\xe3{#\xed\xa7\xef!\xe4Z\
\x81\xf4\xdb\xcf#\xb4w+\xd2\x9f:\x8f\x98\x09nd\
\xd8_\x01\xfa{\x16\x19\xbf\xff\x191Y9\xc8\xe4<\
\x84\x98\xf3\x7f \xd3+\xa5\x88\xa9\xedB5\xe2n!\
\xa6\xce(T\xb3\xc2\x1f\x88\x99V\x1d9\xc6vEh\
s\x1b\xe4X\xd0\x13!\xc7\xc7\xe8\xc9k\x06\xc4\xf4\xf8\
\x0a5\xbf\xdb\x0f\x9e\xab\x84Z\xfd\xb0\x0d!f$\xea\
\xb8b$bl-POO%\x84:nE}s\
:\x22d\xf8\x04\xf5\xd3\x9dC\xe8\x0d+\xea\xdfn5\
B\xd6\x96h\x80c>B\x97\x5ch\xe0\xd3'\x10z\
\xec!\x1a\xb8>\x09\xa1\xea\x0d\xd1\xe050\xa7u\xc7\
\xa2\xc1\xef\xae@\xcc\xdduh\xf8K\x07\x11\xd3a\x19\
\x1a>{\x11\xcc\xc7C4r\xd1N\x98\x073|\x9e\
D\xa8K}4\xb2\xe0-\x84\xe2\x0b\xd1\xc8b\xf8\xec\
\xd4\x10\x8d>\x06\xf4\xfawD\xcfv\x99\x80\x98w7\
\xa1\xb1\xcb\xe0yW\x19\x1a{\xef'\xf8\xfb\x07(\xa5\
\xa0)B\xbf\xfe\x85\x5cFX\xa3\xe8\xfe\xe8\xc5*}\
\x103.\x1fe\xb0\xed\xbb\xab\xa0\xccN0_\x8f\xbf\
\x8b\xb2\xaa|\x81\xd0\xc7]\x90\xefy\x18\xef\xc8kh\
\xf2\xa7\xc7\x10\xfa\xf4\x06\x9a\xfc\xb5\x151\xdbO\xa2i\
\x81\x17\x11\xb3d\x03\x9a\xee|\x80\x98\xd9\x9b\xd1\xcc\xcb\
\xd0^\xe0&\x9au\xac\x00!\xdb6\xb4\x7f\xd1)\xc4\
T~\x12\x1dI\x1c\x80\x98\xaa;Q\x91\xf7\x15\xa0\xdb\
\x1a\xbd\x8b\x8c0\xff\xcd\xd0\xc5I\xaf#\xd4`)\xfa\
\xd2\x07\xe3C\xd7\xd1\x97[\x0a\x11\xda\xf7'\xba\xda\x1e\
\xda\xabU\x05]w~\x89\xd0\xd5^\xe8\xc6E'|\
NB\xb7*\xecC\xcc\xcd6\xe8\xf6\xab\xbb\x11Sx\
\x09\xdd\xc9\xb4 F\xd7\x1e\xddm\xb4\x0a1\xef?\x83\
\x8aO\xc0{'\xa6\xa1\xe0\xb1.\x08\xadj\x8a\x82\x7f\
\xb9`}Z\xa0\xd2\x82C\x08\xcd{\x06\x95\x1d\x87\xf9\
ys;*{\x03\xe8~\xf5\x00}\x1b\x07\x9f7L\
\xe8\xbb\xc04\xe0\xc7\xd6\xe8\xe7\x9f\xb2\x10\xba\xe5C\x7f\
\xd8\xc6 f\xf5\xa7\xe8\xef\x8d}\x11\x9a>\x0f\xfd3\
\xa82B]w2h^\x22B)o3\xcc0\xf6\
\xb9-LTfo\x84\x92\x8e2\xda;k\x10\xf3\xcc\
0F\xf7Tk\x84f\xf4d\xcc\xa6\xa1\x08\xad\xb72\
\xb6\xa7~Eh\xce{\x8c\xbd2\xf0\xdd\xe4#L\xe5\
W\x06\x22\xa6g2Su\xda\xab\x08\xbdv\x85\xa9>\
\xee;\xf8\x1c\xc0\xd4\xcc;\x87\x98\x86;\x99\xc7?\xfd\
\x1d\xf6\xcdJ\xa6\xf6y\xf6\xfd\xa9L\xfd\x80\x17\xa1;\
\x8f3OL[\x83\xd0\xb7\x17\x98\xa6u\x9fC\xcc\xe9\
5\xcc\x93io!\xe6\xc9&L\xab\xb8\xfd\x88\xa9\xf9\
1\xd3\xeau\xe0\xd3gW0\xad3a\xbf\x85:3\
m\x87~\x8c\x90\xa57\xd3\xa1\xcdB\xc4\x0c}\x97\xe9\
\xbc\x15\xe6u\xc75\xa6\xdb\x91\x8a\x88\x19\xa6gz.\
\x88BL~E\xa6_7\x98\xff;\x85L\xbf\xe4^\
\x08\xbd\x13\xc5\x8c\xf8\xe9\x03\xc4\xa4\xce`\x9e\x9d\xdc\x00\
\xf6e1\xe3\xbe\x06\xfcn|\x89\xc98\x00\xfb\xb0Z\
\x88\x99q\x0c\xf8\xe7\xe0Nfa;\x0fB\x7f\x8da\
\xf2\xa6\xc3\xf7\xa9\x95\x99\xe5\xcca\x84\x86\x972\xcb\xe3\
\x80\x0f2_f\xd6\xbd\xd7\x10\xa1*Af\x03\xfe\x5c\
\xcbl\x1b\x08||\xd0\xcc\xec:2\x1d1'\x1fc\
^{\xaf6b\xfaN`\xf6\xbf\xfe\x0cB3\x8f0\
\x87\xdf\x9a\x87P\xc3[\xcc\xeb\x85\x1f \x94>\x93y\
3n\x12B\x1f&0o\x0d\x1a\x85\x98\x8a\x9f2o\
%\xc2~\x19\x97\xc5|T\xb0\x19\xe4\xccj\xe6\xe3\xa9\
\xb7\x10*\xd60\x9f\xbc\xb1\x171g\x0f0\x9f\xa7\xb4\
EL\xde\x8f\xcc\xf5V\xdf#to:s#\xf3\x06\
Bg\x9717\x0a\x81\x7f\xb7\xd5an\xdc\x87\xf9\xad\
\xf4!s\xf3r\x07\xc4\x5c\xbb\xc0\xdc5\xc5#f^\
7\xa6\xf4\xe9%\x08\xbd\xfd2\xf3\xed\xc4\xdf\x11\x13\xfb\
\x03\xf3C\xb3L\xc4\x1c:\xc5\xdc\xbf\x9b\x83\xd0\xc5q\
\xcc\x8f-_@L-?\xf3\xe3\xb2\x00b\xd6:\x99\
\xdfS\x12\x80\xef\xe61\xbf\x9f\xb5#\xc6\xebg\xfe\xf8\
y$B+\xae0\x7f\xef\x85}\xfc\xcf\x98(tA\
\x87P\xc0\x17\x15\xd5\xb1\x101o\xff\x1de~P\x17\
1\x9a\x9dQ\x15\xdf\x9c\x8c\x98\x8b\xf5\xa3*_\xba\x82\
\xd0\x17iQ\x95/\x1fEh\xcc\x91\xa8*=\x16\xc2\
\xefM\xa2\xaa\xce\xb8\x8a\x98\xa4\x97\xa2\x1e\xbbW\x82\x98\
\xf6\xff\x89\xaa\xf1Fu\x84^\xfe6\xaa\xce\x88\x9f\x10\
s9&\xaa\xe1\x91c\x88\xe9r#\xaaI\xad\x8f`\
\xbc\xa3\xa3\x9a.\xaa\x8b\xd0\xd7\x8b\xa3Z\xae\xae\x07\xe3\
i\x10\x15\xf7\xf6\x08\x84z\xfd\x1c\xd5\xea\x10\xc8\xcd\xcf\
\xcb\xa2\xda\xb6\x9d\x84\x98\x8d\xb3\xa3\xda}\xf24B\x99\
?Fu\xb4\xcdGL\xd3\xfdQ\x1d/v\x039\xb5\
-*~\xbc\x1e1\xcf\xc1\xe7\x0d\xe8\xc7\xa2sQ\x9d\
\xfb\xc1x\x13mQ]\xf6\xff\x85\x98\xe1\xb6\xa8n'\
\xef \xc6q!\xaa\xc7Z\x90\x83\xa7\xfbF\xf5<8\
\x14\xf6u\x97\xa8\xbe\x9b?Gh\xe5\x97Q\xfd+\xc0\
|6\xfdO\xd4\x80i \xf7\x9b\x5c\x89J\xb8\xbf\x05\
1\xafW\x8ez\xc6\x01\xfdt\xb7\x8f\x1a\xf3J\x10\xa1\
v\x03\xa2\xc6\xdb`>{u\x8ar\xaf\xb8\x88\xd0\xc4\
\xddQ\x99-\x9fDL\xfc\x88\xa8\x09\xb5@o\xd4\x5c\
\x1a5\xa5\x0d\xc8\x9dg\x1dQs\x82\x13\x11\xba\xde8\
jQ\x83\xb9\x88\x99U?jU\xa5\xed \x17\xfaE\
\xad\x8d\x1f\x84\xd0\x82mQk\x0foGL\xeb&Q\
\xeb\x9b\x1fGL\xf7mQ\x1b\x9f\x87\xf1\xbd\xf9f\xd4\
\xe6Oa_\xbf\x1e\x1b\xb5\xfb\xed\xbb \x17\x07F\xed\
]\x07\xfc\xd0.%j\xff\x19\xe8G\xa7\xa2\xa8\x03o\
\x82>\xea\x12\x8c:\xb1\x13\xe4\xc5\xa8\xdf\xa3\xce.\x02\
\xbeN\xb6F\xbdu\xe7k\xd0\x13\xc5Q\xe7F\xc1{\
\xb5\xefD\xbd\xbf\x0a\xd6ao\xdd\xa8\x0fm \xaf\x13\
\xbaF}\xd4\x16\xe4\xc77\x0f\xa2\xae~\x0f\xfb\xb1Q\
l\xd4\xf5\xd3\xc0/7_\x8a\xfaji.b\x1a5\
\x89\xfa\xea\xf6\x19\xc4\xcc\xc8\x8e\xba\xf9\xe9N\xc4t\x1e\
\x12u\xf7G\xd0_\x89[\xa2\x8a\xd7\xc3\xb8\xfb\xbe\x18\
U\xfc\xf1%\xc4\x14\x5c\x8f\xba_\xa5\x22\xd0\x1d\x1f\xf5\
\x9f\x9b\xf0\x5c\xc2\xe2\xa8\xdf\xc6\xc6\xc0\xa7-\xea\xcfe\
 \xaf\x8c;\xa3\xfe\x9e\x13\x82\xfd7(\xea\xef\x1b0\
\xceW\x9d\xd1\xcc%\x90\x0f\xa9?Fk\xacz\x90\xcf\
\xf9\xd1\x15\x9c\xaf#\xc651\xbab\xed\x8b\xd0\xce\xba\
\xe8\x8a\x87g\x83|\x18\x1d]\x15\xc1\xf7US\xa2\xab\
\xbe\x0d\xfb\xe4F\xe7\xe8\xc7\x1a5FL\x15ct\xcd\
\x099\xc0\x0fy\xd15\x0f\xc2:]\xb8\x11]\xe7\xad\
\xa9\x88\x99[/\xda\xf1g\x1cB\xa7\x1eF7\xef\xfe\
&\xc8\x83\xe1\xd1\xad\xba\x80\xdc\xcf\xbb\x11\xddj\x13\xe8\
\xad\xb8\x9f\xa3\xdb\x14\x8cF\xcc\xd5\xc5\xd1m\xbe\x01~\
\xbf\x95\x17\x1d\xdf\xff\x1b\xc4\x84VGwY\x09\xf3=\
\xa3C\xf4S[a\x1f\xbe\xfc{t\xef\x0e\xb0\xdf\xbb\
\xa3\xe8A\x1f\xef\x07=u?z\xc8v\x90\xbf\x9f\xdd\
\x88\x1er\x04\xc6}\xf8P\xf4\xc8\xef\xa2\x11s\xa6$\
\xfa\x99\x22\xe0\xb7\xb7FD\x8fy\x1b\xf6\xe3\xf9\x1f\xa3\
\xc7-\x7f\x02\xf4\xdd\x1f\xd1)-@\x9et_\x13\x9d\
\xb2\xe9\x0eB\x03\x02\xd1i\x05\xfd\x10\xca:\x18\x9d\xb9\
t\x07B\xc7\xebGg\xcdz\x191G\xcfFO\xc8\
\x83\xf1\xdf\x1d\x18=9\x04r9\xb6a\xf4\x94Z \
\x7f\xc7\x15EO\xe9\xf2\x04b\x06\xc7E\xbft\xe93\
\xc4\xcc\xbc\x19=k\x1b\xe8\xeb}\xff\x89\x9e}\xac\x18\
\xa1\xb6K\xa3\x17]\x7f\x1b\xe4st\xf4\xe2\xfe\xa3\x10\
\xd2\xd7\x88^:\x14\xf4\xe0\x03st\xde\xc4\xd9\xb0\x7f\
\xafF\xe7\x1f\x85\xf5H\xbf\x14\xbd\xb3\x12\xf0m\xbdv\
\xd1{s\x81\xbf\xdf\xb4D\x9fu\x0fF\xcc\xf8\x9b\xd1\
\xef4L\x03>Y\x19}\xee~m\x84\x9e\x9e\x13\xfd\
Y.\xe0\x98\xf6Q\xd1\x9f\xad\x9c\x81\x98\xe2\x97\xa2\xaf\
v\x00\xfej{1\xfaZMhwO\xcb\xe8\xeb\xb6\
/\x10s\xe1\xc3\xe8\x9b\xf5a}\xef>\x13}\xeb5\
\xe8\xf7\xee+\xd1\xb7\xff\x04\xfd6\xb2mth: \
\xa5\x17OG\x97.\x87y\xb2o\x8e\xfe\xf66\xf0\xe1\
k\x7fF\x7f\xfbk\x07\x84~+\x8e\xfe\xf1-\xe0\xc7\
gL\xd1\x0f\xde\xbe\x82\x98O\xbf\x88\xfeOL#X\
\x8f\xee\xd1\xbf\xa6\xecE\xa8\xa4w\xf4\xafY\x80\xa9\xbe\
y%\xfa\xef\xdd\xb0\xdfK\x97E\xff3(\x1f\xf4d\
\xed\xe8\x7f\xf2a|\x9b\xff\xd6\xa0Q\xd7\x81??\xd2\
h\xcf\x83\xfcu\xdf\xd3\xe8\xe2\x00\xf7<X\xaa\xb1_\
\x82u\xcb\xfdPS\xe12\xe8\x81\xa5\x0b4\x15\xbe\x86\
\xfeu\x1a\xa0\xa9\xec\x89\x01=xMS\xad'\xe8\xbd\
s\xdb4\xd5\xbe\xda\x01\xfa9E\xf3\xd8\xb0\xa7`\xbd\
Gj\x1e\xfb\x04\xf6\xe1\xb4/5\xd5W\x80\x9e\xae\xfb\
\x9b\xa6~\x14\xc8\x8f\x83:\xf8\x84u\xba\xfb\x81\xa6\xc9\
M\xd0\x17\x1b\x1ej:\xb6\xfb\x0d\xa1\x9d\xdb4]\xc6\
\x01\xae\xd8tB\xd3}!\xe0\x9an#4\xbd\xe7\x82\
\xbc\x1a;A\xd3\xb7\xcb\x1eX\x7f\x9bfxTG\xc4\
\x1c\xef\xa4\x19}v3b\xb6.\xd78\xd9\xcf\x8cR\
MZ\x87:\x08=yZ\xe3\xad\xd1\x0a\xd6\xaf\xb1\xc6\
7\x03\xc6i{A\x13\xb8\xb6\x1e17&kr\xba\
\x82|z\xbfP3i\x0f\xf4\xf7\xf9\x83\x9a\x99\xdf8\
\x11\x93\xbcH3\xef\x9bk\x80\xab\xaei\xe6\xbf\x00\xf2\
g\xca,\xcd\x0a'\xd0\x191^\xb32\xc3\x87\x90/\
M\xb3\xe14\xec#\xb4U\xb3\xcb{\x04\xf0\xa4E\xb3\
\xaf>\xe8\x95\xf8q\x9a\xd7\x9aC?\xab4\xd1\x1cD\
k\x11\x9a\xf4\x81\xe6\xd0Tx\xae\xff\xbb\x9a\xc3\xf3\xa1\
\x7fM\x9e\xd4\x1c\xfe\xe7+\xc4\xb4\xac\xa2y\x17\xa6\x05\
\xfd8Z\xf3~\x14\xbc_\xfdm\xcd\xfbs\x9e\x87\xf9\
\xfdS\xf3\xfe\x09X\xb7\x1a\xdd5\xef_\x87\xf9\x1cj\
\xd2\x5c\x1c\x04r|\xd5\x9b\x9a\x8b\xa9\xc3\x10j\x9d\xad\
\xf9L\x03\xb8i\xf6%\xcd\xe7\xcd\x00_\xd4~]s\
\xad\x1e\xe0\xce\x16\xe75\xd7\xeb\x83\xbe\xf5~\xab\xf9.\
\x1d\xf6A\xa5\x99\x9a{\xeb\x8e#\x14\xb5K\xf3\xe0\xa7\
l\xc4|RS\xf3k\x02\x8co\xcd/\x9a\x87\xde?\
\x11\x9a\xfa\xb9\xe6\x9f\xa7\x00OE\xd5\xd5\xa2?\xff\x03\
\xf2\xb2\x99\x96\xf1\xd8\x11\xfa\xe4\xa2V\xb34\x1b\xa1\xb7\
b\xb4\x9a\xaf\x81\x7fg\x04\xb4\xa6\xb6\xef\x03\xdf\x0e\xd0\
Z\xba\xb5\x00\xdcp_[q\xe8i\xc4\x98\x9f\xd3V\
\xaa\x06\xfc\xcc\xcc\xd6V^\x00\xeb\xf0\xe4Am\xf5\x9a\
\xac\x9e\xf3i\xab\xef\x00:\xd97\xb5\xd5w\xd6@h\
W\x0fm\xf5\x83\xe9\xa0_\x0fh\xab_s\x03\x9f\x0c\
\xd4\xd6\xfbd,\xc8\xf5\xc5\xdaF\x83\xdf\x07=vK\
\xdb\xe8\x10\xec\xef\xe5\x97\xb5O\xac\x84~\xc7\xae\xd16\
{\xeeW\xc4tk\xa8m6\xb3\x04\xa1\xfc\x1f\xb4\xcd\
\x97\x83\x5c<\xf7\x976f\xda\x08\xc4\xdc\xfeN\xdb\xb2\
\xfbV\x98\xd7\x91\xdaV\xeda_\xe4\x9f\xd7\xb6\xdd\x04\
\xf2\xd5\xeb\xd3v\xbd\x18\x8b\xd0\x84\x06\xda\xa7n\x81\xbc\
\xe9sG\xdb\xed9\xe0\xdb\x19\xc7\xb4=~\x82~\xb8\
\xcc\xda\xde\x87:\x81~N\xd6\xf6\xa9\x01\xf3\xd0\xb7L\
\xdb'\x11\xf8yE\x15m\xbf\xfb\xb9\xd0\x8eM;\xe0\
\x17\xc0[\x1f\xd5\xd1>s\x0a\xd6\xa3k\x0f\xad{\x04\
|\xf6a\xb4\x9e\x8a\xab\x11\xb3(A;\xd5\x9b\x01x\
\xae\xb6v\x09k'\x0c\xdc\xa5]\xf2\xd1*\x84\x06\xff\
\xa1\xcd\x1d\x05\xfa\xb4\x9f]\xbb\xac7\xfcnj\xa6]\
5\x05\xf4\xaf\xee\x86v\xdb\xf1\xaf\x00\x7f\xe7j\xf3?\
\xae\x83\x18K\xa2vG*\xd8\x13\xcf\xf8\xb5{\x16\x02\
\xae\xe8\xb7A[\x98\xe0\x00\xbdW_[x\xfe\x01B\
\xcdR\xb4\x07z\x01~\xdbuO{`\xdfi\x84\x9e\
\xfbK{\xf8s\xe0\xb3\xa7\xbaj\x8f\xd4\x82\xbf\x8f}\
F{\xfc:|\x9e?\xac}\xa3\x0c\xda\x9f\xf2\x8c\xf6\
\x9d\xbf\x00\x1f\xbf\xfc\xac\xf6\xc37A\xff\xbf\xd1Q\xfb\
\xc9\x0b\xa0O?tj/}\x09\xfcRvU{\xe9\
\xa1\x1b\xa1\xb4Y\xda\xcb\xe7|\x88i^W{\xed\xfd\
6\x08uX\xa5\xbd^\x07\xf8\xf8\xb9\xb1\xda[\xff9\
\x81\x98\x06^\xed\xed\xc2A\x88\xb1\xce\xd7\x06\xe3\xaa\x22\
\xa6\xdevm\xc8\x0e\xfa\xac\xde\xb7\xda\x92l\xd0W\x03\
\x9f\xd4\x96\xdc\x07\xfc\xf7\xd1:\xed7\xe3\x9b\x80<\xbc\
\xad\xfd\xe1\x08\xec\xab/\xeak\xef\xfd\xdc\x0b\xf8!I\
{\x7f\xfd4\xc0Y\xd9\xda_\xb3`=n\xfe\xa6\xfd\
\xcb\x99\x078s\x8eNs\x08p\xa0\xae\x85\xcep\xb5\
\x02\xd89\x83uv\x13\xe0\xa6\x85^]\xe5\x0a \xc7\
\x9e\xfePW\xb9+\xe0\xeb\xb9\xff\xe8jG\x01\xae\xd9\
\xf8\x99\xce\xd1s\x08b\xe6\x97\xe9\x1a\xde\x01\xfd3\xef\
\x0b]\xb3\x7f\xc0\xfe\xf8\xe5\x15]\x5c\x1b\xc0\xbf^\x8b\
\xaeM\x0b\xc0\x9b\xa77\xea:\xe6VB\xcc\xab_\xea\
\xba\x0e)\x85\xf7z\xe8\xba\xdf>\x82\x18CM]b\
\x1a\xc81\x1f\xa3K\x9c\x05r\xe9\xfe.\xdd\x08\x04x\
 \xf15\xddso\x01\xfe\xcc\xfcD7\xa1\x01\xec\xe3\
72tS\x1e\x9b\x0bv\xc9`\xf8\x84}\xfa\xc2@\
\xdd\xd4d\x90\x8b#;\xe8f\xf5\x87\xf9\xd5g\xebf\
\xbd\x01\xf2~g\xaen\xde$/b\xea\xf6\xd5\xcd\xef\
\x91\x08r\xd7\xad[0\x12\xf80u\x97n\xc9MX\
\x9f+[t\xab:\x81\xde.\x18\xa7[\xb7\x1f\xe4Y\
\xdb\xe7u\x9b\x87\xc3\xfa?k\xd0m\x1e\x03z`m\
\x7f]\xfe8h?e\x9bn\x1fb\xe5\xd3}\xddk\
c\x01\x87\xde\xd5\xe8^\xdb\x00\xed\xb7\x1d\xad;8\x17\
\xec\x87,\xbb\xee\xe0q\xc0Qg*\xe9\x0e\xdd\x07\xbd\
\xfa\xce\x18\xdd\xfb\xdd@\x0f\x18\xaa\xe8\xde\x1f\xf2\x1e\xac\
g\x81\xee\xfd?f!T\xe1\x13\xddG\x9f\x83\x9c|\
z\x80\xee\x93\xe5\xc07_V\xd5]\xf4\x1b\x10z8\
D\xf7Y\x22\xd83_U\xd7}1\x07\xec\xdcg\xb7\
\xe8\xae-\x85~\xadl\xa8\xbb\xde\x03\xf6\xf5\xc7\xbbu\
_\x7f\xdc\x07\xec\x87J\xba\xaf\xef\x03\x7f\x98\xe6\xean\
f\x00_\xccx\xa8\xbbYb\x83\xfdpQw7\x1f\
\xe4\xc4\xbagu\xc1\xc3M\x10\xfa}\xbf.\xf8\x11\xd8\
\x19]\x06\xea\x82WA?\x0ep\xeaBW@\x1eg\
\xbe\xac+]\x04\xfb\xac\xf3a\xdd\xb7w?B\xe8\xfb\
\xbft?\xac\x04\xbe8f\xd2\xdd\x0b\xf4@\xcc\xe7]\
u\xf7?\xfb\x12\xd6o\x9d\xee\xe7\xe9\xcbA\x8f\x1f\xd2\
=\xa8\x06\xf3\xf5\xce\xdf\xba_z\xbe\x0b\xed^\xd3\xfd\
\x92\x04\xfd\xda\x7fT\xf7K\x16\xe8\xbd\x03\xd3u\xbf\xef\
1\x81\xfd\xf0\x8f\xeea\x5c\x15\x84\x9e\xe8\xa9{x\x16\
\xe4J\xed\xed\xba?R\x00g\xecbt\x7fo\x86}\
\xbcj\x92\xee\x9f\xad\x803L\xad\xf4\xc6\xe7\x01\xd7\xef\
\x9a\xa57n\x03}\x7f\xf5}\xbd\xf1`U\x84\xde\xed\
\xa57\xf9a>\x7fI\xd7\x9bo\x83\xbc\xec\xb3To\
9\xdc\x0e\xa1\xffd\xea\xab\xf6\x00\xb9~g\x89\xbez\
=\x90___\xd5?\x9e\x01|P|B_\xbb6\
\xd8O\x9b;\xea\x1b\xe4\x83]9\xbd\x93\xbe\xc1\x05\x90\
'\xbf4\xd07\x5c\x04\xf2\xb7\xd2G\xfaF\xbd@\xef\
\x18\x06\xe9\x1b}\x07\xeb\xd3\xba@\xdf\xac\xd2C\xd0c\
\xab\xf4\xcdf\xe6\x01\xdf\x8e\xd67\xcf\x02\xbd_\xad\xa2\
>>\x1b\xe4z\xef-\xfaN\xcf\x9f\x85\xf6\x8e\xe8;\
\xbf\xfa3\xd8\xe9N}\x97\xf3\xb5\x10\xfa\xac\xbb\xfe\xa9\
q\xcd\x11\xd3\xbf\xb5\xbew\xc3\xde\x80\x13\x7f\xd5\xf7\xd1\
\xc0:^\x7fS\xdfg(\xd8\x1d/\xd4\xd5\x0fX\x05\
\xf8\xe5\xb8V?xV*\xe0\xc3B}\xc2s\xa9\x80\
\x7f\x7f\xd4\x0f\xed\x02\xb8\xfc\xed\xd6\xfa\xe1\x1b\x00\xe7\x1d\
3\xeb\xc7\x0e\x82\xf9\x9d;V\xef}\xf3\x1d\xc4\xbc\xf4\
\xb9\xde\xd7\x09\xec\xe9\xcem\xf5\xfe{\xc0Oy\x15\xf4\
\xd3\x86\x82\xfc}\xe5\xb0~\xde\xd7\xc0?\xdb\xbc\xfa\xf9\
o\x80\xfe\x0d\xdd\xd7/\xf9\x14\xf4Oo\x8f~\xa9\x0d\
\xf0fa\x0b}^\xef7a?N\xd0o8\x07r\
h\xe8f\xfdF\x1d\xd8\xdd\xce\x99\xfa\x9dU\xc1n\xad\
\xfa@_\xf0\x1b\xe0\x0d\xf3V\xfd\xb1\xca\xb0\xce\xcfl\
\xd3\xbf\xb9\xe8s\xc4\x8cyJ\xffn?\xc0C\xf5\xfb\
\xeb\xcf\x7f\x01\xeb\xd4l\xad\xfe\xc3\x9d`\x8f5=\xaa\
\xff\xf8\x9d\x0f\x01'\xcf\xd1\x7f\xfa+\xe0\xf1#\xeb\xf5\
\x97n\x02^\xea\xbaM\xff\xd9o\x80\x9f\xa3\xde\xd5\x7f\
\xbe\x08\xf6\xe7\xe3\x8b\xf4\x9fo\xbe\x09v\xf6j\xfd\x97\
\x97\xd8u\xf9]\x7fu\x15\xf0\xe9\xe6e\xfa\xaf\x9c\x8f\
!\x94QS\x7f\xe3+\xd0#\x0d4\xfa\x1b\xf7\x80\x7f\
\xd2{\xeao\xbd\xe2\x80q/\xd1\xdf\xba|\x0a\xf4\xd5\
S\xfa\xdb\x15@\xfe\xb6\xe8\xaa/{|\x0ab\x9ae\
\xe8\xcbb\xb6\x80\x9e\x1a\xa9\xff\xe6\x9f\xc7\xc0.\xe8\xaf\
\x7f`\x02\xbe}\xa9T\xff[C\xb0\x17\xdf\xdf\xab\xff\
m#\xe8\xa1\xde\xc8\xa0_\x04\xfc1\xf5Y\x83\xb9\x10\
\xe4\xe4G\x1f\x1a\xac\xdf\xc1\xbe\x1dx\xd9P\xe9^,\
\xc8\xbb\xeb\x86\xca~\x90K5\xde5<\xf6\x07\xf0\x99\
\xa6\x89\xa1fE\x98\xef\xa2\xaa\x86\x06\x9e\xca\x80\xfbc\
\x0c\x8d>\x04~:<\xc5\xd0x\x1c\xc8\xeb\x9a\x17\x0c\
M\x06\x81\xfc4M24\x19=\x1d\xa1\x1a\x7f\x18\x9a\
\xdd\xae\x0e|\xf4\xbb\xe1I\xfbRxo\x8c\xa1\xc5x\
\xb0\x8b\xef\x0c1\xb4\xc8\x05\xbcu\xe8\xa1\xa1\xf5\xfe\xbf\
\x11\xd31\xc5\xd0\xf6\xd6:\xf8\xfd\xb0\xa1\xddf\xd0\x13\
\xf1\xd5\x0c\xed\xce|\x8a\xd0\xea\x83\x86\xf6\xdd\xa0\xbd\x02\
\x87!\x1e\xf01\xe3z\xcf\x10\x9f\x0f\xf6H\xc2G\x86\
\xce\xc5?\xc08\xe3\x0cO\xc5\xbe\x06\xcf\xfdix*\
\x00\xf6\xc7\x82\xf6\x86\x1e\xfd\x80?\x9d7\x0c\xbd?\x06\
>\xa94\xc9\xd0g\xcf\x1b\x88y\xb1\xb7\xa1\xbf\x13\xe8\
\xe4\xbej\x18\x9c6\x1e\xa1\xc5o\x1a\x12\x96\x99\x11:\
\xd9\xce0\xcc\x08z\xb6\xc79\xc3\xa8,\xc0\xab\x1d\xeb\
\x19\xc6\xce\xfe\x0b\xf4A\xbca\xec=\xd0\xa3gv\x19\
\x02o\x00\x0elR`\x98<\x02\xf6\xc5\xc9\x1f\x0d\xd3\
k}\x0b\xeb\xfc\x89\xe1\xe5*0\xde.\x0b\x0c/o\
\x02\xbe\xa9\x90h\x98\x91\x05\xf6E\xd1!\xc3\x8c\x0f\xfd\
\x80\xd3\x16\x18\xe6\xe4.\x03;\x22hXd:\x03v\
H\xbaa\x9d\xae5B\x07j\x1a\xf6\xad\x00\x5c]\xe3\
}\xc3\xeb\xeb\xc1n\x89[f8\x1e[\x06z\xee\x8e\
\xe1\xe46\xe0\x17\xdfC\xc3\xe9%\xa0\xef\xfb\xaf1\x9c\
\xb1\x81^\xcb\xa9j\xf8\xc8j\x05\xfd\xb6\xc4p\xb9\xe9\
\x7f\x103\xa2\xb1\xe1\xf2\x96O\xc0\x1eio\xb8v|\
0\xf0\xdf_\x86\xaf\xa6\x80>,\xf9\xc7p\xe3\x02\xcc\
K\xd7\x14\xc3\xcdo\x9eF\xcc\xbae\x86\xd0\x03\xc0\x07\
\x9a\x06\x86\xb2Q0\x0fS3\x0de\xfftG\xcc\x90\
5\x86o\x0b`\x1fM\x9ao\xf8~;\xe0\x09\x7f\x17\
\xc3\xfd\xda\xf0|\xc5\x1a\x86\x9f\xf2a~\xb3\xbf4\xfc\
t\x17\xda{\xb6\x97\xe1\xb7\x0c\xc0\xf9/>a\xf8\xdd\
<\x0c\xf4\xe2b\xc3\xef\xf7\xc6\x81<\xe9mD\x8ex\
\xb0\xa7\xbb\x1a\x99i\x05 \x0f\xb5\xc6\xa8\x9f\x81\xcfV\
\x8c3jN\xaf\x86\xfd\x9eo\xd4-\x83\xfd=\xa8\x87\
\xd1p\x0bp\xf7\xa7\x1e\xa3y%\xf0q\xc7?\x8d\xe6\
W7 t\xe9\xae\xb1\xfa\x1f\xb0^1\xb5\x8c5\x86\
\xd6@\xcc\xb0>\xc6\x1ayM\x11\xf3\xd46c\xdd\xa1\
\xb0\x9f\x1f[j\xac\xfb=\x8ck}\x89\xd11\xe4\x19\
\xb0\xaf\xd7\x1a[\x5c\xd0\x22\xe6\xd2k\xc6\xd6g@\x1e\
~r\xc7\xd8\xbad\x22\xe8\xab\xba\xc66\x0da}\x06\
\xfebl\xd3\x01\xec\x96\xedg\x8cm\x97\x17\xc1\xdf\xbd\
\xc6\x8e-\x01\xc7\xf5\xb9e\xec\xf8\x13\xe0\xbe\x87\xeb\x8c\
\x9dX\xfb\xa8\xe7Zc\xf7\x03\x80\x17/}o\xec\xc1\
\xb0\xe3\xec`\xec\xf1\xc7\x03\xc4\xcc)0>\xfd\x0d\xfc\
\xde\xfb\x81\xb1\xaf\x1d\xe4\xe7g\xf9\xc6\xbew\xc1\x1er\
\x1f6&\xfe\x0e\xf3\xb3\xdfb\x1c]\xb7!\xd8q=\
\x8cI\xab`\x7f\xdb\xc7\x1bS\x0f\x01\x9f]\xfc\xdb\x98\
\xfe4\xac\xfb\xf04c\xd6J\xc0;KO\x19\x03\xed\
\xfb#\xd4\xa6\xadq\xceT\xe0\x8b\x94\xe9\xc6%\x81\xcb\
 \xaf^6\xe6\x1e\x83\xf7\x1f+1\xaeI\x039R\
z\xd3\xb8a=\x8b/'\x1b7^\x04}Q\xbb\x9a\
qG\x11\xe8\x91~)\xc6\x93) /_\xf8\xd5x\
\xce\x0c\xfalt\xc8x.\x01\xf6\xfd\x90!\xc6w\x0f\
\xc1\xbc,\xa9e\xfc`1\xd0}\xf5{\xe3\xc7\xde\x9b\
\x80\xb3~0~2\x00\xec\xf1\xc1\x0b\x8d\x9f\xae\x04\xfb\
x\xe8\x10\xe3\x85\xd6v\xc4\x8c{\xdax\xd1\x06\xebV\
\xb6\xc9x\xa5\xc5\x87\x08-\xfb\xc4x\xc5\x0b\xf24\xf4\
\x8e\xf1j\x1dV\xcf\xe7\x18o\x9e\xbf\x8d\x18\xdf\x5cc\
\xc93 \xbf\xcd\xcf\x18\xcb\xb6U\x87}\xe11\x96\x9d\
\x01{\xe8\xd0\x1c\xe3\x0f\x96\x96\x80\x9f\xda\x1a\xef\xb7\x04\
;\xfe\xbd\x97\x8d?Z\xc1\xfe(\xbcn|\xe0\x04=\
\xba\xec9\xe3/\xd7\x00G\xc7\xbcn\xfc-\x0e\xe8U\
\xbeb\xfcm\xfcU\xd8\xd7;\x8d\xbf\x1d\xee\x0b\xed,\
6\xfe~\x01\xe8\x9d\xbc\x06\x9f\xd0\xef\x94\xc6\xc6\x876\
\xd0\x9b\xc7\x86\x1a\xffZq\x01\xa1\xef*\x99\x08\xff\xdc\
1i\xee\x8dFhz%\x93\xae\x0a\xd8c\xcbV\x9a\
t\xed\x00\x1f\xddzh\xd2m\xfa\x08\xf4c}\x93\xfe\
v7\x84\xe6,1\x99+\xc2~\x1e\xd6\xd7dv\xbe\
\x80\xd0d\x9f\xc92\x0b\xc69\xea9\x93u6\xe8\xe5\
\xb9\xebLU\xef\x81\x5c~\xe33S\xb5D\xd0#7\
\x8f\x99j\xde\x03yW\xeb\x0fS\xad\x0b\xd0\xef\x1f|\
\xa6\xda#\x01\xbf\xf4\xd0\x9a\xea.\x03\xbd\xa8\xadm\xaa\
\x87\xee\xc1{WM\x0d/\x80\x9c]\xdd\xdb\xd4x0\
\xec\x9f\xe0HS\xd3\x1a\xd0\xde[\xbf\x9aZ\xc4\x82\xbc\
\xf2;L-\xf5`\xcf\xbf\xf7\xb1\xa9\xe5k\xb0\x1f\x07\
\xdc3\xb5\x9a\x0a\xfcx\xb8\xbd\xa9\xcd\x06\xb0;\xdf\x8b\
5\xb5\xf9\x19\xf8z^-S\xdbX\xc0\xad3w\x9a\
:]\x01{\xfc\x83e\xa6\xee\x9d\x7f\x019|\xdb\xd4\
\xa7\x01\xec7\xff\xf3\xa6~\x1b\x01\xc7\xed(1\xf5\x8f\
[\x83\xd0\xd1\x14\xd3\xe0g\x017n\xed`\x1a<\x1d\
\xd6\xfd^w\xd3\x90h\x90\x8b\xf7\x90)\xa1Y\x1c\xd8\
mv\xd3\xc8\x87\x80\x07\xcf|l\x1a\x95\x9f\x84\x98\x15\
\xd3M\xcf?q\x03p\xf3\x05S\xd22\x90\xd3\x0dL\
&\x7f%X\xcf\x86\xadM9\x0f\xc1>\xbe\x98j\x9a\
\x1a\x00~\xaa8\xcc4kp=\xc0y\x93M[S\
\x01\xb7\xcc\xcf3\xed\x5c\x0a\xf2*\xd8\xc3\xb4\xb7)\xe0\
\xfb#\xe9\xa6\xbdmA\xaen\xeah\xda7&\x08v\
P\x0d\xd3\xa1\xeb`/\xbe\xf0\x92\xe9\xc8\x89\x8f\x11\x93\
\xd5\xcct\xec\x05\xd8\xbf\xf5\x8e\x99N-\x09 T\xf9\
7\xd3[\x13N!f\xf5\x12\xd3\xfb5\xfd\x88\xc9\x19\
mz\xff:\xd8\xdf-\x97\x9a>\xd2\x00>\x9c\xb4\xc0\
t9\x0ep\xdf\xb2\xde\xa6\xcfN\x01\xaeZo0]\
\x19\x08\x9f_?k\xfa\xfc>\xe8\xffa\x9f\x98\xbe\xb2\
& t\xf1\x03\xd3\xd7\xbeZ\x88I\x9bj\xfa\xfa\xc7\
\x87\x889\x9ac\xbay\x10\xf6\xd9\x9aM\xa6[\x9f\x00\
\x9eh_f\xba{\x04\xec\x8a\xa7\xbf7\x05\xbbB\xfb\
-\x9c\xa6\xef\xeb\xc3\xfc.\xff\xd1\xf4\xfd\x19\xa0\xb3\xfc\
\x80\xe9\xc7\xa9s\x10\xd2\xe6\x9a\x1e\xb6\xec\x02\xed\xcd2\
\xfd\xb1Q\x83\xd0\xb8'M\x7f\xed\x05\xfcW/\xdb\x8c\
\xee\x02N\x993\xc8\x1c\xfd.\xd8!/>o6z\
a\xffT5\x98\xed\xaf\x80\xdd\xfeD\x89\xb9\xd2\x10\xc0\
'\xad\x1e\x98+'\xc2~\xbf\xf2\x8b\xb9f\x10\xe4d\
\xa3\xff\x98k\x8f\x03\xbc\xe9y\xd5\xec\x18\xfb\x0e\xd8\x95\
\xd3\xcd\xf5\x12\xa1\x9f\xf1_\x99\x1b\xec\x01=t\xed=\
s\xdcXh7\xf8\x969\xee;\xd8g\xa6W\xcd\xad\
s@.j\xeb\x98[\x17\xec\x82\xfe\xd71\xb7\x99\xba\
\x1e\xf4\xde\x9f\xe6\xb6_\x03\xde_\x93fn\xd7e\x1b\
B'\x8e\x9a;\x9e\x03\xf9\xd3h\x929\xbe&\xe0\x8b\
F\xc7\xcc\x9d\xeb\x03\xfe\xb8\xb2\xd1\xdc\xd9\x03\xe3Ys\
\xdb\xdcE\x0bvcm\xbf\xb9[\xe5\x9e\x88Y\xdb\xd0\
\xdc\xcb\x03z\xcc\x90i\x1e0\x10\xf8\x22j\xb8y\xc8\
N\x90\xd7\xa7.\x99\x87\x1e\xcaAhao\xf3\xd0+\
\x80\x93\x1f~fv\xd5\x01y\xb94\xc7\x9c\xf6\x22\xd8\
{\xcf=i\xf6\x5c\x7f\x0dpY\xaeyB\x1e\x8c\xb7\
\xeb7f\xfft\x18\xff\xa8C\xe6\xc9[\xd9\xfd\x99c\
\x9e\xf2)\xc8\xff\x97F\x9a\xe7=\x09\xfbt\xf83\xe6\
Uf\xd8\xef\xbd\x9e7\xe7\xef\x03y\xad\xff\xd0\xbc=\
\xa3\x0c1\xf5W\x99w}\x00v_\xffd\xf3\x9e\x90\
\x13\xa1\x0b\xcf\x9aO\xf7o\x05\x0672\xbfY\x05\xec\
\xcc\xf8\xab\xe6\xb7\x9f\x82\xdf\x7f\xdbk\xfe0\x19p\xf5\
\xe8\x13\xe6\x8f\xa2\xc0^\x9b\xdd\xc0|)\x1f\xe4\xde\xcd\
7\xcc\x97\xf7\xff\x83\x98\x0d\x17\xcd_\x8c\xeb\x07\xfb\xa0\
\xaf\xf9\xcb\xf1\xa0\xa7\xa6\xed2\x7f\xfd\x06\xf0\xfd\xc7O\
\x9bou\x9a\x8e\x98Y\xfb\xcc\xb7g\xc2\xbeL\xfe\xda\
|\xe7\x0d\xd8\x17\xe7\x06\x98\xef\xb6\x02;\xe6\xf3%\xe6\
\xe2\xa9gAo\xcf2\x07/\x81\x1e:\xe00\x97\x0c\
\x06\xbb}\xcb9\xf37\xb1\xc0\x9f\x133\xcd\x0f\xde\x03\
\xbeK\xfd\xc5\xfcK\xec\xdf\xb0?R\xcc\xbf\xceIC\
\xe8\xab)\xe6_\xb7A;O\x1c5\xff\xfa\xe5&\xd8\
\xd7\xfb\xcd\x7f\xd6\x04<1\xbc\x82%\xea\xe7\x0f\x80\xdf\
\xbe\xb1D?\xdb\x0c\xec\xbf\x86\x16\xf3'\x1d`~\x0f\
X\xecsZ\x82|\x1fn\xa9\xf4\xfdm\x84\xde\xeef\
\xa96\x01\xf4\xba\xe5\xb2\xa5Z\x1e\xd0][hy\xfc\
/\x98\xef\xbf?\xb2\xd4\xfd\x07\xe4\x89\xfe\xaa\xa5\xd1\xa2\
\x030?1\x96F\x87\x00\xc7\xb4\xf9\xd0\xd2d\xf9e\
\xc4\x18\x87[\x9a\x16\x5c@\xcc\x84\xad\x96\xa6\x17\x0d\xd0\
\xbe\xcf\x12s\x1a\xec\xb5\x1b\xcd,\xb1o\x98\xc0nG\
\x96VO\x14#\xa6\xf1AK\xbb\xc3\xb0.\x9f_\xb5\
t\x8a\x05}1\xcdm\xe9\x5c\x03\xe4U\x87\x0b\x96\xce\
\x8f\xc3~m\xbf\xce\xd2\xa5\xeey\xc0s?Xz\xda\
A\x0e,\x1ab\xe9\x9d\x08\xfa\xff\xbb~\x96>K\x00\
G\xb4<f\x19\xc0\xfc\x08\xed\x94Z\x06\xde{\x02\xf4\
QW\xcb\x98\xbe\xc0\xef\x0d\xbe\xb2<[\xa7>B\xe3\
3,)\x1d`\xbd\x1f[kI\x99\x9e\x0c8|\x86\
\xe5\xc5! \x1f\x12\xceY&^\x03\xbc\xde\xffm\xcb\
\x94QG\x11\xb3\xf2s\xcb\xe22\xc0\xc1\xeei\x96\xa5\
\xe7z 4+\xda\xb2|fs\x84~\xdc`Y\xf5\
!\xf0I\xeb\x1e\x96\x0d\xf7G 4a\xbf%\xbf\x13\
\xf0w\x9d/,G+\x02N|\xe1M\xcb[\xde\xfd\
\x80\xaf\xf6X>\xd8\x06\xfdv%Y.\xbe\x0c\xf6\xdf\
\xb8\x87\x96+\xb3\xc1\xde\xe9\xc8X>\xdf\x0ax~\xef\
\xa7\x96\xab\xd7\xab!T\x9co\xb9y\x01\xf0\xc0\x9e[\
\x96[=G#\xe6z\xac\xe5\xce\x17\x80k+\xb7\xb2\
\xdc\xfd\x1b\xf0N\xf3\xaf-\xc1\xcd\xb0\xcf\xbf\xaci\x09\
\xe9\x01_>q\xc7R:\x03\xf6\xe7\xfaQ\x96o_\
\x03yT}\xb0\xe57\x04\xf3\xf5T\xbc\xe5\xb7\x11U\
\x10\xf3z\xaa\xe5w\xffr\xd0k\x0f\xac\xcc\x1a\xd8\xdf\
\xc3VX\xb5c\x01\xdf\xaf\xcf\xb7\x1a\x92\x86\x81\xbd\x94\
`\xb5\x0c~\x1e1[\xde\xb3\xda\x0e\x81\x9c\xbf\xdc\xd5\
Z\xb9\xdb\xb3\x88\xc9\x18k\xadz\x08\xfa\x7f~\xa2\xb5\
\xda.\xc0\x1f\xaf,\xb7V{\xb3\x01\xac[Ek\xf5\
>`o\x5c\x9ei\xad1\xedw\x90w\xafY\x1f\x1f\
\x0ar\xd5[\xd9Z\xdb\x0c\xf2fD\xae\xb5v\xcb7\
`\xfd3\xac\xb5\xc7\x00.\xfb\xd4om4\x10\xec\xf3\
\xcb\x0f\xad\x8d\x0b\xe1\xef\xb1;\xad\x8d\xff\x01\xbb\xc1\xf8\
\xbd\xb5\xc9\x8f\x80\xc37\xad\xb0\xc6\xd4\x83\xf1\x7fq\xd4\
\x1a\xf7\x01\xe8\xb7\x1d5\xacm~\x02}\x96[\xd1\xda\
\xa1+\xc8\x91u\x16k\x87\xee \x9f7\xa4[;N\
\x80\xfd<\xfc\xa2\xb5\xeb)\x18\x7f\xd7\xdb\xd6^o\xc1\
s'_\xb6\xf6m\x09\xf8\xe5\xfaNk?{=\xb0\
cv[\xfb}\xe2\x05|^\xd9:p\x05\xc8\x8b\xf1\
3\xad\xc3_\x00\xfb\xfaT\xae\xf5\xd94\xc0\xd7\xfe\xc3\
\xd6\xe7\xae\xc2\xfek\xf7\xaau\xdc3\x80\xdf\x1a\xae\xb4\
&\x1d\x86\xdf\x9fofM\xdd\xa0\x03;\xea\x17kz\
\xc5V\xb0\xde-\xac\xee/A\x9e\xd5\xf1Y' \xd0\
G\xe7\xcdV\x7f\x08\xec\x8d\xaf\x0a\xac9\x9f\x01\xbeH\
^j\x9dT\x1d\xec\xa0\xe7\xc7[g\xa4\x01\x9f\xed\xed\
l\x9dS\x0c8\xa5\x9b\xde\xba\x90\xc5\x1b\xae\x13\xf0\xd9\
\x1e\xe4h\xaeu\xd9(\xe0\xf3\x9a\x7fY\xd7\x1aa\xde\
;\xdf\xb5\xae}\xbf*b&\xe7[w\xee\x04}\xec\
Yc\xdd}\x07p\xd9\xb2\xf7\xac{\x8f\x82\x9dp\xbb\
\x97\xb5\xe0\x1a|\xbf\xee\xa4\xf5pS\xc0\xcf\xc3\xf6X\
_\xff\x06\xec\xb7\xb4\x8f\xad'G\x83~\xb5>c-\
\xda\x0b8o\xd0.\xeb\xdbW\xbeF\xcc\xe3/[\xdf\
\xfe\x07\xf0\xf7\xf3\x93\xac\xe7\xc6?\x078\xaf\x97\xf5\xbc\
\x15\xe4r\xf5\xad\xd6\x0fW\xb6@(.\xc9\xfai\x02\
\xc8\x8f\xd9\x97\xac\x17\xbe\x01;\xe0\xf3Q\xd6\x8b\x7f\xfe\
\x06\xf3\xda\xdfzi\xe67\x88\xd9\xa8\xb3~>\x15\xfa\
\xb3j\xb1\xf5\xea\x1d\xa0\xeb\xc8\xb1~U\x03\xe4\xd4\xf1\
=\xd6\xdb\x05]a\xffw\xb3\xde\x19\x07rf\xd0P\
khT{\xc4\xbc\xb3\xd9Z\xa6\x81\xef\xdb\xbb\xade\
\xcba\xff\x7fw\xca\xfam\x1b\xe0\xcf\x03\xefZ\xbfs\
TDh\xe6h\xeb\x83\x9a\xab\x10\xea4\xdd\xfa\xe70\
\xb0\xdb\x0f\xcd\xb5\xfeU\x1b\xf8\xfa\xd5\x1d\xd6\x7f~\x05\
\xfc\xbb\xea\x8a\x0dM\x80y\x1c\xfd\xb2M\xcb\xfa\xfd\xfd\
\x0fm\xda\xbe\xa0\x1f\xaa\x8c\xb0Y\xf7\x81\x9e\xce\xecb\
\xb3\xff\x0dr\xeb\xebf\xb6Z\xf5@\x7f\x9fne\xab\
\xf3-\xd8\xd5\xdb\x93m\x0d\x0dk\x11\x93\xef\xb25\x1c\
\x06\xfbm\xfe\xc7\xb6F\x15@?\xb4\xb9gk4\x05\
\xe4MRW[\xd3\xcf\x13a\xff\xfef{\x12`\x10\
s\xeb\x9c-.\x0b\xf4\xee\xee<[\xdb\xd3\xd0N`\
\x93\xad\xe3\x22V\x8f\x97\xda:o\x00}\x8a~\xb1\xf5\
\xf8\xec\x12B?\xcd\xb7\xf5\x5c:\x14\xe4i\x9c\xadO\
\x0c\xec\x03\xfb5[_\x0d\xe0\xdcA\x1f\xd9\xfa\x9d\x07\
\xbe\xbfz\xd46 \x19\xe6\xff\xc4o\xb6\x01\x07\x80\xcf\
\xfa\xfbl\xa3{\x80\x1c\xbd\xf6\x92\xed\x99\xe5 \x07\x1b\
\xf7\xb3\x8d\x99\x0e\xf6m\xeeO\xb6\xe73\x81O\x8e\xff\
n\xf3\xc4\x02\x1f3\x0bl\xfe\xde 7\x8e/\xb5\xf9\
C\xbf\x83\x1d\xfc\x96-\xbb=\xec\xb7/\xd7\xda\xa6\x8e\
\x8d\x02\xf9\xf5\xa4m\xfat\xe0\x1b\xf7e\xdb\xaci`\
\xdf0\x9f\xd8\xe6\x9d\x81\xdfk\xc5\xdb\xe6}6\x12\xe4\
\xfd)\xdb\xfc\xf10\x1f\xf3\x9f\xb5-\xfe\xe0iX\xf7\
\x8d\xb6\xe51\xb0\xdf3n\xdbV\xb4\x06\xfc\xb5\xff\xbe\
mm\x1a\xc89\xcdy\xdb:\x06\xf4F\x85+\xb6\xf5\
S;\x22\xb4\xc0d{\xa5\x00\xe6k`]\xdb\xce \
\xd8\xcfmo\xda\x0a[\x80\xde}w\xae\xadh\x14L\
\xcc\xd6\xa5\xb63.\xe0\xef\xab&\xdb\xbb10\xbel\
\x9b\xed\xc2\x1e\xe0\xb7\x1a\xd3l_N\x02{c\x82\xcb\
v\xfd\x00\xac\xe7\x92;\xb6\x1b\x7f\xc3\xbc\xde\xbaf\xbb\
\xd9-\x1d\xf0\xdd\x1c\xdb\xad,\xc0\x19y>\xdb\xad\x09\
\x80\xd7\xf3\xf6\xc2\xe7\x97\x807\xdb\xdan;@\x0e/\
oa\xbb\x9d\xd0\x07\x9e\xabi\xbb\x93\x0f\xf8r\xb3\xde\
v\xe7g\xb0_7_\xb4\x15\x8f\xaf\x00zh\x8d\xad\
\xf8\x01\xec\xdbm{l\xc1\xae\xf0\xb9=\xcfVb\xfb\
\x1c\xa1]\xb9\xb6\xb2\xa1\xd0\xde\xfe\x85\xb6\xb2\x00|\xbf\
3\xd3V\xb6\xff\x06BU\xa7\xdb\xbe\xad\xdf\x1dpA\
O\xdb\xb7\xe3\xc1~\xfb\xa3\x8e\xed\xdb}\x9f!tj\
\x86\xed\xdb[\xf0\xfc\x89\x04\xdbwv\xc0[\xe6\x16\xb6\
\x1f\x7fx\x0a\xf4\xcf6\xdb\xcfy\x1e\xb0\xb3\x87\xd9\x1e\
$\x81\x1e\xab\xac\xb1\xfd\xea\x1f\x078\xf4\xbc\xed\xd7K\
\xb0\x1e\xa7\x83\xb6\x87[\x18\xc0\xb1\x85\xb6\x87\x87\xee \
\xa6v\x07\xdb\x9f#\x01\xef\x0fn`\xfbk|&B\
\xe7&\xd8\xfe*\x00\xfb\xbc\xdb\x22\xdb_g\xc1\x8e\xae\
[\xd7\xf6\xcfx\x907O<mG\xd1 W?\xb8\
lG;4\x88Y\x0c\xbf\x7f\x0f|\xf5D-;\xb3\
\x02\xfa\x178hg\xb6\xc3g\xf6>;\xf33\xd8u\
1\xb3\xecQ\xdd\xe7\xc3\xe7\xb7\xf6\xa8\xac\x0c\xb0\x97\xab\
\xd9\xa3>\x02y\xdf(\xc3\xaey\xe5\x1c\xe0\xee?\xec\
\x9a\x073\x01g\xb4\xb0\xeb\x1a8\xc0\xeew\xdbu\x83\
\xe1\xf7\x8c\x22\xbb~<\xe8\x9f\xf3\xc8n|\x03\xe6{\
\xae\xd7n\xea\x09\xeb<\xf0\xbc\xddt\xbb\x11\xc8\xcf\x8a\
vs\x01\xe8\xe1\x8f\xb6\xd8\xcd\x07\xe1\xf3c\x83\xdd\x12\
=\x06\xec\xc0\xe3vk\xef\xba \xa7\xb6\xdb\xadSa\
\x7f\x9b\xd7\xd8\xad\xeb\x0f\x82\x5cy\xd6n\xdd\x00rP\
\xfb\x8d\xdd\xf6!\xf0\x81\xf9C\xbb\xdd\x0b\xfb\xd73\xcb\
^\xa1;\xe8cO\xb1\xbdB\x0f\x907\xde7\xec\x95\
\x86A\xff\xbfL\xb2W\xae\x08\xebzw\x9d\xbd\xf2\xb2\
\xad\x88\x19\xba\xd2^%\x16\xe69T\xd5^\xc5\xf7\x00\
\xf0\x1b\xfc\xbe\x1f\xe6cb\xbe\xfd\xb1\xac) \xf7\xff\
\xb2\xd7x\x19p\xfc\xf9O\xec5\x0a@\xcf/\x99`\
\x7f\xfc=\xc0\xd3\xf6\x02{\xadF\x15\x01o\xb7\xb1\xd7\
\xba\x00\xcf\xf9\xe2\xec\xb5.\xcf\x81\xcf\x91\xf6\xda?~\
\x8dP\xe3\x8d\xf6:\xddA\x0e\x8e\xabe\xaf\x93\xb5\x19\
\xec\xe8\xf1\xf6\xba\x1bA/\x8d\x89\xb6;\x9e\x00\xfc\xb4\
\xc1iw\x9c)D\xcc\x97_\xdb\x1do\x03\xde\xf9:\
\x16>A\x9e}]`\xaf\xd7\xa3?\xd8A\xd9\xf6z\
=\xdb\x80\xddn\xb1\xd7\x0f\x80\xbc\xcf\xa9l\xaf\xff\x0a\
\xcc\xbb\x7f\x8b\xbd\x01\x03t\x93\x0d\xf6\x06\x8b\x01\x87T\
\xbcco\xb0\xa5/|\xff\xb1\xbd\xe1\xdf\xf0\xe96\xd9\
\x1b%\xc0\xb8&\xde\xb17ZY\x1f>'\xd9\x1b\xcf\
\x06\x9c\xf4\xd2\xab\xf6\xc6\xf9\x80\xdfj.\xb27{\x0e\
\xf4\xf4\xd9\xc6\xf6fo\xc7\x81^\xdek\x7f\xf2\xec\x97\
\xa0G\xbf\xb27Ob\xed\xe9\xbe\xf6\x16[_\x04\xfc\
\x11\xb4\xc7\xcc\x06:7\x8d\xf6\x96\xaf\x00\xee\x9an\xb3\
\xb7\x1a\xf2>\x8c\xff\x8a\xbdu\x0e\xe0\xe9h\xbd\xbd\x8d\
\x0f\xfa3\xbb\xa3\xbd\xcd\xed>\xf0\xf9\x82\xbd\xedA\xf8\
\x9c5\xd9\xde~\xd0\x19\xc0Q\xef\xda\xdb\xbf\x0c\xfc5\
o\xbb\xbd\xfd\x5c\xe8\xd7\x9d/\xec\x1d4\xb0\x9eW\xbe\
\xb1w\x9c\xdd\x05\xa1\xf4\xc7\xed\xf1\xcd\x80\xaf\x0f\xdf\xb5\
\xc7?\x05r;\xe6\xb0=~0\xd8O\x1b\xb6\xdb\xe3\
\xd3@\x1fX*\xd8\xe3A\xfd0\x1b\x87\xd9\xe3/\xc3\
\xfc\xac\xddc\xef\x96\x08vD\xe8={\xf7nl\x1c\
\xe3\x96\xbd_K\xd0\x97o\xbcj\xefw\xc8\x0c\xfap\
\x8a\xbd\xdf\xa70\x7f\xef1\xf6!\xef\x80\x1c\x19\xf5\x8b\
}\xcc4\x90WE\xdf\xd9\x9f\xbb\x04\xfa\xe2\xe5\x91\xf6\
\xa4= 7\x8a\x87\xda\xd3\xd98A\xdf|{N\xd7\
J\x88\x19\xf9\x9a}\xcaM\xd0\x1f\xf7\xdb\xdb\xd75\x05\
\x5c3\xf6\x9e}]o\xb0\xfb\xcf]\xb7oh\x02\xf4\
Zu\xb3\x1f\x19\x018\xf8\xc9f\xf6\xe3=A\x9e}\
?\xd0\xfe\x96\x06\xe4\xeb\xb6\x8a\xf6s\x0f\x8e\x22\xb4\xf8\
%\xfb{m\xb4\xf0\xd9\xd3~>\x1f\xec;\xcb1;\
\xc69\xfbb\xed7\xce^\x81}\x7f\xd2~\xe3\xaf\xbd\
\x80\x07_\xb4\xdf\x9c\x03\xb8`\xffV{\xc9Ki\x88\
\xf9b\x91\xfd\x87\xe5\xc0\xcf\x8b,\xf6\xfbv\xe0\xd3\x9a\
V\xfb/\xac\x1d\x990\xca\xfe\x9fZO\x81\x5c\xdaj\
\xff\xb5!\xf4\xeb\xf6L\xfb\x1f\xa3A~\xdf\xecl\xff\
s\xc8\xe7\x88q\xbek\xff\xf3\x05X\xb76\x01\xfb\x9f\
\x07[ \xe6\xb9\xba\xf6\x7ff\xfd\x07\xa1\x1b\xb3\xdc\x88\
)y\x1a\x10\x1fz\x0e\x99P?\x94\x8c\xbc\xc8\x83\x1c\
(\x1b\xfeu\xa2\x89\xf0\x9f\x1be\xc0\xbfI\xf0\xaf\x0b\
\xc5\xc0_z\xc2Onx\xeeE\xf8y\x18|\x97\x8a\
|\xf0\xaf\x1f\xa5\xc3\xef\x01x\x9b\xfd\xd7\x87&\xc3\xa7\
\x13\xa5\xe1\xf7=(\xc6\xc0B}\xc0\x0f\xa8\x89)\xb8\
\xf1Lh\xdb\xfc\xd0\xa6}\xa5\x85E\xc1\xbc5\xf7N\
-)\x99u\x228\xbf(\xb8\xe0Xh\xcd\x81\xb2\xf9\
\xb9\xa5\x85\xab\xef\xce\x98\xa5g_\xe8\xde\xab\xc7@g\
\x12\xc3v\xaf1\x10<\x06\xff\xf5\xe1\xba\xe4B)(\
\x1e~\x9f\x0a\x1d\x10\xbf\x99&4T\xd5\xf1\xd61G\
p\xc7\xc1\xd2#;\xef\x9d\xda05\xd5\xe9\xcep\xa5\
LSRm\x87\xbb\xe9\x817\x1d\xd0\xf5\x00\x0c\xc2\x05\
\x9d\xf7\xc3oM\x802;\x19\xecD\x04\xd04np\
\x01x:\x035\x15Z\xa9\xe0(\xd9\xbf\xd015\xd9\
\x9b\xed\x09Ls\x04\xf3\x0e(\x1b\xa8\x84b\xe1\xd5\x14\
 ;\x11\xcf\x1a\xcc\x94\xf0\xb26\x96\xf6F\x1d\xd4\x1d\
\xf5B=\xc2\xad\x81\xf0\xb6\x15\xdeq\x14\x1f\xcf\x0d\xe6\
\x15\x96\xac\xda\xa3\xa42O\xa0\xe2\xc6\xc3\x89\xb4\x9e\xec\
\xa0\xc9z\x92\x09`\xa7$\x0b\xfeG\xd6\xd9\x09\xdf\xba\
9\xae\xe0\xa7\xca\x8f\xa7\x89\x1fQs\xe1M\xf6\x19\x9f\
\x94'\x84\xde\xb6g{\x1b<\xbd2\xb80W\xe83\
,}i\xe1\xb1\xd0+3B[w\x96\xecY\x1c<\
\x99\x17\x5c\xb1$\xb4)7\xb8(?\xb8l)\xe1\x07\
\xf5\x82\xf1\xe3\x0a@\x0b\x99\xd0K/\xb4\xe5\x84\xff\xd8\
qM.w\xd6*\xb0\xfd\x08m\x98\x15v\xe2\xc4\xe9\
\xcf\xe4\x987\x80\x07\xc6\x0e=YB\xc8\xc4\x12*)\
:\x12Z\xb4CIb\x16Gb n\xdd\x81Zp\
\xbb\xc6\x0b3\xc2\x12L\xc3\xec\x95\x8a\x7fv\xe2Y\x9e\
\x82\xe7\x93ef?f\xb1\x00\x8c\xc2\x0fL\xd7\x1c\x7f\
'gC2\xb3nX\x87l\xfc6\xff\x0d\xfb\x8c\x8f\
p\x98\x84A\xbb\x93~9Z8zfx\xfdnO\
\x9a\xa3I\xaa\xdb\xe3\xccpOq\xf9\x1cS\xfd\x01g\
 \xdb?\xad\xb9\xc0\xc1>\x97\xdf\x9d\x92\xed\xcc`\x7f\
\xf0f\xfb\x92]\xfe\xa6\xca\xd1\x8dy\xa4\xd1\xfd\xcfz\
\xddB\xdd\xeb\x7f\xd1\xc3\xc6\xe5\xf60\x86\xfd\x9f\xd0Z\
eek111J\x9a\x1d\x80f\x02\x1a\x80\xf7\x93\
\x87[\xa5\x0c<\x8eT\x95@\x9a\x88\xff\x96\x0d\xdf\xc4\
J\x04R\xad\xee\x09\x03\x1cn\x0fLyF\x86\x83\x88\
\xa3x\xc7\xd4\x89\xce\x8clW\xacJ.5\x17\x9aS\
\x90Su\x00\x9a\x15\x9a\xa8\xc66\xc1\x93\xe4\xdbr\xa5\
\xd0X\x5c\x1cK*\xdeA\x99\xe2>\x97\xb08\x90+\
>\x9b\x1f\x9aY\xa8$Q\x13H$\xe3\x17X!\x10\
\xc0\x1b\x8f#&\xbcn\xef\x9e\x1cpOt\x07&\x87\
\xa1\xd1\x90\xa3\xc13D\x22\xb7\x11\x8c\xb0X\xac\x0a\xc9\
@O\xa28\x81Z%\xa0\xc6.{\x22p\xae\xb1g\
\xc0\x97\xf1d\x9c\x92`\x13\x05A?G\x90\xe5G\x09\
I\x09\x9fU\xe1\x88\xfa\x81\xa8\xa3\x09\xa1\xda\x94\xb6\x16\
\xac\xd8\xf3\xc1\xe4\xb8\xb1\xf8\x93\xae\xc94\xb9x\x17\xf5\
OwO\x8a\xcf\xebN\xe1\xd6cZi\xc1\x99\xe0\x8e\
\xf9\xb49\x90\xd3\x96\xaa\x0a\x07\x11`\x02\xcd\xc7x\x9a\
\x84X\xb0`K\xd9\xbe%\xc1\x02\x95\x00r\xa8\xa8\xb2\
\x02;\x80\xd7\x8be\x7fQ\x05\xd9$\x14KN\x17(\
\x09U\xc1\x84\xd8\xc5e;\xe5\xc2\xbb\xd9/\xe1\x0f\xcf\
d\x87k\xa2\xcb\x13\xf0+_\xac\x00/\xb2*\xc4\x81\
\x06\xc3\x082%\xf3b\xe8\x9e\x95\xe5\x18\xec\xcct)\
_\xa9/\xbc\xe2G9\x98\xa9\x921\xa6\xa0\xb5\x5c\x91\
%\xe2\xcfq\x07\x92\xd3\xc3t\xc0\xc4Q\x03\x9d \xea\
[x+c\xb2\xf2\xc9>\xe2\x93\x12\x0d\xc8NX\x06\
\xd6\x8b\x01\xbc\xb3\x1dX^g\xe0\xbfeai\x9d\x89\
5\xab\x9f\xd3\x8db\xdf\x1a\xe0V\x1c\x81t\x97\xc3\xef\
\xcap%\x07\x5c)\x8eT\xd8\xed\x8e,\x97/\xd3\xed\
\xf7\xbb\xbd\x1eUo\xfbJ\xfa\xc0\xcbPv\xf4\x99@\
;\x85*\x04\xe4\xdf\xc5\xc1wr\x99\xd6\x10\xf7\x82\x95\
\x9c\xc9\xe9\x99\xde\x14Q*p?\xc5M\xa3\x089\x03\
\x08M'\x0b\x05\x042\x9a\x1e\xce\xe4\x17\xd5+\xc5=\
& >qn2\xf0\xac\x04\xc4\x95b\x098\x02^\
2\x05\x19n\x7f@\xcd*=\xf088\x05+\x11g\
\x86\x1e\xce\x0c\xa7'Y-\xc0\xaa\xc0+^\x8c\xc6X\
\xa1\xee\xc4{\xc6'\xb2e\x0f\xaf7\x90\xe1u\xa6\xb8\
|\xca\x17;\xc3\x8b\xec\xa6\xc8\xc1\xeb+\xe2\x99L\xfc\
\x13\x8bW]\xaa-\xc8\x8fM\x5c\xe1:=|\xde\x1c\
\xbf\xcb\xe1\xf4\xa482\x9d\x1eg\x9a\xcb\x91\xe2\x9a\xe8\
Nv\xe1A\xfa\xd5\x10\xb0'\x88\xdb\x11\x18\x9a\xf8I\
#\x22\x1c\xe9\x990\xc2Q|\xfa,\x00\x91\xd0\xec\xb9\
\xc1y\xaf\xabg\x87\x7fY)^M\xf8U\xaadu\
\x08/9\xb1rM\xc7\xdb\xc9\xc5\x09G\x9f\x14\xc5\xb0\
DB[\x8e\x86\xb6\xcc\x09\xdf27\xc9\xf2\x97J\x8f\
l-=}Z\xf9R\xbc\xcc<\xe8\xc5m\xa2\x007\
\xd9\xbc9\xc0\xb3\x0d16\xd8\x09\x86\xed$\x90\xaf\xdd\
3\xc3\x0d<\xd3\x0b6O\x00&9\xcd\xe9\xf6\xb0\x0c\
\x94\xec\xf5\xa4\xba}\x99\xca\x16\xbb\xcaZ,\xa7\x0dn\
qI\x9f\xe4\xca\xae.iU\xd9\x1c\xac,t\x03\xf6\
\xacZ\xc0\xf0\x90B\x9cM-\x8b\x1f\x5cj])<\
\x89\x85\x87\x8fc/\x17\xca\x11\xc1<~\xd3\x91\xe5\x03\
>r\xe5()\xc4\xc8(\xf0\x22\xca\x8d\xd96-\x02\
\xd5\xc7\x08UV\x14\xb93Y6\x0dC\xbf\x03\x95>\
U\xcc\xc1\xf79x~S\xd8m$\x82\x1b\xb1%\x89\
\x98s\xe4\xb8=)\xde\x1c\xda\x86\xf0b\xec\xce3\x87\
\xc8[\xc6\x9e\xde\xcc,v\xe1S\xd4\xc8\xbf\xa7b)\
\xfd\xb0\xb8\xec\xb0]\xb8c\xe9X \x84_\xe0\xc7{\
r+\xeaO\xf6\xb9\x5c\x1e\x7f\xba7\x10vq-\xb8\
\xad,<\x9db\xdft=\xbdYnu\xc7\x0c\xdc\xc3\
\xa2\xa2\xd1\xc0\x83\x93\xd5R\x93{\x0c\xfa\xd8OX:\
)\xd8\xe9)JM\x96\x80\xa3\x1f\xbbf\x04\xeb\xf4T\
R{NB\xcd\xc9\xed\xd1d\x0e\xf7\x88\xd2\x98\xb7\xc7\
\xc9\x82&\xe3\xcd\xef\xe3\xb4\xa9Z\xcey\xe1-\xb9(\
\x8d\xc1\xfdp:2\xbc\xc9\x80\x92\xb0\x08\x87\xad\xc1\xae\
rr\xb6\xcf\x07zW\x10|\xde\x0c\x8a\xb8\xed&\xe9\
\xa4\x94[\xf9\x9d\xc9\xee\xdb,\x80\xe8^,\xa7R\x14\
@\xad\xa7\x04\xa89pG\x08\x13\xb3\x9b3\xc3\x9d\x95\
\xe4u\xfaR8\xd0\xd6\xb3\xa9Z\xab\x8bM\xabu\xb9\
\x9b\xb3\x1e\xfd\x949\x22\x9c\x99\x8d\x9f\x10g\xa2\x01\xee\
\x80\xa0\xd0\xdd\x01W\xa6_\x98\x0b`\xd9\xec\x80z\xf8\
\x83\xa1\x0f\xecl;\x05\x01(\x9beN\xa6\x87_\x1f\
~M\x95\x9c\xfcDO\x9f\xcb\xc9\x8aFn\xda\x1d\xac\
\xc4\x92\xac\x09\xbbZ4\xae\x1e\xad\xea\x8f\x07\xe3+v\
\xbc\x04\xc2\x8b\x9c\xf3\xdf\xf5\xac9\xdf3\x8f\xc3\x95\x99\
\x05\xc8\x1f\xb3\xcc#v\xcf!\xeb^J\x04S\xaa\x02\
i&%\xac\xf9\xd4\x0aH\xc9{\x9c\xc5!\x16\xc2\x82\
\x91\xec\xb4\x1a=\xb9~f\x01r\x01~\x0bo\xa4\xc5\
\xaaZ\xa1K$\x22.]h\x92\xd0Fu\xbe\x0d\x89\
,\x02Q\xe9\x9a\xa4l\xa2\xba\xaa\x89)\x18\xf9\x88\xda\
\xd2\xc2\x93\x9a\xe2\xf5\xaa\x94\xa3\x0e\xbf.\xa2\xb1\xe8\x9e\
\xd9*\xfce\xc3j\x9a\xb5b\xb3a6\xc4g\xf5\xbd\
\x5c\xa9\xce\xec\x8c\x80Z6J\xd4\xba(\x1b\x89\xbaV\
\xeb>9\x06\x90x\xefD\xdd\xc7i\xfa>\xd8&V\
\x8bM9\x85D\xf5\x14\x8bb\x93\xa3\x94(\xccjy\
\xd4\xfc\x8f@\xcd\x1f\x96\x9a\x1c\xe1D\xe4XB+<\
\xc76\x91\x90\xe2-\x00%\xea\x97#\xfc*\x98$\x8b\
\xf0y\x9a\x14D_\x0d\x93\xf5sD\xd5\x1b\xd6\xdc\xcb\
\xe5\x07\x1a\xd4\xfd8\x18\xbf+*\x08\xb9S\xcd\x8d\xa5\
7/6\xbcX\x9c\x89\xe2\xc3\xcb\xa1\x07\xd1y(\xc2\
\xe7'z\x11\x9d\xe1\x9c\x08\x0b\xeeLrg\xb0.\x82\
T\xaf\x8f\x08\x0b/\xe0\x07\xdc\x1d\x15\x8e\xae\xa5\xe8\x8f\
\x17\xdaK\xc5\xbd\xf0H\x18\xd1\xc6Q\xf7\xa6\xa6f\xb8\
=*\x86L\x89D\x04u\xe2\xfcR\x044z8\x9d\
\xe1\xe0\x86\x97\x8c\x19\xc4+\xb1\x1dD\x971\xdd\x09\xd0\
J\xde\x99N\x0e\x9f\x0bp\xa5\x07t\x88\x03\xc6\x9b\x9c\
\xee\xf5b3\xc2\x0b\xe2\xd1\xc7\xa9R\xb5\x90\xe9\x85\x01\
\x0f\xe9\x8a\x97s\xad\xf3v\x0f\xcf*\xa9\x94}U\xbd\
\x97\x1b\x9a\x0bx}\x93\x1d\xac5\xc4rJ*u\x8b\
\x99Po^\x07\x88P\xb67+\xbfiO\xfa\xb0\x05\
\xe5\x93<\xe9\xf3y}j\xa9\xd2\x1bM\xc2\x9d\xce\x96\
\xc9\x09}\xefI\xae\xe4l\xb5\xa0\xa8%\x7f^\xd8\xe8\
,@\x10\xb7\xa4\x8d{\x9b\xdd\xe1\xee,\x8ah\xa2\xc9\
\x17\x1d]\xb0\x0c\x94\x85\x12x\x1c@\x14P\x0a\x07\xa9\
y6\x0e`$\xe8\x97\xb0z\xb8\x8d\xde\x984\xc6B\
\x03\xd0Q)\x80\xb8Y\x86\x0e\xb8]~\xcc\xe2\xe1\xb6\
?-\xae\x11F\x92\xf4)\xc7uX\x01\x93b\xb7|\
\x121\x92E{\xba\x8f\xd3\x1fH\xf2\xaa\xe5X;x\
\xc5\xc59\x5cD\xf7C$\x05*\x17E\x8f\xf7q\x05\
\x92\xd3\xb1\xb3A\xae;\xa9>\x86>d\x9c\x22Z\xee\
\x03\x03R+\x8e>\x820a9#\x0b\xb3\xbcO\x86\
\xc9\xac\xec\x8b\x8e\xde\x93\xb22\xbc>5\xfa\x8a\x0dO\
\x81\xf3\x09\x87\x9b\xe2\xea2\xba\x8e\x16\x11\x84\xb6\xd8\x84\
K\xd5\x84\xc4\x95/\x0amL\xda\xc5\x93&\xfew\xb5\
\xd0\x16\xc9\xfa1?b#^\x14\xda\x98\x88\xdf\xe5\xf4\
%\xa7\xab\x15\x5c\x1f\x09\xfag;\x15\x08k\x1eV\xc4\
t\x02\xaeI\x81p\x86a_\x81\x9a\x87\xb8\xf1\x04\x83\
:\xc0\x99\xd9~\x0e\xdfL\xe4\x22\x19)\x9c\x9ctb\
\xe1O\x10\xb7O2\x01\x0d\xd96=\xceL\x165{\
\x02`k\xfb\x01\xf8\xc0\xf4\xbaS@\x1c:}N@\
\xd7>\xbf\x1a\xc6\xb0\xdd\x90\xc0\x98>\xee\x00}-\x02\
\xc2F\x1e%Z\xa92#+V\xba\x16\x01v\x9f\x8e\
\xc2F*\xb1\xb3b\xd5\xce_9Y\x89\xf1\xab0W\
b%\xe6J5\x8e4\xb1\x7f9#%\xb6)\x9d\xc9\
\x03\x14U\xdfH\xca\xe4\x01\x81\x01\x1b\xd1$\x9e\xdal\
\xd3\xf5\xa1\x9ac\x83\xa5\x0fC\xa3\xff[k\xfa\x04i\
\xce\xf1o\x97\xd5\x86\xfb\xe3\x83\x99\xc4\xe6\x9f\xa8#\xfa\
x}9`\xdc\xa9%\xdb\xd3\xf0\xc6h\x9a/\xec\xe9\
>\xa3\xc3\xf8\xc2\xfa\xc2K.<\xc7\x91%\xda\xa3\x07\
r\x1a>\xed\x0a(\x05]\xb9\x01\x1d\x13t\xc3\x87\xa3\
]Y\xa2\xe6|\xda\xe7\xcd\xceRGg\xfa\xa1\x04\x8c\
/R\xb0\x0b\xdf\x85\xdd/\xf1\x5c\xa4S\xdc\x04\x15\xfa\
%8\x82\x9b\x0e\x047\xcf\x88/y\xb50\x98\xf7\x8a\
Z\xd2\xf6\x03\x022I\xdb/E-i\xdb\xc0ci\
\x18\xcb\xf8\x22\xc6~\x93\xf1\xea\xfb1\xde\x11\xd7\xbef\
\xbf4\x0f\x882\x873++\xc3M\xec:G\xb2\xcf\
\xe9OW\xfbA\xdb=bC\x01\xec+p\xe1\xc9\x92\
:\xfd\x1f\xa74\x15pg\xba\xbc\xd9j\xf7\xbfrP\
~\x0eZ\xf8\x04\xcc\xca\x8aF\x16\x02fQ\x10*?\
(?\x80\x0d\x1f\x8bN]\x93\x92]YTPZ]\
\xe2\xcb!\xfbH\xe95\xb2`7\x0e\xec\x0b\x9a\xef\xa8\
\xa6\xec\xf5\x14\xcc\xa9\x84\x0b\xc5\xdeX\x09\x81\x14\x17\xec\
\xab\x0cU\x07\x12d\x14\xf8\x90Ws\x19\x1a\x97~+\
\xba\xbc\xbd\x18?\xa6\x92\xee\x8a\xf3.\xa6j\x90v\xd9\
\xd8Xs\x82\xcd\xc9\x8f\xd8\xed\xedMq\xa7\xbaY\x9c\
\xe3VGr\xfa@\x97X)\x92%\xe0\xe7d\xbc\xd8\
\x9c\xf3\x99\x12\xe6\xa2\xd9\xcd\x92\x88J?\x8f?\x8b\xc5\
\xcc\xc9\xce\xac@\xb6\x0fZ\xe5\xbcN\xa2eF\xd1\xa1\
\xfd\x14qZ\x1c\xf3\x14uh?.\x12\xdb=a\x00\
mM\xe5\xd2O\x19\xc4\xb2\xf4\xe3\x84\x1b-\x90U\x8b\
\xf2z6\xbc\x9e$\x93\xd16\x81Dvf\x92ZV\
\xd7W\x11\x11\x97\xd3\xa3\xe8ME\x9e\x14^$\x0f\xa5\
KM\xd0\x00xs\xb2\xcc\xd5\x96\xca\xb9\xdf\xe8\x11\xb6\
*\x03\x5c\x93\x89\x87\x0d,\x97\xac0A\xb6\x18 \xeb\
\xe6\xa6w\x10\xdeC/\xe2fX.K\xe5\xd4\x84\x03\
\xff+7\x19\x1e\x1b\xe0\x86\x99\x1f\xe4\xf5\xbc\xe8\x9a\xec\
p\xa6\x82np\xb8hF\x84\x03@\xba\xdc\xce\x91\x01\
\x19Gc1:<\x90\xb3p8 sg\xc6.\xf5\
\x8c*\x89)\x04\xbc\x84\x5ce\x9e\x1c/\xce)\xf4\xaa\
az9\xb8\x93N.I$YbA\x99\x07\x82\xe6\
\x1f\xe8\x0c\xb8<\xc9\x93\xd5\x137\x08\xdey\x81\xb3%\
H\xbe\x8a\x1b\x87.D1H[\x95\xc7\x069_\xf0\
\xb2\x8av\xa2;\x8d\x08@\xfa\xc2\xd8\x80>\xf1\xe0%\
\x82\xf9(r\xbd~\x90\xdb\xe3H\xec5@\xed\x19d\
\x97/\x89\xe3\xb0\x04\xbcd\xa9\xb8\x0f\xc4s\x95\x82E\
\x87\x0f\x8bK\xac\x85\xe0\xb74\xfcW\xde\xc8/Oi\
6\x1f\xe4\x05K\xdf\x95\xe0\xf2\xa5:\x5c\x9e\x14WJ\
s\xb0\x8f\xb2\xbc\xbe\x80#\xcd\xe5a-\xfeH\xcas\
\xec\x7f\xd1=\x0f\xe7|K\xe5\xd2PR8\xd8\x10\xa9\
\x93-\xc3v\x12Lt\xb0\xdf\xb2A\xf2\xb9=\xe1\xfb\
\xf9\xe8\xd3\xe8'\xce6,\x08\xd5\xd6\xbd\xaa\xef\x91\xa7\
\xd1\x9f\x9d\x11p\xa4\x08\xc6\xbe\xd0We\xf7\x96\x85\xed\
\xde$\xce#\x9e\xc2!\xdc\x00\x8e\xbc'c\x15\xe1\xa2\
\xc0\xd3N\xaa\xe9fU\x10\xdb\xf5$\xc1{\x9c\xac\x88\
\xf1\xc4\xabc\xd6\xc2\xb0\xfaJ\x875\xc9\xcd:\xcar\
\xdc\x81tP\x9a).a\xb6;\xf1\x8b\x91\xe9\x9c\xec\
Hb\xdd\xca\xc9\x5c\xac(^\x08j+\x87<'\xcc\
\x90Se\xa6\xbf8d~*\xca\x1b\xbcGp\x16\x88\
S\x90\x83\xe1\x11ec\x08\xc3\xec!\x19&\x01\x8cd\
\x98\xec\x90\x95c\xf5x\xf9\xe1\xe68\xfd\xe2&Q\x0e\
0)\xcc\x00I\xd6\x1fq\xfcep\xf9V\xd9\xd8\xa7\
\xc5g@\xc939\x131\xfbe\xc9\xfc $\x8fS\
4\xf3\xe3$\xddw\xfb\xc1xe\xa5\xb8/\xdb\xe3a\
S\xa6\x1c$~\x9a\x18\xf0f\x11\xe7G\xc079F\
\x8d\xe0\x07\xc9a\x87\xe8\x9b\x18\xc4!\x0a5\xbe\x91k\
\x16Q,\xf2\x11\xcad\xeewit)\xc0\x85\xc2\xdc\
jcF\xc47\x9c\x02\xc2\x22\x94\x0d[&\xc3'\x09\
0\x012`G\xc8\x990\xff\x9b]\x8a\x8fh\xecE\
\xeeR|x;\xb0\xe0_v\x890G6\x0e\xa3\x92\
\x05Wu\x0a\xcb*^\x12\xc5\xc1w\xb1\xf0]'\x89\
\xb1\xc8\xcej\xb6\xa0L\xc5=\x14\xc0^$?'\xdb\
\xfc\x98\x8d\xdc\xc0\xa2\xd9\x82r\x13YjT\x98\x01\x03\
weg\xb2|$\x8c\xb89\x96kq\xb1\xb1\x8d:\
a\x1b\xd3\xed\xc9f\x154\xde?\x81tX\xac\x14\xb7\
?\xe0s'e\xb3j\x91\xe2\x07\x97\xcf\x8f\x1f\x83M\
\x91\x17\xcc\x5c?\xfc.Z\xba\x9c\xfc]v|><\
/\x01\x99ue\xe7h\x04\xd2}\xde@\x80fh\xc9\
\xe9\xa8\x93z(+%\xda$\x1cu!\x91G\x9c,\
uR\x99r\xb0\x01\xc1\x8e$^!i\x86Ne\x8e\
pp\xe9\xe2\xe0\xa2\x8d\xa1\xd7\x17\x97\x16\xaeVRl\
\xa6\xa0H\x96\x97g\x0e\x99d\x11} <]\x9c\xf4\
\xcb\xe6{\x9f]V\x9a\xbf\xa4\xbc\x95Qv\xcf\xca\x91\
\xa1wl0\xc0z\x07\x9d\x82\xd0M\xb5\xe0\x13\x85\x9d\
\x9b\xd3\xb3n\x9c\xf5-\xb6\x1a#k5\xb4\xff\x95\xe0\
\xa6=\xa4\xff$i98wAp\xe6\xa6\xd0\xfe\xed\
\xf4n\xd5\xc4]\x8a\x8c\xe5``\x11\x10\x5c-La\
b9a%\xdb \xef\xc4\x08A%\x83\xcap\xd1\xd0\
\x0c\x16\x13\xff\x18\x8a\x17}\x13\xec\x83\xf1\xea\xf4\x1e\xe1\
I\x0a\x03\x9b@2:\xf1\xf6\x88\xa4\xebkc\xcaB\
\x9fM\x09\xce@zx\x05>\xb1\x9c\x16\x87\xc3\x92g\
\xd1\xd1\x05\xfc\x95O)U\xfe\xb5U\xc4\xde\xb6\x96\xf4\
\xb6\x93\xa2\xb7\xc3'gI\xe0\x86\x89\xcdF\xe5\x7fm\
%\x1fKk\xd5X\x1e\xfe\xff\x19\x0b\xfe+-\x95G\
\xf9l\x1b\xfc\xec\x10\x10\xe5\x04\xbe(\xff\xde\x16\xfe\x1e\
/\xfb\xa6\x1d~C\xa1\xd3U\xef\xb5\x97\xcc\xe7\xb4\xff\
\xc1|\x9a\x12\xc4\xd4\x22\xfe\xdb6\xd3LCr\x00\x1b\
\xf1\xbf\xb7\x9d\x16O~h7\xcd\xc4C\x0a\xfeo\xed\
\xa7\xa9m\xc2\xc1\x8fl{U\x1c\x5c\x9e\xd5U\x01\xa8\
\xb9\xb0E\xa8\x0cq\x18\x06\xbbr\x1c\xb40G\x15\xc9\
+j?\xae\x09\xbfF\xf5\xe5\xf6\x15^\xfc_\xf3\xcc\
\xb3\x8d\xfd[\x17n%U7D\x11b\xe4\x09\xc6\xab\
\xcd\xdf\xc1Bh\x82\x9e2\xd1\x04\x0d\xc3\x8b\x92\x0e\xbf\
\x89n\xf5\xc7\x06\xb3\xb1\x0aI\xceD\x93a\xee\xb4\xf4\
@Suho0\xc64th,\xb7\xbf\x88\x8eP\
\x1f\x8dq\xc0fd!\xb0\x88U\x1a\x0f\xf6:$\x08\
\x98\xb3\xbb\x00yp\x81\xec\x0c\x97c\xb2+\x10C\x9b\
\x22o\x98\xf8\xb0\x11H\xd2\xc3\xbe\x0d\xd5o\xa93\x99\
D\xf7\x87@GHQR{_\x07s\xa9\xba\xc4'\
\x9a\xc6\xb9\xa3=\x5c\xb0S\xe9\x0bWZ\x9e\x8fC\x13\
\xa9^\x9f+\xcd\x87\xcd`\xc1\xefM34c\xb8\xb6\
\xe8k\x1b\xfep\xcec\xd0\x86du\x85yU\xbb\xb3\
\x08})kGv!V\x01\xca\x84\x97#\xf8\x0c;\
H\x1du\x5cn\x80C\x92b\x5c~3\xb5\x883\xcf\
\xe1M\xc5!wW\xc4\xe6\x0c jYq/fc\
h\x86d\xb9<jN\xe0\x1e\x13\xe5\x0a\xe7\x18\xa3e\
`UbI`Q\xe3\x18\x18&\xcf\xaa\xa6\x84 \xbf\
+\xc8\xe9\x001\xa0b\xc5dX>w\x05\x02^5\
\x92\x0dK\x81;\xfe\xe7\xe4\x18\x96\xf3\xd4\xc9\xa4ZM\
\x19mG\x00D\x8b\xcb\xc1:\xed\xd4R\xae\x9a\xa4\xa1\
a\xe2\xb6\x15a;&5\x0c\xef\xc4H\xf3&\xcdO\
\x8f4o$I=\xcc\xbc\xf5\x90\x10\xe4\x13\xe328\
\x1b\x9f\xe0\xcdr\xe5\x8d\xd0\x5c=\xdc\x1c\x9b\x15\x97\x01\
V\xbd?\xa0\x16,\xea@\xa4\xba\xf5,,\xccy;\
\x8f\x96\xc0YMh'\xcb\x89\xe3U\xf4D\xcdX\x81\
\xb8\xe8h\x0dCZ\x11\xfa\xaf\xce6\x80\x1d\xafR\xfa\
\x94\xb8\x7f}U\x13\x11\xdc\xaf<\xd1\x08\xeeW\x16\xa8\
p\xc97\x22h\x1d\xc2&\xd2\xa8\xbd\xc8C\xb0\xedI\
\x92:#\xe6V\x0c\xc9\x0ede\x07\x22E\xf1\x04t\
$i\x94\xc5\x1fj\x0fl\x82T\xa4\x8a\x1e\xd8\x04\x22\
8\xd5\x9dLP\x88`\x96\xdf'`\x03\xdb'\x93\xf5\
\x158\x0a\xc0\xf6\x13\xb2\xdd>ZL)\xa1\x5c\xbe\xb0\
&Db\x07\x02'\xfd\xb2\xc4\x1dm\x82\xd3\xafN\xdb\
\xe9!>\xc9y\x14\x920\xcc\x0c\x84w\x09K\xd2o\
\x9b\xc8\x0e\xfd\xd5\xc3-\x80\xe1\x9f\x94\xe9\x0e\xc8\xfc\xc1\
8\xdd\xb6\x89\xfa\xa0_\x1dI\xeb\x91\xcc$;\xa6\x1c\
\xc9N\xe2\xe0\xb3(\x89Y\xe4I\x9f\x16\x8c\xb2\xa5\xd3\
\x02\x10U-\xb7\xf8\xed\xcf\x9f\xad\x93\x1f\x1e5\xb3\x1b\
\xdd\xeb\xcbdO\xb7\xa87:\xf5\xddrrV\xaaI\
(F\xc8XiN5\x05\xa4iO\xb4L\xb2j\x22\
\xf0&YM\xf4<\xb2\xd80\xc4\xb3a\xeb\xa5\x08Y\
\xc7\xd4T5I\x03\xd9Y)l\x0a1\xbd\x89jt\
SF6\xb1\xe1\x0eY5\x0fc\x06\x95?\xb1\xc2y\
\x86\xf0\x13[?,qu\xc6\x5cE)Ij\xf6\x5c\
\xb7\xb0\xd4\xa4s\x99\xf2\x08\xf9h\x0ei[djS\
\x22f\xa2\xb1\x03!\xee\xfbt\xd4\x92\xcf6\x0eg\x12\
%\xb8=\xc9\xe9-\xd9\xcc\xe30&\xd1x\xa0\x96\x81\
y\xcb\xcfeIy\x84\xb8 \x9f\xe6\xc0#P\xe2G\
o\x8e\x9f\x8a\xe1<5q\xa8#\x18\xb81\xf0\xd9\x0e\
\xe0\x19\xfb\x19\x83}\x91\xf1`\x8c\xe2\xff\x09}\x89M\
\xc8p9\xfd.\x07\xf4\x02\x00X\xbf\x04\x1c\xa6f\xfd\
\xe7\xcd\x1d\xae\x98\xb4\x18G\x5c\xc7V1q\xed:\xc4\
\xc4\xc5\xc4\xc5\xc6\xb7\x85\xffSvu\xd8\xff\xb0\xab\xcf\
B\xa7\xe2\xa1s\xcfS:\xd7\xb4\x9c\xce=\x1b\x1f\x1f\
\xf7<\xb5W\x1d\x22\xf4\xcaI\x01\xee\xbc\x19&j\xe8\
Z\xb2\xb6\x9d\x02rg-3\x95\x96\xf6\x94\xd3\x9c\x14\
q\xd3\xd2T\xfe\xdb\xd5k\xaf\xe8$\xc1\xea\xecD\xa5\
\xa4\x00\x1e\xf2?\xea\x22N\xf9\x17\xfdW\xeb%\xf1w\
\xd1\x9f-?\x08A\x92\x09\xbc\x18\xd1\xa6`\xb9\xe9\xc4\
hF:\xe1]\xa8c\x11t\x19\xfe\xc4~k\xee\x5c\
\x843#\xc3\x9b\x03\xbb\xd2\xe7\xf4\xa4\xa9W\xc4\x17a\
D\xca\x10\xdb\xff\xf6\x9e\xea(\x1b\x09\x1fm\xfbo7\
\x97\x18*\xcc\xe6\xf0r\x92p,\xc6#3\xbc\x92\xf0\
xr83\x8b\xed\xb18\xa6v\xb8\x8f\xade\x9b\x0b\
\x07\x05\xb3\x01E'\xb1\x87b<\xc4\x06Kr\x05r\
\xc0\xf4r\xc4\xe1\xce\xb6k\xdb\xb6u[\x9a\x98\x0d\xd7\
\xab\x7f\xd7\x07\x87\xac\x0f\x8f\xd04\x8b\x0fi9\x99\xfa\
\x04z&f\xac\xfc\xf9\x7f\x91\xaeV\x9d\xa3Xn\x8a\
\xda@U\x13\x01\xcew\x9e,(\x9cN\x98\x93R\xf0\
\xde\xe0q\xbc4\xd6\xc3{OD\xd5\xde\x98o>\xe0\
\xcb\xf6$\xb3\xea\xa7\x93\xc3\x95\xe2\xc6\x07\x17H\xd4\x86\
\xb5\xf0S\xd45\x1c\xe4\x9d\x09c4\x88&\x03\xd7\x8c\
\xd4jP\x9b\xad\x22M/^\xee\xf0\xee\xa7\x81\xf8L\
\x8c\xd4\xf9T\x13\xb7\xe0\xcd\xf6\xcb\x1cP\x03]\xa9j\
\xffS\x15\xdc\x90\x22y\x5c\xf4\xea%\x089\xe1\xf4\x1e\
\xaa\xb3\xce\x05\x0c\x11q\xa5k\x8a\x84\x09\xac\x88\x8f\x90\
\xb9Lk(\x12\xf1*\x22\xf1\xf8\x88@\x9a5t3\
$@:;#C\xed\x12\xe3\x1e\xa3\xb8J\x8d\xec\x0b\
T_i\x1d\xe1\xad\xf2\xd0~6[\xf5\x22l'\x1b\
\x0bt\x1e\xed\xa0Me\x96^9\xe7l\xc8\xc0\xfd2\
\x0b\x22\xdb\x9fN\x1f8\xa9\x95\xd4\x17O\xbdl\xe0\xfe\
tG_\x97/\xcc\xc0I\xe6e9\x03\xf7\xa7G\x18\
\xb8\x0d\x0d\xe5jc\xb8eg=\xf4C\xb3\x9d\xec!\
\x1c\xf5\xa0\x86\x11\xb3@\x1c\xd40@\xffj\xb3\x88{\
Lz|\x84}p\xb2\xdaA>\x8c;\x5c3\x11\x0f\
^|\xde0\xcc\x95\xec\x9d\xe8\xf2MV\xf7y\x18\xb5\
\x9e\x90~\x98+\x15\x80A\xba:\x1f\x82<\x9f-\xa9\
FC\xdcR^\xc1}\x22=\x8a*\x86\xad\xb3\xb1\x04\
pbW\x96\xc4\x9d\x1da\xbe\xe3\xa0\x0f\xd9\xb8:M\
\xc0\xcb\x9e[\xf2p\x07TqL:\xdb\xe3w\xa6\x12\
\x94\x15~\xbft\xc3\xbd\xe5=\x8c\xff\x93\x93\xba\x8ea\
.\xd6\xe3\xf8\xe8gs\xab\xe1\xa63\xb1\xc0\xe3}I\
R\x0b\xd8<\xcc\x95\xe9\x0d\xb0~#\xb5!\xdcMx\
w\xa2\xec\xc4\xb8\xfa\xa0\xad\xbc\xe3\xc2\xb1[i\xb73\
a\xdd\xe5\xd52\xb8~\xe33\xb6\xea\x84\xf7a\xe2i\
\x041\xe1}\x98\x8b\x96\xf6\xd8A\xfap\x18\xcc\xd7\x02\
u\x8d\x10\xac\xacE\x08K\xe0[\x8b\xaeac\x95\xfd\
9\x1fe@H;\xe6'\xc6\x8bS \xd2\x84\x8aO\
\x8f^M\xa4\xd10\x97?\xc0\xe6\x22\xb33\xe4\xf5\xb9\
\xd3\xd8\xe2M\xe5\xd6\x13i\x22\xf5\x96\xe2\x04T\xa2\xd7\
\xba\x87u\xbdW!NT\xc7`Pj\xdd\xc3\xf9\xdd\
[a\xb2$\x8d\xd7\xa3::\xed\x11b:4\x06\xad\
1\xcc\x15\xc8\xf6y\xf83\xd3\x1e6\x92C\xe7\xcc\xf8\
\x88\xadd\xa9T8\xad\xb5\xda\xf2\xd6\xb2x\xd5Mo\
\x910\x15\x91I\x01)S\x81D\x0a\xd0\xa4\xa2\xfc\x5c\
\x95f\x18\xe5L\x15+\xb8hi\x11\xfaa$aJ\
\xfd|\x22\x8e\x8c\xb8\xf02\x89\x0c\xa0Ot\xc2\xfe\xe8\
N\x096\xca\x9e\x97xOM\xdc\x1b\x14\xa7i3\xc9\
K\x8f\x8a\x1f\xabbr\xe5\x81\xc7\xbe\x12\xca\xfcR\xf1\
@\x91O/\xe7\xd9\xe3\xd1N\xdc7\xc4\xed\xb2\xab\xc7\
\xc2E6\xd5\x9ce\x99r\x8e\xdc\xd7\x92u\xc3\xcb\x9d\
\xd0U\x86\xddl\x84\xb4\xd7\xd1\x8b\x1a{\x13\x89D\xcc\
\xbd`\x89\xa4D\xf0\xa3$R\xa1\xe5HJD\xa4\xa2\
x`\xd91\x92\x1a\x08i\x12\x86\x9aT\x8c\xc8\xe5w\
\x15\x09M\x22.(\x82\xbcq\x18\xb2\x99\xdcA\x04\xe2\
ir\x8aPHB4\xd3\x15p\xa68\x03Nu\xf0\
Orr\xf3_\xf0\xd9c\xe4Lg\xb9\x9c\xd6JE\
\xdf\x8d7\x19\x8f\x8f\x22\x9e\xed\xe7\xdbp{\xdc,T\
\x0a\xdfJ3E+^I\x08!\xdcy\xba\xaa\x1cu\
/\x8e\x22\x84;SW\x09(\x0bg\xfa\x14P\xd3\x98\
\x88\x0f\xf5Q\x00f<~+C8Q!;\xb3\x8f\
S\x9ax\xb6W\x1d\x17\x16\x85b\x22\xd6\xb0\x0e\xee`\
\xbf\x03\xef\x02\xe1\x900\x8d\xe5\xa4-\xf2\xb1G\xb1f\
\x86\x12\xf2V\xe1\xe8\xb3\xe0\x1d\x17\xc7\xa0A\xe0^\x0a\
\xb2\xf4\x98\x99\x5c}\x85\x1fR}\xaeII\xf8\x8cS\
da\xc7\xd5U\xd1\x01\xa7\x0a\xa6\x90\xd1%\xc9*E\
\xa9\xab@\xd5\xe5\x9av\xf2x\x05\x06\x9cD\x0aCQ\
\xcb@M\xa7\xb4\x1b\x90\xa8LB\xbf\xb9\x0c\x9f6\x17\
\xce\x9e\xfb#p#\xe9o\x96\xc2x'\xa9m\xe4t\
\xba\xd4=\xf5\x94\xd0o,P\xd9\xbe6'\xc0\xb59\
{(\xdd/\xe3a\x18\x13\xc7\xc6\x00\xc7\x1c\xe9`\x9c\
\xc4\xa8\xebA*\xc7\xe5\xc1=\xf4\x08\xa7\xea\x95\xf3\x9b\
\x84y\x97\xc7H\xe2<\x8b\x87\xd9\x95s\xdd\x82\xef\xb3\
\xc7\xe1\xf5\xb0'\xe9\xf99Or\xb19\x09d\xde\xf1\
\x01\xf7G\x99yi\x82\xaa\x1c\x9eJ]}\xca>;\
\xf1:\xf0s-\x8d\xd0<j\xe1\x03~\xe6I\xba*\
\x07r\x89\x0f\x90\x1f\x8e\xd3\x87\xa7\x9c\xc4r\xca/\x88\
\x90\x88\xfbJ\x0ci\xa2G39'\x95\xd8\xaa%1\
\xdd\x05\x16up\xf9\xe9\xe2\x22U\xa5\xc0\x80\x84Ds\
\xccf\x93\xb9xZ\xa6\xbaj ~B\xccwO\x95\
\x1e\xde\x14\x16\x8f\xf7\x91\xb9\xb0G\x8d\xc4\xc7\xbd\xc2\xd4\
ye'\xdb\xda\xe2\xae\xdd\x9d1\xb3\xe4pQI\xd1\
VR\x83\x90\xfd\x15\x9fg,=\xfdZ0o9[\
\x12vO~h\xf1\xd6\xe0\xfa=\xc1c;\x83s\x8f\
\xa9\x03\xfd\x89Xq\xe5\xa8r{\xf8t'i\xcc\xa2\
Rb\xba7\x87O\xdea\x13\x9b\xd4A\x8b\x9a2\x82\
\xd9\x98+X\x1bMZ8\xd1J\xc8d{\x1c\x19\xde\
4Jj\x07\x97\xad'bD6\xb3M\x8d;\x13\xb1\
\x15\xe5\x95in]b&\xe0\xc9tu\xf8*\x11\xeb\
d\xdf\xbf\xd2\xaa\xd5\x12\x030\xc4r\x95j\xba\x8cx\
V\x98\x00d2^?~#\xf1\xe1=Z\xe6\xb7X\
u-\x0d\xe3xu\xc2E\x1b\xd2\xb1,I\xd82\xd9\
\x9b\xc1\xee\x0f6\x08(\xa6u\xe3:li\xd9>j\
JFcI\xb7y\x06\xcc\x94(\x14n \x12\xfc\xc2\
6\xca\x0a\x8aL\xac0\xd8\xd6\xd5\x86\xb1\x98\x1eL\x8b\
U\x9a\xf1\x11\x07zx\xb2\x19\xfd\xddr\xf0\xb5H/\
\x92sVzB\x83\x0fF\xf0%X]\xffn\xd1D\
\xe7,9\xae\xc1\x06!\xd8Z\xad\xae0\xcbA\xb3=\
Hg\xb2\x14\xd6\x8d\x81%\x98E1oF+_\xa1\
\xaf\x94D\x80\xc8\x8f\xd1\xf0\xefH\x8f\xdc\xc8\xb1Ss\
\xbei\xc9\xdab\xff;wv\x86\xfd\x0b9QC\x81\
W\xecN\x14$\x9fd'N\xf6\x07\x5c\x994h/\
\x15\x93\xeaC\x17\x92\x10)!\xe1\x10\x0e9\xf8\xd5\xce\
\xe2\xe1\x98\x83\xd3\xb8c\xea\xf2\x13{\xa6\xe1N_\x9a\
+@;\xb47\x16^\xa4\xa9*\x9f\xc4z&&\x8c\
\x93s{\xc9\x93A\xb3\xa8\xc1\xfaL\xee\xdc\x938\xb1\
-\x87\x8b\x0a\xca\x87\xcdj0{@\x13\xf3\xd9\xa1\xa2\
\x1f\x82=\x16\xac\x06\x08\xc3$\xfd\xf4\xe2\xf4\x19yJ\
\x9d[q\x80:\x1b[\xf3\xe2\xf1\x82$a\x8c\xfc\x99\
,q36\xc5}\xf3\xe6x\xb8t;7w\xd6:\
;#\x05\x9f\x17Ib{\xce\x9e\xac\xa2d\x12\x0c\x97\
\x1d\xca\xe1N\xb8\x88\xdb|89r\xc3\x9e8Q+\
^\xf9\xbb\xfd\xa8\xe7\x8bl\x1c\x85~\xf4SD\x0e\x05\
\x91\xf0\xa7\x82*\x0c/\xe7\xf4OuL*;B\xc1\
\x5c\xcbpov\xd8Z\xb9lO|\x5c\x1c9I8\
/M#Sa\xb8\xcf\x99\xfcb\x12{n\x9aN\xca\
\xc0'\xb1\x8b\x8a\x8f\xcd\xf0V>v\x80\xab\xe5\xe8\x91\
\xa1\xe1\x11\xc0\xfb=T\xec\xcc\xcb\x03Y]y\x092\
\x96\x87x=a\x02\xd3\xea\xa0\xa8\x98;\xe1\xe4\x94\x98\
\x8fC\x89~\x156\x147C\xff\x11\x89=\xb8\xf2\xcb\
\xa5g\xb7\x84\x96\xee\x0c.[*\xbd\xbf\xe0\xde\xa9\x8d\
\xa1\xb5\xdbJN\x9e\xe5J4\xe7\xbf\x1a\x9c\xb7\xde!\
\x94j\x08\xe6-\x22\xe0\x86r\xc3As\x98\x00\x8f$\
\xff\x98@M\xd19L7:\xab\x8d\xf0\xe0\xd4c\x80\
\x8d\xd8\x01\x1c\xb6\x84(\x8d\xb8\xe8\x13\x0fk\x95\x8b\xe4\
\xb1\x87;\x9c~\xeaJ\xa5\x9f\xc5\xc9k'\x87\xf5\xcb\
/YZWl\x0fF\xc2&\x15F.]\xda$L\
\xbb|xIhQ\xb4R%-\xb0\xa1&L^m\
\xa5\xd2\xc8\x8aYR\xeaZ\x22\x91\x9c\xb8\xf5\xc5&q\
\xfa\x94P<$\xbc\x07\xb7s9\x1d\x90:~\xc2\x87\
\x1a\xeb(\x1a&\x8e\xa0\xb0\xe1\xc7n\xe56*-\x1f\
\x13\xa9a\x87\xb2aR!&|\xd3\xb5p\xd3\xeer\
\x124m#<\xee\x08\xe9\x99u\x80\x88\x9f\xd3\x81^\
!\xdb<\x99\xbb^@\xec\x9d}\x04\x18\xe9>/\x9b\
b\x9e\x9c\xec\xf2\xfbiL\x15\x81\x0e\x0e\x10\xb3V\x86\
\xa4\x90\xbc\x82\xa2\xa3\x89?\xbb\xa9\xda\xc5;\x92\xbb^\
D\x8e\xc2\xf4#]>?\x05f\x19xg\xa1(L\
GR\xb6\x80\x0d\x8d\xc2\x1bL\xe5i\x1e\xe5\xf4\xd1<\
\xcd&x\x9e\xd4A\x91dw\x8e\xf2\xb9\xd5\xd9\x9d\x09\
\xe2\x93\x8f\xe0\xd6MR\x14\x05\xa7\x18\xd2\xe2AW\xdc\
\x9e\xca\xbb\x9b\xc4\x15\x0b\x17Mb5\xf6\x1a\xc3\xc9\xf7\
T\x89?\xaa\x09 \xef\x18\xb0\xb7X\xff\x88\xb8(\x95\
\xc6\x80\xdc\x0d\xad\x99_\x5ct\xd4\xd1\xa4Y\xcc\x14w\
VS5\xdb\x8d\x112\xdcX-.\xad\x14\xd5Ed\
\xbb1l\x86[?\x0f\xa9\x11\xd5E\xcdv\x22\x11\x92\
j,%\xd3Bd;LfHv\x80\xd0i\xa1\xd6\
\xc3\x22\x1d\xe2\x8b\x90\xd6\x97\xea\x22\xbdv\x06Sr{\
\xb8\xcaR]\x9a\xd2\xa6\x89'\xe5\xe5\xdcDRb-\
$\xc4*bb\xde\xec\x00G\xadES\xb5\xcbUZ\
\x8c^~v\xbe\xbc\x04\xc4\x1a\xa4\xfe<w\xdc=R\
\xe6aC|9\x08\x1b\x0aH\xc7\x12\x87\x18Q>.\
\x0dZY^\xa3RJvfV\xba\xcb\x09\xa6\x93\xcf\
5!\x9bVe\xa3\xa6\x8a\xe08\x9e\xa0h\xc7\xf3d\
\xc6\xb1d\xd4[E]\xbcDK-UR\x9dRP\
\x08\xfb\x0cD\x08&\x14\x11\xca\xf0\xa6\xa9\x9d\xc2\xe1G\
j\x0c;\xc0j\xe5\x5c\xe0av{\xb05G\xb3\xe1\
lX[y\xb8\xb0\x8b$\xde\x94\xe9\xf6d\x07\x5c\x94\
\xc0k\xa6x\xcaV\xb4\x902\xf19Y5\xf1,z\
\xf6{\x16=\xfb\xbd\x16^#/\xc6\x83\xe38_\xcb\
8UH\xc3\x96\x95\xee\xf5\xb8\xc6\xc1\xf4\x8d\xa3\x053\
*\xe1\xf0\xfdDLB\xf9\xaa\xd1\xef\x9c\xe8\xa2\xbee\
\xe3jCy\x15n3\xbd\x9f-\xd5\x99\xe2\xa7\xb5\xe2\
\xc2R\x91\xe5v\x9c\xb7&i\xc5\xe5s;3<\xd9\
\x99\xeaVdU\xad\xc4V\xb8\x02V\xea\xe7s\xe82\
=\x87.\xd3\x9b\xc3\xfeK\xe2\xb2\x11Sp\x5c;\xc2\
\xbd\x22\x22v\x9c\x9a\xe4\x03\x0by\x9aC~\xaf\x88:\
)Ty\x9b\x8f\xec>+\x95\xb7\xf7\x18w\x93\x91<\
\x19`\x1a5A\xc0\xc9\xc5\x13D\x0bX\x5c\x82\xae\x92\
{\xb588\xbdi\x0f@k\xf6f\xaf\xa9|\xb6\x00\
\xfek\xf0\xd8\xa1\xb2\x19\x0b\x8b\x8f\x9f\x0c\xad\xcc->\
\xbd\xa9dcAh\xdb|\xb5\x0bb*\xee\xb8\xd4\x95\
N6*{\x88u\x04\xf5\x82,\x02F\x14\xb9m\xc0\
_>.#\x13\xbf-t\xf8\xc9\xa9).\xe2?\x87\
\x0d7\xcd$\xb9\xe8j\xc3T>\xd1m\x1c\xe0!?\
\xfcU\x1d\xe0\x99*\x9b\xd6qx\xdd\xa6a\xb9-/\
RK\xa6Q\xc4\x99\xa2$\xaf=\x95(\xcdq\xee\x94\
i\xf7N-(\xd9U\x04\xb3U|jCi\xe1\xe6\
{\xa7\x16\xaaO\x04\x96\x17\x08\x11e;\x99\x11\xf6i\
\x89d\x9f\x9a\xe1LreL+\xdb4\xa3t\xd7L\
\x98\xff\xd0\xe2\xbdt\x06\xaa\x06\x14<\x02\x03\xf8T|\
h\x9a\xea\x99\xe6 \x17\x7f\xa9q\xb0\xf2N,\x93\xac\
\x82/\xbf@\xf2\x89#BQ\xecj]\xfe\xa6+\x13\
\xe9 ^\x10n\xaa@DR*{O\x15\x80\x0d\xfd\
\x16\xaep'1\x1f\x9f\xca\x02\x19\x98\xfd%\x84'#\
\xdd\x0d7\xfc_\x9e\x01w\xa0\x97\xb8\xe2\x05\xfclP\
\xce\x82\x8b%\x0c\x843\xd6%\x07\x8b\x82[\x16\xb3c\
\xe6\x12W\x1c/9J\x16\x1d\x0d\xcd\x98)|\xd7j\
\x9a:\xacC\xbbt\xe6%\xea\xd53r\xcb\xc0\xcfM\
\x98\xfc\x88:5\xac#\xdeJ\xf3\x92x1\x0dg,\
\xf8\x9b\x0b\xe7\xc0\xe9a\x9d\x0e\x94\x1e6\xc1\xe7Z\x9d\
\x9cK \x85:\x8dM%l\xc1\xb7\xdf\x04V+\xb4\
tAh\xf3l\xc94Q\xeau\xaa[$\xd1\x13\xb1\
\xa8\xa3U\xa0\x99\xee\xca\xa0\x14w\xa4\x9d\x86\xe2\x8db\
\x89\x85\x22\x1e}b\xcdS\xbf\xda\xf1\xfd\xef\xaa\x87T\
~\x84\xb2!\xad(4\xd5+M?\xbbUC\xa0/\
\xacb\x983[\xbd\xb8(\xaf\xb2D\x0e9lK[\
Q\xd5\xfaI\xdc1m\xf8v\x83\xb9\xdbB\x85\xab@\
\xe8\xf1\xed\x83\xc0c7a\xee\xea\xe2\xd3\xb9\xa0\x18J\
\xd6\x9f\x09.\x98\x07\x8fP\x1c/\x8f\xb2\xac6\xbe\xa1\
\xd2\xc2#\xa1uKibJN\x22\x9e\x92\x9f\xcf*\
\xbcX\xd42l\xb6\x99\xc0\x8f\xc0\x84\xc0\x90\xc1\x82%\
\xa1\x05\xcb\x1c\xb1-\xc3'\x9c=j\xab\xca9l\x19\
Vl4\xa6\xf6\x81\xefA\xcbp\xe2\xa2\x822\xb7Z\
\x04E\xc5\xc7\x17\x15\x1f\x9fQ||\x9f\x1a3\x8f\xe0\
J&\xcb}\x1a\x12\xb7%\xfb\xee\xa9m\xc4\x86\xa3E\
!r\xb0\x1ew\x91\x83Q\x22*\x85\xd7BE\xcbi\
\xe5P\xb0L\x97\xf6m1\xbdoc\x04\xa7\xb5\x98\xd6\
\x16>\xfc\x95\xc1\xdd7\xc7G\x0dy\x1f\xaa\xf227\
y\x0c\xf1\x09h=\xf4Z~\xd9\xfc\xf9e\x1b\xe7\x05\
\x0f\xcc\x0b\xad;S\xb2\xe3dp\xee\x9e\xb2\xd9{\x88\
\x9e\x0a\xad\xdd\x19<\xbbV\x1d1\x90\x0e\x9cs\xaaK\
\x07\xbf\x982\xf8\x86\xb0\xf3\xe4\xdew\xb1\xd4\xbd\x10\xbf\
\x95N\xfc\xe2\xd2\xd3\xa7\x83\xa7W\x07\x0f\xe6\xd1\x0a\xf1\
+IQ\xd7\x8e%A_\xbbjt\xbc%]\x980\
\xf7sv\xc5\xd9 ~\x89\x97J\xe9.\xce\xc6\xa3\xf1\
\xd2#\xd4b\xd8\x0dZ \x11f2\xd5e[\x0f\x97\
mW\xcd\xdaG\xb2\xb8\xa8\x13\x0f\x98\xc4\xc2\xdd\x5cu\
\xb8\x7f\x17+M\x15b\xe1|\xc6,_\xbc#E\x1e\
'\xc5'-\xfcB\xc8/G\xb8^\x95N\x97T\x18\
\xf4\x0bNq\xb1\xfc\x1b\x09\xb9\xb1R@\x94\x9ac\x8a\
\x8f/\x0d\xcd\xd8]:\xfb4\xc7{\xcb\x96\x84\xd6\x1e\
\x0d.+\x0c.b/e\x0d\x1db\xef##\x7f\x82\
\xef\xcbV\x9f\xbdwjcI\xd1\xca\xd0\xe6\xad\xa1\x05\
kH\xdd#\xe1\xaf\xb0}\x82'\x8e\x92/)\xb2\xd5\
\x84\xab\xd1\xe3(\x87\x943v\x96\xcd\xcf-[\xb5\xbe\
\xb4\xb0\x90\x96\xecNP\x84Wr=\xaa\xda\xb6\x05\x0e\
\xd9\x07c\x08.Y\xa3>s8U\x08\x8dz9\xdc\
)\x22Y>\x1b\x98\xd4\xf1{\x11\xa7\xbee\xc9n\xff\
-/\x8fYd\xf1\x18P,\x8e\xa9l\x820\xe8=\
'\x0e\x95\x82\xd8\xdcX|vs\xc9\xea\xf5\xc1\xb9G\
\x8b\x8b\xd6\x10\x14H\x87\xc5up\x15P\xe2\xe9\xa1\xd4\
\x00\x95\x0e\xb5(Xx\xaat\xc1>\xb5\xc7\xa8\x9c:\
\xa2\xd29/\x02\x94N'c@}\xb1\xcepI\x85\
HQY\xfe\xeb\xb4[\x1d\x84\xa8\x90\xe4\x14\xb4\xa5\xf8\
\xe4b\xd8\xe5\xa1\xd5\x07@k\xa8qZ\xefG\xa8F\
'\xad\xda\xa7\x8c\xc5\xd5\xe4\xc8\x17\xae*>\xb38\xb8\
lAiA>;\xf3\xb4\xd0\xdc\xc8\x7f\xdd\x98\x973\
\xaa\xd2\xb9b(|\x85b\xd9\xbbbV*\xb5+\x04\
]\x14\x9f`\x95\x09\xfc\xac.\x88\xfc(\x9dJ\xc12\
\x8b\x8fz>\xf2|\xb0\x95\xd5\xce@\xf3\x07\xa8\xf3Q\
\x0dW\x82M\xc6\xc6\x9d\x0b\x9b\x91\x98\xad\xa5+\xb7<\
T\x98\x1bZ\xbd \xb4e\x93\xf2\xe5\x97$/\xfbd\
\xe5\x08\xfc\x8a\x0a\xfb~\xdc\xcb8|\xbep\xb8\x90\x05\
\x22\xcf&\xca\xe6\xecVbi\xfa\xb1\x1c#\xbe\x09\xde\
s,\xadI#J\xab\xae\xd2.\x12c\x93\xab\xd9\xef\
w\xc4\xc5\xb1 \x0fW\x98#9D\xe4.\xc5`\xc1\
\x96\xd2\x85\x87Jg/\x09\xadW\x09\x98M*\x05\x22\
\xbf\xf5Z\x99\xd0\x22?t\xe9\xa2\x96\xcb\x11k0)\
\x05|\xe4\x93\x1c\xd9\x9cA\xcc{PD\xc7Z\xc7\xe2\
\xa2\xb9\xc0X\x9c\xdb\x83\x0cp\xd5\x9e\xd0\x82c i\
\xe1\x87\xd23+\x83sw\x06\x97\xcc\x0d.\xcb\x0d\x16\
\x9e\x08\x9e\x5cU\xb2a\x0e\xfb\xafZaV\x13\x0e\xdd\
\xf8\xb8k\xce\xe5-\x19\xa1%V\xcf/8\xaaV\xb5\
\xca\xf3\x0cd\x86\xfc\x9cc\x96\xb8\x97\x9d\x92\x05\xcc\xe6\
\x9c\xb6\xf2#]\x8f\x17\x17-\x85Q\x14\x17q` \
4s{pG.\xbd\xb7\x8b\xb88\x90\xbcv\xf7\xff\
\xee\x0a\xf1=\x7fT1\x1f\x0b\xfd\x0f-\x9c!\xc8\xf1\
`\xeeq\x006\xffb\x09\x86K.\xa3K\xc1\x9eC\
R\x9b\x9e\x94gM\x16\xa1\xe1\x7f\xd5\xbdz\xca\xee\xc1\
\xdc.8ZZ\xb8(\xb4f?\x1d@6\x91\xa1\x1a\
7\x87L\xb2\x05\x18+\xa4\x84K\xd0R\xd1N\x00\xa6\
\x00\x06C{\xf2\x83\xa7\xf2\x08VP+\xfb\xe1\xd8+\
\xf6\xa2\x0c\x06\x16\x15\x05\x17\x81\x90\xdc\x1f<;\x9b\x96\
\xc1\xe8\x92\xa5\x9f\xd0.M\xb1\x10\x17\x16qY\x94O\
\x82\xe6\xe9\xe4H\xd0\xf5pL$\x12\x11|=U\xa5\
D\x89\xa2\x0f-\xdeK\xbb>:\x1b\xf3)\x9f\xc9\x9b\
\x8d\xb9\x98\xcfB\x18\x0a\xbbL(7,\xa1}zS\
\xe9\x8c\xb9\xa1U\x85\xa1%3\x8bO.)):R\
\xb2m&\xed\xced)\xed&\x98\xcdx\xe0\xc3\xee\x1e\
I4\x8cP\x04\x13\x19\x805t\x95\xe2\x11<\xa4J\
\xcb\x98\x88\xb9UL\xcd\xe0\x93(\xc4s\xf0d\xb2\xd8\
\xea\xaei\xdc\x01\xa74N\xc8\xd0Si\xc3%n\x84\
K\xc1PR\x96\xa7u\x88Z\x22\x91H~\x07\xce\xcf\
 \x99\x19\x00K\xe7\xce,-8N\x16\x08lB\xd8\
\xa0\xa5\x07f\xb3\x05=9W\x0f\xd8\xb6k\xc8>\xe6\
\x926\xf0_I\xaa\x06\x05\xcc\x8eUxLy\xe8@\
\xc6\x93)\x88I\xa5{\x5c~\x18\x91W\x0c\xe9\x98\xce\
\x8b\xb8(\xff$\xd9\x8en\xc7i\xb1\x1d\xb9,K\xe5\
\xcf#\x8c\xc5\x22\xed\xbc\x03,\x02\xdf\xb1A\xf0\x88\x87\
\x16\xee.\xcd_B\xdc\xde\xca\xeef\x08alzN\
\xb3_\xc1\xf5I\x92\x82pb\x08\x97\xa8\xf2pfN\
\x16\x7f!\x94\xd0\xf9\xd6\x5c\xe7I\xd9W\x89\x95\x01x\
\xb2\xa4hy\xb0`\x03\xbb\x0cdI\xf0\xfe\xa1Lt\
\x154\x84\xeb\x91\x93+%$M\xfa\xb7\x90\x16JV\
\xbd\x1e:\xb8M\x8d\xfe\x95\x83\x96\x05\x17\xc2\x5c\x07Z\
~\xe2\xb7\x13O\xcfD\xc9\x16mA\xbaQ\x96\x7fT\
\xb4\xd7\xb7\xe5\xb1\x82n\xf1\x19X1\x18e\xa4h\x84\
\x81?\xb2!\xc1\xdcg7\x07\xf7\xaf\xa3e#\xf3g\
;\xc2U/\xb3\x90W\x8bO\xe7R.q\x97\x9e\x89\
\x8ad\xf1c\x12t\x8b\xbf\x9a\x84D\x16\xb7\xf9\x5c2\
\x14\x89_.\xdb\xce.,\xcd]\x11\xe0\xca\xc3;\xb1\
5\xfe\xa2L2\x9f\xdd\x0c\x22.\xb8jG\xd9\xbc\x15\
\xf4\xab4R1/\x8a\xa2G\xb9\x10vr\xf3O0\
o\x11h)\xd8\xe6J*Y \xd6\xd2\x85B\x1d\xf2\
\x85\x96\x9e\xa1\x91\xa7\xb7\xa4\xcaN^(*\xfe)\xf2\
\xd2dS*\xd9\xc8\xcd\x8a\xcf\x16\x84V\x9d\x08-\xd8\
\x17\xdcx\xe6\xee\x8c\x99dvK\xf6/,+ZW\
Z\xb0#\xd2\xaaI\xd3\x90\x07Q\x22\xafVbrs\
\xb7h\xfc\xdb$f\x0by;\xb8\xe3`\xe9\x91\x9d\xea\
\x84M\xf1e\xe9\xe8\x1d8d\xccW\x22\xe0\x05\x9a4\
\xad \x11\xcb\x0b\xb6n\xc2\x93\xb2C\x9c\xa2\x16j\xca\
5|0/xbu\xd9\xeaM\xc1\xd9y\xa0\x91p\
\xdeAb\xba;5\xf0$9\xb8IQN\xe3%\xbd\
\xe2\xe7>\x99rm\xb5\x12q\xf3\xc7\x0e\x9e\xa0\x9c\xf8\
\x90I@q\xd5\xb8>\xb2\xfa\xe3p\xd9\xda\xfdD\x94\
\x05\x17m\x05Q\xa6\x90]jV\x13;I0]8\
\x8f\x0d?\x04\xd1\x03!\xad\xea\x97&K}$\xf1\xc7\
,\xec'\x9b\xcc\xc9,\xa53\xb13\xd7i\x22v1\
\xec#b\x17\xb4\x1cqH\x80\xfc-\xdb\xbc\xbd\xf8\xf8\
R6\xd6\x81]\x8d\xac\x88\xa2\x02\xc4Z\x92aD\x10\
\x19|\x934\x91\xd1\x81\x92\xb0.\xaf\xc4\xed(\xa7\xf2\
w\x03\xae\xc2\xb6\xa4\xf86t\xd8\x11\xb1\x1ex\x0fJ\
\xab\xc9\x11.\xe9\x8d4\xbcz\xf2\xf67\x92\xf6\x09\xe7\
\xd2\x0d\xa6J\xb2\xd6\xe5\xa3\xb1D\xaa\x17^G\xf2b\
\xa4|}\x8b\xd4\xf9\xa6\xbe\xebB\x9db\xcfg\x1d\xa4\
\x08y@\xbc\x85\xcekF?\xce\xd8\xf2a\x1b],\
\x1cL@*\x1f\xab\xf5\x0b\xb5_r\xf03\xd2\xe4\xd9\
d\xae:\x91\x07\xbf!9f&\xedj\xe9\xd1\xb9\xa1\
\xb5GY\xd7\x181\x06\x8ar\x83ykK6./\
\xd9\xfc\x0a\xa9\xa7\x0e\x221xfn\xe8\xf8\xdc\x92e\
\xf3H\xc8!\x12K\xaa\xc4\x90j\x82\xb0`\xa1\xddt\
,\xb1\xfcE\xc5Klj\xf5a\x0e\xa5\xa3\x80\x96\xbe\
\x80\x0db\xb1\xd8\x0e!%\x18\x03\x11\xacr%qL\
J6\x10\x96\x10\xf5eGy=S\x92!\xe6\xa1:\
\xc6\xf1\x7f\xe6\x09\x91m\xa2\x7f\xe7\xaf\xa8\xc0ik\x1f\
\x0f\xfaEOEp\xee\x5c\x00}\x80\xb0\xd4U?\xe4\
\xc0\x5c\x09\xc0\xc5Lov\x5c\xea\x83nR].\x96\
\xc4\x90:\x91\xc5%\xee\x18\x9c\xbb@\x9a\xec\xc0:\xa0\
\xe6\xe5\x12\x1cNF$\x1chc\xad\x8b\xb3\x9bJ\xf6\
,\xa6\xe3s\xf6\x9e\xcfHF\xb7\x8eX\xdc4<%\
\xcf\xdb\x90\x16\xdca_\xa2\xacu3\xc5K-\xb9Y\
\xf2G U\x89\x90r\xb4t\xc0\x0f\xc5\xc7s)d\
u`\x80\xaaZ\x9fMY\xd3\xee\xdc8\x95\x1b\xc6B\
^\xa0\xb3B\x15\xe1\xb5\x0c\xee8B\x86\xfaU\x10\x1d\
%'w\xffw\xaf\x9e\xdc\x1d\x5c\xf0\xaazLCX\
G\xa9x\xdb(\xa0\x00\xb5\xa7\xa3;g.\x05\xa4c\
?\x5c|ri\xf9;\x9d\xbd\x87\xb3\xa7\x98\xfcB@\
\x86cp\x9f\x9e\xb4\xdb\xd3\xe5\xaf\xb2>\xd7\x16\xecQ\
l1\xc7\x8f{}\x94\xbb\x8f[\xfd~O\x09@\xa2\
\x83\x1d\x0by\x9f\x0eg\x1aR\xa4\x94\x87KXP\xef\
\x0c\x8eTp\x11\x98fE\xea\xdcri_D\x00\xc7\
\x9b\x92\x19r\xd3\x82\xbbp\xd2E1v\x1e\xe7\x9a\x01\
x\x96\xb7&ttAp\xc1\xc6`\xd1I\xba\xedQ\
_\xd1j\x16\xa7?\x9cXP\xa5\xc9\xaa0T\xe2\xe8\
bV,)\xc8\x07U\xa4\xae\xcf%%\x17\x0ei\x86\
\x9b\xea\xeaj8I\x9f\xf6\xc6\xaai\x97\x1e\x95s\xa8\
\xca2p\x13\x1fZ} \x94[\xa0^Ci\x9f\xc5\
s\x03\x11'\x818j\xe9\x93 \x9fS\x1e\xe5\xd2\x87\
\xcc\x93\xc3(\x93>\xd8\xfa\xaa\xc1\xf6\xe0\xd2\x12\x02\xaa\
\xa3\xb1\xdc@KWn.Y\xb8^\xedh\x1b.\xd4\
\x8c!\x19s\x11\xae\x99T\xf6\x90s\xe2ap\xf7(\
\xa5\xa6u$\xbc\xa7Ni\x18\x22\x89#ROb\x91\
\x17I\x04G\x9dd;\x88\xd3@R\x7f\x87.8o\
.\xc51\xd0P\xfa\xb0x)n\x98\x5c`\x0b!B\
\xbf$\xb7\x16\xbe\x1f\x92\x1c\x18\xcc\xc0n?\xda9\x05\
\x96Dh\xdb\xf1\x92\x85\x0bB\x9b^S\x8b9\xe9Y\
\x01!\xb7D\xa2\xbc\xe7\xadg!\xc0\x8cS\xea\xe8\x18\
\xed\x94\x01\x7f}\xa8\xf4\x86ReN\xab\xec|\xbaD\
>\xe0\x96BK\xe6\x07\x0b6HS[)Vv\x13\
Y\xdb\x11N\xbfK\xf8\x05S\x97\x9eXWK\x89G\
\xb9\x16\xd3\xc9\x05\xee\x95\xf9\xe5\xd5\x82\xf3O\x96\xadZ\
\xcf\x9e+\xc3!\xf70\x16~c.\x09$\xc0\x9d\xfa\
\xe3O\x8b\xb9\xb9*\x96\xaa\xe2$\xc1\x05\xf3C\xb9`\
\xfe\x9d\x0c.X[\x9a\xbf\xa7t\xf7\xbc\xe0\xc63\x8f\
F\xd5\xcd\xe5GG\xa4\xba\xf1Lh\xdb|:\xd5\x18\
*\xd5\xa9\xdcZ\x93h\xbcC\xfcM2\x15\x98zp\
\xc1\x81\xa9\x81tW\xa6k\x1a\x1b\x95\xde\xbe\x8ev\x1e\
\x97F\x9e\x96\xb4*\x92\xbc3c\x13\x97\xc0zg\xc6\
fZ\x91\x10\xda\xecr\xc5\x15\xb8\x0bm\xc5\xd2^|\
,W\xb9\xeb\xaa\x0a\xcd\x85\xf6\xecc\xa3'kN\x04\
\x97-Wg\x8f\xd1Z\xe3C\x04>\xc1\xe6z\xd4\xb6\
J^]\x13\xb6\xad^\x8a\xb6\x94uN\xc5\xb5\xe6u\
\xb4\x8a\xa7\xa4w2sm\xe2\xc5g]\xd3\x11xk\
\x0c>\xa5\xca\xfa\xf23$\xb5t\xc3\x9dC\x96\x02S\
\xb1\xfc\xb5\xe8\xa9%ni\xaeobx\x9e\xf4'\xb4\
\x7f\x07\xe9\x09ke`\xa8\x17\xda<\xbbl\xfd2z\
\x84\xa6\x8ebJ^\x94\xdf\x95+\xfa\x19\x09q.`\
px\xb5\x1a\xe5\x0e\x14\xa6J\x8e\xa4-\xd0\x1b\xd8\xd6\
tp\x1c#y\xcd'\xd4!\xf3K\xc2\xc9\xf4\x0c\xa6\
J\x1c\xd1\xbc\x5cXf\x92\xca\xa4F\xc1\x22iJ\x86\
\x16!@\xcf\xd0j\x22y5b\xcd\x0fe\x7f\xa4\xc5\
;\x22\x11\x8dXjDE4\x82\xb8m(!\xca\xbe\
\xce\x97\xc5!E\xac\xd2q`\xcd/]D\x96`\xd8\
E\xb4\x00\xba\xe1q\xa7\xd4E\x80A\xa6\x1arH\x1e\
\x961&\x0f5i\xde\xf2\xaa\x84\x18\xcb\xa4\x18k\xd2\
\xa1kM\x05m\xaa\xdf=\x12\xf6\xb5\xe0Dy.\x0b\
T:\x92me\xebw\xa8\xf3f$\x0f\xab\xbcP2\
\x97\xe3\x7f\x15\xa4~\x824+\x8dS\x93\x80\x1c\xeb\x8c\
\x5cu\x14\xe7\x92\xd1<\x91\xe1\xea\x7f\xea\xc8qk\xe5\
\xe3\x93\xe4\x8fCw\xc8\x89\xaal\x92\x01\x87O\xf9\x05\
dI\x9b|\x81\x17\xa9j\x0e\xe79\x94\xa7;\x8aE\
\xc7\xa4q\xc8v\xa4c8\x9f|E\xd9\xba\xad\xac{\
\xe0\xc0\xbc\xe0\xa6=<\xec\xdf\xc6\xe6Ub\x17\x17\xa8\
x\xe26\xa0D\xc0\xfa\xaa\x06\x22\xe6^H\xbd\x15\x01\
\x0e\xfc\x89\xe2\x93/\xca\x9c\xac\xb0\xceZp\x1d\xc3,\
G\xa4#\x98Pe\xf3s\xd9x\xe8\xa6}\xa5\x85E\
`N\xb1\x0b\x82e\xb9ZF*\xfbC_g\x0bi\
%\x5c\xc2\xdbp\xc1D\xe2kJ\xa7\x09ZMJ\x04\
\x1bG\xc1\x05\xf3J\x0e\x16\xa9\x03g\xdc=\xde\x12^\
\xc0\x93J\xbf\xa0[zv^\xb9y\xf0k\xf4\xcd3\
O\xe5d\xf1Kr]DE-\xad\xdc\xc1{\xcb\xf8\
\x03\x97~\x89V\xe1\xd7\x85\x5c0\xec\x97T4\x89\x14\
\x93\x95\xd4\x8e\x22AE\xf6\x88\xd3\xc2\x13e\xf3\xf3\xa4\
\xa1E\xd6\xc3\x7f<\x97\xd3\xc4\xc0w\x0bW\x06O\xcd\
('P\xf1\x1c\xcd\x89\x14\xb1n\x97_\x98\x05u\x8d\
\xabp'\xb8\x9a\x91^\xc3\xae\x0fmZH\x0eoq\
\x9d:\xbd\xa9\x9c\xd3Z\xe1.\xd0\xd1\x11'\xa2\xf2\xf1\
Y\xf2\x22\x1c\x91nF\xc0\xf5\xb4\xc3_\x0b\x10>s\
H\xac !V\x95\x10)IE\x00\xeebh\xdb\xa9\
\xe0\xa9\xbc\xd0\xdam\xa1\xd5\x0b\x88\x97\x9bS:\x9b\x16\
\xc27\x9c/\x14D\xc0\x92\x85\x8e\xde\x1eJ-\xcb\x81\
\xaa+\x81\xf8\xaet\xe2\xdcZ|H6\x89C\xa6/\
\xca\x5c\x9d\xbc\xfbK\x1e'\xaaG\x1af3zW\xaf\
/\xd9{R\x9atN\x17\xc1)`w\xa5\xa0\x17\x84\
\xfa\xf8\x01\xc9\xdd}\xe4JJr\x86%\x93;\x19N\
\xf6u\x06\x88\xa5N\x5cV\xa0\x83+[\xc7\xdf\xc7\xea\
\x12\x8a\x95\x097\xa3\x8bwd\x07s\x0f\x87\xd6\x1e-\
=0;\xb4\xfaHh\xff+\x80N\x82;v\x07\x0f\
\xe4\xb1\x955\x96\xee)\xcd]\xe6\x88\x8bsd\x05\xc8\
\x09+\x96\xad\xf6\xaf\x0d\xe6\x1d#Qd\x9c5\xbeN\
\x9d~%\x1f\x009\xc8\xea\xc5&\xa6S\x96\x9b\xff/\
\x06'\x81\x9c\x92\x0e\xb3q\x8c\x82\xd3d\x1e\xd9\x9eC\
\xdfp\xe7\xd5\x91\x22U\x9a\x9b\x84\xc3q~\x19\xbd\x82\
\x8723\xeeQB\x12\x98\x5c\xf9!\x89\x9a\xd4\x06\x94\
a\x09B\x8cJ\xa0\xe1\xa3\xf4PI\x8a\x1e\x9a\xb0\xe0\
R\x09$\xbbT\xeatY:+\xb8z\x9eZT\xf4\
\xe5d\xaa\xdcob\x09.\x9d\x17\xcc;TZp \
xZ\x85\xf3V\xe0C\x0c\xd9\x9c\xd3\xa9\x05\x8ec\xb9\
\x85\xfa\x05\xb4L\x10Q\x10x\xb9[*\xc4]\xe7\xe4\
\xa0\x1ao\xbb\xf9\x15yB\xd2H\x99O\x06\x14%\x82\
S\x12b\xc8[\x12\x9c_\xc4\xf9\xa4\x96\xe5\x96\xecf\
\xd3~`\xb3\x96\xac?\x1d\xdc1\x87\xac#\x9bN\x80\
\xfd\x9f\x91\xa4\xe8\xf6\x08\xa3\x0cW\xf8\xb2\xbc\xbe\xb3*\
\xad\x93\x90\xbcJ~\xf7\xe3\xf9\xc8\xe6\xee\x00\xf4H\x8a\
\x84\x8a%f\xd4m\xc9\xab\x01\x0e\x96\x8e\x1aP\x11\x19\
&kT\xaa\x86\xc9n\xfe\xbc\xc3\xc5gv\x83\xf0,\
[Q@4^i\xe1N>\x15\x8fV&\xb0\xba\xe4\
b#\x12\xff\xe0.7\x92\xf0K\xde\x92\xd0\x92\xf9%\
\xa7\xf6\x86VQ\xe0\xf80\x85m\xe6\xc3\xc1\x1b9n\
!\xb6\xd8\xee9\xc1\x05\xeb\xd5\xed+\x09pf\x95\xea\
u\xaa\xe9d\xc1\x0a\xdb\xa3\xa8sm\x84'\xc1x+\
>y\x92\x9e\xd4\xc8\xa7\xcc\xf0`$\x0bs\x01I\xd3\
M\xe3\x92{\xb3e\xd7\x10T\x07\x8ae\xc0Z\xcb\x96\
\x93CT\xc1E{B\x0b\x17\x07\x17\x9d\xa5\xd5\xe1\x0d\
\xd7\x00_\xe8\xebQ\x1aY\x1c\xa9\x916\x11\x1a\xf1\x09\
7\xc4\x96\xdf\x0cp\xcb\x7f;\x96\x0c\xee&\x90Gh\
\xe4\xd8\xaeH\x8d\xd4\x924B\x8a\x9e\xb2\xd84\x99\xdc\
`'e\x02L\xee\xc4\xd9\xd0\x8a\xfd\x91H\xa8\xaa\xce\
IlfL\x82\xdd\x1b\xab\x0a\xe8\x8e\xe6f\x91\x08\x09\
\xc7\x9dY^\x93\x9c\xf7V\x93eO7\xa7\xb8\xa6\xd1\
K\x1c{\xa4\xf5a\x94\xe3\x03\xe5Hq\x227\x94\xbc\
\xe8\x97\x9cq\xa3\xcf<?\xce\x08s^A\xd6\x13\xa7\
L\x93\xe1\x97I\xed.z\x91b\x8f\xecN\x06e\xe4\
[\xe9\x8c\x0e\xbf\xa4uHS\x04\xfd\xb1),\xbcO\
\x9a\xbe\xc8\xac\x07B\x88\x8aIt\x1f\x96\x82\xb4\x88\x94\
4\x84&\xa6tL\xa5\xe0t\xae\xa8\x80\xc4}\x87\x89\
\x92\xac\x0c\xc7T\xa1\xd4,[@@-\xbfz\x95\x13\
/\xb6p\xf18j\x00z\x0a\x8e\x1a\x89\xfaOj8\
\xa9}}\xe4\xc4\x1b\x1f\xaa\xe2s\xa4\xfe\xa7FTG\
\xb5&!\x06\x8a\x90#\xf5\xa8\xe6S\x92j\xda\xc5D\
Y9f'\xfe\x07b\xa4\xab\x0dDe\xf1RZ\xa6\
_\x1c\xd7\xebM\xaf\x85^\xcb\x07\xf4NB8\xa1\xad\
;K\x0b\xb7\x13\xd3\x0f\xfaH\x12\xf2\xc3\xc4\x0a\xaa+\
z+\xf4I\xb9t\xa5K\x8f\xc1\x0f\xca\xd7_P\x9c\
 \x09p\xf9\x98\xd2h\xa2rh\xf2\x945e\xf2\xb3\
4\x81\xc7\xc1\xdd\xee\x84u\x86\xc4_\x94\xb7\x8f$Y\
\x11\xf7$\x19(1VHvO\xc9>\xc0\xfd\xaf\xa8\
%\xa4p\x19\x8d\x04\xd0p\xd3,U\x9b\x85\xf4#\x0c\
cT\xb5\xa2\xa5\x8c\xaa\xb4\x87\xff\xbb\xc4\xe1fl\xeb\
\x9b\xc2&\x0eG\xc2sK\x14\xdd\xcb\xe4\x92W\xdd\xdc\
yoe\x17cp-uy\xd6\x9dbwPr\x10\
\xdd\xdc\x91$\xe5\xa5%\x0a\xda\xd2}U\x18\xdc\xb1\x01\
\xfa~w\xc6,E\xbe\x1ewv\xa3hwI\xd1~\
.3|\xe9V2h\xeaqQ\xf5]B\xecb\xd1\
\x13h(\x17\x9ap~\xdfL\x95)\x80\x0f\x13\xd3\x03\
\xa9\xf5\xa9dx{B\xee~\xe0\x09\xed_\x17\x9c\xb5\
\x87\x96u+*-\x01\x9fHe\xf8a\xca\xd1\xecJ\
\x8aJ\xa0-$5\xc3\xcc\xe4\x8c\xe1\xbdS\x1bZ\xb4\
\xa0\xbb\xd3\xa4\x15D\xc5C\x83\xd2\xfa\xa1\x15\x05\x1aS\
\x03l%Qu\x01\xd1\xae\x1c\x93\xa8\xe3\x95\xea\x03\xcf\
\x91\xf2\x13+\x93\x93\xc4d\xf1\xc3\x08\xa3\x19\xdc\x01_\
7\x06\x18\xe4xa\x06v\x17(k|\xf2e\xa4=\
2\xfb6Ba#\xca\x9e\xa4\x1c-\x94xD\x97-\
e\x8b\x07\x15l\x08m\xda*\xb8m\xc9\xe1\x11\xa9\x9a\
\xa6;3\x8f\xa2\x1e\x94c\x8b|\x09r/\xc6*\xa2\
\xdf\xcc'\xf0\x94X-@\x9e\xac\xc9n\xd5g\xf0{\
|Z\x0c\xa1\xe5\x95]\xfb\xed\x16L+\xe2F\x95\x1e\
\x0c\x97&b:$\x85\xb8\xa5\xc5 \xc4M\x9bLF\
_\xfa\xfa\x9c\xd0\xc9elF&H\xa4\x193\x82\xf3\
O\xc2\xb6\x14\xfc\xd3\xecQ\xa1\xf9\xb901D+\xb2\
!\x0b\xec\x9a\x15\xf5\xce\x0e|.\x11\xefy\x92I\x01\
3G2\x8d)\xdb\xbb?\xf6\xd2I\xbd\x03\xdd\x81\x1b\
\x06(\xaa\xf9\xa9\x03\x80\x91\x22\x0b\x0e@\xde\xb2\xe3o\
\x05\x0bK_\x99\xeb\xe8\x9e0\xc0A\x8fli\xd8\xeb\
\x90$\xd9]\xcbv\xd1sM\xf9\xf3q\xdd\x852\xdb\
\xf2k\xd3\xec\x9c\xce\xed\xce\x96\xce\xa6\x5c\x9f\xc6\x06\xdf\
\x9c\xdc\xfd\x89\xe9\x14O\x0a~\x9b\xeeI\x19\xf3H\xe5\
\xd8I\xf1\x80,\xc9EvbZU\xba\xa4h\x01\x11\
\xdf\x93\xf1\x1e\x96:\x02q\x07\x84\x13:\xa1m\xc7\xd8\
\xdc\xf0\x8dg\xd8\xc0\xc0\x82y\xa1-\xcbhw\xfc\x88\
\xbd\x0a\x8f\x8be\xd3%\xb8\x10\xfaq\xcfyd)\xde\
\xb8\x0f\x12d\xcc\xcd\xa5\x03\xcc~G?O\xc0\xe5\x09\
\xa8\xe7f\x98\xbc&\xbf\xe0\xf3\xe2\xc1%\x7f\xe7\x85<\
\xa8CO\xc3\x17!\x98T\xa1\xb5&\xfd\xe2\xab#,\
e\xdd\xb7X\xa6\x09\x89L\x9c\xdb\x94Ut\xeb\xcb\xe6\
\xd3\x228\x16\xec\x1bV\xe7\x1a/+\xa4f:\xf6\x96\
U^U\xa6\x08\xe2\x97\xe8)\x82\xf2\x17\xd9\xa3\xa6\x09\
\xa8%[#SrT\x84\xbc>\xbcgB\xcb~\x09\
jp(\xa7@K1$\xef\xd3R\x0c\xeb+\xde\x8e\
\x9c\x1f\x88\xe9\xd0\xf3\x03\x9b(\x08=\x8ac\x93\x90+\
\xd7\xb1YE\xd5G\xe5F\x0c\x9bi]'r\xaf\x94\
D\xe8\xce\xcc\x86\x0a\x22\xe5%\xf3\x11R\xd4d>\x87\
\x82T\xa4T9L\x86\x9e*7ZA\xe6\xff\x22\xef\
\x9b4\xff\xe8y\xdf\xbd\xc2\xf4I\xd9r\xb8\x10?+\
azI,[I\xfb\xac1\xc7\xc7\xfb\x1d\xfdz\xa9\
\xf9c\x149\x94&\x9c\xb0\x93\x1e`6\x92\xa3ie\
\xabf\xaa\xd3v\x9e\xc6\xf80\x0b\xeb\xe5d!\xb8\xc1\
9\xe9$\xb1\xd8H\x89y\x95@\xe4\x06Oo\x0f\x1d\
?\x14\xda\xba\x92\x9e\x9e\xc7\x0e\x8d\xcf\xca\xc9\x8eX7\
\xc7\xcee\xe2\xf0\xf1\x5c\x9aoA}'\x8a\x8eH}\
\xb5\xdd'\xde\x83R\xde\xd5\x8e)\xdc\x8dal\xa7\xd4\
(L\xf4J8U\xdaA^%\xb5\x1d\x88T\xe9\x89\
q\x22v\x89\x0b\x1f\xbe!bW\xaa\xeeK\x0bw\x85\
f\xcfU\xdf\x9a=R\xb8\x08\xa9\xfc[))\xcb\xf3\
\x7f8\x84\xad;K6-\x96%BP\x17\xbd\x97d\
\xf6\x03\x92\xf2\xfeY8r\xe5\x96\xa5E\xc9\x8f[\xd3\
\xd2\x5c\xeb\xb0\xf8\x0cg\xb7\xb2n]<\x8b\xa5\xbbw\
\x85\x96\x1f\xa7\x9f>\xec\x8a\x86\x08\xb031\xcc\x01H\
e.\x16\xdd\x8c\xe7\x13\x1f\x8a\x8f\x17\x11\x8b\x9dC\x92\
\xf8H$\x9b\xe1\xb8e\x13\xa5\xd0L\x82\xa4\xfdp\x82\
`\x04\x00\x81\x81\xff\x1a.6\x82\x1e)\xb2P\xb8\xf0\
\x81\x00BF\x0c\x1bH\xab\xe0\xe2\x91\xe5\x87\xf0@\x9c\
\x0f\x17\xfe\xbb^4T\xf7\x82\xb4\x0fp\x22T\xf0:\
\xdd;:L!!\xd5\x07\xe6\xbb\x03\xd7\xf4\xa0\xf0\x83\
:\x95V\x19{\xa8\xcbv\x08g\xcc\x92\xfc-N\x09\
\xe1S\xf1\x0e\xe8\x83Z\x83\xa8\x17\x88\xb4>\x10\xf7\x90\
/\x0f\xff\x82\xe0\xaaH'%\x86\x04\xc6\x99\xcc\xd9H\
\xf2\x9b\xd6|\x92\x93\xa2\xd0\xa3\xd7\xf3Jw/\x08\xae\
\xdf\xc3\xee\x1b\xbcJ\x0e\xd2\x07GY\xfe\x89\x92\x8d\x05\
\xf4*E\x16|z\x9c\xcbb\x90\x089\x9c\x7f\xa0\xc6\
\xfa\xca\xd2\x9e^\xca\xcb\x95\xb8\xca\xb3\x11\xaayV\x97\
 _\xa9\xc0\x90\xe2\x1f\xd6\xc4ZEd\x83\xda4\x12\
'\x94\xbf\x1a\xce\xc7\xd5hvrW\x19x\x14\xf7\xa0\
J\xa7\x97v\x0bj\x1d\xeceb'\x0a\xfe\x1f\xa4\x0f\
\x99Br\x13\x18\x88$5N\xe9+\x14\xde\xe6+g\
\x93f\x03\xdcQ@i\x15/{p\xdb\xbc\xe0\xd9W\
K\xe6\xee.[{\xa4l\xc3*%\xb5TU\x96\x85\
TrM\x148\x81$\x01\xe1\x0c\x0a\xf8\xa6=j\xc5\
\xf1J6\x8e\x93\xf1vl\x1b\xd4\x1a\xfe\x12\xcb\xf9\x0e\
\x85\xb2\xd5\x12\xcc\xde\x82\xdc\xb5\xc1\xa6\x0c\xac>\x82+\
Qml\xdf\xca\x11<\x90\x87\x8b\x94\x9dt\xb4i\xdd\
*\xd6\x01\x86M\xd9\x8a\xad\x14\xb4\xde\x0d{\xb7\x93\xb1\
J\x95W\x80R\x5c\xea\x80O<\x8bW\x22p\xd5t\
$'\x9c\xab\x07_9\x10Z\xb7\x94$\x9c\xe2j\x1b\
\xac.\xa6\x1ch\xb6\x09\x0e\x04E\xf5BR+G\x1d\
\xb2\x91=\xfe\x88\x10\x19\x93*\x1f\x22;\xca#.a\
bR\xc9\x87\x8atk\x0ad\xf8J@j\xa6\xe4\x08\
\x10\x8eT\x12X\x87\xfd\x9b\xe4\xc2\x10>\xf1\x918\xa3\
r8\xf7\xb3_\x06O\xfd\xd8\xd7\xe7\xe6\x8c;\xb2@\
1\x5cY4y\xe2\x95\xd4X\xf4\x09\xe6\xf3D\xe1\x16\
\x03/\x17W\x90\x97p\x8f\xe1\xde\x13\xd9\xec\xe9\xe0\x8e\
\x0d\xc5\xc7\xf7\xb1\xbe\x8eU\x05\xc1\xfdkq2\xdd\xbc\
`\xde1\x96\xb56\xac\x02\xaec\xf7\xd7q\xfe\xc8\x0b\
)\xaa\xb0\xe0\x80C\xa8\xfe\x1e\x93\xe1M\xa30\xe0;\
\x94\x91\xcbq\x0aW\xd3\xfc\x11g@z]'?\xe2\
d\xecLr\xcb\xc6,\x9e\xcd\x96\xde\x9c'/\x85\xf0\
\xa8\xd5\x07\xc5Y\x1a@f\x89\x83h\xc7\x0a\x83g\xe6\
\xa8'\x8a\x98\xd7\xe4\x94\x03\xebk\xc2u\x8b\xd8\xf4u\
\x8c\x0a\x08\x83Pf\xea\x0ce\xa6\x884\xe4\xef\xe7p\
=\xe2\x1c\x89y\xc3b`\x82/\xc8'\xa7H\x1cT\
>\xeeiq>HBA\x06Ws\xd2\xc3\x9d\xf7'\
\x91\xab\x14j\xbf\xc49\x1a\xca\xcd\xd1\xd9\x8d%{\x16\
S\xd8\x885\x9a^\x0d\xee_F\x1e\xc0\xe7\xa7\xd9T\
R\xb6\x90\x1f\xf9f\xd5\x19V+\xbd\xf6Z\xf1\xf1\x19\
 \xe5\xa9.\x88>\x94\xda\x0f:z\xd5\x87*\x5c\xed\
i/WB\x99\xb5j\xa4g\x90\xf6\xaf->\xbdR\
\xbd\xe1\x87K\xea\xd4\x85s\x99cgyhFQ\xd9\
|Je\x91~\xe5$\x1caw^\xb8C\xd4\x03\x05\
U2\x10w\x1cg\x95J\x1c\x1f\x05[`\xde\x1c\x03\
\xbdi\xc9\xce\x80:y\x9b\xfa6v\xc0\x87\xbf\xcf\xa2\
\xba\x8c\xa6\xa3E\xd8\xeb,bU\xe7\xda\xc4#\xf3\xf2\
\xb4\xe2l\x05\xf2\xa9\xcaZ\xca\xaa\x92o\xea\x02\x0b\xd4\
\x13\xe4\xff\xa2\x9d\xc7\x15\xed\x94\xec\x9a\x19\xd6\x11\xd2W\
\xf0\xba\xf1\xc8\x80\xe4\xef\xd3J\x9a*\xb5\x12\xbd\xe8{\
mh\x9dh\x11R\xf9\x9d\x0b\x1a\xb0\xf7q\xf8'\xfb\
i\xde\xb4I*\xd4\xaa\x0b\x16\x9e\x0a\xce?\xa9\xe6\x0b\
\xc9\xc3\x94\x1cH\x0by-\x5cu\xdd\xc1\x11\xeah\xea\
\xe8\x154[)\xe2r\xd2:\xa3\xd2\xe4aZ\xb6W\
m\xd8\xd4|\x15Q\x10\x98\xe5\xe4\xc5\x8e\xa5\x5c\xb4.\
_h\x12J!\x0eu\xa9\xbd$j@1\x80\xab\xba\
\x80Xb\xc5\x1e\x98\xc71\xc7\xfe\x8d\xb0Hl\xa6\xaa\
\xbch\x08W\xbd\xe6\xf8Ib\xad\xd0\x9d\xed\x9d%\xdd\
\x0d\x8bWdSDK\xd5n\xc8VG\xc6\xbc\x22M\
_\x17:@O\xe1\x1e\x8bc\x89I\xc2\x0dN\xe5\xd8\
f\x02\x1c\xf5\x96c:e*J\xb5\x89\x9d\xe3*\x09\
\xcf\xcfe\xdd\xc7\x0b\x0e\x10{\x8a\x14\xccS_\xf7\xd0\
=R\x8dh\xd9\x11\x85$\xae+\xe9\x8aJ\xcf\x8f\xff\
\x8b\x9a\xd1\xbd@\x15H\x8f\xee\x90\xb9\xe6\xebIe\xc8\
\x0e\xf9\x94\x7f}S\x1d\xb6eX\xf2M\xb2\xd3>0\
dz\xa8\xac?\xb5q%\xba\xa17\xcf\x07\xb0\x08\xe0\
\xf7\xc9\xba@ZSt\xa1d\xd5\xeb\xa5s\x96\xd3\xcf\
SHs\x18\xd4\x99\x08\xbc\xb4\x92\x96\x87Q\xe5:\xc8\
:\xc0e\x22\xac**\xdb\xbc\x9dd+\xb0\xcbN\xdd\
\x08m\xd8\xa8\x13&\xa5\x0e5\xd3\xcaU\xc8C\x95\xb0\
\xd4\x1bB\x9b\xf6\xc1\x08K\x96\x1e\x10\xe2\xe1\xf4\xd9\x1e\
\xc3\xb5\x14\x96*\xc6>\xb4\x0b\x18\xe5+B\xc4\xba\x8f\
z\xfc\xe6\x09i\x7f\x84:\x18l\x8a;\x8e\x9e\xe2\x93\
\x80\xb4\xf39\x8d\xc3\xf4-\x9c\xb5Q\x89\xb4\x13\xe9r\
\x11Z\xca\x80.x\xe0`I\xd1>\xf5\xa3\xdc\xb5\xcc\
\x92\xd2\xc5\xc6\xe0\x81\x93\xc1\xc2\xe3\x94\xba\xc5\x16\xa9\xe7\
KB\x9azF\xbc\x96\xccMF\x06\xe8\xe1\xac]i\
\x1a\x02\xa9\x1eT8/xr\x97\xda\xc7\x94\x18\xb92\
\x91`\x0c\xb3\x1b\xd6'Is\x91\xd5U\x92 \x15I\
\xa9\x22\xb6\x94?\x9f\x95\xa16\xfe\x12#W\xf9R\xf6\
\x9f^^'U\xa8\xbcW^\xd1\xb0\xe6\x82U\xe7W\
\x5c\xf8+$\xf9I\xdc\x9a|\x95\xc5,\x05\xael-\
\xed\xcc]>1\x91\xbd/\x1c\xa7\x02\xb2\x9e\xc7eK\
06f\xa3\xd1\xf4\x0c\x92\x94\xf2\x86\x8e\xfb*\xdf\x17\
\xe5\xf5\x9cO[\x08`:\x19\xb2\xe30\xf2\x1es\x02\
\x9b$T\x1e_J\xfa\x1dZ\xba\x9bRZ\xca\xc1A\
\x1a\xbe\xc9c\x5c\xbe\x87\x1b+|i\x9af\xc5\xe0\xc1\
\xd5\xac\xa3\x8c\xbd$)\xe0\x0ed\xb8(W\x0d\xc9i\
ye\xf1\xd1\xff\xd7\xdb\xb7=Wy\x5c\xf9*\xe7L\
Q\x0e\xa5c\xfbhl\x0e\x01\x0e\xb5M(\xc0\x94\xc0\
\xe4R\x9e\x04\x5c\x8e\x8d\x89/\xf1\x0d\x83I2)O\
\xc6\x1bi\x03\x8au\x8b\xf6\x16\x043L\x89\x8b@\x80\
@\x82\x00\xe6\x22\x0c\x22\xdcl\x83\x00\x1b\x83.\x80^\
\xe6O8\x8f\xe7)\xd1\xde[z\xf2\xeby<_\xaf\
\xb5\xba{u\xf7\xeaooa'5US\x8e\xd8_\
w\x7f\xfd\xf5e]~\xeb\xf7\xcb\xc2\x8d\x9c\xab\xc0'\
>\x1b{I6z\xe9\xf8\xdd\xc9\xaf\xefE)\xca\xd7\
V\xd9\x99\x8d\xa9\xf2\xd9\xb6\xa4m&\xb9\xc0\xce w\
\x08\xa5\x1b\x97\xe8B8\xb3w\xf2\xe6\x95\xf2\xd8>9\
\xb0>\xdb\xd3\x8b\xd7{\x8c\xdb\x87\xd0\xb2\x5c8\xc0\x1f\
\xe7l\xab\xc1\xe3\xc9\xa1\x95\xb8eR\x9e\x93\xcf\x07\xf2\
}\xa3}\xd1\x10I\x9bRsg\xca\xe7/W\xfa\x96\
\x05\xa3Z!7\x8bvD\xd61`\x9e\xe0\x1d\x94.\
\xf4\x85I\xd0\xdf\xc0\x14}\xe4T\xcc\x84\x00\xfe'\x8a\
\xf7.'{\xac\xd8;\x8a \x91t\xdd\x0a\xc2U\xb3\
\x83\x15\xe0\xd3aa\xeaz\x16\xa7q\x18b2\xf3|\
/-\xf3\xbf\x1d\xbf?T\xaf\xd1\x06\xe7r\xc6\x9bw\
\xefK\xce^\xa9h\x01\xc8\xa3\xfbk\xd79\xe5r\x83\
\x1fnumT\xf0\x87h\x9ev\x87pc\xd7'k\
d\xd7Lr\x00\x8b~\xdc\x1c\xc3\x02\xb5\x9d!76\
\x87Oww\x97\xc6\x06\xc3D\xd7o\x8cM\xb3\x8d\xfc\
\xf6L X\xb6\xca\x1c\xcamdSn\xa1#\xeec\
:\xaa,\x06\x0b-\x9e\xad&}f\x89\xa1}7\xea\
\xe70*`O\xd9\xff\xb9\x82\x92\x1c\xbe\x98\xdc.P\
\x9bqS\xd1\x1d\xf4\x1f-\x8d\x9dQ\x7f\x87\x8c\x97\xc2\
\x14\x9d\xb8#[\xa7\xf3M\xa9f(W\xc3\x9d\xef:\
\xd5#TmF\xdd\xee%\xe9M\x09A\xd2ya\xa3\
\xf6#\x87EyU6\x0fs\xae/i\x0eS6\x07\
Yf\x91\x951J\x1b\x82\xa2)FL%\xa4t1\
\xe1\xf9\xd7\xae+!&\xd9\x1dZ\xe5\xbd\xb2J\xf4\x8a\
\xaa\xdd5\xbc|6\xd85P\xabz\xa3\xba]\xf3b\
\x90\x82IG\xdd\xc6\x8c\xc5g\xd4\xa0\x00B\xcb\xf34\
i\xcet\x9d\x03\x8c\x16v\xac\x88\xb9_\xe2\xb3\x99\x09\
\x5cj\xae\xe0\xca|\xd3\x16\xa7;\xd3u\x5c\xbbCK\
\xd0\xaf\xfc\x8c\xe5\xa89\xba\xbc!\xfa*\xb6{\x04x\
#\x09\xa5\x81\x92K*\x1f\xad\xb13L\x84/\xcd\xf3\
\xa2xr6\xe2\x09\xd0\x93\x8a\x87\xf3>\x84\xa0\xb5-\
\xabo\x8cJ\xcdu\xa4\xee<\x04=s$)\xec?\
\xb6\xdf~\xe1+[\xf1\xfd\x96\x98\x0fz\xd9\xe2\xda1\
\x1b\x10}\x1aa\xeb\xad\x06w\xca\x17\xdd2\x19@\xc7\
\x9b\x97\xb1j\xcb\x99Y\xa3\xc7\xa6\xd0\xd3\x88#\xa8\x06\
o\xb6@\xbc\x09r\xe2\x97|Z\xf5q\xbf+\xf9\x98\
\xfc\xe4\x0e#\x98\xaf\xa4\x88\x185@u\x94#1\xe4\
\xb5?\xaa\xfc\x8e\x14\xc2\xd2\xc7t\xca\xd3Ya\x98\xa4\
\x94\xaaO\x9a\xe0\x0e\xf3\x10\xc1\xee\xb3'o\x08\xcf~\
\xe0(F\xf2\x84\x08\xafv_\x15\x94>\xfa\xc4\xe1x\
3j\xe3\x1e\xb3\x90\xd6\x8aZ\x81\xe5\xc8\x5c\xa8T\xa1\
d\x1f\xec\xe3.l\xdaa\xb4\x8e\xa2\xd0y\xa7\xdeR\
_\xdfY'\xb9,\xe7a\xbc\xa19\xe4\x0f\xc9\xe0\x86\
\xbbU\xbd7\x5c\xc0\xdf\xdc?\x8b\xbe`rH+\xc0\
.|\x9fd\x99!N?<\x10\xde\xe5\x0a\xa4\xce\x94\
\xa3\xc8h\x18\x0f}%\x0a\xb7\xb4\xb4\xc2xz\xe5}\
Y\x05\x05\xc2\xbey\xaft{w\xda\xe2\xa9\xf3\x22\x18\
\xfeR\xc0@\x84$\xec\xe9\x8a\x85\xba\x17O|y\xcd\
3mf\xb4th\x1c\x0b\xb0 \x1c\x5c\x14\x0a\xf2\x84\
iX\x8eo<\xe9\x84\x96\xddD\x0e\xe4uC3{\
Ej\xfe\x16uIWd\x04\xe7\xa4z\x9d\xd3\xba\xca\
\xf2\xa6\x0b\x84#:\xd6\xdc?\xeb\xe6\xf4i,\x0c\xee\
\x0f\x00\xeb\xc8U\x92\xe70\xc7\xbf%ru\xfdq\xce\
CP\xa9Ph\x85I\x9d\xa3\xfa\x82\xa5|\xed\xbb\xa9\
$Q\x10\xbe\x8c\x1c\xaf\xa2\xdf>\xab\xe6=\x10M\xd2\
\x85\xe5\xbe\xcfT[\x1c\x1e\x06\x10\xabT\xb2\xfcx\xcd\
kp\x80c\x11\x1f\xaf\x05\x1c\x1e\x9e\xbc\xba7\xb4K\
V\xfb5\x88\xf0\xa2\x8b\x5c\xf45\xeb\xfdI\xac@\x9c\
\x18>\x12\x01[+~\xd7v\x07\x9b \xde\xdc\x0b\xf0\
g\xa6\xb7,\x84k\xdb\x22xGh\x22\xe9\x13\xef\x1e\
A\xc1\xad\x8e\x9a\x938\xe1j\xf5\xe3\x12\x13\xdcS\xe6\
A\xc6\xbd\xe2?\x8aD)\xa1\x09#<J\x86\xfbJ\
\xb6YY\x13B\xccPKn42C\xa5\x1d\x1c\xad\
\x16XY\xdb\x83:\xf9\xfaH\xfdc\xd6\xa9\xce5d\
d\xd4n\x83#\x90\xf3\x13=\xaa[\xa8\xf2\x86U\xf1\
\x7f\xeb\xda\x85V8\x0a\xe7\x14\x8f\xf5N\x1d\x1f*\x9f\
=U\xde{\xa5\xbc{$tl\xc2\x91\x0b\x01 \x18\
o;S-\xe3\x1c\xf5\xd9\xc0E\x5cjF\x86\xd1!\
5&CC\x7fsd\xf2\xe6\xb9\xd2\xe0>$\xca\x88\
\xad)K\xbbd\xcb?}\xceDZS\xe4\x91\x88\xba\
\x82\x1d\xa69\x17\xba\x8c_\x80\x97=\xd5\x07\x11Ld\
\xfb\xb3\xf1=\xf7\x9d}-\xa7p\x93\xaf\xa0\xe1\xf5v\
'\xef\x8fUQ\x8a\xbd\x01\x83\x81x\xf5&\xbb\x01\x04\
\x9b\xe4\x83`\x96<\xf8`e\x8b\xd48[\x1f\x99\x1a\
G\x07\x93l\x08\xa029\x8e!\xa5ba\x026\xb8\
\x18)\x0eF\x07\x0c)\x0e\xd2R\x85\x005\xf9\x1b:\
\xd9\xce`Q@\x9b\x93\xe3\xfbKc\x97B\xb5\xb1\xb4\
E\x91\xb6\x08\xea\xc5\x00}}L\xd4@\xd8*\xee\xb2\
\xb1\x8b\xe5_\xcc\xb0\xd1XT\x91m\x00\xcb\xa2\xce\x82\
YA\xa4\x80`V\x8e\x84G\x14\xdf-8\xccz\xbb\
e\xa2\xdf'M\x0b>\xba_\xaf7\xa0&\x09\xa1t\
\xf8\x98\x0e'\xc5`\x01\x7fd\x17\xa3\xcc\xb5:\x1b\xbb\
\xa1\xcc\xef\xf8\x17\xa5\xc3\xf7d\x0a\xc0\xf7\x1d\x0b_>\
P\xb9\x8a\xbc\xcf\x08/qZ\xf1J)\x1c\x06\xda\xee\
\xba0\x9c\x10u\xa2(\xd9\x87f\x0a\xfc\xe8+\x87Y\
\xf15a\xce\xb4iz\x8b\xcf;c\x03\xe0\x94:Z\
\xef\xefV&\x02\xc4\xaf\x91}\x0e\xddF\xf4\x22\x05\xe7\
qu\xe4\x9b5Q\x85q\xd6|5G\x92Id\xfa\
\xd5_\xed\xda`\xe9\xd0y\x14i*\x9d\xb8%\x10\xff\
\xdaSM\xe6\xa2\xaeM\xa3\xe2^(?\x1c\x91\x90\xab\
\xe3M\xc9\xdfl\x8e3\x05\xf2\x82\xa4\x11\xc9\x8b\xd0\xbe\
\x8e\x9c\xaf\xd0\x0f\x8b\x05\x0b\xcd\xe6a\x0e\xdc\x08W\x02\
\x8f\xd1\x16\xaaR\xa8^\x99\x12O\xfd1\x0d\x09\x0eG\
\x5c(\x5c\x93\xba\xf4\xc9\xdd\xf2\xf1\xf3pR\x9f\x89\xc5\
[\x7f\x1a\x19\xb8\xb5\xae\xd3\x06\x90q\x06p\xefK\xcc\
\xdb\xa6t\xf7\x96\xc7\xe5\x95\xabR\xed5]P\xf5\xd9\
\xe2\xd8\xe8\xe4\xd0\x90B\xd71eU\xa4\xf4R\xdc\xc6\
P?-\xea\xab\xfe\x93rJX1i\x18}\xa8\xae\
B\x0f\x821\x91\x0a\xbd\x83@R\x9d5\xb6\x90\x0bh\
]\x15\xc4\xfb\xad;Sm\xc4\x7f\x0bU0o6U\
\xd7<\x96\x9511\x12\xbb\x98_\xc7\x11\xab\xab\xfa\xc4\
8\xc6\x14\xdc$\xc0Y\x22\xbb\x87\x1a\xe2X6 \x0c\
:}\xaf\xa6\xea\xd8\xa7.p\xd6:z9\x03\xc8\xce\
\xc0\xda\x93(\x1a7BX\xb0\x8d\x95cs\xfe\x0d\xc4\
\x84\xe6\x02|U\xdc\xea\xc9\xc1D\x15\xd8\xa6\xd4\xacX\
v\x04a>S\x8f\xc0-\x1c\xc7\x0dn\x8f\xf6&5\
\xc5W\x0f\xa9\xda\x99\xfbgJ\x17\x86\x15^\xeef_\
\xe2\x84b\xf8\x88\x93\xa8z\x01]U\xc1\x0dV\x8f\x92\
&V!\x9f\xbb\x98:(\xf6\xd3\xdd\xa5\x88H\xfbn\
E\x03\xf2\xaf:\x85\xbe\xd3\x93\x00\xb3\xf6\xa3\x85\xc4/\
\xa07\x11D\xbf\x80\xf9P\x00\xc7\x7f\xe0\x0cA\x82B\
\x08\xd5N\xd3.\xc3\x99O\x03C\xa2\x11^D.\x82\
<\xe6\xa7\x0f\x8a\x9d\xf4\xa6YY\xbe\x85WQ\xfb2\
Q\xf0\xa8,\x13\xb55\xe8\xdfO.\x85@\xb2U\x22\
_\x8e\x8e\x88\xe8\xa3\xd3\x07\x9b9\xf1Gf\xc9\xc3\xe0\
h1\x018\xd0d\xdcu\x5cQ\xb32\xee\xeb.\x0e\
\x8d\xa8\x85\x0bQG\x09rb\xdf$]\xf2\x0a\xfa\x94\
\x83\x80\xee\x07I\xc3\xad`#\x22nE]\xbd\xf2\x12\
s\xe9m\xdc\xf9\xb1\xd4\xcc\x8d\x0e\x22\x5c\xda\x1f\xac\xc8\
\x9c\x19\x95lH\xc9\x0eE&g\x5c22\x82\xac\x1e\
R\xfdn}\x82%\xae\xf4\xaa$X4\x15lA\xfc\
<\xa6j!\xc4J\xbej\x82\xfa\x88\x05\xdbB\xf1\x86\
m&X\x9e\x83\xecR\x9b\xa9\x0aX\x02\xe7\xb1\xce<\
u\x1a\xecO\x81\xe2\x1b\xb6\x04\xf6Y\x16\xa9\x80\xac\x00\
\x09x\x0e^W\x22#\xf7O\x96/\xec*\x9e\xbe\x86\
\xca\xb4\x8a\x8c\xa0\xeb\x82b\x9f8<858.\x1c\
\x0dO9c\xa5\x882\xff\xd46\xef\x10\xd2C\x0b\x8f\
z\xcek^\xe08\xf8\xee\xea\xa2\x9f\xe7\xc3C\xfee\
E;\xc2h\x10\xaa*\x96\xfe0\xf2\x22\xdf\xfd\x80\x17\
\xf3\x01Oc\x84\xf3\xa2S\xcd\xe3\x89uI\xebJ7\
\x0b\xa7Cl\x08\xeb\xea\x1a\xccQ\xa5\x8b88\x09b\
\xd2\xc8\xad=\x93\x07\xbe\x0c\x8f\x99W<\x0c|\x9c\xcc\
\x03\x8e\xb3\x18\x99\xc7\xf7>N6_eKS\x02b\
s\xbb\xd3c\xe8\xa1(B\x96I\xc6\x14H\xa9\xd4\xd8\
\xa8\x89Q2\xd3\x8b)hv\x18\xce&\x83\x10\xc0z\
\x13^\xe4\x1f|+S\x9f\xc7k@mL\xfc\x9d>\
F\xf4Vn\x04\xcc\xd0&\xa3\x81\xaay\xdem\xb5f\
\x0e\xf0FxT3o\x19\xc693\xa0\x0a\xd6\x06\x94\
<_y\xe6\xc7l\x97mtf\x10]\xa5Jbf\
\xa2\xa3e\xae\xca\xfb4\xb5\x91&\x0a\xbb\x09\xe6zb\
\xdc\xcc\xa4p\xc9\xc4\x98\xb2\xa30\xeb\x85\x899lH\
\x95\xdd\x0c\xef\xc1\x93'y\xb2|\xfdJ\xd2\xe8\xd4\xc5\
\xbd\xa5\x01U'8s&\xba\x06\xe8\x0b$\x06\xd4\xd4\
\xe0\x08v\x0dm\x8c\xe3\x00&\x1f>T5^\xd4\xa3\
\xbf\x0a?\xff;\xac\x1d\xbf\x9dU$\x8d\xed\xcf}\x0b\
#b\xc5\xe4\xc9\x1628\xdd*\xc7\x06\x8f\x99\xe5\xed\
\x94\xb9.\x9fN\xdev\xdf\xc4\xc8!=\xe9\xea\xd6g\
\xb3\xc4\x7f21\xdc\x95\xfcw\x98\x86{\xbf\x82Z\xab\
6\xef\xdb\xbc\x0c\xf1\xd3\x5c=+\x9a-^\x07\xed7\
\xb1\xfaQ\xbd\x12u\xbdf\xa8~\xed\x9aOq\x8a\x85\
gh\x04}\x9f\xabl\xef\xf8iL\x0c\xa5\xe9\xcb\xff\
\xca\x9c:\xba\x824\xcd\xab\xf73p\xb2\xe5\xaaGq\
k\x1f\x86~x\x22N\x1e\xc5\xac\xe0,\xf4+\xad\xb0\
E\xf1\x10\xde\xea%4\xe5\xa0Z\x1bhn\xc9tx\
>[@\x9c\xd4H\xd2\x11[\x16\xca\x89\x13\xb1\x9c\x0e\
\xc7\x11m\x97\x18\xda\xd9\xf4\x9d\x8f>]\xf5l1W\
\xe1\xe5+C\x8d6e\x9ck+d\xa7+Q\x9f\xc5\
\x17\xed\x8fhD\x03\x07\x84\xec\xb5Gt\x86\x0cwa\
.R3j\xf8\xa65\xb6\x0c^}X\xfd\xe3\xc6e\
\xfdZ\xb1P\x9aW\x9a\xce\xb9\xbc\x0bC)(\xaf\xf2\
\xff+\x14\x18X\xd8\xbc_z!\x15B\x08e\x0f\xe4\
\xd6\xfb\x9eg\x05\xbeG\xb8\x8d\x0b\xc61\xf0\x99Se\
\xf2\xed4\xb67{\x13n\xa2\x19\xf9rP\xb9Z\xf0\
\xbd\x0c\xa5\xe2\xe4\xcd{\xa20\xbdW\x99\x81\x18\xbd\xd2\
\xa1\xcfT\x84\xe6\xf0W*H\xe3R\xbc\x89E\xf28\
\xb9\x95\xd7!\xc7\xc1Kh\x8a\xc5\xce\x0bTO\xba\xf7\
\x02\x8d _e\xa5\x84\x5c\x19\xf1\x0c\xef\xdd\xe3\xab\x94\
\x9d\xf6w\xa8\xdf\xf6G\xc0\xe5\xa5\x8d\xc4\x99\x07\xd4\x98\
FD\x8e\xc7\xf3\x1a&<b\x17\xa8\xb4\xf09\xd2A\
o\xc1\xb4\x84\xc7\x5c\xee\xdb\xc3\xcaP*5r\x05\xc5\
Fo\x8b7Tq\xd2fM\xc4+\xac\x85J\x1b\xd7\
R/\xe6\xc0\xcfRU?\x81EQ_\xef-]\x08\
r\x0d\x9f\x9a\x09s5~\xd3\xad\x80&s1\x18\xf0\
\x13\x9c\x19\xa1\xc8\xb8\xdf\x8eD\xa5\x9f%T\xbe\xb6\xf5\
\xa5\xca\xba\xd5\xf4\x8a\x00)\xe1\x07\x9d\x81Z)c\x0b\
\xdc%\xfcWN\xd2(\xcb\x9b\xcd\xf1J\xdf$z\xa0\
Z\xaa\x12\x12\xc3^\x8b\x9c\x06lPC\x87I\x89\x98\
\x809u\xb0\x87\x10U\x8f\xc5\xff\xa1w\xf8^,\xfb\
\xe7dLRr~?\xady\x83r\xa8\x1d\xe6\x0b\xe0\
f\xd0\xb4L!\x9d\x03O\x08\x8d?(\x9f\xb8\x5c\x1c\
:\xa0D\x96!D\x22\x81Zy\x07\x0d\xb0*I\xf1\
\x89\x8f\x11\x1a\xba\xf3YitO\x98\xa4r\x9b\xd0n\
\xb9\xdc\x94\x1e\x13\xe6V\xc5\x06\xe7{\x0dj}w\xa4\
]\xe6\xa9]h\xaa\xf4\xc9\x85\xe2\x9f\x95I\xf7\xa8\xed\
\xd0\xdb\xa1~{\x18\x90Z\x1b1\xe2Pa\xa5\x89\xe8\
\x00<\x83\x01\x8d\xb8\xf2\xd9\xa3\xa5#WC\xd5\x82X\
\x93\xe9IsjT\xce\x84\xc7\xc7\x99\x1ax\xe4\xc6\xa6\
,K\xa6\xf9\x0e\x18\xc9Pi\xd7\xc5\xe2\xa5\xc32+\
\xb5\xf99\xe3\xa5\xe5\xc4/\xb5\xf8\xb0L\xff\xd2\x1c4\
\xc1\xf8\xb6\x98\xa9\xd1b\x0c\x8f\x80\xcc\xc1\xabX3\xb8\
\xb2\x94\x1d\xb8\x0c\x87\x84\xcc]\x7fS\xa7\xac\x82])\
\xf0\x0a\xd0A\x14\x8f\xf5\x22\x14M\xaeu\xca\x04cn\
\x04\xb3*\xab\x13\xe0v\xe9c?Sc\xa7&\x87.\
\xc9\xfb]\x89\x0atR$(\xe7\x89\x06\xcdP\xf1\xc2\
\x83\xe7\xc3d\xe1+\x1er\xe7\xbbH\x1a\xccVp\x8c\
\xbe\x93\x95\xd3\x05OI\xd4i|\xcc\x9f\x0b*\x99K\
\x831/\xaa\xb8\xfa\x9f\xc0\xa6\xa2P\x90%Q\x0e7\
\x17\xd4\xd2\xe8\xb7h\xa0\xe8~\x8b[\x22-\xca\xb0\x18\
\xfc{\xd6d\xc7\x85w\xf1\x82\xb0\xba\x1a\x9c\xdd\xfd\x1e\
\x08F'\xd3\xd5\xfb\xaa\xbb\xff\xe0\xe5\xe2\xd1\x83\xa8$\
\xe8\x0f\xf6?\x83)\xb56~X\x11\xce\x97F}0\
\xdc\x9c\xa8\xc4\xe7\x9e#\xd5\xbe\x02!\xbe\xf0\xb8\x1f\xb9\
K2\x88\xf0\x22\x12\xb3\xb80\xdf\xec\xe8`|z\xa1\
\xed\xb3\xbe\x22\xf5\xc1\x16s\x9b\xf3\x08\xa06*\xd3\x12\
\x96\xf9(l,\x9e6\xd5\x19y7\xf7\xb5\x9ao)\
e\x03\xb3,\xa5b\x9b\x1e\xee\x9a\xdc\x7f\x87\x83\xc6\x14\
\xd4\x11\x12eh0\x0b\xd8\xb79\x8cUM_\x02x\
\xd2\xb5\xb1\xb5\x8e\xccrks\x1d\x9br\x85B\x9b\xdf\
F\xabGu\xe7:eiN\x9e_@\xe0\xd2\xf2\xf9\
E\x09~}\xf32\xa2k\x03\x03O\xcd\xc5\xc3.B\
\x1e\x0d~\xcd\xab\x09dO\xa9\x91\x8d:,\x7fh5\
\xc4,\xf1\xd1rg\xbdI\x16\xfecK\x1b9\x14\xf5\
\xf8Tf\x03\x87\x08\xaa\x15ie\x0f\x8b\xd8@;\xe2\
\xb0mvU`W)\xa0\xeb:\xd6$\x9a\xed\x1f\xb1\
\x9d\x02\x8fO\xfd\xf9\xa1P\x1e0\x03Yn\xd8\x19\x0d\
\x9eO\xd8\xbe&\xc3Y\x0f\xdf\xd2\x11A\xc1G2\xeb\
\xb7\xe4\x9a\x9b\xc3j]\xfd`,\x1dc\x1a48\x0c\
\xb4WX!\x02v`\xe9*\xa1\xa7\x0c\xb2\xfaI\xc5\
\x03\x98.\xf0=\xcf\xef\x97\x0e|Q\xeaS\xaa\x13\xd2\
E\xeb<\xc3\x0a\xa7j\xcdSB\x15\xd4\x7f\x98\x07\xed\
\xfb\xbd\x97\xbcq\xc6\xa4\x0d\xad_\xd4\x09gG\x9b\xa1\
X\xe7\xcc\x91\x8d\x94\xb3h\x86\x05\xd7\xc2\xe2\x95\xadD\
\xc0\x925\xcc\x81\xad\xda\x9a3C|\x8e\x868\xda[\
\x1e\xbbS\xbe\xb0\xabt\xfcf\xa9w\x97\xe6\x8dT'\
E\xb2\xa7\xfa\x8e&wF\xf2\xef\xa5\x83\x97Bk\xd1\
\xbeEC\xd5U\x1cOc\xaf\x15j9\x90\x1fO\xab\
\x87\xca\xf2\x7f\xb5(\xf0\x89\x85r\xa1C\x11m\xc0\x90\
\xe93x?oJ1\xe2\xfb\xcd\xfd\x1f\xa7\xb9\xac\x17\
\xa5\xeed\xa5\xf99\xe1\x80\x90\xf8|t\xeck9\x91\
jiv\x19\xcd\xf3o\xc0\xd1\x84[\xcb\x99\x22xw\
fud\xce\x92\x04h\xbfS\x8b\x95\xe4\x9d\xac\x94e\
\x85\xb6Q\xb2\x1c\x97J\xe511,\x12U\xa0\x05v\
\x80*}\xc9\x81\xeb\xc5\x81[ \x1d\x808\xec\xc4\x7f\
\x9a\x1a\xe82\xa15\xe2\x19\xf8\xe4.\x8a\x05\xe1\x16\x94\
m}s\xfb\x93\x01\xe7\x03\xe3\x9f\xc0{^Y.b\
Et=\xc5%u1W\x1b\x85N\xfc\xd2\x17X\xa9\
\xecl\xec\xddU\x1e\xbb\x81kQ^\x82\x7f\x80\xe0\x05\
F\x84Z\x22\xa2\xce\x85\xaabKz;\xba\xb8\xbf\x8d\
\xe4g\xf0\xd4\xc2OpX!n\xc4\x80Fp\x93r\
0\xa0\xc4\xd4Q`\xa2\x061\xa0\xb5\x94\xf3\xf6\xdf\x03\
\xb7\xf5&\xa8l\xe8\x14\xef\xb3\x1f\x96z\x0f\xe0@\xa7\
\xba\x15?\xb2#\xaf\x94\x91\xd19\xaf2\xce\xe9fS\
\xa9\xe7\xc7J\xf9|\xb7\x19jT)\x14\xb40\x19\x03\
M\x13A\xe6\x80xN\x07H\xe5u\x93!Nr\x9e\
kt\x18L\xd99s\xa4gb\xb4\x07yJC\xba\
(\xdeL\xb8\xd1;(+\xd1D\x06\x9dH\x95ja\
V\xd8\x15U\xa3\xa8\xb8\x1dj)\xdc\x95;\x9f\x97\xd6\
\xb93\xfe\xe4\xf9\x98~\xe8{V\xf7\x9b\xddy \xc9\
-\xdcy/\xf2\xdf\x03bu\x05\x91\xac\xac\xa7U\xc3\
\xff\xc6X\x15\xf1\xef\x16H\xaaE\xbf\xcf\xacP\x04,\
Pw\xad\xb4\xdf\xcc\x1f\x80zQ\xfd\xafp}\xfb#\
\xd8\xe1h\x97\xef\x14\xc6\xb3\x03&Gg\x87\xa4\x91\xed\
\x00o[\xff\xc5\xe2n_0\xe3\xdc\xf1\xc7\xce\x5cg\
\xaeq\xa7?\xdc\x1d\xf9\x9cJ\x0f\xf11\xef\xd8\x94m\
j\xce\x85\xcapOyt{/\xd7\xbcS\xb3\xce\x8a\
W\x94\xfa\xfa\x93m\x9fy\xf9\x9du\x12\xa15\x7f0\
+\x82\xe6\x97Q\xd8t\x19\xa5c\xda\xe1\xaf6\x10)\
;[s\xb1[\xc2\xa2\xeb8X\xcc\xbb\xaa\xc0\x17\x88\
m\xc9;\x0e\x859\xb3\x90Cg\xfa\xf4\xa5\xfe\x81\xf2\
\x9d\x8b\x92\x1fg~,\x94\xc8\xd7\xe2cr\x12v\xa5\
\xf70;j\x05yZ\xb9Rh.\xef\xc0H\xcb\xca\
\xce\xd3|R,m#m\x84\xf8N<vi\xeax\
\x97\xbc\x13\x17x\x8d\xa4\x1fI\xd8\x90x*\xbc\x9a>\
\x9aG8\x94\xa0\xb3j\x0f\xa5\xc7\x12\x03\x06\xc4\xec\xd8\
'>vC\x10\x8a\xed\xaay?p\xfb:R\xbd\xe1\
\x06\xc2\xfcl6\xe5\xab\xef\xb1\xf4Q\xb5)\xa7,\x94\
\xe95\xb1\xe9\xfc\x05w\xbb\xccWV\xa0\x89\xe3#\xc5\
\xbeS\xe8Ic\xe6\xa0*^\x88\x8c\xf7f+}\xb4\
\x82\xe9y\x8e+\xd6{&\xa5JX3\xc2U0.\
Y\xf4\xcdm\xda\x94\xd6\x87X?{\x1dK\x8a\xf5\xd5\
U\xe2\xb8\xa4\xeb\x11\xe9\x07\x82\x856C(vy0\
\xffnU\x0e\xce-J\x00\xaab\x8b\x93#\xa2@\x84\
\xc8\xf0\xf0n\xe4=\x04\x0a+m\xdaJ\x14V\xf3\x9c\
\x0f\x19sij\xd3\xc2\x0b+\xd2\x9a0\xfcd\xd2\xda\
\x98\xcb\x9b\x05\x96\xb2\xf8\xe2x\xa1\x8a^\xde1\xc8\xa6\
\xd8\x92\xf9\x81\xdfct\xcd\xfc,\xa5?\xb9\xaa\xac\x19\
\x11u\xfe\xf2\xa4\xb00h\x22\x22Yix\x9c\xa5\xbf\
\xda\x12A\xdb1\x1c\xc0\xb3\xec8s|\x99\x1e\xb2\xa8\
a\x04\x02\x88\xf6Eq-!]\xf5f\xda\x1b\xbe\xb2\
V\xdeV\xa0\x05_s|\x7f\xf9\xda!\xac *\xdd\
\xb8\x84uf2K\x8c\xd6\xee\x89\xe9\x0a\xd0\xb2\x93E\
\x05\x16B\x12\xa0\xdda\x0b\xd5[\xb3\x93\xa4\x80X\x01\
\x19N\x82\x1a_W\xb7\x04#\xd6\xe2\x0a\xaa*\xc6\x0f\
\x8f\x1c\xbf[\xbc\xf5P0\x15\x17z~i.\x9d\x8d\
\x0f}\xc6\x146\xbe\xd9\xa0^\xdfhr\xd3\xd2^\x86\
6btt\xf6\xf1H\xdd\x19=.\xd6\x9d\xd5\x0bo\
S\x05%\x1d6)S\xd2\xbd(4\xf9H\xb4t\xbc\
\x13\x81\x96\xeeg\x1e\xc7H\x86\x826\xa10s'-\
i\x9f>z6\x86\xdc\x8dK\xb5\xb1ssG\xae\xbd\
\xad\xa3\x10\x12\x87\xfe:(s\x9c!\x175\xce\xb4\xcc\
\xfb\xec\xa7\x22\xa0\x7f\x8e\xf9\xa9F\xd56S\x9c\xbd\x83\
M\x02<j\x84P\xaa\xe9\xae\x16\x9f\x91\xeb&\x15c\
\xbb.\x17\x5c\x14A\x03<\x81\x8c\xce\xea\xca\x12\x13[\
\xabY\x1b\x5c\xb8qI\xcd\xd2\xc4|)\xc0\xbf<[\
\xb3*\xf9?M\x94\xe5\xff\xca\x9e[\x8b8{tf\
\xc9\xd2\xe5\x85?\x15\x9e]\xb5*1&\x156G\xff\
\xf5\xd9\xb0`A\xe2\x03\xb2\x0a8\x12\x0c\x85;\xdd\xd5\
&\xfb~\x88\x94B\x86Y\xcc$'T@1#\x93\
\xcc<\x1f\x19[\xb5}\xd6a\x9f<\x1b\x12\x9a\x02r\
\x17R\x1c\xa1\x16\x9b\x93\x1bzJj(xT|M\
E\x94\x8e\xe6\x95D\xd9]\xab\xca\x1a\xc6\x22\xd4\xdc\xb3\
\x93\xdb\xa7\x03\xac\xb3V\x07E\xcehy\x13\xbb\xa8\xd8\
\x7fT\xa0\xd8x\xb5f\x83\xa7\x13\xd7&\xb2\x81q\xfa\
\xbb\x95!\x93\x98U>Rd\x04_\x9d\xd0\x05\xa78\
`S\x81\xfa\xa3\x9d!\x9aW\xea_sTL\x87\xb1\
l9\x0b\xf5\xc0\x18|\x0a@\xc6D&\x98\x83?\xab\
0\x10\xbf\x16\x84L\x15\xd6\xed\x5c\xde-gV\x17z\
{\xbeBoY\xa9\xf69\xbd/\xbc\x91\x84\xbe\xb6T\
\xd5W\x9e\x82\xc4\xba\xfe3\x06\xcc\xb4\xd4\xa8\x1d\xe40\
\x93\xa3\xc4F\xb7\x22\x1c\x1d\xbaG\xa5\xbft)\x04\x1e\
\x9as\x9a\x97B\x18\xf2\xef\xc5!\xa7\xd5\x12Y\x88\xe0\
r\xf0\xac\xfc\xc1eL\xd9}\x07\x1b\xe8R\x1a(\x13\
\x8f5J\xf0\xc9p\xcb\xd7\xe2\xec\x19\x1fT=D\xed\
\xd4h\x02\xbbG\x1e !\xa0\x81\xc4\xae\xf2\x00\x9f\x04\
\xedQ\xa6h\xc6.P\x10\x22\x93N\xa0\xb6\xe81\xfa\
\xfd\xe4!\xf9\xd0{L3\xad\xf1\x0e\xa4\xd8\xceo\xe9\
\x87\x5c\xfe\xcf\xd7Y\xe6\x016>Q\xbe\xbest\xe1\
\xd9)R\xb5\x92\xfd\xfbt\xbc\x8d\xbcs\xe5\x91\x03\xde\
O\xc6_\xf60\xd6\xb8\x08Y\x04E\x0d};\xc9R\
_t\xb0o\xdel\x92o~f;\xb5^\x93k\xff\
\xa4\x88\xe4*\xa8\x22\xa2\x8eq\xe9\xf6PP\xad|\xe3\
@y\xf4\xaaJu\xb3jOa\x9b\xcd3\x1fD\xc3\
1\xf1\xbfT\x90\xa7\xc0.P-P\xa1\xb24\x83\xbd\
\x89\xa5\x16Z\xf1\xba\xa1M\x94gA\xba\x8b\x8f\xa1\xc9\
%\x80\x16\xb1F\xcaST>y\xe3\x93b\xdf\xbd\xc4\
\xb9j/\x08.\xd5\x02\xd3d\xce\x89&n\x124x\
h\x84\xa8C\x22\xeb\xf1,g\x1f\x967hC\xbb2\
\xa5\xc2\x1cj:\xb1X\xa0\xf5\x142\x85\x0c\x9bM\xfd\
\xd5#\x5c:\xf4\x99\x92o\xd4\xf3\x05\x0a\x82\xf8\x8d\x1d\
7\x8d5DX#\xed>\x09\x0f\x9f\xea\x8er\x19\x5c\
\x5c\xcd\x01\xffs|\x01\xad\xe8\x0c\xa7'\xdbg\xfc\x98\
Gk'zJ\xd5Wx\xcf\x08#\xa6\xd3?pA\
\x0b\xf5\xa9'+\xb4\xad\xb5e\x1bI\x08\x96\xd7\xe2\xa9\
\xbf6\xd3m\xf2mg\xd2\xad\x83\xe5\x11-\xf6\x16\xa5\
\xbd}\xc5K'Q\xbe+}\x16\x95)\x08\xfb:\x04\
\xbbU\x9e\xcb\x80\xca\x85\x8fA\xae\xa3\x99Q\xf3\xaf\xce\
M\xf0\xdfK\xa7n\x86\xd6\x93\xa5qo\x12\xc8kc\
2\xc3<\xc3\x80\xc7\x9b&\xb5\xe5*\xc3\xa1Ol{\
\xdb\x04A\x97\x16\xe3\xf0\xfbr\xc1yc\x12\x87H?\
\xdd\xe7\xf0U\xd4\x0b.\x8f\x9dW5yb\xb8\xf6}\
\xd6\xa7\x9f\x01\xed\xa0\xfd\xdeA\xfe9?\xad\xb8R\x8b\
\xcd\xb1tzN\xe6B\x1a\x09\x15\xc3%\xb7\xfaQ.\
\xc42yuo\xb1\xe7\xf4t\x86\xb4\xc9\x93\x88\xf9\x96\
CRe\x1d\xd5\x0c\xe9\x05\x87\xce\x1f\xefM\x1dOi\
\xab:\xdcJ\xdf\xc5j\x11\xa4D_\xdf\xf1d\x95\x19\
\xee6\x088\x87.\xa3N\x1b\x18*~\xff\xf5\x89-\
\xeb\xe8\x03\x95\xdd\xf9lt\xea\x93;\x94\xdf\x10Q\xb5\
\xbfuT\x86c\x9d\xf2\xeb\xc1\xa2p8\xf2~+\x19\
\x1ba\xf2l1\x1f\x16\xdd\xf3}\x07Kg\x93a]\
N\xce\x06C\x1d\x91\xb6A]\xf2\xdbv\xf8\xab\xe6G\
\x8a+w\xcf\xa7\x9e\xef\x8c)\xc9\xf93{\x15\x17\xd5\
h\x7fT\xce{\x05\xeb\xd0g\xb9J\xc7\xdf\xce&e\
,\xe0\xba\x22H\xaa\xb8%\xe7\x93\xb7\xdd\x8e\xa9$\x83\
\xe0h\x0e0\xf2\xd8\xe0\xfd\xcf\x84\x04\xd3J6\xceV\
X?\xdbH\x9e\x01!;:Q\x94v\x8e\xe8\x11?\
8Z\x1eS\xa2\x04S\xfb\xfb\xf0(IS\xbb\xb0*\
\xd4n\xb4I\xabI\x0b\xac\x92\xaf;Z\x1b\xac\x02*\
\xa2\xd9\xe8\x22$eT\x04vg\xc4\x9b\xdd\xf2-\x94\
FL\xdb\xe4\xf2}\xf8\x11|\xeaVZ\xe3\xfah\xf4\
4Ox\xd7\xc5}\xdd\xa5\x0b\xc3\xe5\x03=\x82P3\
\xffB\xbe\xca\x15\x7f\xe76S\x06\x14Fm\xe7:\x9d\
]\xda\xab\x1c\x83\xd3\x11\xf2\xb0\xdf:'\xcavbT\
n\x81\xa33G\x17h\x87)\xb9\xe7\xf1s\xcd\xe9\xb6\
\xbd\xc2\xac?\xc3G\x83Qu\xb5\xa1\xbe\x1aKVM\
\xf9\xc0H\xa9\xebjh\xa9\xa3o\xb6\x85\xd6_\x1b\xed\
\xa4\xedN\x94\xa8\xaetf\xb7J\xce\x1f\xd9W\xec\xfb\
R>.\xe7\x1b\xe1\xactue\xddT\x8a\xc6\xf2\x0a\
\xd1\x03\xf6ch\x05\xaaq\x5cS\xb3\xda4>\x0b\x1a\
\xbf\x8b\xbe-\xd1@\x0b\xaa\xd8\x8b\x00\x94\xd4!\x06!\
\x1a\xa4*\xa4\xe4\x18,^:C\xd3*\xfawh\xcc\
\xe9\xf4\xb0\x90\x03b\x1b\xf1\xec\x9d\xd2\xf1\x119\xb3\xb5\
 \x19\x19r\xeb\xb7\x80~\xa3\xe0\xf0\xb1Q\x0dtM\
<8\xc2=\xb3\x10\xc7\x80%aN)\xb9\xe3O\x0f\
tM\x8e\x1f\x0dO\x93wH\x8c\xcf\xea\x9c\xf8y\x97\
\x81\xcf\x8b\xdd\xdd\xc9Q\x1aND\x05Y3\x16\xbev\
\x95\xc9\xaa\x11!K+VU\xed\xa5\xa1:\x9f7o\
\x15\xde\x9c\xd5\x94[>\x8d\xf9\xc8\x0a\xc2\x8f\xb3c\xbd\
8s'\x7f}\xbb\x87\xdaS\xc5\x9d\x9f0-\xc8\x08\
\x94\xe7\x03\x0e\x01w\x0e[+\x8c\xf0i\xdb>C\x01\
\x86\x1e\x96.\xb6\x0d\xf1\x1b\xd5\x8c]\x06p,\x14\xbf\
z\xe5\xd6bq\xf3\xb7B\xedD\xb6\x15\x998b\xb8\
w\xd6\xa6\x02Sf\xc8\xe3\x7f\xc7\xe0\x19\xea\x05\xe8\xaf\
\xb6\xca:\xe9\x82\xe5\xff\xe6\x9fD\xeeV]\xa8\xf1\x06\
\xbbH\x9b\xe3Xo\xf1\xf0\xf0\xe4\x83\x07t\xf5\x88\x0b\
\xa1\x91\x81+lh\xccO\x1fk\xae\xe8\xbc\xf19$\
\xc0E\x0cT\xc1\xf8\x93q\x88x\xa8'7|q\xf4\
\x8a\x1a.\x5c\x1a\x06]\xc1Q\x14\xe1\xfdo\x87\xcbQ\
\xe4\xad\x0e\xaa\xa6\x92~\x09\x0d\xc3S1I\x5c_\xcc\
\xb4\x91()\x96o\x8b\xb3vP\x18F\x9e\x15\xde\xf8\
\xd0\xde\xb0\xbej\x950\x8f8\xec\xed\x91z\xea,\x91\
@\xe6y\x8d\x09\xe7\x0e\xa7\x97\x1a\xb9K\xf5\xbax\x17\
A9\x91*5\xee\x81r\x8e\xfe#\x18L\x93\x0b\x8c\
>v\xde\x0b\x8f\x18\x19\xa6T\x1fL\xbc#P\xe2U\
\x8a\xd7\xb3y\xda\xe8\xe9\xd3\xc7>\x0eV\x0b\x11\x0d\xe2\
.\xfa2 Zc\xea\xc4\xe5\x02\xcb\xe3\xc1K\x84\xec\
\xbd\xe1R\x95PC\xab\x22\xa0h\xeeEi\x19\xbcf\
\x13\xae\xb5\xe6\x17\xf3\x10\xcc\xeb\xfd\x92\xbf\x1e!\xda]\
\x9e_\xd2\xdd\xea=\xc0\x83t\xca!E\xd9\x0f\x11\x91\
q,\xc5\xf9\xe5T-\xf8\xb1\x16\xcbE@\xc2\xc6_\
eZ\xe2\xc6~\xce(A\xe7\x1cN\x1e\xd9\xa5\xfe\x05\
\xbe\xb1u\xa9\x07\xae'+\x91\xc3M\x007\xae\xfe\xc9\
,Ob<\x06\xee\xc10im\xbf\xaf\x9b\xa4\xaaF\
\xc3\xda\x05\xb4\xcf\xa5\xb11Ib\x14\x1d\x14\x8c\xf3\x97\
X\xbf\xe9\x19\xe0\xc8\xa6a\xfe\x07\xeb\x95\x1c \xd1\xcd\
\xfc=\xeb2\x06\x17\xd4\xbe\xc7\xb7IT/\x8b\x0dH\
}\xb4\x8a9\xec\xdf\xb1Q\xe2\x92Z\xe6\xf9G\x19\xa0\
\xca\xdd\xe0\xe4\xfe\xa6W\xab\xfbl8BE\x82\x0aN\
\xa2J\xe2\xbf\xb2vCf\xf2\xce\xf9\xe4\xb6\x0b\x19\x8f\
\xf8\x0d\xb7\x85\xd1\xd7\xf8e\x90\xbc\x0e\xdb\x1e\x08/\x07\
G\xc5\xf4F\xbeB\x189\xc6\xda\xa0*\x12+\xb2\x95\
pG\x84\xb1\xaef\xb9S\x8e\x10V\xe2\xb4\xd0\x1eh\
\x84e\x91e\xf9\x03\xec\x98\xd5\xc2t\xef)\x9d\xb8U\
:<\x14\x9a\xa4\xb6\x0b\xe7Vb\x86\x10\x92\xf6\x88\xd7\
\xc6\xc2\xc8\xe38\xd1\xcd\x18\x16e^\x09k*1\x91\
\x85k\xfe\xd7\xde\x16\xb7\x1b\xab\x93H \x5c\xad\x02\xd7\
W\xe6\xf9\xe5\xadt\xc4m\x96\xd6;}\x8ddu\x0f\
(n\xdd\xa9\x13\xe3\xaa\x98\x0c|\xe1\xe2\xc8W\xc5s\
\xfb+\xaf\xa8\x16*tD\x9f\x98Gm\xfc\xa3\xe8\xbb\
cr\xd4\xa3\x0f8\x1c\xcd\x01\xa6\x0e\xce\x1b\xa70\x1c\
\x142N\xf2\xa4\x82\x0c\xaf\xa9\x0fjJ\x1b#\x95\xa7\
\x9c\xe6(P\xcb\xa0q2r\x17CVDS?r\
\x97jcE\xb5\x8c\x99\x16?\xcd\x8cj\x91G\xa7\xde\
\x81Z\xfb\xac\xb8x\x1am\xa5+\xb1\x83\xb91\xd0\x18\
\xde3\xa5\xbe\xfe\x89\x87g\x05\x80\xe1\x12\xa7mw\xad\
\xe9\x8b\xd0\x8d\xb2\xd4a\xbb\xb8\x94J\x03\x87\x85\x10\xc6\
[N\xa3\xb1\xa5\xf0\x8a\xf7\x22k\xdd\x17I\xfe\xb2!\
q\xe0\xdfp|\x80\xa4c[S\xfaJ\x1b\xc8\x01e\
\xd6v\xb4mmj\xccud6\xac{#\xac\x8b\xfe\
\xb5\xd1\x14\xc9R\xc9\xae]\xb5\x8dD1\x98\x0f\x0a\xe5\
\xc3X\x8b~j\x9b\x9b\xfe\x8f\xc4\xa2\x16\x97.\x0cN\
}N\x05\xb0\xc9\x19U<\xd7\x95,\x08\xa2\xb7\x02\x9c\
\x80|\xdf\xbc\x14d\xc1u\x19?'\xf7\xca2\x9b\xbc\
1\x82mZX\xba0\x92\x1c\x87F9V)\xa8\x01\
l(\xcdw\xae\x832\xec\x82\xd92n\xd4\xe3/]\
\xa5\xaf\x0f\x09h\xd3\xd5 Y\xceE\x18t\xfa\xbe\x89\
\xe8x[\x18/\x99\x06\xe5\xb5\xd0\x04\xfa\xb5\x1f \xc9\
01\xdcU:7\xa8\xf0\xad=\xb7T\x10\xef\xbc\x0a\
V\x87\xf1\xa2\xb0_}\x8b\x84\x81'l\xf7\xc1a!\
\xc1\xf0d\xcd/Y3\x0em+>&\x80\x1a\xe7\x08\
\x9d7\x04e\xb2\xf0t\xe9\xdce!V\xb4n\x1a\xb3\
\xd6`\xfc\xe46\xaf2[\x1e6\xcd\xa2\x19<N\xa4\
<\x8e\xd9\xc28\xd6\xd7\xbc]\xb3\xde\x7f\x0d\xf9#\xd4\
AI\xb4\xda9yb\xea\xe0\xf0\xd3k\x9f\x0bDe\
s\x88v\xd7\xe6\xd1\xc2<Y-\xe6\xc6\xe4|\xd8\xec\
\xa0\x810\xb8\x81\x8fCRMf\xe4vq/\xacP\
\xd3\x0a\xbe\x91\xa2&\xa4\xc1\xa9\xaeR*Dw\xdab\
\x85\xe8O\xf0\xe7\x85Z\xf4\x85\xc28\xe2\x84\xedu\xbc\
5\x99\x01n\x89\xd0\xa0\x90\xb4fC|\x9a7\x8a\xe9\
ja\xa0\x8f'\x87u3\xf8\xe7~\x0a\x08\x9f\x06\x15\
\x85\xd0\xb6s\x1e\x024\x08:\xfd9b\x87\x95\x99\x14\
\x7f\xc0\x1b\xdd\xd1\x9c\xdd\x98k\xde\x894b\xe1w\xf4\
{\x90[\xac\xe3-\xcaM\xadd\x11l{\xca\x86\x9a\
!i\xa0\x96\x1fj\x01V\xa5\xbb\xc6\xcb\x84S\xd0-\
\x0b\x8c\x1e\xb2\x9d$W\x01y\x11s\xad\xb0}\x17\x80\
)|\xae\xe5A\xa3)\x91#\xd6\xc1|\xde\x81\x17A\
\x12\xba\xf9\x80\xc1r\xb7:\xe8\x00\xc7\xa2\xca,\x92J\
mxP\x9cPz\x9a\x12\xb8\xc9\xb1\x08\x7fD\x83b\
\xb1\xf2d,\xaaVA%\xd6\xae\x0f\xe2?\xa4\x15\xe8\
\xacq\xa8u\xecR\x91bW\xcb\xc1\x10\xc1\x80G\x9e\
\xee\xfb\xac\x83\xdb\xa2\xaf`\x82O\x84\x17\xec:\x1d\x02\
D_6IZ\xac\x85\x94\xa2\x12\x02\xf1\x22\x0c\xe27\
\xd8-3\xb6\x9b\x981\xb2\x89i\x10/g\xc63\x0e\
\x0d\x99\x10\x19\xaf\x00\x0d\xf3\xc6\x81\xe2\xc3n\xe4J\x12\
u\xe1c4\x1c\xb5\xba]U\xb1/e\xa4\x9d\xc7*\
qo\xb2K\x8a5[\x81Ss\x8d\xd0\x8bD|Q\
]\xcf\x8by\xcf\xd3`\xf6\x5cnBQ\xf6\x8c\x90\xc2\
\xd7~l\x986\x16A?@]\x9bs\x0b\x84\x19\x8c\
\xb7\xc0\xe1\xf8\x88\x89<\xe0\x1a\x98\xde\xc4\x9e\xbf\x5c:\
\xf0\xb0\xc2+q\x97\xc9\xc6\xc1\xaa\xab\xe6\xc4\xff\x9f\xca\
\x05\xcdN\x97\xe7iT \x12\x13RA\x8b\x221\xc2\
\xa9S\xe7\x0f8\xbcp\x11\xe2%<{\x909&\xd3\
{YyK\xba\x22Dn\xd4\x8a+\x9d[\x83\xed\x8f\
\x81\xd3\xf7\x02\x81\x03\xa4\xe2\xd6p\xdf\xaa\x0aY&\x92\
\x1e\xae\x9c\xd7\x1c\xb0N\xa5\xb0\x10\xdc\x01l\x02\x9f\xe1\
\x83\x09ex\x84)}\x1d\x92\xacYA\xf3\xa6Ab\
\xf2\xae\xe2\x80]Jc`D\x1c\x1c\xec\xceg#t\
D\xd6\x09z3<\x88\xea\x977<\x17-\xb9X\xc8\
\x87\x81QSs\xe7>\x17\xab\xbbh\x0d$\xa5\xd50\
P\xfd\xaa\xc3\x22.\xc5Z\x90f\x0f4\x9c\xa7L\x99\
\xf6\x86\xb7\x90\xe8\xd3v\x1b\x06\xb2z\x8c8X4\xe0\
\xbe\xb9\x7fv\xea\x8bS\x18\xdf\x99\x18V\xa9\xa0\x89\xe1\
\x8b\xc5\xfb{l\xcd\x06\xd4\x90K'\xcfI\xc6Io\
Y\xee5\x07N^\xe4\x84vYe% w%\x16\
\xe9&Sk\xe9G\xf4\x11\xebbo\xb8\x0f\x0d\xf3\xb3\
\xa2\xbc\xb9\xb2+q\x13'\x86?/_\xfb\xaa8t\
\xc6\xb0\xac\xa3\x85\x97\xdcp\x96;\xfa\xd6>\x14\xfe\x9a\
\x1c?^<\xfbi\xe2\x89+\x8b\x02\xa9S\xce],\
\x9d\x1b\xc7H\x8dp)n2\xa2\xc4T\x02Je\xd4\
\x05\x00wi\xd4y\xd6\x9c\x02!\xd1\x5c\x96\xbc\x93<\
\xbc\xa6\x86\x86\xe8\xc2\xd2\xcdAe\xc2\xcd>\x94\xb6+\
]\xb8\xa7\x5cv\xa80Ui\x93\xc1/\x8a\xfbN'\
\x9f\xb9t\xe2N\xe9\xc4-a\xa83\x93[\xa3\x09\xd4\
\xd18\x7f\xe3\xd7\xdd\x82\xe4\xc8\x0a\xa8\x8d\xcbS\xfc\xa8\
\x8a\xf3\x8f\x9d\xb0\xe9\xe5\xf7\xbdU+\xa3\xa9Xt\x8e\
(\x96\xda( `M\xa5BTz\x81W\xe0\xfb4\
\x04M\xb4\xe0|\x92\x81\x9f{\xa3V\x8cF\xc0\xf9\x86\
(\x86\x89\xe1\xc3\xc5\xde\x91\xa9\xee\xc3!\xdb@h\x01\
\xc4f\x0e=\x03\xf7o;\x99\x9f\xa5G\xa0\x9c\x81\xf6\
l\xc3G\xd9\xcda\x99m\xbf\xd7\xba\xc6\xe0\x16\x08\xea\
%\xd10\xb8\x8cC\xb6\xee\x057\x99\xb6\xcb79\xa1\
\xb8\xe9s\x0d\xbd@\xe3\xef\xdb\xad*J%v\x06\x04\
OO\x8c]&\x158\x98_$&\x0aOI\xd4\x00\
\xdf\x06gG=\xa1\xe2\xb3`\x88o2\xdbF\xca\x80\
\xf3\x12M7\x12\x92B\x03\xc5\xecc\xa8PU\x14\xb1\
\xf7/\xa8\xd0\xdc1\x9d\x15\xf7d\xc2\xc4J\xd8\xb5\xce\
\xa8\xfd3\x8d\x8f\x8cc\xfd\xdd\xb7r\x82\xb7\xec\xd6\x85\
q\x91I\x08\x9d\xabT7\x8eQ\xcc\x13>\x96\x18\xc4\
\xea\xa3\x7f\xc4v\xfa\xbd\xdb\xc2N\xaf\x07\xb1\x9bF\x01\
M-\x00\x96\x99\xc3|o,\xf1\x02\x111-\xc7P\
\x16\x99\x86S1\xd0~\x93\x1c\xeb\x1c\xfa\xc2\xaf\xb0T\
s\xbaE]\x8beH\xf2-f\x1bj\xad\xd8P\x1d\
6\x94f\x8e\xcf\xb4\xe3b\xd3-J\xc6\xfd\x87\xf3\x0a\
\xaa\xa8\xdb\xb2\x946z\xea\xca\x16a\x9bsH\xb7V\
\x058B\xb9\xee\xa0\xc1\xe1^\xcb9Yi\x18\x9cb\
c\xbf\x9f,\xa0/\x93uNPZ&\x81\xe7aR\
\xa9Ta\xecjyLd\x13\xb0o\x15\x81\xc2\xb83\
\xfa\xd9h\x1a\xd4e\xbe\xd3`\x1aZ\x10\x9a\x92\xf1b\
\xb1\xcf2u\xfaR\x88\xf3t_@W\x81\xbaI\xc5\
:|\x98\xe0\x0bb2\xf1E\xa7\xa1tK7\xed\xc5\
fSW\xcc\xba\x8dA\x22\xdd\x99J\xe3\xd7\xa5\xf1\xa7\
\xb1\xec>\xe5m1w\x02j\xa9\x01\xf1\xd5_ \x9e\
\xec\x9c)C\xabZu\xd9\xc1tc\x17\x15u\x97\xeb\
S\x0e\x83\xf8\xbc\xd2\x14p\xf1\xeb\xf4-JS\xe0d\
\x7f\xb2\x04\x1f\xff{\xe69W\xd0@\xe3yN\xfc\x0a\
*i\x9b\xec\xe1\x1b\xa7BF\xaf\xb7\x89\xa6\xa2\xcd\xe1\
\x82\x1d;\x9a\x98\xb9aI\xcb+\x04\x14\xfa\xa8\xb2\xaa\
\xa5\xb1\x1d\xb4\x22G\xa5#tYy\xf7Hq\xff\x18\
\xaf\x8a\x04\xc3@&R\xf4\xc7\xf6_5\x1b\xe8FZ\
\xe7\xc9\xd9l\x84\xff\xe2P\x9f\x9c0\x96&\x137l\
\x93\xcb\xeb\x92\xff\xf5\x06\xa8&\xb5\x8a\xd0\x5c\xad\x03c\
\xa3\x91\xf5\x82\xc8\xa2\xa6lh\x22F]\xb7\x22\xc6\xda\
\xef\x8d8\x17\xe4:\x03\xd8\xae\xf4\x89\x82\xa1\xa3\xa0M\
\xa9\xf7\xc0\xd4\xb1!\xac\xd9K\xdc\xb4\xc9C\x97'\xc6\
\x0eS12\x0bp\x22LJ\x1d\xcfP\x0f31|\
#yDi/'\xf3&X\xfeJ\xf6H\xaa\x05\x98\
!#\xff\xaf\xb9?'g\x94\xffE3\xf5Y\x86\xe2\
<\x91\x98\xaaY\x9b\x99\x1a\x86rM6M\x8c\xcb\xb9\
\xd59\xbd*\xbf\x10\xe3\xb5+\xbf\xc6\x17I\x1c\xd8\x5c\
G\xbe\xa9\xad\x15)\xff\xeew\x95F\xfb\xa7\x06G\x12\
#~\xa6\x1b\xe4B\xab\xce\x10\xb0\x1b(\x1a\x91\x99\xdf\
\xbb\x9c\xfcO!P\xbc\x22\x98\x18\xcb\x7f\xd6\x09\xff\x1d\
\x93\xae\xaa\xc3\x01&\xbb\xb84\xf09&\xdb%\x0a\xbe\
\xb0Pp\x86\x5c\x1c\xb8\x88\xff\x98\x5c\x0b\x8b\x8f\xc1\x0a\
`N\x95\xf8\x94\x86 \x9c\xd9\xd1\xdc\xd6\x90mn\xfa\
X\xa0@\x9c\x1d4\xfa\x06\x94c26\x1b\xd3\x0c\x14\
e}\x19\x1a\x02\xaf1M\x86\x02\x89D\xc4\x98k\x9e\
T\xba\xec=\xfd\x99\xd51\xc6\x9a\xe6*\x9ck\x8cz\
\xe0u\xdd\x09n\xf6\xb7u\xb1\x97\xe1\xb0\x8a\x17\xf6\x15\
\xc7\xbf(w_\x9d\x9e\x97\xfd\x18\x1dW\xcc\xe6\x80\x1a\
\xf1{a\x9c\x92~(1(\xe2#r\x0e\xfeq\xe2\
;.\xf8\xe8\x10\xbc.\xc3E\xbb\xda\xbbw\x17Q\x9c\
\xb1\x92r\xcd\xd3\xd8\xa0\x82h\xa6H\xd8,\x0a\xdaO\
\x8f\x10\xd4R\xabbx`f\xe2EQ]\x9c\xfb^\
\xa3\xfd\xe1j]\x0b\x16N+\xdd\x9f\xea\xe3ot\x1e\
T=)q\xa1\xbe{\xe5\x0b\xbbB\xc3\xc9\x1f\xf6\x0e\
\xcf@\xd9\xc9\x17\xea\xd7S\xfb\xfb2;6f\x0b\x85\
\x5c\xc7\xf6\x9d\xe1'\xd9\x90,US\x86\xcfFp\xa2\
w\xea\xdcE\xd4\x19\x09G\xe0<\x94^\xbbo\x1aJ\
\xa9\xdd\xaf\x85<V\x0b\xee>6}g\x87K\x03\xa3\
\xe1\xf4\xbd\xcd\xf1\x15\x16y\xc1\x06\x0f\xf9|\xd9\xc1\xac\
K\xa6\xaf\x89\x10\xf1\xb8\xd3\x19\xedM2\xdd\xe5#\xfb\
\x05\xda\x9b\x055\xaf\x07\x8a\xcc\xedd#\xd2\x8aa\xdd\
\x83\xb2\xb2\x02\xa3\x85'\xb1\xd4\x90\x95v\xf6\xb2S\x5c\
\xa2\xd9o\xe8\x9f\x92;\xecM6W\x83C\xc5\xa13\
Rz[\x07@\xf8\x10\xd5\xcf'\x87.\x85)\x93u\
\x11\x09f\x17\xc2\x88\x16\x83\x83\xa2\x82\xb3`\x939\xb8\
\x1ax\xb7\xc2^\xca\xe0\x00\xb0@=\xb9\xff\xb1b\x03\
X\x9dd\xe4\xd5,J\xc9rh\xbd\xa3\x9fY\xbe\xb2\
K\x11\xe8\x88\x07\xcf\x1c\xe1\xe1N\x98\xee6\xbf\x81\xa9\
\xf3_M]<\x1a\xce\xe3\xbb\x5c\x85\x8c\xcd#\x88\x82\
Ui\xc2\x96\xaf\x8e\x09&,2\x96\xb7P\xaa\xd9\x0b\
g\xb0\xe1]\x1dS~\x15\x04.\xfc&~\x9c\xd6D\
\xa5\xf0\x05oX\x0e_\xf8#t\x9a\xf3G\x88\xf0\x94\
\xd0\xe9q\x9b\xa82\xb4\x82M\xa6\x85V~\xef5\x1c\
s[\x1e\xb1\xe4\xde&Vq(\x06\xa3Wm\xcd}\
\xb5\xe3{\xc4\xfa\xfb\xe8\xf8\xaa-\xc0\x7f,0\x95f\
\xc8\x16\xd2\x1c`\x93\xdb\x06a\x1d\x1e\xa4t\xd4\xdf\x11\
\x17\x9d\xdc\xb5S\x83w\xc3,\xfcZz\xa7\x0e//\
6\xa3\xfc\xc5I\x01\xf33\xdf<\x90\xbeJj\xd3\xd6\
\xc7\x7f\xc1\x09\xd8\x09xf\x1b\x90w\x05\x22\xa3\x08\x12\
\xf3\x9a\xae\x1b\xb0\x83 \xe7\xea\xd6\xd9\x190~4\x19\
q\xa74\x8e\x0f\xf54\x1a\x98\x1c\x96cH4\xe1>\
\x0d\x8f\xcd\xf7\xca\xd7\x13_\xa1\xa9\xb51\xf7'\x96`\
F7\x8bP\xb1Ay\x94e\x06\x01,\x80r\x16n\
\xedI\xbc4$p\xf7\xe7\xeb\x968_\xd6a\xae\x22\
\xebZ\xf5\xac\xf9\x96n!\x9a\xba\xb1\xde\x0a\xe7H)\
8V\xe4;)s\x83)\x0f\x9e\xf0\xe5BF&\x83\
\xa1b\x151\xe2\x99\x83\x15\x17Raz\x99\xa7\xaa\xa7\
)\xe0\xfe\xb2\xb9\x8b\x8a\xaf,\xa6\xdd\xe5\x17<b4\
:\x0b\x0e5\xae-)\xe3)-i\xd7T\xf7:o\
x\xf5\x91M\x8e\xbaL\xf8]W\xcb/9\xf09\xf1\
\xbe@\xa2\x8b\x7f\xd4bw\x0fm\x81\xd8\xb7\xac>\x97\
gU9\xd2^+=\xe7Wm.O~QL\xec\
rM\xdai$\xf5\x96\x18h\x87\x8f\xb7\x89\xc9^\xd4\
!\x0a!\xad\xf8V\xa5c\xfd\xa2\xf5\x19r\xa1\xba\xe6\
X\xd5\xbb\x1c\xf9\x86\x00\xc5l\x1e\xfd\x1fX+\x97y\
\xabmsC\xb6\x10:\xe6\xaf\xc6\x04N\x8c\xcc\xa23\
\xfa\xb3\xb6&\xec\xf6X\xf1\xd3C\xa1!\xf9\xb6\x93x\
\x0b=XL\x9c\x89\x86\xe4l\xef\xe1M!\xfb+>\
.'\xda\x1eK\xb6\x98;\xe0\x19\xf2 UH\xc5\x14\
,\xb0\x1fCi\x82\x84\x8d\xe5\xd5\x0dU(\x16bC\
Q\xc5\xc2?y-:RXTi\x12\x06\xaey\xdc\
\xb0^`G\xb1\xc5\x9a\x0e\xb4[\xacBy\x9e\x0az\
@VK\x89\xf5a\xdc\x1b\x92\xae\xaa\xb0\x14\x98ST\
\xb2\xdb\xe0\xc0E\xfa\x86\xdf\x7f\xeb\x17\xb1\xc3v_\xc7\
5A\x96\xa6\x0cW\x05\xbaa\xb8\xf2\x10g{C\x0c\
\xe7\xa2\x96\x1a\x17\xabmfy\x8f\x87\xcb\x19\x1f\x16\x97\
\xb3\xff0\xaa\xf9\x04\x0f\xab\xd8\xee\xf1\xa1\xb0\x80pM\
E~vWx\xda\xb2\xff\xf2N\xd3\xb8\x19\x9e\xa1\x01\
 1\x83\x86\xc1\xe0\xe1$\xc7\x17\x97z\xaf\xe4:\xa9\
H\x80\x9cO\xfew\x03\x8bQ\xcc\xe6%?*\xd8\xdf\
\xfdUfI~k\xc3\xb3\xd3\x9d\xaf\xefcC\xc2d\
\xcd\xf3\x9et\x94X\xfd\xf9F\x1d\xd6\xf0\xcd\xd68\xf2\
\xad!\xd9\x8cP\xb5\xc7\x1b\x94\xab\xf6\x9e\x84*\x07$\
O\xeft\x18\xc0g\x94G\xaf\x17G\xaf\x84L\x08\xaf\
\x108\x10CX\x18\x01Z\xe2\x19=\xcf%\xd7\x9e_\
\x84\xf9\xac\x81\x10\xbe,d\xb8\x16\x95\xc7\xf6&g\xe6\
7\xf7{\xd0\x12{n\xb9\xae\xad\xfc\xe6\xbe\xaa\xa4\x86\
R\xcb\xb6\xd6p\xfc\xef\x1b>\x87V\x87\xca~Fy\
\xac'q\x0d\xa4\xb2\x8e6\x82\xc3\x87\xaf<\xd6'\xbc\
\xf2\x935o\xc2A\xdf\x0c\x10\xbf7j\xd6Xy\x1d\
$\xe0\xcb\xac}cM\x08\xd9[#%\x97LB\xa7\
\x1d\xbe\xa3\xad|\x11 \x97\x16f\x8b\xdd$\x06M\xe9\
\xd0\x81\xe4\x9e7[A\xce<\xfd\x14L\xebFS\xd9\
;=\xe9\xe5:\xec,M\x80\xf9%o\xd2\x0b\xa9\xbe\
\xad_V\xcc'p6vf\xfcV,\x0e\xce\x84\xd3\
9\x8b\xbd\x13k\x8e\xed\x1dlHd\xa0\xfa\x80\x02[\
\x9c\xfeBk\x82\x87\xa4\x0d.\xfe&&\xde\xab\xeb\xf2\
\x19\xc4\x0dS\xd3\xca\x05;x!y\x9d\xbfv\x0d\xf0\
\x94\xf5_\xbb\xce)\xed\xd0s\x17\x85\xe0\xfb\x1cg\x80\
\x19R\x02\x07\x06D\xf7\x0d?\x1dPS\xb5\x7fT\x8a\
\xad[L\x06\x0fi\x02PB\x08i\xd6\xc2>n\x84\
%\xe0\xfc^E\x1b\x85\xdf?\x95,}\xac\xdfR)\
\xcc\x8f\xe1\x9a\xe2\xb6\x89\xc8\x96\xb6\x10X\xca\xb9\x15\x90\
\xc6\x8bVK\x8ch\x22\x17Z]b\xcbj\xb5\xe0m\
(\xabm\x1fD\x10d\xe9\xf0EA/t6\xccm\
\x81(\xcf\xb5.\x9c#\x92\x85\xd6\xb3$\x92\xb5\x90p\
\xc7\xa9\x1e\xaf\xdd:\xa1\xa3\x196X\x85\xbc\x90\xb5\xd4\
\xa8\xc1\x18*q\xbe\x19\x9e\x08\xd5\x08\x06\xc6`\x19!\
B\xf6\xbd\xaa\x9dY\xeb\xbfe\x85\xd8\xc6V/\xd7\x98\
\xee\xfeV[\x92\xff\x02y\xb4\x9c\xee\xc0E\xd6\x93C\
\xa8\x89F0s)\xcf[\xffw\xee\xcd\xc7\x88_+\
S\xbd\xba\xee\xee\xf3\xa2\xe3.\xb0\xe5\xa6\xf3\xe4~P\
\xf1\x05\xab\x7f\xadx\x00bq\xc5\xc1\xc6X|_\x13\
5~\xd2\x13pu\x1c\xbd/\x7f\xd7\xff4\x0dW\x13\
\xa8Zl\x0er>\x11Y\xe77\xcd\xccgw\xeb\xa5\
\x9b\x0d\x85u\xc8\xd8\xfcB\xac\xd0\xc0he\xab\x9c\xec\
\xc8]M\xfb\x7f\x0b/rY|s\x89p\x80U\xc0\
\xfe\xf1\xeee\x1b\xe11H\xa3\xb5\xd6t\xda#|\xb2\
o\xa0x\xf8Dx\xf1b\xc4\xa6\x9d\xa9|\xace\xa9\
\xa7\x99\x93W\xffR\xfa\xb4_\x12\xb8\x9d\x99,\x1d\x22\
\xadd\xbd\x5c\xbdR::\x1c\xe6\xc5~\x03wr+\
\x8b\x86\xb6\xba\xaa\xb6\xecP\xbcq\xa5x\xf4`\xb1\xef\
\xe0\xc4\xd8\xe5\xe4\x0c\x08\xb1lo\x92J\xad\xafml\
\x15r3\xb0#\xb6\x18\x1eSK\x22bgq\xd1\xe4\
\xd0gZ\xb9xb\xfc\x9c\x12tR\xb5\x96w'\xc6\
Nj\x02\x90\xc4{\x1e\x095^7\x18\xdd\x1d\x0d\x93\
m\x86Y\xd0gs\x8ba\xeeo\x82cT\x22\xc1\x91\
yM\xf2p\xcaoB\xeeY^\xf7\x95\x0c\x15\xc7T\
<\xd6;9xM\xa5\x5c\x8f\xf6\x94\x8f\xdc*\x1e>\
8\xd5\xd5W:u\xa4t\xae\x7f\xf2\x8e\x80\x9f\xb2S\
\xa5{n\x81\xac]\x07\x8d\xc7\x1f\xc7t&pi2\
\xaa\xa9\x13\x03\xc5=}4_\xd5O\xe2n\xcfzv\
\x03n+\x838\x22\xde\x1c\xf7\x22\x90\x9f%T\xcb\xa5\
\x9e\xdf\x09~\xc8\xbd \xce\xb9>\xe9\xf1M\x92\xf5l\
L\x8e\x03\x9bE_C\xdae\x14\x9bKl#\x13e\
\x07e)\x83\xddY\xb2\xa3\xa1\xad1\xb7\xf3Y\xf5\xd7\
B\xb6cs\xae\x90Y\xbf\xe6\xcd\xcc\x8e|\xe3G;\
ew\x8e;\xa6\x8bb\xcc\x1el\xe1\xd3\xb5wD\xd6\
\x84\x99\xe5M\x9aoM\xd4\xa6\x1d\x9d\xf3\xbd\x87=\xf2\
R\xbf\x11,V\x09#\xab\x1b\x9c\x9c#\xe78\xdaj\
\xae\x9e6\x96#\xf6oFd\xe5\x03l%\x00\x86\xad\
PY\x07\xf1\xc8\xe4\xa38\xff\xd8\xbc\xad\xa6!\x03\x10\
-q%\xe9\xee\x04\xfa.\xa5'\x0d\xe2\xd4\xea@\xbe\
\xb5\xaf\xf8\xe0\xb6\xd2*e\xe0>y\xaa\xe7x\xb3\xa5\
:\xf4\xb3\xc3z\xa6\x06\xae\x099\xe2y^\x03\x0eg\
G\xd8\x84\xe2\xd9\x0899\xdd&\xb4\x91\xbd\x89\xb4\x10\
\x83\x85\x83\xf8\xb0\xd2\xd7\xbb$='\xf7mX\xb6\x1b\
l\x80\x7f\x85\x83<c\xb4\xd9\xd1xo&\xbe^M\
\xacc!\xa6\x8eP\x0c3nh\x1c_b\xe2<\x99\
\xf3\x89\xb1\xc3\x8a8\x0d\xd9\x85\x00\x10j\x08\xfc\xa2j\
8\xbfK\x1d\xee*\xd23\xe3\xd5\xacaQZ\xa5\xa1\
\xfe4\x1c*B\xcdm\xb1\x99*\xd0\x82\x11\xe3p\x85\
\x81\xfe\xa1\xe2\xbc\xae#V\x04N\xcb\xb2\x11\xe2<\x96\
\xdf[\xc31R\x88\x0f\xb8\xa6I8p\x9b%\xd0F\
#\x87\xb4VZV)\xd4\xac\xa6+y\x93l\xf2Z\
\xea\x08^V\xd7\xfa\xf8\x08Y\xb4\xb4\xd4~\x97\xd8m\
b\x8aJvy\xf1\xd7\x05\x1eE\x85QU\xeb\xec\xec\
\x1d\xf5\x1f\xe9\xcb+\xdc\x9a\xd2\xa1R\x9b\xc6\x1b\xbc@\
\x0c\xfe\xc8~}\x1d7\xd3d\xef~Ap\xb07\xd2\
\xd1\x87b~\x0ex\x8c\x9a\xbb\xb0\x7f\xf2\xe6\xbe0L\
\xb0FV\x1b\xa5\x87\xae\xec\x9e\xbc\xda\xf3-o\x86\x18\
#u\xcaV\x08\x9a\x10a5\xfe\xf5\x16P\xa3\xd0\xc3\
\x22\xef\xab\x7f`3N2\xffK\x18-\xe2\xa9O\xee\
H\x5c\x022\xe8p\x86\x8c2|\x9c\x1eP\xd2\xf0k\
\x19\xf5\xccL\xfcy\xe6\xb5\xb5\xeb%\x02\x1e\xb7\xd6y\
k\xa0\x7f\xf8}|\x5c\xa8/\x98\x17\x80\xb8\x19\xa5\x92\
\xb3u\xd5\xf3\x9aDIb>\xc2a\x87\xe9\x1a\x8f\x89\
\x88\x8e\x08\xcb\xec\x82\x1b\x96U\xedc_&W\x83T\
E\xc5s\xfd\x02\xcf\xf2\x02\xd3\xaf_t\xa1\x03G\xee\
\xe7J\x1aBX\xa6\x9c\x0e\xc8\x98\xe6\x22\x8a\x22\xfe\x84\
D5D\xda\x19\x94n3-}^!\x8b\x93\xed\xaa\
6me\x04{\x9d\xa4\xd9\xd5\xe6\xa5\x95|>Y\xa3\
\x1b\xc5|I\x18\x19V\xceN\x0e\x0d\x16{\x8e\xa93\
\x1d\x16\xa9:\xcaQ\xf3\x15i\x03Qyi\xf8\x08\x86\
\x0a\x85\xb3mV\xb0\xb6\x5cf ZWB\x0a\xe3q\
b\xd0\xf2\xa9\xf2g\xc8\xc4\x9b\xb1\x9f\xd7&?/\x8f\
\xed\x93m\xd0\x05\x84S\xdf\x08i\xcb\x5c\x05/\x10\x1a\
\x8az\x81O\x12}\x93\xfaX.\x13W2\xe2\x1b\x93\
\xd7\x02s\xaa`\x00\x10\xcd\xee\x83AZ\x10]\x87\x8f\
\xc8n\xcfQ\xd8U\x17\x85[\x14\xa4[k\xe1\xd3\x08\
\xb8\x11\xba\xc58(\xda\x96 \xe5\x8b\xd0H-\x16\x7f\
D\xa1\xbbO\xf4\x84\xa1\x945\xd0K\x03x\x93\xedl\
S.\x81\xd4\x9a\xfe\xdf\xea\x00y\x96m\x9d\x9bw\x12\
\xa7P%[@\x13L\x00\xe5n\xf4\xaa\xdd\x95\xe7\x85\
7a\xb3!\xd4\xccE*\xe0C\xbcPzxri\
b\xa1L\x8c\x11\xea`b\xb8\xcb\xa2\x1f\x02\xae\x04\x7f\
\x98\x1d\x82\xba\x9a\xccu\xa7\xcb\xef\xdd\x01?\x82\xb1e\
\xd9\x9b\x09m\x02\xda\xa4\x86\x05\x8f;\x0f\xca\xf6\xd8w\
8\xcd\xda\xfa\xf8;\x1d\xff\xe6\x08IF\xfa\xf4\xff\xbc\
\xca\xf7\xa8\x1cD~\xd1\x03uq\xa5\xbb8\xa8\x0bq\
\xc2\x8e\x907\x8e\x88\xaa\xc8p\x07@\xd8LVP\xe6\
\x13\x95\x15+\x98\xdd\xe6\xeb\xa8\xf9\x14Y\x815\xdew\
\xd9a\xc6\xbb\x937\xe9\x9d\xf8;\x1cc\xd1\x86\x10\x9e\
\xc1\x0eAg\xe0FfGk\xb6%\xb7\x13\xe7tG\
\x16\xd2\x9a;%TG\x5c5\xd0\xf6\xcf4>M\x1f\
\xb8\x89\x12\xf7$\xea\x98\xfc\xcek]\xde\xcc\xee\xda\xe2\
<\x8d\x1d\x04j-0\x0f\xa1\x001#\x9b\x7f]\xe6\
\x8d\xc7l\xea\xe4\xad\xd1\xe5\x9e\x1c\x1f(_;T:\
r\xb5\xd8sW\xa2\x90\x93\xf9\x22\xa5w\x7f\x9a\xf7\x15\
}\xeb\x1f{m\xda\x18\x7f(k\x11Y\x91\xa4q\x00\
\x01oy\xe1\xbc\x1ft\xb2\x85\xacUAv\xc0\x9c\x98\
\x9b)TX0\xe1\x11D,\xb7\xc15\xb3\xdc9)\
\xcd0&\xaf\xecB\x14\xa7b|>vi\xeax\x97\
J\x87\x80~\x81\xf0\xf6K+\xd2\x97D7J\x1a\x1c\
\xecd\xf5\xcdR@\xa7`\xa4\xb6\xa4\xac\xd06\x13W\
p\x055]i.+{P\xa9j\xfb\xf5\xf0\x15T\
\x81\x22\x8b\x84q\xadLT9H6iq|\x0f/\
\xf4\x16\xc8AoA\xbe\xa7\x8d\x99*\xf2eh\xad@\
\x8b&t\xb3C\xb4s\xc8.\xd4\x11\xd6z\xb3\x14\xf2\
\xc1\x04\xbb\xa1K7a\xed\xc7\x15\xc3Du\x93\x9a\x92\
\xe4]!\xf2j05S\x83#\xc9[&VAy\
p\x88\xcb\x84Pl\xe6\xcc^\xdc\xc3*\x10\xd2s\x12\
K8\x8d\xcb\xa8\x0a9qg\x90\xf4\x9a\xfa'a\x0d\
\xfe\xb6\xe2\x9c\x85s\xe4\xd2\xf0D\xead\xdd;9y\
7\xa0\xca\xe1\xd5\xaa\xde\xbb\xf1\x03\xc9\x1f\xe5\xa7\xdf\xf2\
Nn\x8a\xe9h\x91[\xd3\x11\x9c\xad\x0d\x01G\xa3\x1f\
\xed\x90\xb3L\xf0\xaeS\x83w\xa7\xf6\x5cK\xb9\xbd\x95\
\x97\x10p7\x86\xcb\xf9\x1f\xfd\xd2\xa1\xb15\x0d\xb8\x0a\
[\xce\xab\xab\x9c\x06n\x8cqt\x8b((\x1d\x1e\xe2\
\x8f\xfa\xd2\x9c\x14\xaa\xc3sa\x17\x0bCw?\x9c\x1c\
_\xba\xf5\xf7\x1d\x1f\xc4\xe4^\xae\x8a\xaa#\x0c\x07o\
4\x1f\xd7\xd2\x82\xa5\x7f,\xe9\x8d\x933Z\xb1\xf1\x0c\
\x1c\xc0o\x84abY\xb7\xb5?:\x19,*\xffw\
\xd9\xa4\xf2\x9d\xce\x14[\xf9\xcb\xea\xb8\x5c\x1f\x7fkL\
\x0e\x98w\x9f\x18\x1f*\x1d\x1f\x89^\xe1\xff\xf1\x0fz\
\xd3\x0e'\x1cK\xdc\x9d\xae\xbb0\x9d\xb7\xc2\xf0\xab\xf0\
>\xbb\xffA\xefc\x0b\xf7]\x0a\x5c\xfe\xad~9\xdd\
\xb7B6R^\x88/\xbc\xe1\xf5\xef|\xa3\xb6H\xf0\
u\xd8\xb0\x9a\x1b7\xc7\xce\xed\x82#:\xdbB\xd4\x11\
y\x11\xf9f\xe7\xe2\xdf*\xceE\xca,\xe0\xce%\xae\
]\xa8\xc1\xe59\x9eG2\x0at: oR\xe3\x85\
\x0adjm\x8e+\xb2B\xc1f\x02\xc3\x06S\x98\xe8\
\x8a\x18\xf3F\xb6\x08\x96B\x86\xe2\x8f\x94\x97,\x18`\
c\x9a\x92X\xad\xea\xf4\xf6nYO\xec\xa0\xcc\x15\x09\
\xdf\xf1U2\xfb6$kgu\xaa\xdc\x03\xe6\xbe1\
5\xaf\x7f-U\x96\xe1a\xbd\x9d\xa8.\xdc\xd9\xb5_\
\xfdU\xc3\xf8\x9b|$\x9c\x96\xcc\x86\xf5\xab3\x9a\xdc\
\xff.\xd5\xd7h\xd3/\xb1\x1f\x8b\xdd\xbb&\x87\x86\xf1\
WPU&2\x0dVv\xd1-\xbe!\xe6\xf3\xba~\
v\x9a\xd8\xb8r\x91\xb8g\x9f\xd8\x02\xdc/4\x90)\
a\xa8\x0b*\xbb\xc5<\xfex\x8f\x9b\x92\x12\x17{\x8a\
_\xe4\xb8\xae\x95M\xd2\xe5Bk)\x86\xb1\xd4:\xb3\
\x88%\xa1\xd8J>\x5c[*3\x94\xbf\xe3\x96\x9a~\
\xa7\xbd\xd7\xfe_\x95Gf\xd6\xd0v\xba\xde\x90\x0eA\
v\x12\xc80(/\xa0\xe2\xc3?\x19\x0c*g]\x9e\
\xce\x81\xc9\xa3\xf8\xae\xba\xae\x11H}$\x1bi\x937\
y\xb4\xdd\x14\xd3\x8b#R\xa9\xae\xd6}\x87\xf1\x046\
\xf6Rx\xe4*\xbb\xf7\xc8y\xf2lS\xec\xa8\xa7\x0c\
\xc9\xac\x9cq\xc2Xl\x98qz\x9d=W]}h\
%\x12\xa9\xd9\xd4\x17\x03\xce\xc9\xe1\xbf\xdf\xb3\xae\x1b#\
p{\xfd\x8d6\xa5\x14\x92\xf1\xf3G3K\x16XZ\
\xe4'1\xd2'\xe5\x0d\xf7R\xc1\x99b]\x8428\
\xacB\x0b\xf3\x0b\xd3\x9b&\x19\x9d(\xfb\xc7Q\x00-\
\xf74\xc6<\xf8\xac\x02ZT\x9c\xe15\xc2\xa85\x18\
P'\x9f%~r'c\xc2c\x940\x8a\xde\xfd\xc5\
\xa13\x9c\xc0[\xe4g\xb1=\x87\xfa=a\xdbu\xd8\
6\x96\xbc\xc8M\x9e$\xb2\xf5\xe6h\xf0E\xf3[j\
-\x97J\xe9\x9cU\x94.\xdaN\xa9\xfd\x0cizi\
\xa0R(\xb1c\xc1t\xdb`\xaa\x0a\x0c\x1c\xf9ar\
\x89*\x82\x9e#W'\xc6\xee\xaa\xf2\xb6\x93\xfb\x8b7\
>\x01\xce\xb4;\x13\x0f\xfe\x5c\xbay|\xe2\xa1\xda\xce\
bf(9\x01\x08\x028\xbc\xa7x\xbbk\xeaL_\
q\xe8Aq\xf4\x0a\x11\x04C\xcbrj\x1f\xcd\x85\xf4\
d\x1b\xdc\xee\xd1d\xdbB\x83\xfb\xaa\xe6K\xd5N\xde\
;\x9f\x0cO.g<\x95,\xa5\xadl\x19\xb5k\xb0\
\xa3\xb1\x92\xdb\xe10\xdfB\x07\xf9\xcb\xde\xd6_\xe6$\
\x16LM\x94\xa9`\xd6Q\xc5Vc)\xe37\xca\x03\
\x0c2\xcb\x08\xa0\xdc\xd4\xecr\x16Q\xbcw\xb3\xf8p\
\xaf:\xa4w\x8d\x17\xbb\x0f+\x81\xc7\x0b\xf7UP\x91\
\xa8\x98\x1f(\xe3\x97\x0c\xe4\xc3\xe5\xab\xb7\xb0\xf2*\x99\
\xb9b\xefh\xb1g_49[\x07Pk\xdc\xef\x1b\
=\xc5\x9d\xefO>HZ\x1e)\xf7\xef\x09\xf7\x89_\
H\xef\x0bP\xb9rSu\x98U1*S\x82\xb8\xd4\
\xf3b\x1a\xa7\x110\xb4yX\xcbx\x8d9\xf5\x94\x8c\
m}\x0eu\x91m\xdc\x98\xc9o\xc957g\xb04\
R\xa0Y\xbf+\x10^U*\xfeog\xdaV\xfc\xe9\
\x02\x93YVI\xcaU\x9e\xc8\xa7[j\x1ek\xc5\x96\
HW\xa3\x80\xf0\xb6\xc3t\x98\xf8C\xbd\x072\xbfL\
&\xb6#\xa3k\xd2\xcf\x12i)\xff7\xd2\x13\xad(\
\x98\xb0\x22\x98\x9d\x8dp\x5c\xa9\x8f\xd1`\x94E\xa4r\
\xba\x7f\xa6q\x8d\x8c\x97\x8e\xdd\x88\xd4\xce\xbd\xea\xb4.\
\xc7\x9a[\xa7qm\xcf%\xf4D\xcfI\xc7\xe0\x16\xef\
\x95\xf6\xe0\xcdB\xfd1_\xc7\x0cG\xd8iN\x1a\xab\
\x13&cI\xb7\x90\x85\xd7\xe6UX\xe0(A\xac\x0c\
\x91\x95\x18\xd3F\xeb\x94\xeb\x8aQ\x0c\x11\xa4\x8e\xfd\x17\
\xd8[\xc5\x0b\xc8,\x1f\x7f\x8f\x97z\x81\xbf\x14\x1d\xd6\
\x8f\xfcj\xf3\x01\x5c-\xa0e\xbc\xe2\xbdZ\x83\x96\x11\
\x0a\xf6^\x8a6\xa2\xc1\xce!\xb2HN$\xce5\xdd\
8\x15\xdf\x91\xb4\xe1[\x868\xb3)\xd6?\xbb\xd6t\
\xcb\x98#\x08\xdd~\xff\x1b7\x1a\xb8<F\xa7>\xa2\
\xe3\xf5-\xd3\xe6,j\xf3\xde\xed\xe2\xed\xddS\x7f~\
\x98\xccrr\xc4\xbeUi\xfd\xb7\xd2\x84\xa0\x87\xe1/\
\x93z\x87\xf1\xbcI\x80_5\x12\xaa\xae\xc3C\xe6\x93\
)\xc3\x0e\xe7\xa58\xc0\xa9\xddC\xe5\xa1\xdb\x7f\xeb\xda\
\xa5\xd4\xfcn\xee*_\xd8\xa5\xd2:\x00\xccO\xcc\x8e\
\xd2\xc0u\xe1\xb0\x9eS\xf3\xae\x050Fj\x8ek\x11\
\xc2(W\x1b\xcfJ\xa6\x0a\xfd\xb25\x86\xf4\x90WP\
?\x8e9\xb7\xcc\x9a\xce\x96\xf6\xfc\xf6|\x08*Z\xc7\
\x1d-v9\xc2cB\x92n\x89\xe9\xb0\x02\xf4\x8ay\
\xcc\x04\xffs\xa0T~\xbb\xbf\xa2v\xad\xaci,\xbf\
\xbb\xa4Bn\xd7\x82r\x16\x1a\xe0!\xc6\x8c\xbe\xb9\xdf\
\xe3\xa5wE\xee\xbc\x0d\x02\x92\xb1\xd6b\x18O\x8c\x87\
\x05\x91/W\xc8\x99\xd6\xa6q\x5c?\x06\x04\x84\x0d\x9c\
\xa2\x1dIJ\xc2\xaf\xf5\x1a\x5c\xc8\x1b\xbd\x9f?\x81?\
O\xcc\xc8\x89\xe1\xae\xa9AA\xb7o\xb5\x91\x1b\xc7+\
\xddO\xf2\xd5\x92\xdc\x85\xb8i_\xa2r\xa9N('\
\xf2M\xf08\xddS\xd8\xcd\x5c\xea\xc6\xe5T\x92{\xcd\
\x04\x83\x8e\xb5ZG\xadN\xab1]>A\xc9d\x7f\
&d\xe0\xee\xaf\x19\xcf\xed\x9a\x88\x16l^\x0cx\xe1\
2m1\x01t\xb9$s\xe9\xe4\xf8\xd9\xe4$\xa1\x0c\
\xf2\xe0\xd7\x18 \xc6\xd8\x8e:L.\x9d\x89\x06y\xe6\
\xb1s\xda\xad\x0fw\x11\xc5P\xce\x1d\x9b\xa4\xb5^a\
y\x1e,\x92v]\xa6\x1d4\x03\xac\xa8\xe1\x06Zg\
\xc1,|I\x0f\x08\x85\xe4K\xf9\x8f\x85\x10\x5c^`\
\xc2\xad\xc3\xa60\xfe&\xc3T\xeb\xbdf\x89X\x82\xee\
\xc9\xcd\xe4w\xfax\xeb\xa7\x09?\x03\xf4\x1c\xeaj<\
p\xa8xp<\xce\xde\x97\x06\xd6\xa9M\xc3\xe2lJ\
k\x82\x8e3\xe4e\xed0\x98H\x19,X]\xacb\
\x19\x1fL\xb1\xef\xf3\xc9=\x0f4\xd3\xb1ZZ\x0a\xdf\
\x9f\x02Hy\xff\x91\x89I\xaaA5=\xc3\xc7V\x15\
%\xc9\xd6\x0a\xb3\x17\x13\xca\xd3\x8a\x97\xdao\xf1\x93\xe7\
\x98\x06i0\x09\xba\xa8\x969\x1f\xb1\xb9(UP\x10\
\x057\xfb\x8f\xa8\x88 \xe0\x03\xe4\x09\xfd\xb1\xf7\x02\xdc\
\xae\xc2\x94H'\xcb\xe7\xbb\x8b\x7f6vN&\xc7\xa9\
\xf3\xc9V\x96g\xe9q7K\xc07\xa2TZ\xf2\xbb\
 \xa9\xb0\x15\x8a)m\x1e\xc4\x96/\xba69V\x84\
\xba\xe9\x04'\xdfi\xba^\x82]CvC]\xc1`\
[\x03G\xa9\x8a\xb9 5<d6\xc3s\xf7}s\
\xfb`\x9dC,\xb5\xc7u\x0f$\x06\xd5VQ\xb0x\
\xae\xad\xe3\x01\xe5O\x8a5\xdc\xee+\x8e\x9c\xa8\x04\x90\
\xd4;\xa0\x93Hg-K\xab[\x1e\x80=<\xec\x96\
\x99b\xf7M\xa7U*\xb7\xd4\x95\xa6\xb6&+E^\
O\x8ctZ-MT\xe4\xb5\xde\xeeK\x5c\xaf\xdc\x8c\
\x1a\xb44\xc7\xcf\x95O\x9c\xe6\x8a\x9aJ\x0d1\x10\xe9\
\x0b\xeb\x1f\xfc\xf5e\xb3g\x16\xcf\x96\xaa[h\xd9[\
hp\xd7\xaf\xe3\xf9UA\xb8p^\xd0\xb5\xd4hm\
\x1ax\xf5WA\x13\xae\x11\xe43\xb44VQ\x8aH\
\x8b\xce2\xb5\xa4T&\xd6\xf2\x14\x8e\xdd\xca\xb2n\xc5\
O\xbd\xf4\xaf_\xb2\xdd\xc0*\xa7\x11\x85\xc2\x05\xa1\xff\
\x176\xaa\xeb\xb4\x8b\xf7G\x95\xf7\x1b\xea\x05-\xf0z\
\xd9A>\x94\x8a\xbd\xb7\xf9\xb4\xd9\xd8\xe6\x8e\x86l!\
\xb7\xb9M\xa0\xcd\xee\x8f\xe4\x09S\xcd&\x08G\xf9\x89\
\x22\xd7\x80\xc8\xd3\xdd\xcf\x0b\xb2\x9bLp\xa6\x89\xa2\x08\
\xd9 ,\xc5\x14rx*\xd1\xb3\xc10Ed\x84q\
\xd0 \xa1\x9a\xec#\xe7\xe5\x95\xd4\xe8M\x1b\x07.6\
\xd3\xfb\xea\xeb\xb3\x1d\xc6\xd8\x02\xc1\xb6\xedD\xa0_\x80\
\x95\xd7\x1a59\xdd\xa0\xd5\x0a=\xfa1\x05m\x05I\
\x89\xe2\xb1^DM\x13\xaf\x87\xce N]\x1c\x10\xbe\
\xf2\x0bA\x223\x8c\xe1\xe5\x03\xb8\x85o\xa1\xcf\xa7\xf0\
\x95\xc6\x0d\xaaD\x09\x0b\xd5\x85G\xac\xdb)\xf9;P\
b\x96In\xaa7\x12C\xd5p\x05\xfa\x0bW%\xf6\
\xc6\x1ed~\xf7\xc6\xda\x8cL\x1a\xb8$\xb5u\x91\xf5\
\x8b\xb7,\xfb\xe1/E?\xab\x98\xd6\xa5,&\xdb-\
\xf6\x82\x0f\xb3\xbc*\xc4}{\xcc\xef\xf2\xadH\x97\xdf\
2\xcf\xect\x7f\xf8\x04/N7k%\x96R\x0fa\
'\xba\x84\xda\xa6\x1d\xc2.\xe7:]\xa2\xe4F\xef\xa8\
\x5c\x0f\xbf\xd6\xebc\x9b\xa9\xef\xb2i\x87\xac\xe1\xc4\x96\
\xc1\x8fr\x98b1\xe1m\x19\x8e\x11#\x15jgc\
\x90O\xfc\xf2\xcb\x83\xa3\xab\xc3\xb9\x102\xb0\x5cW\x06\
\xc5\x95?\xa0\xfezNRl\xff\x8d\xb5+\xe5J\xcb\
\xa5A\xfe\x9eg\xe7\xe5c\xab.D\x0f\x87\xb1'w\
*\xa5\x95\xff\x045\x83Js\x97F*}\x8ef\xad\
+IL\x90Y\x22\xa9r\xd7`5)\xade\xba0\
@\xa9R\xfe\xadk\x17\x8a\xd6\xa9\xd9\x82TW\xe67\
M\xad\x8dm\xdb\xf2\x91T\xe7\x87\x91\xbd\x81:\x0b~\
9\xda*A\xc6\xc7\x87\x0b{\xa9\x10\x9b\xc8&O\x05\
T\x19\xec\x06\x81\xda\xb3Xb\xf1Q\xbeD-\xf5#\
\xae\xc19\xde\x0a\x11\xed\x9b4\x17o\xa8\x02^\xc5\xb5\
\xee\xad\x1e\xab\xd52\xacOw\xf7\x98\xac\x8f\x8d\xd1\x8b\
\xa4\xaa\x91\x94|\x13\xc5\xfe\xb3\x8eB\xcb\xbf\xf1\x97J\
\xe6\x17\xf8\x0f\x8e\x14\xef]\x99xx\xb5|\xf6\x8eB\
Y\x81^+.`E$\xca\x5c7\xa3\xfaC\x0c\xb5\
\xc7z\x8d\xeaO\xb1\xfb\x9e\x90N\x5c\x044\xc7\x98\xab\
\xc6\x8bp;Q\xc8\xa0I\x95\xc3\x0c(\x9b\xf2=\xd7\
\x92\xb3[I\xc8\x1c<\x1fFn\xd7Bl\xba#\xfa\
\xbd\xba\x95\xd0\x97\xfc\xbd:\xaa*\x9e\xe5\x0cb\x96Q\
B\x82\x1d\xbb\xee{z<w\x05\xd2\xb0b\xf9\xac\xca\
\x86@\xea\x8d\xac \xcd\x15\xc6\x0fPI\x07>6\xd0\
\x0a<\xbb\xd8i\x94gw\x81\xd0r\x93+\x1c\xc4\xe6\
\x17\xdaBA\x1fI\xc706O\x06`\xe4\x0c+y\
[\x15\xd6\x14q@\x8b\x22\xad5F$Tk\xb1=\
9\xd8\xbc \xd2\x18\xbb\x15\xfc\x86\x10\xdc\x14\xe6\xa4c\
\xa3\xb2\xfb~eH\xf5\xc1\xec-h\x5c\x9b\xc2g4\
\x8d\x87\xdf\xcf:\x10\xa3i7\xf16\x9d\x94vC\x8d\
\xb8\xd6\xact\x18f\xf0l\xb9\xb0\x1c\x88\x9cOc\x80\
p\xe4\xe4\xd7{K\xa3\xfd\xc5\xc3\x17\xd4Y+\x86&\
?\x86\xc0\x0b\x87\x89j\xe3\xcf\xc5\x0b\xf9\x83\xd1u\xe4\
\xcd\xa4^\xb8\xddA\xd1Y\x9b\xce7\xb6\xa4}\xfd\x93\
\xa9\xfd\x07K\xc7\x1f:(\xbe\xe1\xd1\xd2\x8dK\xba\x82\
J\xb9\xd7\xca@Va\xa4[\xf8Nr\x88u#\xf4\
\xcb\xddA\xb8l\xa4\x14\x91 Qg\x89\x13\xacb\x9c\
\x1c\xea\xa4~(x\xdaB\xb91gW\xaa\x060\x97\
X\xbc\xdfWy\x00\x9e\xd4\x0c\xbf$C\xf3\xca\x1dB\
\xb5\xec\x86u\xa4\x83\xc3\xe0Y~\xd3+\x1f]\x9d\x87\
o\x82\xaa\xe4v\xe6x\xaf!\x9f\xf8\xd0V\x1a`\x9a\
\xd4\xdc\xd3U6\x98a\x8dz\xcb\x88\x1cw\x93.\xa1\
\xa3\xa7Y\x09u\x1f\xb1\xc2)+\xa4\x18\xf2\x17\xce\xa7\
\x1eo\x9dS\xf9r\xec7%-\xb32\xda\xa9U^\
e\x9c\x07\xd3\xebR\xa6Qx\x8b>\xba\x06\x91\xbau\
\x11:\xd6\xa9\xaf#\x19\x81\x10\xae\xb6\xe7p\x10\xa5\x03\
_\x94\xfa\xfa \xbe\xa9v\x03b\x07\x0c4\x10\xaa\x1d\
\xe4`\xedK\xde\xa8BR\x9f\xd4\xc8\x98\xe3\xc6\xb0\x91\
\x18\x22!\x15\xa2K\x0f\x92\xcd\xb4\xa2\xad\xce\x81\x12\xc5\
\x11\xe6\xab\xa7\x15\xc1f\xd2hEf\x1aF\xc6\xedN\
\xef\x02\xd5\xe5B\xfb\xd3\xe8\xbaq\x8f\x01o]\x84\x17\
*oP\x5cxAs)\x0bl\x1d\x94\x8dh==\
\x1e\x8dn#\xc2\xc9V\xc3\xd8\xaby%V8(\xa9\
N\xb8Qt\x11/'V\xff\xe1\xd4\xf1]\xc5\xa13\
\x18\x98.\x9d\x1c)\xf6\x1f\xfd\xe6~\xcf\x8ad\xb1\x8d\
\x22TN\xc8g\xcf\xac\xf9\xa5f\x1fdS{\xfc\xf4\
\xe4M\x81\xb1\xee\x97\x8c\xa80\x05\xbc\x88\x8fG\xc1\x8b\
O\x01w\xb2.k\x0fX\x85\xf0\xe9\xd2\xc1\xcb\xc5\xa3\
\x07\xc3s\xf2MH\xd5m\x84\xef\xdaA8c\xb5A\
\xf9}q|\xa8|\xf6Ty|l\xf2\xc1\xf5\xb0\xf6\
%$`LO\x11l#\xea\x11\x0c&4\x11\x96\x95\
\x936\xba\x9e\xe9Bd`,\x0d\x9cOlG\x8c\xf6\
\xf1|A\xf1\xf8\xa5\xa9}\xc7B$\xa2/`\xc9(\
\xa2\xb5\xa8\xe4\x99\x90r\xe5=\x93\x0eR\xa6\xd8\x0av\
iC\xea'yfE\xf8\x15\xdd\x87v\xb0\x9c\x12W\
\x02\xfd\x9f\xa6\x89\x1d\x7f\xec\xccu\x0a2\xa0\x1fBN\
\xb9\xc5\x90\xb5n\xf1\x05\x16)\x1dc\xe9\xb8\xf4I\x9a\
O\xa9/o\xb0\xc1\x11\xe6\xed\x9f\xeeO<\xb2X\xb1\
\xb8\x02\xec\x0et\x15/)\x5c~\xe9\x84\xa0\xc6\xba\x8e\
V+z\x8d<\x9f\x96\x87\x9d\xadOo\x22(`\xc1\
\xb63\xc9\x87\xa4\x1a\x80\xe2\x91C\xc5\x83g\x91\x8a@\
\xb2ax\x17yt\xf7\xd8\x9a\x84\x86\xcaW\x0f\x17o\
\xf4?j\xe5J\xdd\xd4@\xd7\xe4\x95]i\x8e\xbaJ\
\x04\xe0\x12mu\x0e\xeas\xa7\xa7\xc6N\x85\x91\xce\xf7\
\x8d\x91\xda\xcex\x89\xf3\x04\xe3l\xd3\x04\x14l\x04@\
\xa8\x8e\x8a\xef\x98\x0b\x93\xd46\xd5\xb6\xf8\x83y\x9d-\
0'\xdc\x8e\x01\xa5\xdd\x89\xe11\x01\x8br\xcc\x90\x02\
i\xb8hN\xb4\xeb\xfe\xdd\x03Gj\x12\x09m\x84\xb7\
\x80\x7fP0\xa5\x1fY\xc72\xc1U\xb9\x954pS\
d\xb6\x1d\x1c\xf2\xbfL]T\xa1\xcdL>\xd7\x9ck\
(\xe4\x1a\xff\xbd=\xdb\xf0Qvs.\x9f)\x8ew\
O\x0d\x8e\x95N%\x86\xde\x81\xd2\x09\x12T\x88\xf2\xdd\
\xcd\x82)\xb2\xef\xe6\xc3:k\xb1\x1f\xc42\x87\x18R\
\xf7a\xfe\xd2!\xeb\xa2?\x0d\x1aho_j\x09u\
v\xe3\x93\xd2\xd0\xd7\x96k\xd1\xbe\x11`\xd3\x84\xb7h\
\x8c|)\xdb\xa5\x8e\xf0di\xaf\xabo\xf0\xabd\x81\
\xbe[\xf3\x0e|\x83\x8dl\x91d\x09AX o\x0f\
\x0d\xe1\xe5\xccn\x81a\x96.\x8cL\x1e\xdc\xadr\xc1\
z|\x99_\xad\x7f\xf7\x9d\x8c\x8a\x84\xdc\x1e\x14F\xf9\
\xb3\xc8(\xdd\xb1\xe5\x8d\xa8wX\xa7:\x97z\xfer\
P\x15\xfb\xa8/\xfbE\x94\xf0d\xb6\xf7qr\xc1\xd5\
J\xdfV\xbe`\x1fw\x1e\xe77\x00<$\xdc\x00\x8f\
\xd5\xbc\xee\xed\xae\x19SWN\x0a\xfb*T3i\xab\
\x88,\xacC\x1d\x93\x18\xbe\xb0'\xf9\xef\xff\xf6\xbd\xef\
\xfd\x7f\xfac\xed0\
\x00\x00\x8c3\
\x00\
\x01u\x15x\xda\xb4\xbd\x07@TG\xd77>\xbbl\
\xaf\xd8P\xb1\xad\x1d\x89\x0a\xd8\xc5.\xf6\xb2\x08\x8b\xa2\
\x11E\xcaR\x22MX\xb0\x10\xac\xa8(\x22\xa0bo\
D\x8d%\x11\xb1\x1b\xb1$&\x1a\x9f$\x1a[\x8c\xd1\
\xd8\xd9\x05L\xd1\xa8\xd1D\xa3\xfc\xcf\xb9w\xcb\xbd{\
\xefb\xf2\xfd\xbf\xef}\xde\xe7Y\x81\x9933gN\
\xf9\x9d3gf{\x1f\x8bn\xf0\xcd\xe3\x8dE\x17\x9a\
7>=\xa5\xf8\xe4\xed\x9d\x84\x10\xf1\xac\xb8\xf0\x00\xfd\
@BZ\x7fN\xc8\x88\xaf\x08\xd1l%d\xb4\x88\x90\
z\xf5\x09\xf9\xdd\x8d\x90\x0f\xee\xc3\xe7\xc7\x84dG\x11\
\xf2\xc4\x87\x90\x1bU\x84\xfc\xd1\x9f\x90OW\x13a\xcc\
\xef\x84\xb8w&\xa2\xc5\x1b\x08\x91\xee%\xa2\x8fg\x12\
\xa2L'\xa2K\xad\x09\xa9\x93ID\xaf\xe1\xb3\xfe\x16\
\x22\x1e\xd6\x95\x90\x96yD\x1cs\x8a\x90vQD\x1c\
\xb7\x8b\x90\x0eW\x89\xf8\xc3\xf6\x84t\xf3\x87\xcf\xb5\x84\
t\xafG\xc4\xb9&\xf8\xbcB\xc4\xab\xa3\x09\xe9e\x22\
\xe2b1!\x03\x97\x13\xf1\xe7FB\x86\xe6\x13\xf1\xf7\
_\x132\xb2\x13\x91~\xf4\x0d!\x99S\x89\xf4\xc47\
D H'\xb2\xbd\xee0\xdf\x9eD\xfe\xdb3\x22 \
\x07\x89\x22\xe2\x00\x11\xf4\xaa \x8am\x95\x84\x9c\xff\x9b\
4\xf4\xbbG\xc8\xff\xb6\x10O\xf7\xd7D \xf7$\xba\
\xc9}\x09I\x1bEt9\x01\x844\x18J\xde\xbb)\
#\xe4\x81\x86\xb4\x7f8\x1c\xda\xa5\x90N\xbf\x03\x0f\xc8\
\xef\xa4\xe7\x8aq\x84\x9c\xbaJ\x02\x92j\x13\xf2^\x13\
2lzOB$\x9f\x93\xe1\x92\xb3\x84,\xddFF\
t+\x22D\xa1%#u\x8b\x09Y\xfd%\x195\xf4\
3Bjm&\xa3\xd6E\xc2\xe7\xe7D\xbf\x1axZ\
\xbf/\xd1\x9f[A\x04\xa3\xb6\x93\x90\x0f\xf7\x13rk\
 \x09Y\xb0\x14\xf8QJ\xc6-\xdd\x01|P\xc3\xe7\
q\xf8|A\xc6\x95\x9c\x81q\xfe \xe3\xca\xe1\xb3\xfd\
82\xfe(\xd0\xeb\xfe'\x99\xd8g\x1a\x11\xf4\xd4\x90\
\xc9\x05\xd0~d&\x99\xfc\xf8)\xfc\xfd'\x12]\xd2\
\x8e\x90\xd2/\x88Q.'D\xd8\x89L\xad;\x84\x90\
?\xa7\x93\x04\x1c\x7f\xf4+\x92\xd8\x0b\xf8Uw9I\
\xa9\xfb#!+\xa7\x93\xd4I\xb0\xde\xfeO\xc9\xcc\xef\
\x8f\x12R\xd4\x83\xcc\xbc\xad&\x82\x16&\x92e\x9aJ\
\x04uR\xc9\xec\x88\xe7D\xa0.&\xf3\xae\xc2xn\
\xb7\xc9\xfc\xa3%\xb0\x9f\x1a\xb2w\xe9\x09B\xbe\xb8O\
\x0e\x19F\x12\xf2\xe5\x0eR\x96\xbc\x0d\xe8\xb6$\xe7\x88\
\x1c\xf8?\x84\x5c\x9eq\x98\x10\xcf\xf6\xe4F*\xac\xef\
\xc8Xrc\xf3>B>\x9cL~\xea\x0e\xe3\xd5=\
GnE\xdc dC\x06\xb9s9\x02>\xb7\x92{\
\xee{\x88`x6\xb9\xff\xc9N\x22\xf0\xeeM\x1e$\
\xaa\x08\xf9\xec'\xf2\xb0\xf5*\x22\xf0oG\xca?\x83\
~\x8b\x06\x13\xf3\xd1>\x84$\xd6#\xe67\xb0\xff\xf7\
\xb7\x91\xca\x92\x03\x84DM'U\xc7\x80?\xb9\x87H\
\xd5\xe7@ws\x08\xf9\xc5\x0f>\xb74 \xbf\x9a\xb2\
\x08\xd1\xee \xcf\x9e\xa6\x10\xb2\xf5\x11y\xady\x9f\x08\
\x1a^ o7\x0c#dr$\xa9\x1e]\x87\x10\x9f\
z\x02\xb2\xc8\x00\xb2\xbe@ \x08\x86v\xc5u\x05\xc2\
\xc4\xc1\x84\x0co#\x10?X\x0d\xb2\xed%\x90\xf4\xeb\
LH\xf8$\x81R\x11DH\xca\x06\x81\xa6\xdfKB\
\x22\xc3\x05\xda: w\x13\x07\x0a\xeal\x1b\x05\xf22\
SP/\xeb\x13B\xb2N\x0b\x1a\x84\xff\x0a\x9f\xa1\x02\
\xcf|\x90\x8b\x0bw\x05\x8d\xbe\xff\x9b\x90\xa9\xa1\x82&\
\xdf`\xff\x9f\x80\xc5\xc9\x84|\xa4\x15\xb4\xcd\x02\xfa\xbb\
,\x82v\xcd\xc2\x88\xa0\xd3+\xc1{\xb1\xb0\x8e+\xab\
\x05\x9d\xfc\xf6\x12r\xeeOA\xa7\xc3 \xa7OK\x04\
\x9d\x13A\xdfv\xf4\x16t\x0d\xba@\x88|\xa6\xa0G\
\x97%\x84\xfc2C\xd0{\x0b\xf0u\xc68A\xffC\
\xb5\xe0\xe7\x9d\x82\x80\x1c!\x114\x9f \x18\xde\x1f\xf8\
\xff\xd1t\xc1\xf0\xa8A\x84\xe4\x8d\x17\x8c}\xfa?B\
\xfe\xbe'\x988\xb3%!\xb2)\x82\xf8\x9b \xef\xd2\
N\x82\x84R\xd0C\xf7\xdf\x05s\x8f\x82\xfc\xcc}#\
X\xd2-\x89\x90C\xed\x05\xf9\xb3\xe1\xf7#\xb7\x08\x0a\
\x05\x07\x09\xe9wFP\xe8\xf7\x9c\x90\xb7y\x82\xb5_\
\xb7\x02~N\x13\xac\xa7>\xfb\x08\xb6\x8e\x029~\xaf\
\xa1\xe0\xe3C\xb3\x89\xc0\xf7[\xc1\xa7_7!\xc4\x1c\
*\xd8{x\x02!Sb\x04\x07\xcf,\x22\xa4Q\x0b\
\xc1\xe1}0\xfe\xe8B\xc1\x17~3\x08Y\xd1Bp\
ft(!\x9f?\x13\x9c1\x80\xbe\x0c\xa9\x14|W\
\xb2\x09\xecL\xa2\xe0B&\xacw\xdb2\xc1\xc5\xcfw\
\x13A\x17\x93\xe0ztW\x22\xa8W%\xb8\xd5\xe97\
B>\x09\x13\xdcI\xbc\x03z6Npg\x1f\xc8o\
\xba\xbf\xe0\xce\x13\xe0\xef\x17y\x82\xbbW{\x10\xc1\x90\
\xf1\x82\x87\x0a\x7f\x22\xd0N\x16T\x0e]\x06\xebV\x0a\
~\xc9\x00\xbe_O\x15\xfc\xee\x9dH\x04\xede\x82'\
\x0f\xa7\x83^6\x13\xfc\xe1\xf3\x01\xd8\x81I\x82?\x0a\
LD\xe0\xf9\x87\xe0\xef\xe81 w2\xc1\xdf\xa7\xb5\
\x84T\xff&x\xfd\x0c\xf4<\xc1O\xf0v7\xe8\xf1\
\xe1H!\xb9$!$\xf4;\xa1\xb0\xe7>\x22\xe8>\
[\xa8|\xde\x8c\x90c\x0f\x85\xb5\xbe\x98I\x04\xfd\xde\
\x0a\xeb\x5c\xf9\x81\x90\xf5-\x85u\xae\x1e!$`\x91\
\xb0\xee@\xd8\x9fu\xcf\x85\xf5\xe6\xfeD\xc8K\x9d\xb0\
\xfe\xe3\x0aBnZ\x84\x0d?o\x00r\xd4L\xd8t\
\xecS\x22\x18\x90*lu\x08\xf4\xee\xce9\xa1W\xe3\
\xef`\xbd\xdd\x84\xed\x96\x02\xdd\xcd\xdf\x0a}\x8a\x9a\x13\
\xc1\xe0\xfbB\xbf/\xc7\x12\xd2\xf9\xb4\xb0\xd3\x01\xb0\x9b\
\xeb\xce\x0a\xbbv\x9dA\x04M\xaa\x84\xdd.\x0e%$\
X)\xec\xa9\x81\xf9]\xce\x14\xf6\xbc\x0c\xf6\xf7\x7f\x17\
\x85\xfeS\xa4\x84<\x9b-\xf4\xbf\x03\xf3\x88Y\x22\xec\
=\x1c\xd6\xdb\xd7$\xec\xb3\xf7\x0d!\xbf\x0d\x14\xf6?\
\xfe\x80\x90o\xc7\x0b\x07\xae\xa9\x04y;'\x0c\xd8\x1f\
\x04z\x9d.\x1c\xb6\xe9:\xac\xf7g\xe1\x08w\xe0\xe7\
\xe5=\xc2\x91Y`\xf7\x9b\xf6\x12\x8ey\xb2\x99\x08:\
L\x15N\xd0\xc1<_\xaf\x11\xbe\xbf\xcdL\x88\xd7\x0e\
\xe1\x14M\x22\xc8{\x950~\xc5eB&\x18\x84\x89\
>\xef\x11\xf2s\x9apZc\xf0\x1bu6\x0bgu\
\x01\xbb\xf34L\x98m\xce d\xe3=\xe1\xd2\x96\x0b\
\x89@\x95#\x5cU\xfb#B\x1a\xbe\x16\xae\xf1\x1fM\
\x88\xd1S\xb8\xe6 \xfc\xfc\xe3\xef\xc2u\xed\x8f\x81>\
\x8f\x12n\x98\x04\xeb\xeb\xfa\xb7p\xd3\xf7\xa0\xd7\x0bF\
\x09w~\xf9\x10\xecbc\xe1\xee\xb5\xbb\x09\xf9\xe9\x89\
p\xef)\x98\xc7\xed\xb1\xc2\xd2/\xc0\x1fu\x5c'\xfc\
l\x07x\xac'\xcd\x84\xa7\x97\x82\x5c\x0f\x8f\x10\x9ey\
p\x9b\x90\xde\x9e\xc2\xb3\xa1\xd0\xcf\xa3\xa3\xf0\xfc*\xd8\
\x87L\xb5\xf0[\x0d\xd8\xeb\xde\xd1\xc2\xef\xba\x82\xfd\xd8\
\x15#\xfc\xe97\x90\x8bF\x09\xc2['A^\x86\x1f\
\x13\xfe\xbc<\x8f\x90\x8b=\x84?\xdf?E\x04\xca(\
\xe1\xdd\xef\xc1\xae\xde\xde)|\xf8\x07\xf8\xaf\xbe7\x85\
\xe5\xeb`\xdd\xdd&\x09\xcb/\x5c!\x82v;\x85O\
\xea\x82\xbee\xf6\x16\xbe\xb8\x0b\xed\x1e\xed\x15\xfe5\xb9\
#|\x86\x08\xff)XEH\xd9k\xe1\xdbl\x0b\xe8\
_O\xe1\xdb;\xb0\xce\x0f\x8b\xdd\x04W\xc0>\xbcj\
\xe9&R\xc3\xfe\x94.ps\x8f\x00\xfd\xfc\xdb\xd3\xad\
V\x13\xe0\xdf\xed{n\xb5\x0e.\x00\xfb\xd0\xc6\xad\x1e\
\x81\xdf\x7f\x99\xe1V\xefK\xd0\x93-\x03\xdd\xea\xb7n\
C\xc8\x99\x227\xcfi\xd3A\xbe\xdb\xb9y\xee\x87}\
*\xba\xe2\xd6\xf4L&\x11h\xb6\xb8\xe9\xfe\xf1#$\
\xa7\xd4\xad\xfd\x80/@\xff[\xb9u\xea\x03v?\xfe\
\xa9[\xa7\x8d\xe0\xb7~\xec\xe5\xd6\xa5d<\xc8\xd1L\
\xb7.\x8f> \x82\x11\x89n\xfe#\x1e\x11\x81~\xb7\
[\x9f\x95\xc7`\x9d]\xdc\xfam\x09\x85O\xb1\xdb\xe0\
\x1e\xa0\xef\xbew\xdcF_\x00\xbbS{\x8a[\xe0G\
*\x22\x18\xb8\xc8-\xf0\x10\xac{~\x88\xdb\xb8_\xdd\
\x88\xa0\xf3\xf7n\x13\xca\x16\x13A\xb7\x08\xb7\xf7\xbf\x04\
},\xfc\xda-\xbc\xb0-\xf8\xbbb\xb7\xe8\x0e`O\
\xfc\xc6\xb9Eo\x04\xf9\xeaq\xcf-\xb6\x04\xc6\x0fI\
wK\x5c\xbe\x9d\x90\x85\x83\xdcR\xe6\xcf!\x82\x8e+\
\xdd\xa6\xe5\xc3\xfa\xb7\x11\xb7\x99\x16\xb0\xcb-\xaf\xbb\xcd\
j\x0c\xf6w\xe8{n\xb3\xfa\x00\x9d*\x1f\xb7\x0f\xaf\
\x5c\x039\x99\xe06\x7f+\xf8\xeb\xb6\xed\xdd\x16\x1c-\
\x07y\xf3v[z\xebK\xd8\xdf\x97n\xb9#\xc0n\
\x88\xc7\xba-\x0f\x02?X2\xda-?c\x01\x114\
\x0at+>\x02\xfb1\xfa\xbc\xdb\x8e\xda \xb7\x0dr\
\xdcv\xe7\x81|w\x9d\xefv:^O\xc8\x8b^n\
_\xb5\x8a%\xe4\xf1\xb7ng\x9f\x80}\xea\xfa\x91\xdb\
\xb5<\xc01\xed\x9a\xba][9\x97\x08Fwq\xfb\
\xa9\x07\xca\xd7:\xb7\x9b\x9e0n\xeb\x1dn\xb74?\
\x82^\x9fu\xbb\xdbb\x07\xf8\xe9t\xb7{\x9f\xc2\xbc\
g\x0dp\xbb\xff\x0f\xf0\xf7\xf7gn\x96\xd9 wc\
\xfc\xdc*\x0b\xc1O\x9d.r\xfb\xe5>\xf8-\xaf\x14\
\xb7_^\xf6 d\xff\x14\xb7?\xce\x80<\x0e|\xdf\
\xed\xf9\x97?\x00\x9dfn/:\x82\xfe^\xdf\xef\xf6\
2\x1a\xc6\xf9X\xea\xf62\xe5\x1a\xc8a\x07\xb7\xb7;\
A\xdf?\xbe\xe1V=\xba\x18\xec\xccc\xb7\xeabX\
_\xda\x1d\x11\x09\xbd\x05\xf2y]$\xfe\x06\xec\xaf~\
\xb7H\xe2\x07\xb8\xa7\xa4D\xa4\xbd\x02\xfbV7B\xe4\
~\x15\xfc@\xbcH\xe4~\x1b\xe5T-\xaa\x93\x04\xf2\
\x17uS\xe4\x11\x00~oy\x8c\xc8\xe3g\xe0\xfb\x99\
\x06\xa2\xfa\xc1\xfd`\xbfg\x89\xea_\x04=\x9c\xf4D\
\xd4`\x05\xf8\xe9\xfagD-\x84`?\xe6n\x84O\
\xd8\xa7m\x13D^wA\xee\xa6\x1d\x11\xf5\xec\xf6\x17\
\xf8\x93+\xa2>\xe1@7\xf5\x99h\xc0\x12\xb0\x07\xbe\
A\xa2\xc1\x0b\xc1?<?)\x1a\xd6g\x17\xec\x7f'\
Q\x88\xb0'\x11\xf8\xcc\x11\x8d?\xbd\x89\x08t\x83E\
\x11\xf0I\xdejD\xb1=\x9a\x12\xa2\x1b-Jn\xd8\
\x89\x08\xda\x1c\x10\xa5\xce\x85u*\xcaE\xa6\x9b\xeb@\
\xcf\xa4\xa2\xe9}\xa5\xe0\xcf'\x89f\xec\x82\xf9\x0e\xfe\
Z4\xef\x11\xf8\xff\x97\x97D\x8b\x1e\xdd\x04>v\x11\
-\xfe\xe0,\x11H\xc7\x8bVD\x00\x9d\xfe\xee\xa2\x95\
\x09\xa9\x84\x8c\xfd[\xb4\xfe$\xe8\x11\x09\x17}\x9c|\
\x08\xf0\xc7\x18\xd1\x9e\x16\xe0W\xde\xdb)\xfa\xb4=\xcc\
SS)\xdaO\xd6\x10\xf2\xfe\x06\xd1\x81Lh\xd7\xe3\
\x03\xd1\xc1\xc5\x80\xcb.\xcd\x14\x1d\xac\xfe\x99\x90\x1f\xba\
\x89\xce\x01[\xc8\xa7GD\xe7\x85\xd0\xbfv/\xd1\xf9\
\xecI\x844\x16\x89\xce\x7f\x06\xfbx\xb6Bt\xfe\x16\
\xf0\xb3\xf7\xef\xa2\xcb\xa3\xc1\x8e'f\x89.\xc7\x04\x13\
\xd2f\x87\xe8\x9a\x08pS\xc4\xe7\xa2\xeb\xde\xe0\x97=\
\xa4\xa2\x9b\xcd\x01w4/\x17\xddjQ\x0bp\xe5\x00\
\xd1\xafq\xa0\x07\xeaM\xa2\xc7k\xc1~\x09\xce\x89\x9e\
?M'\x82>\xafD/\xc7\xc0\xfa\x92\x95\xa2W\xc9\
\xff\x10\x12vDT\xddo*!G\xfb\x89\xc9?/\
\x08\x19\xffJ,H\x02?\xb3j\x9dX\xb4<\x9d\x90\
e2\xb1\xe86\xc8o\xf82\xb1\xa2\xeby\x90\xdb\xfd\
bU\xff\x0e`\x8f4\xe2ZA'\x099\xe9.\xae\
\xed\x01\xb8\xf5\xc8~q\x9d\x1c\xd8\x87\xabbq\x03O\
\xf4s9\xe2\x06\xdb\x81\xce\xf8o\xc5\x0dv4$d\
\xe6 q\x83\xfdq\xe0_\xa7\x88\x1b\xdc\x8c\x07\xfc\xf6\
\x8f\xb8\xf9\xc5\xc9`\xd7\xf7\x8a[\xeb\xcf\x83|}.\
n}\x00\xf4{j\xae\xb8\xedJ\x98w\xab\xdeb\xef\
0\xc01\xf7\x82\xc5\xde\xf3\xc0?e\xa4\x88\xdb\x17\x82\
]\x5c\xbe[\xdc1k,\x11\x8cL\x10\xfb\x0c\xd8\x02\
|\x1d(\xee\xd4\x1d\xf4\xa2\xf9Mq\xd7\x8d`_\x0d\
\xc1\xe2\xbe\x97}A\xbfo\x8b\xfb\xdd\x03}\xe8\xdaQ\
\xdc?\x0c\xe46\xbcL<\xf0)\xccc\xc4\x17\xe2\xc1\
\x07z\x81\x7f\x8e\x17\x0fi\x08|\xe8\xf6\xadx\x88\x01\
\xe4y\xeaq\xf1\xf0'`g\xd3\x7f\x15\x8f\xfc\x13\xf0\
\xd6\x8a]\xe2\x09'`?:^\x17\xc7\x8f\x85\xcf.\
\x85\xe2\xa4ZEDP\x9b\x883\x93\x13\x00\xcfM\x12\
/\xc38\xa1\xe7.\xf1\xb2\xef\xc0\xae\xf6\x0a\x14\xe7\x85\
\x82?5\x9f\x14\x17\x0c\x86\x9f\xa5\x97\xc4\xabf\x81}\
>\xee/\xdez\x0c\xf6yi\xb5\xb8\xf8\x02\xc8\xcd\xc9\
\x1d\xe2\xed1\x10O\x0c\xdc/\xde\xb5\x04\xe4\xb2{\x8c\
x\xdf\x18\x1d!\xdf|%\xde\xf7\x0d\xe0\x98fc\xc4\
\xa5\x83`\xdd3\xbf\x16\x97\xee\x01\xfe\x0e\xee)>x\
\x1d\xe4\xccg\xa9\xf8Pc\xf8\xfb\x90\xf7\xc4\xc7n\xc1\
ga\x9e\xf8\xf3*\x18\x7f\xe2Y\xf1Wo\xc0\xefL\
\xbe \xfe\xf6\x0b\xf0\xff]\xbe\x15_\xfc\xe0\x0d\x11\xf4\
\xee,\xber\x03\xe4e\xe7A\xf1\x95W\xf1\x84\x8c:\
&\xbez\x16\xe8\x5c\x1d-\xbey\xbe\x0b!\xde!\xe2\
[Ma>\x83\xce\x89\xef\xbd\x00{u\xa1\x91\xf8\xfe\
>\x90\xcfSS\xc5f\xbfz\xe0\x87\x7f\x16[\xb4@\
\xf7;\xa5\xb8\x22\x1d\xfcU\xcfI\xe2\x8a'g\x80\xee\
+\xf1\xa3)^`\x0fs\xc5\xbf\x1f\x02\xfd\x0a\xb0\x88\
\x1f?\x03\x1cw\xa1T\xfcd]\x16\x11\xf8i\xc5/\
S`?Fx\x88\xdfD\xe4\x03\xce\x5c$\x11\x1d\x00\
\x1c(\xca\x95\xc8~r\x878g\x96D\xab\x00\xdcT\
+WR\xc7\x1dpR\xf9\x1f\x92:}\x01_k}\
$M\x84\x80kR\x83%\xba\x80@\x22p\xdf\x22i\
\xf5\xe02\xfc\xfeG\x89w5\xc4\x1f\xfb&H\xfc\xba\
\x00\xfe\x0d~!\xe9\xd2\x01\xf0\xe6\x92:\x92\x9ey\xb5\
\xc1\x0e\x1f\x97\xf4\x0d\x04\xf9\x9b\xf6H2\xe0>\xec\xd3\
\xf1\xa7\x12C,\xd8\xb1\xb1\x9b$\x86\xf9`\x97>\xf5\
\x95\x8c%\x80\x07~}.\x09;#\x04;pI2\
\xad%\xe8q\x97W\x92Y\xf5\x17B\x5c\xf2!|\x82\
\x9e\x06J$\x99Q`\x17\xfb\xaf\x90\xcc\x1f\x01\xfc\x15\
\xef\x94\xcc\xff\x1c\xec}\xab\x01\x92E3\x00\x0f\x7f\xd3\
_\xb2x\xa0\x01\xece\xa6$g\x1c\xc8\xe1\xc8\xbf$\
\xcb\xee\xc2\xfe\xac} Y\xd5\x0b\xfc\xf6\xec\x97\x92\xb5\
{\xfb\x81\x9d\x0e\x92l\x0a\x81\xfd\x0f\xb8\x22\xd9\xf4>\
\xf05y\x90\xa48\x1c\xc6\xffk\xb5d\x0fA\xfbt\
F\xf2\xe9\xe4&`\xb7{K>]\x0f\xe3\xb7\xfdG\
\xb2\x7f!\xc4\x0f\x86\xbb\x92\xfd\xc7\xc0\x0e/I\x90\x1c\
x\xd2\x06p\xdc\x09\xc9\xf9\xfe\xe0\x07$\xbe\x92\xf3\x81\
_\x03\xdf3$\xe7_\xcf'D\xb5^\xf2\xddu\xb0\
\x93]gJ.\x16\xea\x88`\xd0\x1c\xc9\xe54\x88\x07\
\x0f\xf8I\xae\x19\xf6\x13\xc1P\x7f\xc9\x8f\xd9\x10\xe7\x0e\
\x1a!\xb9\xb9\x1c\xe6\x95\xf0\x81\xe4\xd6@\xd0\xeb\x95\x17\
$\xb7/\x00\xee\xd9\xfa\xa9\xe4\xf6\x13\xc0['\xf2$\
w\x13@.\xc2\x1fI\xeeVh@\xeeOJ\x1e\x16\
\x83\x9dH\x91K\xcc\x07a\x7f\xf7\xff 1\x7f\x07q\
F\xc7\xc6\x12\xf3Os\x08\xa9\x08\x94X~\x00{\x1c\
\xb4_R\xb9\x14\xf4\xacC\xa1\xe4\x97\x87\xdf\x11\xb2\xc7\
 \xf9}%\xc8E\xc73\x92\xc7\xa6\x81 \x0f!\x92\
'\xd7n\xc0\xfe\xc5H\x9e\xcd.\x04\xff\xbdB\xf2\xdc\
\x03\xf8\x95\xf7V\xf2g\xc09\x18\xf7\x84\xe4\xcfH\xe4\
W\x82\xe4\xcf\x94X\xc0\xb5\xc7$\x7f\xefR@\xfcp\
U\xf2\xca\xaf.!M\xeaH^\x9d\x06\xbe\xfe\xcfK\
\xf2:\x1ap\xc6\xccz\x92\xb7\x9b@\x8f\x13\xf5\x92\xea\
-\x80\x17OL\x96\xca'\x01\xaeo\xf5\xb9T\xbe\x15\
\xfc\xfd\xe0]R\xf9~\x90\xd7\xe57\xa4\x8a4\xe0\xe7\
>o\xa9\xf2>\xd8\xcb.\x16\xa9\xea`7\xf8\xf9\xaa\
\xb4\xde@\xb0\xeb#\xefH\x1b4\x07\xfb5\xacH\x0a\
\xd0\x0a\xfcj\x94\xb4I\x93\xd5D\xd0\xf4\xae\xb4e1\
\xc4\x95\xf2\xd7\xd2\x96\x97\xc0\x9e\x94\xbc\x96\xb6Z\x0a\xf6\
W}O\xdaz\x10\xf8\x1d\xc9$i\xeb_a\x7f\xda\
\x5c\x93z\xd7~\x05~\xecc\xa9\xf7<\x90\xeb\xf2\x12\
i\xfb\x14\xf0\xfb\xee\x11R\xfft\xd0\x9b.\x83\xa4\xbd\
&\x9d\x06\xfc$\x94\xf6\xfe\xe4\x19\xf8y7i\x9fo\
\x1a\x83|\xd4\x92\xf6\x0boO\x88e\x9etp+\xe0\
\xe7\xcd\xa1\xd2!\x22\xd8\xc7M\xe1\xd2!A\x10w\xe8\
\xbf\x97\x8e\x5c\x05\xf8\xc5g\xacT??\x06\xec\xc8o\
\xd21a1\x80g\xfaI\x83\xfaT\x80\xbc\xfc!\x0d\
Y\x0fv${\x81t\xf2h\xe0\xaf\xe6\xa24\xf9\x8b\
\xaf\x88@vO\x9a\xda\x0b\xe2\xe9\x0e~\xd2\xb4\xc7 \
O\xf5\x9aJ\xb3\x82\x00\xb7\xb7\x94J\x17\xdd\x06\xf9\xd1\
=\x93.\xfe\x1c\xf0\x81\xfe/\xe9\xb2\xef\xc1\xffti\
*]\xae\x01\xbc9g\x9a4\x7f0\xe01\xd1\xb7\xd2\
\xf5g\xc1\x0e\xf51J7H \xee\x1ef\x90\xee\xa8\
\x07\xfe\xe3\xcb{\xd2\x92\xbf@\x7fN\xf6\x93\x1e\xad\x03\
\xfb<\xf0\xba\xf4\x8b\xa5\x80\xeb\xfe\xb8-=7\x1c\xf0\
P\xc3a\xd2o~\x84}j\x96)\xfdv\x07\xc4c\
M\xafI/|\xf5-!7\xdaK\xbf\x7f\x89x\xbc\
\xbe\xf4\xca]\xc0Kw\xf5\xd2k\x7f\x01~>zD\
z})\xe8g\xdd)\xd2\xeb\x9b\xee\x02\xdel$\xbd\
q\x05\xf6\xa5\xd4O\xfa\xd3*\x90\xd3\xb4\xa5\xd2\x9f#\
\xea\x03^Y$\xbd\xf33\xb4\xfb\xee\x86\xf4\xcecp\
\x88\xaf\xa5\xd2{\xdb\xc0.f?\x95\xde\xbb\x0a\xf1|\
R\x9e\xf4\xbe;\xc4c\xd7\x88\xb4\xaa\xd1,\x88Ce\
\xd2\xaa\x8e\x9b\xc1O\x0d\x94>\xaa\x86\xfe\x97\x07J\x9f\
+@n'eH\xffj\x05~\xa8 @\xfa\xd7\x06\
\x7fB\x1e\x86\xc8\xa4KA>\xc2\xe2e\xca}`\xcf\
V\xb6\x94\xa9\x7f\x05\xf9\xea\xf9\xbd\xac\xf6c\xf0\x13\xa7\
\xb6\xc8\xea\xa4\xb9C<;BV\xff5\xe6%\xcae\
\x9e\xb5\x80\xdf\x8b\x17\xcaZ&\xc1z\xef\xfd%k\xfd\
-\xc8\xd3\xfcV\xb26\xe1`\xaf\xeb\x5c\x92y\x8d\x06\
\xfb)\x93\xc9\xbc\xc6\xcf\x86\x9f;\xcb\xbc\xef7 \x82\
f\x81\xb2\xf7\xb4\xcb\xa1\xdf!Y\x87)\xf7@\xde\xf6\
\xc9:\xe4\x01\xde\x9awI\xd6y\xef[Bn]\x91\
u\xbd\xb7\x16~.\x96u\xdb\x04~\xe2\xe7A\xb2n\
\xa7\xbe\x87u\xf9\xc8\xba\xf7\x87\xf1f\x9f\x97\xf9#>\
\xfe\xdb \xf3/\x069~\xf4\xb3\xacw9\xf0\xe7\xf2\
O\xb2~\xbe\x9fB\xbb\xc9\xb2~&\x88?\xdc\xaf\xca\
\x06\x0e\x07\xf9\x1cV \x1b|\x01\xe4\xe5\x8b\x10\xd9\x90\
]\x9f\x13\xf2O\x95lD\x04\xd0\x89[ \xd3\xc7N\
!$\xb6\xa7lL\x81\x92\x90E\xe5\xb2`9\xf8\xd9\
N>\xb2\xd0\x14\xc0\xab\xdee\xb2\xc9\x0b@\xffG}\
(\x9b\xfc\x18\xfch\xe7\xad2\xd3\xe7\xe0'.Yd\
3\xc7\x82^\xf8\x85\xcaf7\xfe\x05\xf6y\xbdlN\
]Xo\xc7\x11\xb29\x1bAnT\xfddsS \
\xbe\xf0\xfbN6\xf7\xdb4\xc0i\xd1\xb2\xec\xbc\x02\x88\
#\x8aeK\x15\xa7 \x0e)\x95\xad\x95t\x06\xdc\xe6\
!\xdb\xb3\x02\xf0]\x1d\x91\xec\xf0:\xf0\xa7\xd7\x1f\xc9\
\x8e\xf9V\x81\x9f\xdb%;\xbe\x15\xe4e\xdc\x5c\xd9\xc9\
e\xe0\xef{\x0c\x92\x9d\xd2\x80?\x9aP(\xfbN\xad\
\x06\xffvJv\xb5\x1d\xd8\xa9\xdf\xbdeW7_\x04\
>\xec\x94\xdd<\x06\xf88\xa0\xb9\xec\xe7Y\xe0\x0f?\
\x9e.\xbbs\x09\xf8r\xb7\x95\xec\xee\xa3\xa1\x80\xab\xef\
\xc8,\xcf\xe1\xf7\xc72eU\xa1\xa0/\xd2\xdfdU\
\xd5\x03\x80o*\xd9/%\xc0\x97\xf7\xa7\xc9~\xfb\x08\
\xf0\xc4\xb8\x93\xb2'M\x00O~\x9e'{Z,'\
\x02Q\xaa\xec\xe9C\x18o\x10\x91\xfd\x95\x008?\xf0\
\xb0\xeco%\xe0\xa9\xabE\xb2\xbf\x1f\x87\x83=\x19,\
':\x90\x9b\xd0\x8f\xe4\x82\xac\x12\xb0\xdf\xdf\xca\x85\xcf\
@\xce\xa6V\xc9E'A\xfe\xdcO\xca%\x05\xa0\xdf\
\xfe=\xe4\xa0\x82 \x7fO\xe4\xca\x95\xb0O\xefM\x96\
+?YO\xc8\x9a\xe6\xf2\x06\xafa\xbfZx\xc9\x1b\
\x06\x01\xde\xf8\xe5\xba\xbca>\xe8\xe9\xdd\xe7\xf2fA\
\x80c\xbe\xba#o\xf6\x1b\xackZ}\xb9.p\x02\
\xc4\xd7k\xe4\x1d.\x89!\xde\xae+\xef|\x0a\xeca\
\xdf\x0cy\xe7\x0a\xc0\xc3\xbf.\x96wi\x05\xf1u\xe5\
`y\x97\x1e\x10\xb7d\xbc\x90w-,\x83\xbfw\x96\
\xf7\xf4\x01\x5cV\x1e#\xef\xf9\x14p\xdf\x81\x0f\xe4\xbd\
0>\xeatT>\xa0\x14p\xfe\x80\x00\xf9@\x01\xae\
\xd3C>\xf0\xf5s\xb0\x17\xe3\xe5C\x1f\x81\x5c=|\
 \x1f\xa6\x858m`\xa8|\xd8C\x88\x87\xf4s\xe4\
\x86\xbf\x81?Y\xbf\xcb\xc77k\x05x\xfc+y\xe4\
*\x90w\xe5Zy\xcc\x01\x90\xb3\xfe\xdb\xe5qCa\
\xdf\xfbE\xc8SV\x02\xde\x89\xef(7u\x1f\x01\xfe\
\xaa\xb5<;\x13\xe4b\xc4 \xf92\xd3U\xb0Wg\
\xe5yG\xa1\xff\xd9\xfa\xf2\xd5\xb1`Gv\xd6\x92\xaf\
_\x07\xb8*\xe9\xa8|\xc3e\xf0\x17\xf5f\xcb\xb7\x97\
\x81\xdd\xeb\xdeC~<\x1a\xece`\xa1\xfc\xac\x12\xda\
=\xb9&?;\x06\xf4\xb6\xd7\x06\xf9\xb9\x03`\xe7\xea\
\xd4\x95\xff/\x17\xe8f\xc9\xe5\x17\x92\xef\x02\xce\x0a\x93\
_\x1c\x09\xf6\xa3\x97T\xfe\xfdJ\x88\x8f\xfb\xf8\xc8/\
u\x06<\xf9g\x80\xfc\xb2\x06\xf6mg\xb6\xfc\x87\x0e\
`w>8 \xff!\x19\xec\xe9\x8e\xed\xf2\x9f\x9a\xa2\
\x9f?+\xbf\xfb\xcd}\x22\x10\x0e\x95WL\x00\xfb-\
\xfbD^\xb5\xb5\x01\xe8E\x88\xbc\xea\x14\xc4\x8d\xef\xdd\
\x91\xff\xae\xf2\x01\xfc\xe4#\x7f\xe2\x03q|\xfe'\xf2\
?\xd4\xc0\xef9\x15\xf2\xe7\x11\xe0G?\x08\x91\xffy\
\x13\xec`\x8bO\xe4\x7f\xf9\x01\xbd3S\xe5\x7fM\x01\
}]\xfcP\xfe\xd7\xc1a0N\xba\xfc\xefK@o\
\xf18\xf8\x84\xfd\xfc\xab\x87\xfc\x95\x06\xfcf\xf6\x97\xf2\
7+.\x11\xb2\xdbSA\xc9\xcfx\x9dB\xf4x<\
\xe02O\x85\xa4.\xe0\xf8\x0f\x16($\xdd\x00\x1f\x8d\
\xf8J!\xd9\xf8\x1d\xe8\xb1D!\xbd\xdf\x9f\x90H_\
\x85\xb2\x16\xe8s\x9f\x1b\x0ae\xc4\x07\x80\xe7\x1a(T\
\xf3a\x9d\x8f7*\xd4\x0b\xc0/G>R\xd4{l\
\x04\xdc\xadWx\x18\xdaC\x9cR\xa1\xf0|\x0c|;\
\xbfC\xd1\xf8\x12\xcc{\xcfjE\x93q\x80_\xfc6\
)\x9a\x15\xac \xe4\xb3\xae\x8a\xe6\xe41\xf8\xa9\x86\x8a\
V\x97\xc0\xce&\xdeR\xb4\xd1\x83\x9el\xcfV\xb4k\
\x08\xe3-[\xa3\xe8\xe0\x0b\xf6J\xb8Y\xe1#=L\
\x04=\xef+|>\x05}\xec\xe9\xa3\xe8\x949\x81\x08\
\xda\x8fTtY\x0fqg\xcf\x0cE\x97g \xd7Q\
\xc3\x14]}\x9bB\xdc\xeb\xa3\xe8\xf5\x03\xc4\xe3\xfeO\
\x15\x03z\xff\x09v8B1\xa4\xe5\x00\xa0sA1\
|\x03\xc4\xa3-/+F\xf8\xad\x06>\xa8\x14\xfa\x89\
G\xc1\xff\xc0\xe7l\xd8\xf7O:(\x02\xdd\xc0.\xee\
y\xab\x18\xe3\xed\x07\xf8n\x9eb\xdc+\xc0\x83K\xee\
+B\x8b#\x89\xa0\xfej\xc5\xa4\xb6w\xc0?vQ\
D\x16\x80\x9dn\xf8\x9d\x22\xad6\xec\xa7\xe7&\xc5\xf4\
Wz\x90\xc3N\x8aL\x13\xc8\x93\xeaW\xc5|}s\
\xe8\xdfP\xb1%\x06pKt/\xc5\x8e\xe5\xe8\xc7/\
*v\xb7\x03|?\xff\xa6bw\xd7\x9f\xc0\x9f\x0fV\
\xecy\xdf\x0cq\xd0h\xc5\x81[\x10/\x06\xfa*\x0e\
}v\x01\xe2\xa1\x14\xc5\xd1\x0f@\x7f\x1bT)N,\
3A\x5cvFqf\xda\x09\x22h\xb8Yq\xde3\
\x8d\x08\xc4\x19\x8a\xf3\xb7 \xfen9J\xf1\x9d\x08\xf0\
\xa1\xa4\x95\xe2\xaa_2\x11x4Q\x5c;\x01\xb8\xaa\
q\x1b\xc5\x0f\xa3\xe0sXw\xc5\xf5'\xe0\xff\x7f\xd5\
+~V\x8f!du\xac\xe2v*\xf8\xf9W\xb9\x8a\
\xdb\x7f\xbc\x02\x1c\x14\xae\xb8\xbb\x1f\xf4\xcc3Zq\xef\
\x22\xe0\x89v\xa7\x15\x0f\x0f\x81\x1d\xec\xfa\xa7\xc2\xdc\x17\
\xc6o\x9e\xa7\xf8\xad\x05\xf0\xb7~g\xc5o\xa7\xf2\xe1\
S\xa4\xf8#3\x1b\xfc\xb1\x5c\xf1\xca\xa7\x0f\x8c7J\
\xf1z\x83\x08p\xfea\xc5\x9b\xdd\x80\xff\x1a|\xa6$\
\x0f\x01\xa7h\x9a)\xdd\xce\x01\xbe\x0d\xbc\xaf\x94'\x83\
\xfe|\xd9C\xa9\xdd\x06x\xf1\xd2`e\xed@\xc4'\
C\x94u\x0c\xa0\xef\x01\xad\x95\x9ef\xb0\x93\x17o*\
\x9b\x84\x83\x7f\xaf\x9e\xa8\xd4M\xfe\x0a\xe2J\x85\xb2\xb9\
\x01\xe6\xf9\xf37\xca\x96\xbb\xc0\x0fm\x5c\xa2\xf4\x9b\x0c\
\xe3n\xbf\xa1\xf4\xfb\x15\xf4L\xe6\xa3\xec<\x1d\xec\xa2\
[\xa9\xb2s\xc9\xc70\x7f\x89\xb2K\xe6:\xe0\xebj\
e\xd7\xdb^\xf0sWe\xb7>[\xc1\x9fd({\
\x9e\x05\xfbs\xf1C\xa5\xbf'\xc8\xdd\xc5O\x94\xbd[\
\x00\xfe\x18\xf8\x87\xb2w\x12\xac\xc7s\xa5\xb2\x8f\x18\xfe\
^\xefke\xff:\x01\xf0\xf3\x19\xe5\xa0$\x90\xa3\xb2\
\xf7\x94#G\x81\xff=\x9a\xa4\x0c\xdc\x01\xf6\xba\xd3l\
e\xd0\x01\xc0s\xc6Le\xd0\x0f\x80\x93\x0f\xacR\x1a\
\x9b6$\x82\xba'\x95\xb1SA\xaf\x06mP&\xdd\
\xfa\x94\x08\x14>\xcai\xf9\xb0\xde\xbb\xf3\x95i\xb3a\
\xfd\x03R\x943\xb7\xa0~NS\xce\xfa\xfe%\xe0\xa0\
\xf9\xcaE\xef\x81\x9e\xfe\x96\xa9\x5c\xa5\x04}\xef\x1c\xa4\
,\xde\x03\xf6Z\xfcL\xf9Q\x02\xf8\x9d\xef\x0a\x94\x1f\
\xff\x0f\xecp\x8f\x86\xca]\x16\x88\xe7\x8b\x16*O\x8e\
\xe8\x04\x017Q~Q\x17\xe2\xcc\xf6\xf5\x94_\xf6\x83\
\x9f\xf7\xfb)\xbf\x8d\x02\x5c=\xb0\xb9\xf2;!\xc4k\
\x11#\x95W\x8a\xc1\xeemMR^\xdd[M\x04M\
\x22\x94?\x86\x0f\x07<[\xae\xbc1\xe5\x05\xe0\xc5\xf9\
\xca\xdb\x9f\x83\xdc\xf71*\xef\xf5\x9a\x0d\xfaaQ\xde\
\x9f\x07z\xf9\x97\x5c\xf9\xe0s\xd0\x8b\x1eA\xca\x87\x9d\
 \x8e\x09\xc8Q\x96g\x9e\x86xG\xa54_\x01\xbf\
\xe5=KY\xa1\x87\xb8\xdd\x14\xae|\xe4\x0b\xf29\xa1\
\x9d\xf29\xe6\xa5G\x0dP\xfe\xe9\x0b8!\xf5\xb8\xf2\
ev,\xe0\xc3\x17\xca\x97[\xc1\x1f^\xf2P\xbe\xbc\
\xb1\x11\xf4\xbaP\xf9\x8f'\xe0\x89~-T\xc2g\x80\
\x1b_]T\xb9M\xf4\x06{\xb1Z\xa5\xbc\x08\xbf/\
{_\xa5\xcd\xf6\x81}\xf0R\xd5\xfe\xed>\xe8\xf9\xcf\
*\x8fi\xe0\xd7O\xb9\xa9<\xf2\x81nr\x9e\xaa\xd1\
\x1b\xe0\xf7awU\xb3j\xe0\xdf\xf1/U\xad\x97\x96\
\x02\x7f\xfcU\xad\x0f\x00\x8ei\xbbN\xe5U\x08\xf6\xbc\
\xec\x8c\xaa]\xc9%\x22\x10lQ\xb5\xbb\x0c\xf6\xf0\xfb\
\x07\xaa\x8e'!^\x1bvQ\xe5\xfb\xb9\x02\xec\xf4y\
U\xa7\xb6\x80#\xbe\xef\xa3\xeav\x10\xe2\x92\x80\xa3\xaa\
^\xbe\xe0/\xe4\x06U\xef\x86`\xaf\xbc\xe7\xabz7\
\x02}m\xb7H\xd5\xa7\xd97\x10\x17\xc6\xa9\x02\xb4`\
\x07b\xda\xa9\x06\x1b\xc0\xff\xef\x1e\xae\x1a\xb2\xec\x0a!\
?\x14\xabF\x0a\xfe\x80q.\xaaF=\x06\xbc\xa8o\
\xaaz\x7f\x18\xc8\xbbg\xa4jb\xd3\x16\x84\x0c=\xa0\
\x8a\xee\x01\xfb]+\x5c\x15=;\x0apx\x8ejj\
 \xd8\x87\xdee\xaa\x8c\x9b \xa7\x96*\xd5\xac\xd0#\
D\xd0`\xa9*\xb7\x0a\xfc\xab\xde\xa0Z~v !\
S\xb6\xa8\x0a\xe7\x01\xde\xfe\xf4\x89j\xd5\xb7\xb0\xce6\
\xb3T\xeb\x9f\x80\x1f\x1d;QU\xdc\x0b\xfay\xdcV\
\x1d\xa9\x0581\xd0\xa8:\x93\x0c\xfe\xefJ'\xd5\xff\
\xb6\xc2\xbcG\xaaT\x97\xe7@\xfc7\xf4}\xd5\x0f\x0b\
 \xde\xb9\x95\xaf\xba\xbe\x05\xf0|f\x91\xea\xa7[\x1e\
\xa0'\x0dUw/\x01\x1e\x98uGu/`<\x11\
\x0c\xd9\xaaz\xf0#\xe0UMG\xd5\xc3\xb7\x80w\x9a\
\xd7R\x997\x81\x9e\xaf_\xa4\xb2H\x01_6Y\xa4\
\xaa\x9c\xdb\x1a\xecF\xb8\xea\x97O\xc1\x1e\xd5*W\xfd\
EP\x8e\x8f\xa8\xfe\x1a[\x17p\xf2v\xd5\xdfi\x85\
`\xf7\xb7\xaa\x05\xab\xc1n\xfe\xea\xa9\x16O\x06|\xdf\
x\xa5Z\x16\x09x$o\x99Z\xa5\x9f\x04\xb8\xf2\x7f\
j\xcd\x01\xb0\xf3kR\xd4u\xfaO$\xe4M\xa9\xba\
\xde\x01\x98\x7f\xe1d\xb5\xc7\xc7\x80?\xa6\xa7\xa9=\xbe\
\x80y\x97\xadT7\x18\x02\xfa\xbdf\x8b\xbaa\xd6\xdf\
`\xef\x1e\xa8\x1b\x05\x81]\xad\xde\xa7n\xa2\x9c\x0b\xb8\
j\xba\xba\x89\x0f\xe0\xc4CW\xd4M\xde\xcf\x03\x1c\xf1\
\xa3\xba\xf5(\xb0ck\x1e\xa8\xdb\xec\x83\xbf_\xef\xa9\
nS\xdd\x06\xe2+\x1f\xb5\xd7\x1f\x95`Gg\xab;\
6\x87\xf5\xaf\x0fV\xfb\xfd\x0f\xfc\xdb\xf4\xb3\xea.O\
\xc1\x9f\xc5\xd5R\xf7\xe8\xdb\x18\xf0\xd7\x5cu\x8f\x01`\
\x9f\x9b\xd4V\xf7\x9c\x06x\xeb\xb7[\xea\xbe'`\xfd\
>\xfd\xd4\x83\xce@\xbb\xc5u\xd4\xc3|\x00_\x0e\xf9\
M=\x5c\xdb\x1c\xe2\xd9\xc1\xea\xe1\x17!\x8e\x0e3\xab\
G\xad\x00y\xff\xf3\x0fu\xc8\x07\x10_w\x1a\xa9\x9e\
\x18\x0b\xf8:\xb4\xb5:\xec'\xd0?\xaf\x87\xea\xf0\x09\
@\xcf\xb3B\x1dy\x10~\x1e<Y\x1d\xb3^\x02q\
\xd4<u\x5c\xadN\xb0\xdfJu\xfc\x0d\xb0g\x1e\x8b\
\xd4\xd3\x08\xf8\xa3^#\xd5i\x96\xb6\x10\xf7\xeeQO\
\xbf\x86y\xd8\x12\xf5\x8c\x06\x98\x0f\x14\xaa\xe7\xc6\x02^\
m\xd3Q\x9d]\x0er\xed\xdbP\xbd\x04\xf1\xc6\xc8\xb1\
\xf0\xd9\x1d\xe2\x0d\xa5\xba \x14\xfc\xf5\xd7\xcd\xd4k\xe4\
 7w\x1a\xaa\xd7\x9c\xaf\x07v\xff\x82z\xc7\x0e\xf0\
\xc7\xc1K\xd5;\x1f\x00.\xf3\xc8T\xef>\xe2\x0bx\
^\xa2.\xb9\x09\xbfO\x09V\x1fl\x07\xf8\xb9o+\
\xf5\xe1G\xa0\x87\xa3^\xaa\x8f\x8f\x07\xff\xaa\xe8\xac.\
\xdb\x0drXyB\xfd\xe5\x0f\x107}\xbdD\xfde\
5\xe0\xef\xc1\xab\xd5g\xa7\x84\x01\xfd\xc9\xeao\xd4`\
\x97\xcf.V\x7f\xbb\xb2\x03!\xad\x9e\xa8\xbf\x1f\x03\xf6\
C}E}\xe9\x11\xc4\x01\xeb\xe2\xd5\x97\xff\xf9\x0b\xf8\
\xbaG}e\xde#\xe0k\x81\xfaz&\xcc\xa7\xc1\x9f\
\xea\x9f\x1e\x00\xddo\xeb\xa9\x7fn\x08vja\xa9\xfa\
~\x09\xe0\xb7Wa\xea\x07\xe1\x80w+\x17\xa8-\xa1\
\xdd\x81\xbf\xbf\xa8\xabD\xf0\xfb\x9b\xf9\xea\xaaB\xd0\xff\
\xdd\xcb\xd4\xbft\x01\xf9\x9c\x9b\xaa\xfeUW\x0b\xf4\xc2\
K\xfd\xdcs\x15\xd8\xbb\x8f\xd4\xff\x04C\xdc>o\xba\
\xfaM\x13\x90\xeb\x0f/\xa9\xab_\x06\x83\x1fl\xa7!\
\xd3@\x0f\x9f,\xd6\x88\x9b\x5c&\x02\xb7!\x1a\xf10\
\xf0\x0fZ\xb5F\xbd\x07\xec\xd5\xdb\x09\x1a\xed[\xf8\xdc\
<[\xd3\xb89\xf8\xef\x9c\x9b\x9a\xa6\xbf@\x5c\xdd\xa2\
\x97\xa6\x95l\x0d\x114_\xa3i\x15\x0c\xfa\x16\x9d\xae\
i\xed\x0e\xf6\xff'\xb9\xa6\xf5,\xb07\xc3~\xd6\xb4\
\xbbn\x00\xfd-\xd7\xbc\x070H0b\x8d\xc6/\x05\
\xfcn\xeb\xe1\x9a\xae'q\x9c\x12M\xcf\xa5\xe0\xc7\xf5\
\x9d4\xbd\xd7\x83?%\x9fh\x06^\x03\xfb\xb0w\x81\
&`y\x10!/\xd7h\x86t\x04\xbe\x9f\xfeJ3\
L\x048\xd7\x7f\xa9f\xf87 \xf7\x1b\xbe\xd1\x8c\x8c\
\x02\xfe/*\xd5\x8c,\x05\xfd\xb6\x94j\xc6\x0f\x04\xb9\
\xda8H3\xa1\x10\xf0\xdd\xf7r\xcd\xfb\xb3\xc1\xff\xc5\
\x1d\xd0LJ\x049\xf1m\xa2I\xf2\xc5<h]M\
\xda`\xb0\x1b>\xe75i\x96\xbf\xc1Oh4\xe9\xdd\
A\xdf\xd6\xdf\xd5dN\x16\x82\xddz\xa3\x99=\x1b\xc6\
\x7f\xfdF3?\xab\x00'\xacYt\x0a~>\xdf^\
\xb3\xe8\xda8\xb0\xf7\x074\x8b\xa7\x00nq\xef\xaa\xc9\
\xfd\x1f\xc4\x15\x8a(MaG\xd0\xf7\xa0\xd6\x9a\x15\x9d\
W\x10A;\x85fM,\xd89\xb7\x18\xcdZA5\
\xc4\x1d\xa35\xeb2{\x02_\xb6k\xb6\x95\xc0\xbc+\
\x0ekv\x98!~\xf6\x8a\xd0\xec\xeb\x00~7_\xaa\
)\x0b\x05\xc6\x98\xaeiN\x19A\xbe\x07\xd7\xd5\x9c\xeb\
\x08\xed\xc6\x8f\xd0\x5c\xda\x05\xeb\xae\xfd\xa5\xe6\xc6\x0c\x88\
7\xc66\xd4\xdc*\x85\xfd\x8c\xfdUs\xe7-\xf0\xb5\
\xb8\xaf\xe6n\xff8\xc0\xd9\x0a\xcd\xbd\x14\xc0\x19\xf1\xbb\
4\xf7\xa6\x01^\x8f\xbf\x00\x9f\x10?\x7f\xe0\xa3\xb9\xaf\
\x03;<U\xa0\xb9?f\x08\xe0\xc0#\x9a\x07\xc5\x80\
/\xd3\xdaj\x1e<\x83\xf85\xed3M\xf9\x14\x88{\
M\xfe\x9a\xf2\xe7\x98\xf7\x5c\xab1\xf7\x85\xcf\x8c\xcb\x9a\
\x0a\x0d\xc4\xfb3\xd34UA0\xde\xec\xa1\x9a*\x13\
\xfc~\xc6^M\xd5^\xb0'\xdaJ\xcd/-@\xee\
\xe6Uk~\x99\x02\xf1\xdb\x81k\x9a_\xf6\x5c\x03y\
\x88\xd6\xfcr\x0f\xda/\xd2i~\xd5\x82>\x9f\xf8E\
\xf3\xc7\xef\xfd\x089yG\xf3,\x1f\xf8qj\x88\xe6\
y$\xf8\xb1/Nh^\xa6\x85\x83\x7fJ\xd5\xbc\xbc\
\x02\xfb\xb1d\xa8\xe6\xd5f\x01\xe0\xc3\xb3\x9aW\x07 \
\xce9\x7fM\xf3\xcf8\xc0\xfb\xfe_j\xdeL\x01\xbf\
\xbe|\x80\xe6M\x09\xcc\xf3^\x81\xe6\xcdi\xf0c\xdf\
4\xd2TO\x01\xfb\xf0\xfdI-q\x03\xbbZ`\xd6\
\x92\xed\x22\x88\x17\x8a\xb4\xe4\xb7\x13\xf0\xfb\xb5Z\xc1\x0a\
\x98_\xe8k\xad\xe0#\xf8\x1c\xff\xb1V\xf0\x0c\xc6\xbb\
vF+\x1c\xb0\x18\xfcN-\xad0\x05\xfc\xfa?_\
i\x85\xdf\x81\xddl\xb4V+\xdav\x16\xfc\xe84\xad\
\xe8\xf9<\xd0\xd3j\xad\xa4\xa5\x8e\x90\xfbm\xb5\x12=\
\xfc\xfc\xa6J+\x9d\x02\xfe\xa7P\xa1\x95\x7f\x0e\xfc\x8e\
<\xabU\x04\x00\xce\xae\xd4i\x15\xf7\x01\x7f\xad\x19\xa9\
U\x96\x80\x1f^\xf1V\xab\xdc\x0f\x9f+\x83\xb5*\xb7\
\xf7\x01\x17\xfe\xa3U\x0fn\x06v\xeaS\xad:\x13\xf4\
[f\xd1\xaa\xd7\xed\x07\xbb2A\xab^\x0fvP\xf4\
\xbeV\xf3-\xc8\x81\xbc\xbeV\x9b\x0c\xf6\xa8\xba\x9b\xd6\
}\x00\xf8\xe3\xea\xa5Z\xf7\x81`oHcm\xed`\
\x98\xff\xfa\xe3\xda:\xb5`_\xb7u\xd1\xd6)\x80}\
\xfe\xc5\xa0\xad\xeb\x0b|\xdeQ_[7\xf59\xf8\xa5\
\x83\xda\xba{\x01O\x89\x9ei\xeb\xa7\xcc\x02\x7f\xda\x5c\
\xdbp\x0e\xe0\xf8^g\xb4\x0dK n\xa83Z\xdb\
\xe8k\xc0\xd3\xca\x9b\xda\xc6\xadk\x01\xde\x8c\xd46\xbe\
\x84\xed\xdeh\x1b_\xcd\x06\xfc\xdeB\xdb\xe4\x0f\xb0W\
\x8d\x17j\x9b\x0e\x00;\xf8gSm\xd3\x14\x88\xc3\xaa\
\x1eh\x9bm\xc0\xfa\x82\xddZ][\xc0O\xd3\xc2\xb5\
\xbaS\xfb\x88`\xd0c\xad\xeeK\xc0;\xc3j\xc3\xe7\
B\xf8L\xd16\x1f\x08q\xe1_\xd3\xb4\xcd\x03@\xae\
\xfe\x9e\xafma\x02{/\x1e\xaam\xb1\x0d\xe2i\xe1\
?\xda\x96\x02\xa0\xfb2U\xdb2\x17\xf6O=P\xdb\
r\xf30\xd0\xfb\xe6\xdaVo!\x9ez\x9d\xaam=\
f\x0b\xb4o\xa1m\xbd\xb2\x05\xac\xe3\xa2\xb6\xcd\x02\xc0\
I\xb22m\x9bb\xc0o\xe7\xcei\xbd\xc3\xf6\x12A\
\x17\x95\xd6\xfbK\x88\x1f~\x16h\xdf;\x0d\xf2}\xaf\
\xa9\xb6}$\xc6\xd3{\xb4\x1d\xb6L\x05\xfc\xb1_\xdb\
q\x01\xd0\x19\x1e\xae\xf5\xd9\x06\xb8K~]\xdb)\xf0\
<\xac\x7f\x9b\xb6\xf3t\xc0\xd3B\x81\xb6K*\xccG\
\x1d\xaa\xedr\x7f\x08|~\xa8\xed\xba\x1f>U_h\
\xbb\x8f>\x05~\xa9\xb6\xb6\xfb\x9c\xb7D\xa0=\xa0\xed\
\xbe\x10\xe67\xaa\xbe\xb6\x87\x08\xf6s]\x1bm\xcf\x05\
}\x08\x19\xdd]\xeb\xef\x0dqD\xfb2\xad\x7f\xbf\x1f\
A\x9e*\xb4\xfez\x88\x9f\x9a\xf4\xd6\xfa\xc7\x82?\x80\
\xe8\xda\x1f\xdc\x8f\xa0\xc9WZ\xff\xab\xc0\x9fF\xde\xda\
\xfe\x06\x88#\xf4W\xb5\x03\xfa\xe39\xc6W\xda\xe1>\
\xe0/\xbb\xb6\xd3\x0e?\xa0\x04{\xad\xd3\x0e\xff\x1e\xf8\
\xd73H\x1b\xf8\x15\xd8\x91\x01;\xb5\xefg\x81\xbd\xca\
\xa9\xad\x0d\xbb\x12\x06\xb8w\xbb6r\x17\xd8\x8dm\x97\
\xb5qxN\xd0m\x89vz_\xd0\x8b\xc7\xdd\xb4\xb3\
\xee\x82\xff\xf8\xe4\x07\xed\xdav`\xf7\x86\xcc\xd3\xae\x1d\
\x0cq\x7f\x8fm\xda\xf5^\xe0_~4i\x0f\x8d\x05\
\x1c\xdc\xecg\xed\xb1\x00\xb0g\xbb\xefh\xcf\x88\xc0\xbe\
\xea>\xd1\x9e}~\x04\xec\x87B\xfbu\x171\xe0\xb1\
[\xdao\x8a\x01\x97\xcb\xbf\xd4\xd28\xe7\x86\xf6\xcei\
\xc0\x8b3\xd7j\xef\xbc\xd9\x0dx0H{7\x1b\xe2\
\x14\xaf[\xda\x8a\x0fca\xdf;i\x7f/\x04y6\
\xbe\xd2>\xd1\x82\x9c\x9e\x9b\xa9\xfd\x13\xe2H\xf2h\x81\
\xf6Ec\xd0\xf3\xd8\x93\xda\x97\xad`^\xc5\xbb\xb5\xaf\
\xc7\x83\xbd\xdcZ[\xfbO \xd8\x91\x17\xc7\xb5\xff|\
\x00\xfbv\xa3T\xfb\xcf~\xf8\xfb3\xad\xb6z>\xe0\
\xda-\x19\xf1D\x10\xe8\x07\x88\x8f4&\x8aqo\xe3\
\xa4\xb1\xde\xb9\xaf\x0d\xd7\xabU)\x9f\x05\xbd\x0e\xeen\
,-\xbc\x90\xfb\x83\xafP\x86P\x1d\xfc?\xf1R\x98\
7\x9c\xb2l]l\xd9\xb8\xa7r_\x999\x7f\xf5\xe3\
\x13\xcb*\xe6\x7ff^\x5cf\xce9jY]Z\xb5\
8\xafr_\xd1\xc3\xb9\xf3\xa5\xd8a\xc0\xa0\x81\xa3\x22\
\x22\x054y\x1d9Jt\x13\xfc\xf2ZW{\x92L\
\x12C\x22H<I F\x12M\xb2\xec\xe4\xeb\xe9\xce\
\x1c\xd5\x99\xb7\xef\xaf<\xb4\xe3\xf1\x89\xf5\x991\x11\xf1\
\x09\xc6\xe8,gZ\x0d\x88.s8\xd0\xcb$Q$\
\x99\xa4\x93$b\x22YDgxb\xa7\xe3\xae\xab\xd8\
\xbbD\x97\x19\x95\x9c\x9ed\xca\xd2\x99\xf3K\x9dIH\
\x88/\xab\x83\xd8\x97\xaf\x95\x86\x0c \x83\xc8@\xa2\xd3\
\xab\x0d\x8f\xd3\xbd\xec\xad\xd5\xd0FW~,\xcf\x9c\xbf\
\xafb\xd5.\xe7^\xde\xb6^\xe1\x86\xe0\xd1t\xcfj\
U\xee\xcb\xb8\xcfc\xcd\xb3\x94\x93\xf3C\x96\xc5\xaa\x83\
\x8bC4\xc8];\xc5\xeeH\xd1|r\xa5yI\x9e\
\x9d.\xb0\xb6r\xdfQ\xcb\xb6\xb9\x96-;*v\xe5\
\x9a\x8f\xe7\x9bW,\xb3l\xcc3/-6\x17,\xa7\
\xf9\xed<\xb6\xbbm\xec\x98\xf9Nsv\xc7\x11,\xeb\
\xe7\xbb\x9c\xb6\xca\xd6u\xf6\xf3\xc8\xed\xf6n\x0a\xecV\
Qv\xc8\xb2t\xbbs\x87q\xd6\x0e\xa3`+#a\
;:\x10\xdd\xd4\xa8P\xaf\xa0\xb4\xa2\xdf\xaae\xc6n\
a}S\x8fL\x11P\xdb\x94\x06\x1b\x14\x01\xffM\x87\
\x7feU\xab\x9c7n\xed\xcc\xbcAI\x05\xe1\x0b\x93\
\xc4&I\xb5\xdc>\xf4\x00z,]\x07]@Br\
Z|R\xac\xce+&>)\x22!~\x961U\x97\
\x99f\x8a0\xa5\xa7e\xb5\xb7\xefr\xaa1->:\
=\x22\x01\xff\x91\x9c\x9e\x1aeLk\xe7<c\xff\x9a\
f\xfc/g\xd5\x81;\xab\xff0\x83\xc6\xaeg\xa0k\
c\x1f\xa3\x8e\xf3\x18\x1d;vt\xa6\xd4\x02(\x8d!\
#\x89n\xe2\x92\x9c\xb3v\xb5\xca\x00\xba\x09\xb0\x06#\
\xc8\xb7C\xad\x1a\x0f\x183R\x17\x9f\x04,KH\xd0\
\xd1J\xe5\xaf\xcb\xcc\x88HH7\xfar\xb4K7\xe9\
)\x92\x84\xc9Y\x07pI\xd6\x03\xc9\xda\xc8\xd8\xe8\x1b\
\xa3\xf9\x04\x8b\x22\x14x\x7fJ2C\xb0\xa0s\xf9\xe9\
b\xcb\xbc}\xce\x1d<\xa0C\x14lB<\x8c\x1b\x0f\
\x9f3\x9d\xbaj\x07D\x99\xe23\xe2M3]\xf5\x9f\
\xb8y\xf5\xe0\x09m\xc3\xb4DN\x02\xa0\x7f*\xcc\xfd\
=\xe2g\xef_\x1b\xfa\xe36\x19@\x92\xe4\x01\xa6\xd4\
\x84\xf7\xfc8&\xc6F\x02\xe4\x82A\x82!\x07u\xad\
D\xd2\x80\x88\xce\x8b\xa6\xd2\x8eo\x93\x92\xc0\xc2\xa5\x82\
`\xc5\xc3'\x9b\x97Y\xb9\xa7&H\x1d\xb6o@R\
tjr|\xb4\x95\xa3Y\x95%\xa7\xcc\xdb\x17;S\
\xf4t\xa6\x884&n^\xbfl\xa2Cg\xeb\xdb(\
\xd1$\xcc%\x9b\xab\xf6,3\x97p\x14\xb8.\x97\xd6\
\x9c$;\x15\x0d\x83J\xc5\xc9\x12\xe7\xce2\xfd\xeb\x08\
\xad>W\xff\x82\xb1\xa3I3u\xc6\x0cc\x92)\x8d\
\xd3x\xf2\xaat\xaf\x10\xf5L\x87\xc1\x95\x0dHI\xd1\
\xe9#\x12\x8d\x1ci\xc1\xa6\xc1\xd2\xa8H\x16\xedZ\xd8\
<mz\xbc)*\xce\xc5\x10\x22\xec\xe7\xb0\xe7\xd0>\
a&\xc7:b\x9b\xc8\xfe\x05r\xe3b\xfd\x8b\xd8\x80\
\xd5c\xec\xed[R\xedu\xa68\xa3.\xcd\x98`\x8c\
2\x19\xa3u1\xa0'\xba\x14cjb|ZZ|\
r\x12g\xc4\xde\xa8\xb9H\x11\xb65\x8a\xc4\x91D`\
c4W]\xe07\xec\xdf\xf9\x91,\x86\xae\xb7\xa2F\
F;\x12\x15\x97\x98\x1c\xed\xd0'\xeb\xbf\xfc\xb2x\x94\
_\x94\x7fm\xdc\x1d;\x09\xd1\xc0\x88\xa8\xa9\x1c>b\
\x13\x5cgp\xfd\x9c8\x07\x1f\xb1\xa9\xce\x94L/.\
!>\xcd\xc4!\x1d:4'\xc2\xb1M\x03#\x12\x22\
\x92\xa2x\x94:\xbc\xde\xc4\x7f\x82\xb7\xe6g\xa1Ks\
\x88\xc0\xc0\xe4dSBrD\xb41\xd5\xb9C\xed\xc4\
\xc0%\xe7\xf5\x9a\xccb\x93\x04E\x16gf\xef\xd6t\
`j\xf2\xf44\xa3.\x22)Z\x97\x18\x91\x14\x11k\
\xd4E\x1b3\xe2\xa3\x8c\xd44\xd3\xb8N.\x00\x0c\xca\
X\xb0\x0as\xd2\xbd\xa6\x9c\x0d:\xecpr\x01c\xc6\
\xea\xcaO\x9e\x06\xf7fY\xb0\xd0\xbc\xe80\xd7\x16\xd9\
\xba\xb2l\x11\xd5\x8d\xd7\x96\xd8;\xc4\x1e\x89\xcdfw\
\xb0l>b\xd9\x9c\xed\xb2C^\xb3\xfc,v\x87\xca\
C[*O\x9e\xe40&(ojs\x0an\xe9V\
G\xeb\xcd3\x92r\x1d\x9a\xdc$ !\x1e\xf6k\x10\
\x88\xa4\x09\xd8\x13\x1b\x11\x9f\x84\x9b\x17\x95\x9c\x14\x13\x9f\
\x9a\xe8\x92\x12M\x05\xe9\xd9)5\xa3)9\x93\x00>\
\x03i\x90n\x8e\x18\xa0Kr\xa8\x13\xfa!\x8e\xaa\xca\
\xb0\xcd\xda\xec%\xe7\x1d\xc0\x88j\xa7KI\x85\xdd3\
N\xe7\xb0\x06\xdb\x8f{\x9b:\x94\xd5\xa7>\xdd\x07U\
/>\x11\xb7\xbe\xa6\xde\xa8\xb4\xb3\xd6\x18\x1e:\x5c\x9b\
\xa37CUu\xd3\xe3\x93\xa2\x939$$\xe0\xda\x96\
E\xba\xdb;\xcb\x03\x92\x13S\x90\xb5\x5c\xf1\xb610\
\xd2{\xdc[{\xfbF\x01V\xae\xa5E\xa5\x1a\x8dI\
iq\xc9&\xd7\x0c\x9c\xa0\x0e\xeef\xef)\x09HN\
\x89\xe7\x0e\xc3n$\x82F\x1c\x9b\xe5\x81M\x90i,\
g\x16\xe0\xd0h\xec\xa4\x1b\x8e\x9c\xa3}Y\x00\x07s\
\x84Ib\xdb\xc7\xfa\xa3\xc6!\xad`_\xc4\xa5\xa8\x83\
\x19\xbf\x87\x8f\xb5\xd3\xe9H\xd1\x89\xd0%$G\x81W\
\xa3\xcc\x03\x88\x09\xf25*=5\x15,\xae]%\x93\
\x13x\xd4[g\x9bf\xb0o\xf0\x07y]b\xe7\xb0\
\x1cg\x00\xc3q\xea\xa8\x81\xe8\xadFAL\x88O\x89\
L\x8eH\x8d\xb6:\xd1\x00\x8e\x13\xad\x1b&A\x9b\xbd\
vf\xc6\xef\xf4\xfc\xd3\xbb\xce\xab\xe5\xb0\xdc\x149\xbb\
\xd1\x8e7\x19\x13\xd3\xec3\x87\xedM7q'[7\
\xd4\x0by\x108zNRp\xa3\xc9\xaf(\xce\xf4\xb4\
Sl\x1b\x90j\x8c@u\xb3.U\x87\x1a\xc3\xe0\x03\
r\x88o\xc7\x9d\xa8\xce\x9a\xc5\xb2q\xedmT\x93t\
\xc6\xc4\x14\xc0.\x14\x8b\xff%\xe9\x06\x93\x9e\x22\xc9\x1a\
\xb0\x98;M>\xda%\xac\xf3\xc4\xb9\xa1\xb7\xaa\x01'\
6\x0c\xb0\xce#\x05\xbc\x04\xec\x8fk\x90\xa8Bj\xa8\
\x1b\x93\xf3\x0d/\xed\xfd\x1b\xd8\xfa3\xf4\x03\x14\xd18\
\x83\xb7\xfb\x9cv\xc6\xbeS\xaf\x05\xe6\xda\xbb\xabl\xdd\
g%'s\x8c\x9b(\xf8\x83`\x07Xr\x0bH\xe7\
z\xae\xcd7\x18\xa6S:\xc8\x18\x13\x91\x9e\xc0m\xc5\
2\x8b\x12\xda\xb4r,\x1b6BP\xed\xb0lV\x1b\
<\x84B\xcf\xbc\xedY\xa6\xa2\x96\xb5\xbd\xc1\xce\x89\x7f\
\xdf'\xcde\x1f\x94\x03\xe8U\x93\x1c\xd04\x5c\xcbA\
cD-\xfcD\x18\xa8\xa4.E\x06Q\x89\x8d\x0e\x0f\
\x0a\x91e\xfc\x1e\xc76\x22\xcaA\xc64\xe8\xc5+\xc3\
\x9ehr\xf2\xefD\xed\xc0\xb0P\xafA\xe5\x88\xbe\x10\
\x18\x967(\xae\xb7C\xf5\x06\xd16&\x22\x03\xd8\x1c\
\x11\x19\x9f\x80 ?&9\x95V\x96d\xb0\xf0\x14i\
.\xbeD\xda3\xcbf\x9fv\xa0W+\xa5\xe4\x98\x98\
\x84\xf8$\xce\x06\xb7\xc2\x0e\x93\x9eb\x17\x8c\xcd\x0b/\
\x18Kqj\x91\x1e\x05\xf2\xc8\xaa\xa0\x0c\xfdu\x164\
\xef\xc4&\xd6\x0b\x02<\xf0\x9fI`qt0\xb7\xa8\
\xb8\xe4d\x0a\xbc$\x83*\xa7Z\xcd$G\xe2\x91O\
\x88\x97XR\xd5`P<\x902%\xa7\xce\xd4!j\
B~\xc7\xf0\x0a\x98p\xd6,\x873\x1e\x8c\xf6\x83#\
\xd7E\x0ds\x1f3\xda\xa4\xa6&s\xec\x9e(26\
g\x94CC\x06\xcf0F\xa5\xf3\x08?\xb6\x9a\xe7\x19\
\xdb\xde\xc1LkK\x94\xe6\xf8\x14\xaeJ\xb1\xd6$\xe1\
W\x91\x16\xc6{\x09?`n\x89\x0f!gd\x87M\
\x9e\xd2\xd6N\xa2\x0dM\x02\xcd8X\xb5h@\x04\xb8\
\xf5\xa6xc\x1a%\x0c\xaeD\xdb\xe3\x1da\xb0\xfb\x90\
w\x84\xbe\xaa\xf0_\x0a\x9a\x85\xf8\x04\xef\xfa\xa0y\xb8\
\xd6\x81\x81\x87D\xa4\x99\x22\x93\xb9\xdaX\x1bUi\xc1\
Q\xc3u\x9bie(P\xa3!F\x88U(X\xcf\
\xb6\xa9|h\x9e\xe5(DC`\x92\xceM\x14\xd8\x04\
\x11\xf48\x07\x96WcC\xdd\xe0\x19)\x09\xc9\xa9<\
\x0e\xd9\xd1\x83\xce3\xb8dK\x03\x16\x1d]\x07\x97\xec\
\xd18H\xa2\x0e;\x8c\x05E\xc0h#@gf8\
R\x15\xdd8\xab\x05k\xa1J\xaa[\x9a1\x225*\
\x8e\xb3\x13\xd8\xd2\xb88\xb6=\x0b*\xd6\xa2z\x98\x8c\
3L\xae@bm\xec\x17\xa26\x88C\xde3\xde3\
\x0e\x9b\x18\x9a\xc9\x88\xb4\xb0w\x12\x84\x9c\x08~M\x80\
\x83\xd3\xc09\xc1R!\xc4\x8d\x8a\x8bH\x8d\x00\xfc\x90\
\xca\x0d+\x0b\x84\x93W9\xdc\xce\x90x\x8e\x14x`\
\x0b\xc4\xa4,\x80\xe6\xcb\xe4\x8e\x09%9\x94\x82\xa44\
F\xf3\xe5\x18v\x1b\x11\x16l\xf2e\xc0&\x0f+\x19\
\x1a\xd9Z\xc1\x92o;^B<*\xd6\x9a)6&\
\xfb\x16\xb7\xe6@d'0$\x19\xc2\x0b\xf7<\xe8f\
\x18\xd2\xf3\xf2\xba-\xddM\xf7\x9f\xd9\x1d<:\xff\x96\
\xc3B\x0dIN\x9d\x0e\xd0\x90\x1bc\x0d%C\xc8x\
\xe7(n\xe8\x90\xf1.\xa2\xb8\x16L-}\x87\x95h\
5\xd4hrV\xdaw&\xcd\x00\xa1\x86M\x9e\xfd\x95\
\xc3\xfe\x0eMMNO\xe1\x06\xae\xc3!6\xd4\x85\xfa\
\x86\xf6'\xfe\xb3\x1e3\xc2\x18\xf7\xe1ct\xe6\x8d\xa5\
\xe6Ms\xfd+>\xd9g\xce\xdf\xc6a\xcc\xacYE\
O\x1d6bx4\xd7F\xa8\xc2\xdf\xa4\x1bq\x81\x93\
\xda%-\xb07\xf5\x1c\x1e\x9b\x04j\xa9\x8bHI\x81\
\x08\x90r\x9f\xba\xa8\xd4\x88\xb48n\x5c\xad\xb1\x110\
\xde\x0b\xb9\xc0\x90\xfaF<$L\xf1\x89\xc6\xe4tn\
\x1a\x86\x9a\xc4\xc4%Aq\xe1\xc2\xc9=8\x93H\x03\
7\x92\x8a>\xdd8#\xca\x98\xc2\xeb\xca\x15\x18DL\
z\xca\x0a\x8cTTx\x03r\xc4\x17C\xc9\xb0C\xae\
e\xcaY\x87\x84\xd3\xcd\xa3\x8d u\x09\x9c\x01\x1ac\
\xfb0\xff\x89\x7f\xf9\x0a(!n\x1b\xa6\x0dY\x16\xf8\
\xbb\xb1\xa7\xf1E\xd1s\xc7A\x07M\x03\xb3{\xedi\
\xf4A\xff\x93JQ$G\xc7\xc7\xc4\xa3\x7f\x8a\xe7\xe6\
\xaf\xea\xc6\x9a\xa7+'=\x8d\x1a\xbb\xe0hF6\xa2\
\x08\x16\xc4k9<)-\x05qCTD\x8a)=\
\x15hX\xa3*\x07\xe6\xe3\xb2\x94\x99\x8euX\xcf\xe1\
\xd6|\xee\x801#9,A\xbdD\x9ddp\xd0\xaa\
z|)7\x991eLoVs\x8d\xbdyzb\
$W\xfb\x15\xb4\x95eu\xa9e\xebB1+\x89/\
\xb3W\xd41\xe3\xc6\x9c\xd7\xf9\x09\xac\xcc^\xdd\x91\xc6\
\x99t\xfc\x07\xd8*\xc5Er\xafA\xd0\xab\xa2\x86!\
\x9a\xd9Wc\xc3\x81\x11\xa3I2I\x22SAog\
:\xb2\x08#\xe3\x81\x17\xa3\x93\x93\xa6\x1a!\x8a\x8d\x01\
\xdb\xa23\xf2A \x0d\x05\x7f\x01\x87\xa1ca\xf8\xeb\
\xda\xa3\xac\xf8\xcb\xeaX\x1e\xcc\xfd\x98\x1f9C\xd7\x1a\
\x91s\x1d\x1b!\x9b\xa9\xe0\xa1$\x09\xd4O~\x91\x7f\
\xd7\xb1\x97\xa3\xc0\xa2\x8f\x82\xf0-)\x8a\x83\xebT\xfa\
^K\xe6M\xfcg\xbe7\x8bk\xf5GG|\x90\x8c\
\xe65#>\x96VH~\xc6\xa9bI\xa0\x1e\xe6k\
 \x83\x18\xb2#\x1d\x0dq\xa7a\xd0H\xee\xf9\x08\xb2\
6\xd2z07\x06\xfe\x9bJb\xf0@\x00\x19_\xad\
\x8a\xdc\x112b\xd2\xd3\xf4f\x91\xee5\x98\xcf\xf6\xa3\
\x93\x01\xb7\x1b\xc7\x18SctF\x88\xfd\xa2\xdb\x03\x86\
KIN5\xe9b\x8dI\x88\xdfk2\xa3\x83j\x9e\
@\xacw\xa8\x97\xde\xacW\x22\x96\x8e\x9c\x1d\xec\x8b\x13\
\xaaa*>.\xa7\x02P\x1d\x90d:\xe8r|\x92\
\xeb\xd9\xb4\x7f\xd7lp\x0e\xf0\xef\x8d\xac\x18\x88\x97\x01\
i\x10\x89\xea\xa2\xed`\xdf>\xbe\xf3\x90\xc1\xfcC\x16\
\x90\xa0W3\x04z\x7f\xae\xe4\xd1\xbbbx<\xf7\x8d\
^=q\x99\xd1\xe4\xc4\x0e?\x06;\x861'6#\
\x1e\x83\xc4\xe9\xf1\xa680\xab\xd1F;\x0fz\xd9X\
\x94\x181S\x17\x89\x09\x8a(k\x8e\xcc\xdf\x9e\x90\xe6\
$\xc2\xff\xfb\xa4c\xbdQ\x8cp\xea\xf6\xe9\x0ddL\
\x8fv\xb7\xf4\xf4p\xaa\xcesLJ\xb6MszD\
\x9aC\xb0\x9c'\xe6\xcb?1\xfd\x85P\xaf\xfcK9\
\xa30\xf2\xb3\xa5L\xc7\x84M\x8dd\x9cs\xfb1&\
\x13\x9f\x06\x90\x16\xadKjzR\x12\x1e\xc6\xe9\xe8\x5c\
\xaa\xc1\x94\x9cB\x87(\xa6\xd4\x99\xdc\xe0\x98\xe3Rd\
\xa3\xad~\xc3\xb9iS\xa6E\x83\xe9\x81\xa2\x1b\xa6L\
\xbd\x16\x22\xcb-f\x99X/\xaby\xa3T\x1d\xd3\x9d\
Q\xf0I\xa7\xd1\xc0\x13\xe0<\xad\x00\xcby\x80\x8e\xae\
\x07\xe0\xaa\x0f\x03*\xd6<\xa0\xbfk\x14\x19\xecz@\
>y \xad\xabU\x933\xd6L\x86\xbf\xf8\xc1\xcf\xbe\
\xf0s\xa30I\x94|j4\xe6\x87fW\xcc\xfe\x8d\
\xb15\xa1.&\x05\xbb\x94\x9e\x88\xfba\x9fU{J\
\xcf\xfc|}[\xf7\xa20h|R:\x1afJ\xaa\
Lq\xc0\xae\xe8\xf84Sj|d:\x1a\xd0\x8e\xdc\
SH\xd6\x1aV\xe7\xc7\xfa\xcf\xbc0\xd1qd\xa4\xb4\
\xce#\xcd\xc8\xddQ\xa7\xbe\x98\xe7(z\xbe\xda\x81\xa8\
\xb4\xd6\xbe\xa6\xb8\xd4d\x93\x89\x0b\xe5Z\xb0\xfb;\xf3\
\x0by\xe9\xc0VVZ\xf6\x83#\x07K\xde1-C\
n\xf0\x86\xc4\x91\xb9?8|\x97\x95\x94yy\xaey\
\xe9\x06\xcb\xe1\xdc\xca}E\xdc\xe2\x0b\x16\x0d\x04\xd5\xb1\
\xde\xa8M\x8eH\xc5F\x85*g\xc0J\x91\xd3\x05\x95\
\xc5\xcb8\xa1\x1a\x9b\x10k\x22j+\x09\xfe)xq\
{\xa2k\xb6\xab\xf40Tf\x16\xbd\x8e,z\x96\xbd\
\xdb\xcc\x1bw\xd1\xb3\xa2\x8b,\xcc\x0bs\xcc\xf36Z\
\xf6~\xc4?\xa0,\xe9r\xf0.\x96\xff\x85\x09\xd6\xe0\
u\x1bLz:\xf3u\xf0\xae\x1abn\xcd\xe8\xe4\x8c\
\x1a\x92t\x22\xd6Y\xa9\x88\x0f\xb4I\xb0I\xb5\xa7#\
\xe2\xc0F\xfe\x1c\xcd\xa7[q\x14N\x91\xf78<\xbb\
\x06_\xd1\x84\xa2f\x9f\x9fbL\x84)\xce\xb5\x03\x98\
\xecj\x94\x0f3Cs\xb9\xa3\x10\x05u\xb2\xce\xfe}\
'\x17\xb3\xea\xcc\x98U/\xa7Y\x85\xccLa\xb8%\
\x05\x9e\xe7\xdb~\xec\xc4\x9esg\xce\x9cO\xfd\xbf\x9d\
3Q\xe0Q\x95\xd3\xef\xbb\xe0\xef#\xfb\xc7\xca\xe7\x8a\
\x9d\xfe\xd2\x15\xfe\xe2\xcf\xfaM7lk\xf3!N\xad\
\xbb3x\x92\xf5\xff\x83'\x8a1\x8e#3\xdbo\xbb\
d)\x02\xa7\x83?\xb5\xfd\xdc5\xcb\x9f\xfeG\xb7,\
\x85\xcd\x81\xd9\xfe\xd6\x9d\xc3U\x19\x07\xa9\xd6\xd2\xbf\x0b\
\xa3\xca\x8c\xa5\xf4\x19\x8c\xc3S\xea\x8d\xd3u\xfci\xb0\
R\xceq\x8d\x82j\xcc\x9b\xa5\xa8m,u\x99\xa1h\
\x85\xdd\xfekzBF\x13d\xa8\x9d\xdcF\x86\xa3z\
\x1ez\xa5\x9e\x84\xeb0\xfc\xab\x96\x19\x9e\x19?\x0b\xa9\
U\xd4\x91\x91\xd0\xa9\xaf\xc7<\x16\xe3\xa4\xc4+8>\
6\xce\xc4\xad!\x09\xf34\xde\xb3F=\x1c(\x83\xe8\
\x93\xe1\x1b\xdb\xe8\x93u\x0c\xe4b\xc5\x9d\xe0\xe9\xac\x09\
u\x88\xccf\x1aM\x1cW\xa7\x00\x0b~'j\x07+\
\xe7-\x07R\xfc\xa9lh\x8dYrV\xeb\xda\xf6\xd6\
\xf6\xa38N\xe4E\xe3\xe5\xe0\xd1\x86'\xacR\x8dF\
\xd05&9\xd5\x18\x9bJ\x01r{\xc6\x85\x0f\x1e\xab\
\x12\x8ac\xe5X\xd6\xc6\x0a\xaa\xeb\x03\x05\x06\x1f\xedk\
\xe5\xed\x1d+7\x0ec\xf5\xae\x0b\xbd\xe9}\xaf!\x06\
\xd7Lz\x8a\x91\x1fv4\xa6\x14~\xef8~\xa6\x03\
d]r\x0c\x95\xc07\xd6HD\x14i\x08'\x0e\xab\
\x1e\x98b\xe4\x1c\x92\xa8\xb0\x09\x0a8\x9e\x22:\xb8\x8b\
M)\x85\xd0\x8drqB\xe8\x81\x1dAJl\x92a\
$&\xf8\x8f#9\xa6\xa6H\xa0T\x18M\xa6d\x8e\
\x8c\xf1\xf7&\xba\xbc\xbb\xcb\xbd1\xa1\xc1H;{\xb2\
(\xe9L\xa0*F\x1d\x86\xcc\x5c\xfd\x93!Y\x14Q\
\x07h\xa2:\x07Sr\xf9_\xd6N\x97\xab\xb8X{\
\x1b\xec\x18K\x8c\xa5\x19\xd95\xe9\x89\x9dds\x8a$\
\x9e\xbb&@\xd4\x90f\xe2\xaa\x0c'q\x87#\xe8\x15\
z2{\xa7\x93\xf5\xf1\xb0\xd3J\x89\xa02\x86\xfc\xc7\
\xe3\x1e\x08P\x9c\x890\xb2\x06\x0d\x90\x0c\x95~`R\
\xe19+hl#Ts\x12\xc2F\xae\x86$\x84\x08\
\x8f\xb9\x1c\xf0!\x10\x0f\xaf8\xd3\xce_\x19\xf4\xaa\xa6\
\x13\x95\xc0tSJ\xba\xa9\xc6\xbc(z;\xc60\xe8\
[8S\x01\x0b\xadvd'\xc6\xd0&\x80#\x1fk\
\xc8\x92yh:X\xad\xdd\xad\xadA\xa8\xa6\xa5C\x80\
\xcd\xb5\x19\xbc\xfb\xa6\x1eS\xd3v\x89>\x5c\x9b\xd7\xc5\
1\xe91\x11i\xdcc\xb2V\x93\x9eF]\xd2o\xc7\
\x96\x88\xefy\xa0\x84n\xad#?\xd5\x9c\xa2\x01!J\
db\xbc\x89\x95\x03\xa1J\x16\xbc\xb8\xa5\xa2\x00\x22\x91\
v\x0d RK\xd1\xac\x01E\x224q\xd8\x1b\xf4\xfd\
\x9c\xfd\xa1\xd1\x0bs\xa9\x00\x108z<\xa5\xed\xdc7\
\x85_\xaf>\xe7\xd0cT\x96\xe4\xd4D\xac\x0d\xe3\x84\
\xb3\xb6\xd6\xef8w\xf2`\xd0\xa8\xe1\xd4I\x85@\x0a\
\x0f\x0eY\xa7\x8c\x1e\x0e\xe8B\x9f\x11\xf2\x9f\x9bR\x9d\
c\x9e\x1bK\xd9\xc7\xae\x8c\xce\xe9)\xd1X\x96\xc1\xdf\
]\xc4*\x12T\x8eq]\x0c\xe8\x89-\xff\xc5\x82\xed\
\x15J\xae\x17,CR\xac\xd3\xdcZ\xcc\x8e\xbc'\xbb\
\xbaIOq\x95\xfcg\xab\xacE\xe8\x98\xb4\xe8\xc5G\
\xd7x\xaa\xaa2|\x17%\xc5Z\x0d6\xac\x1b\x13\x9f\
\x14\x15\xe7\x83\x95\x1a.`\xdd\xc0\xdc\x97`=\x8c0\
%\xfb\xa1G\xc82<\xf4\xa8V\x05\xe6N\x98O\xc5\
\xfa=\x01Bw\x84\xcfn\xa4\x07\xf5\xd9\x91\x8a\xff\xfd\
\x01\x0eS\xff\xb1\x8f\xe6;&\xc1\x18\x91f\xd4\xc18\
\xe0l\x87\x8f\xa1\xd2\xf0\x98\xffi\xaf3v\x8c\xed\xa8\
\xf3\xeb\xd9\xa9\xa3_\xb7\x1e\x1d\xfd:\xfa\xf9\xfaw\x85\
\xffs\x9eL\x97wNf\x22\x0c\xeb\x0f\xc3O\xe2\x19\
\xbe\xdd;\x86\x9f\xe8\xef\xef7\x89w\x5cwz\x5c\x9b\
\xd5b@\xb5\xc6,\x9a\x11v\xdc\x83X\x92c\xf5\xfb\
\xd3d\x10\xbb0\x97\xf0\x7f\xc0\xc9\xeeN\xc3\xd2\xc8\x07\
\x97\x14\x1d\x0d\xbe/\xed\xdf2\xd47\xf7e\xa8W\xd0\
\x80\xdcc\x19\xd9\x0b\xdc\xc6=\x0fZh\x9b\x1f\xf8`\
'\x11\xc4\xd3\x05\xc6\xc2\xfb\xf0\xce\xc0n\x0d\xa9O*\
Gc\xad\x8d\x8aHHH\x9e\x0e2\x9a\x1a\x91\x14\xcb\
\xe5\xcc\x10\x9a3\x98\xfa\xfc\xbf\x22i=Y\xb3\xb3\xe5\
>\xffOD\xce\x1bg\x10~vmf\x8c\x0f5\x03\
]\xb0/|v\xa3\xc6\xeb\x0c\xff\xd5\xe9G\x16=\xcf\
\xc86\xa6L\x0ce\x08\x1a\x95zM\x07L\x12\x89\x05\
hI4\xba\x8c4\x9a\xa6\x03\xa8\xd4\xf9Q\x93\xe8\xd6\
\xb5kg\xceh\xadl\xa3\x85z\xb9\x1e\x8da\x04\x98\
\xe3\xfc\x0b\xf2\x22\xd69\xbct\x0c\xff\xe9\xbb'\xb6z\
\xc7\xf1j\x03k\xdfw\x1e\xa9\xd6Eb\x93\x9eFz\
\x1b\xf7V\xab\xb0xd\x8eG~\xa1#\xd2\xb1\x911\
\xa5\xa6'E\xa1\x11\xeb\xa53F\xc7S%Ktf\
\x0f#\x00\x8eA\xf7D\xf8\x84\x84k0\xd3u\xac\xa4\
\x99\xf8\x89\x1b\xdc)\x1c\xc1\xdd$\x0b'\xb8\xf3\xa4h\
$\xa7\xa7\xb1\x02\xbcQ\xc6\x18n|'b\x95\xbe(\
\xc6\xd8k]8~\x15\x1b\xa2#D\xdfP\x03\x87=\
\x1d$hg\xe1\x9a\xc7\x1eH\xb2\x06Ru\x1d\xa4\x5c\
\x13\x11\xe9\x95\x8cJg\xd1\x98\xf4\x84\x04\xeee\x01h\
\xc2\x0a\xf1\xe5\xd8\x8c7\xc6\x07\xdc\x83\xadk\xc4=\xe9\
x\xcf\xa4\xe6\x127~\x1aL\x8c\x8cT\xdeQ\xe1&\
\xd2+\x02u\xcc\xa5\xa5q\x10\x94\x02\x9b\x04\xfbN\x8d\
\x9e b..-N7\xcc\x98\xca\xbb8h_\xf3\
\xe2\xd2\xe2jX\x9c,\xbdW\x9eW`\x83 \xc7\xb1\
\x804(=\x02\x0b\xe58\x93GYqL>\x18P\
\x12W\xf6\xfcf?r\x80?l2\x93\x0b\xfe\x22'\
\xa8\xd9\x05Q\xc1\xc6\xa8\xe4\x0cc*wD\xd6\x9d6\
i\xb01\x06\x5c\x0a\x87c\xde\x91Wf\xdf\xc6\x10\x06\
S)z5\x16\x0bdd\xe3\xa1|\x0d\x82\xe8\x07\xb4\
\xd2\xa9\xdbV\x10r&c\xc8E\x17\x10S\xb9\xfc\xf4\
\xa4\xb4\x88\x18\xdas\xd6`N\xb0\xc6\x0fcx\xde\xea\
g\x88\x1e0~\xff\xf7\xf5\xceT\xc5!\x0b_+\x83\
\x8d\x89\xc9&\x8c\x03\xb90\xdb\x9d\xaa\xf5\xec_ \xc7\
^X\xc8\xcc\x1c8\x11x\xc9\xbeyb\x1d\x99\xaae\
\xe6 \xf6\xc2\x0b!Y\x8c\xf8G\x12l\xe4;l\xef\
4\xe9)\xdd\x90\xf7BJ\x07\xd2\x97{)\xc5\x01M\
h\x92\x0c\xa7\xdc\xa1\xaf\xcb\xdcom\x14\x0f\xc3\x96X\
#\xb82\xe7[5\xad!\xd07a\xdd\x07\xae.9\
5>\x16\xaf\xef\xbd\xf3^\x8d\x02\x83u\xa7\xdb\x8bu\
\xe9\x94\x81N\x0fft\x80\xab\xfc\x8e{\xf0\xe8\xf0\xb9\
\x98u\xd3{;E{\x0d\x83\x8d\xa6\xf4\xd4$[]\
x\x12f\xde\xf8\xf7\xd5\x1d\xaf\xcd\xa0q\xe7\xd0h\xc2\
\xa6\x91b3\xf0.\x22\xc8\xfc\x1b\x86-\xccM\x02}\
\xe1\x96\x00\x93`\x92\x0c\xff11\xb4\x94\xa7\xcePf\
;\xdd`\xa8\x16}\x14\xc9\x11\x0e\x83e\xe2x\xbd\xbf\
\xa3\x9d!\x02dk\x007\x8fI\xb7cXC\x85\xb5\
%O\xa2\xc03\xf0\xf6\xc4\xf1\xef\xf0\xea\xf5\xa8\xee\xef\
r\xe9\x0d\xc2$\xe8\xc4C4(+\xb1\xed\x91\xaeS\
5\x7f+\x8a\x0e\xf2\x17\x9d9\x96\xd8\xe0V\xbd\xa3\x9c\
_A\x13b%$54\xa1d\xdd \xde\x1c&\xd8\
a\xecT\xd3\x09\x0d\x12pm\x86\x15\xe8\xfa\x9d2c\
\xb5\x1c\xc5\xde\xbaq\xbc\x091\x15\x95@\x04\xb9bY\
\x8e\xba\x8c~\xb4r\xf0\x98\x10j\xc0\xa0\x00V\xc5[\
\x1dF\xc7D\xa3)\x02\x82\xb9\x08\xce\xeea%\xef;\
v\xaf>]\xd7\xfb\xce\xfdk\x8c\xb4\xe8;45\xdd\
\x22\xb0Q\x8bO\x8aGWVC\xbd-\xd2\xc3\x14\x13\
\x0b]\xd6\xb3\xf6O\xa6rK\xae*=%XO\xca\
\x10`\xb9\x81*$\xe5q\xe2\xee\x98\xad\xc6\xbb\x01\xb8\
\xe3,\xab\xdf\xc4@Y\x5c\x9d\xf5\xaa\x80\x8e\x92\x19{\
I6/\x9d%\xf3\xd0\x7f\xd3\xb6\x8e\xb1\x814\x1d\x84\
3\xd4\xe5\x13>\xa0\xd0\x0a\xbb\xd7\x94\x9fdM\xad\x85\
\x95$#5i5\x81.\xe7W7\xf7\xa5-/\x1f\
\xa2\xc12]\xd6\x1c\x9bY\x09F\xd8\xbc\x0bL3\x92\
\xbev\xc7{\xc9\xce\x0bi\xa1\x96\x22\x15_\x01\xfa\xe7\
H\x0f\xdb~U\xabB\xbd\xa6F\xe3\xae1\x02\xbb~\
\xf6\x11(\xa5E\xaa\xedi7\xdd\x1e\xcb\xe4\xd3X\xbb\
\x0a\xa3[7\x16\xdc\x9c.\x0e\xa0\x12g\xdf\x1a\xd0\xeb\
\x09\xf5\x9a}\xda\xc5\x9a:\xd8FL\xd2%'ae\
\xbemm\x91F<Q\xa0\xd7G\x15\xd5\xf3\xad\xb0\x15\
\x86\xb0H9N\xab\xef\x80#M\x8d\xa6\xc7\xc1\xfaw\
\xdb\xf5\x04\xce\xea\xe8\xc2\x01\xab\x83\xa6#T\xdb\xa0\x11\
\xa9\xd4\xb2\xe8\xac\xd6\xbb\xae,\xb8\x13\x03\x89\x83\xedO\
\x80\xff\xe8B\xb2\xf4\xe5\x8eZ=C\x9c\x11\xb0\xb1\xb9\
\xf0dy\xd9v\xee\xe3\x02\xf6n\xbe\x82\x0f_\xcf\xbe\
\x8bwv}\x05\x18\xfd\xe5'\x18.\x87,\xfb\xa0y\
\xe4\xddqq\x93\xccA\xd3\xed\x04\xbbR\x04\x1f\xce\x9d\
Wq\xb0\xac\xa2l\x0b}\x9f\x17\x7f\xa4*M+O\
~j\xce/\xc4\xa7\x05v\x15[r\xb7\x98\xd7\xed2\
\x1f\xdda^x\x94\xa3\xac1}g\xfa\xa3\x9c\x8e{\
\xcb\xb8PZ\xdb\x10\x97<\xddv\xd0\x84\x07g<5\
h\xd8\x11\xdd\x97\xd1\x1c\xfe\xa3#\x01KwLO\xd2\
%$\xc7r\x8fJ\xf0\xb4\xd5\xe1\x15\xf1\x14\x93\xd3$\
q@\xfa`\x87\x875$\x82\xe7\xe4(\x9d'V\xf3\
\xbf\xc3\xfay\x18L0\xedw\x1a?\x0f\xbcm:5\
\xbap\xf4\x9c\xa4p2\xe1[NJ\xb4\x0bM&\x85\
\x91\xd4\x8cJN@\x99\xc14\xa3\xa3\xe8\x84\xbay\x19\
\x9b\x9e\xca{\x94\xd1\x14]=\xce\x99\xdfP0,?\
\x0e\x86\xa2\x9dH\x19\x08\x1c\x95\xe3\xe4\xb1\x0c\x82\x95\xf7\
TR%K\xfc\xa9NO[\xeb\x1a\xbd\xbc\xa3\xbfk\
F\xb9#%D\xd9\x1c\x16\xb5\xa1K\xa60\xa9\x837\
\xf8\x8d.\x98\xc5\x8b\x7f\x90\xa8#\x02AB)<\x00\
\xa8\xbd\xad\xa9+C;9\xc3Vx\xc6\xf0\x1d\xedm\
\xe4\x18\xdc\xa4r!\xd6\xca2\xfc\x0b]o\xc6\x17#\
\xa2\x162\xe4pf\x1a\xc0v\x8e\x0e`\xa3(yQ\
Gv\x12\x95n\xac\xb3\x973\xa5\xf1\x5c\x1b\x02\x99v\
\xae\xdfT\x84D\xa4\xc6\x1aM|%\x9c\xf4-+\xc4\
\xb0\x8b\xf0\xc8\x9bN\xfeb\xf4\xc60\xd4>!\x0e\xa3\
\x95J\x81Z\x00:`Cm\xe7\xdf\x0el\x8e\xa5\xce\
\x5c\xc3\x5c\x1b\xb31K\x1e\xce\x10`\x8cM\x87n\x8e\
\x0c\x16E;yz\x92\xf584\xdeZ\xb9\x9d\x9e\x10\
MUcE\xe2\xc8X\xcd\xc7=\x1f\xb6\x96\xa3Y+\
\xc0\x1cB\x1bB\x17\x9ba\x1d\x17\x07\x14\xd1}\xd8\xb5\
\xcb\xd6\xf6\xc3\xf9k\xe1\x1a\xbc\xb3\xea\xcd=\xe4\x1d\xd5\
m\xb2%\x96\xe8\x19\xac\x8dT\x85$\xa7\xbb|\x99@\
\x91\x1f\x97\xff\xb7\xc9\x8d\xd5\xc1=$5\x22jj$\
\xd6o\xbbx\xce\x00\xcbP\x1c\x06\x10\xab:\xb8e\x97\
cA.\x06\xd2O@\xe0\xf9}\x88\xc6\xf6jOu\
#\xe3=\xdak\x8e\x9f\x1a\xb4\x8e\x99\x185|\x83\xae\
\x82!\x0c#\xc6\x1a\x06Z\x1f\x8a\xa8<\xbd\xd9\xb2|\
\x87\xb9`9\xf3E\x9f\xc7'6X\xd6l\xad8~\
\xda\xfa\x98D\xf1'\xe6E\xebt\xf6\xeb\x0a\xe6\xfc\xa5\
\xb4\x1b\xe1y\xf3\x87\xca\xda\xd9j\xad\x1d\xe6vl\x12\
U\x88\x00\xae\x92\x0a\xb9]\xe0;O\xec\xcc\x7f\xd0\xe9\
\xc0\xad\x0eRTN\xc0\xa5EBZA\xe7&H9\
\x97\xcf\x9b9(\xc0<\xf0\xf0\xf5\x1d\x97\xd0\x91\x12\x8a\
=K\xe8\xeb2\xa8`Z\x8b\x22\xc1;\x09L\xc9P\
%s\xcc0\xb9\x85\xa3;u\x94e\xbf|\xe2:F\
\xb6\x13C\x9c\xc2J 6u\x22F\x07\x14.\x93\x8a\
\xb5\x99\x84&\xf4d\x91\xd29\x93\xa2\xef\xf4\xb8&\xe6\
a\x18\x1b8\xba\x06\xff\xa1\x19\x9b\x14_\xc3aq]\
\xf4\xb0\xb0\xdd\xa9tPLt,.i\xc7\x02TM\
M\xc6\x02\x8f\xa8(c\x1a\xf7^\x07_\xefj\x19I\
#\xe9\xccg[\x9c\xa8\xe8\xbc\xd2\xd2\xb9)\xd9\xd4a\
\x8c\xdb\x8f\xd2q\xc6\xd44\xbe\x1b\xfe\x18\xfe9Tt\
\x1c\x8f\xb8\x88rc\x18\x15\xce\xd2\xd0\x88T\xbe\xa8]\
\x14\xb4.\xc8\xe8\xc8\xc2\x85\xa6\xc6sO\x9b=\xd8\xa1\
s\xd0\xbaqwX\xf1\xae\x17\xd5\x8b\x139GZ\x9f\
\xfbp\xc0T\xee\x8bD\xef\xd3\xd6\x01\x05\x00\xd8\xe7\x05\
\x10\xb3#\x99\x05~3\x85\xb4s\xc0\xbc\xf7A\xe3-\
\xab\x17\x97\x97\x1d\xd1yyw\x9c\x15\x9f\xd2\x8e+I\
}'\xb4e\xdd\x81\xeb\xe3\xd8\xf8\xf7\xf1\x9cpx\x12\
}\xfb\xad\x0f\xa7\xeb\x9cvN\x8f\xf5tpl;\xd5\
50\xddD\xf7\xed\xc0\x11\x1a\x1c\x96uk\xae\x0fc\
\xbb\xdd\xa9\xde\x80\xd3\xe9\xfbr}\xb8\x8f\x0b\xe0\xd0\xac\
\xee\x1d\x18\xddkQ\xdd!d\xb1\xf6\xef\xc0\xe9\xdf\x86\
\xf9\xf4\x0b\x06\x0e\xef\x80P\x0d\xe9W^\xac\x05\xee5\
\x9d\xbb*\xc6K\xc2\x7f\x99\x16\xcb\xaa\x1b\xae\x1d\x9d\x9e\
\x98\x12g\x8c\x00\x10\x96j\x9c\x96\xcew_\x84\xaf\x9b\
\xda\xd6-\x1c\xbb\xbd\xe3\xe60\xff\xb5\x19\xbc\xce\x85\xf8\
=(\xad\xa8#\xe3\xc0Je\xbf\xc8\x05(\x9e\xe3'\
\x0b\xbf\x8e\xeb\xce\x9a\x88\xdc\xe5\xb4E\xac\xc4\x862>\
\x89\xc2\x85\xbc\x0fk\x04KV92k\xd2\xc4\xf8\xa4\
t\x13\x8f)zG\xa9\xb3$\x91\xaa\x08\xe6}\xa8\x88\
]\x8d\x92\xe2\xa2\x1a\x85z\xc5\x068\xc2J\xe5hR\
\xe2\x92\x93\x8c\xe1\xc0\x8cp\xbe$\x8e\x0cS\x10\xac\xf2\
&yZD\x86\x91\xb7\xadp\xe6\x15\xc7$\xd2\xf0\xc2\
y47\x8f\x17\xe8\x99{\x9b]\xb6\x97fL\x8d\x8f\
HHJO\xe4\xd9\x8d\xd5\xe7\x8c/\x8a\xe68\xa8Z\
/\xf1\xbd\xc3jM\xe7\xb7Z\xad@\xc6#Ag\x22\
\xa87\xa4\xb2\xa8\x0bj\x9c\x97\xa9\x1c^?32\x15\
\x10u\x96\x8e\xfd6\x15\xe78\x97\xfb\xa8\x1f\x92\xc1\x1c\
\x00\xfd\x80 \xf5\x9a\x9c\x91\xc2\xf4\xf8D\x98\x91\x1e\xda\
\xf0d\xd2\xd3\x02\xb9\xde\x1f#vD\xcc\xf6a\xfb2\
\xde\x00\xb4\x02\x98\x8d\xbb\x00\xcc\xe0;\x83\x99\xb6|;\
\xf5W\xf3\xd1\x03Us\x97\x94\x1f;nY\x99W~\
rc\xc5\x86\x12\xcbV\xde\xe9E\xc3\xa0i0x*\
e\x22\xf1\x952\x94\xb3,\xa2\xb0>\xf5\xe7I\xb5\x89\
\x876\xf8\xc4\x1b\xfd\xc2a8\xb46\xc2\xcfit[\
\xfb\xf4\xde\xcb\x8c6\xd2y\x11\x10\xf4,\x05\xe3\xe9\xbf\
\xf5\x99\xb6#\xccp\xf0\xbdi\xf0W\xee\x1d\x01z.\
\xf8FZ\x14|\x86S\x5c\xcf\xaa\x96\xe1\xa3\x06(\x17\
\x0c;\xd6$\x936\xfe\xe1\xf1\xd1Y\x8fO\xe4T|\
\x5c\x06<(?\xb1\xber\xdf\xa6\xc7'\x96p\xdf\x18\
\xcb\x84y\xe3\xec\x91\xd1YXv\xc5)\xf8l\x98\x99\
\x10\x11iL\xc8\xaa\xda8\xb7\xf2\xe3y\xc09K\xee\
n\xfe-\xc5\xe7\xfe\x90?:|\xf6\xd0\x11\xc2d&\
e\xe9\xe8\xc7\x0c9G\x17\xce/\x06\x12\x05\x0eme\
,{\xc1I\x10\xd3%3\x18\xda\xcc\xf6.\xa0\x82\x9e\
\x0c\xc5H\xeb\xd2\xc1\xa4dq\xcdw&%E3P\
\xda\xaaU(E5>,\xd9(\x13\xdd*\xf0p\x19\
-/5\xbd19\xe8_\xd7\x96\xeb\xc8\x87D\x87W\
\xea\xb9\xf5\xe5\x8e+\x0c\xf6\x0a\xef\x8a\xfde\xe6\xcd\xb9\
\xb82\xeb\x91\x8c\xeeC]\xc5\xd2#\x96\xb9\xf3\xec\xbf\
\xeb\xc4Y\xa8\x9e\xf7Y\xb2\x0f\xf9\x1e'#:\xdb\xd9\
\x07\xf5T#\xbb\xdc\xdd\xfa7G\x0a\xce\xf1^\xd9\x87\
\x8e'\xcb\xacP1\xad\xbd\xbd\xf2\x9c?\x05\xd7\x91g\
V^\x93\x9eF\xe5\xc4\x06\xf0\xb0\xa9\x1dc\x9bm\xa3\
z\xc1>X\x96\xe7X6-`0\x84\xeb\xe5\x9d\xc7\
\xc9}\x1e\xa3q\xb8G;\xb58cB\x0a\xf7\xc2\x0b\
g\x8e\xe1:\x16\xfc\xd7:J\xf9\x10\xf8\xa7\xbdst\
\xd6\xfd\x9d:\xff\xe2\xe2\x0e\xf0\x84\x87S\x9c}c\xd4\
\x1b6\xb4S\xb5\xef\x89\x8b:\xc3\x1e|\xb3\xa3\x9e\xc3\
dQ\xaf\x96W\xab\x10\xde\xeb\xfd3f\x07K\xa6^\
c\x84\x90]lc\x99\xf3\xb6Z\xf6\xad\x02\x03c\x1b\
\x13\x8c\x0b\xaaJ^Q\xf9\xc9<0\xad\x15\xebN\x99\
s\x16A\x13\x9e`\xb1\xe6-\xd2\xd8\x86\xa8\xdcw\xc8\
\xb2v\xf9;\xe5\xa8\xda\x93>\xa6\x00.\xf9\x12\x1f\x97\
'\x9dv9\x02\xe1\x01A2\x97,\xb3\xe4\x14\xe8|\
}\x5c\xdftt=\x8e\xf3n\xf8\xb8T\xe56\xbc\xa3\
\xda\xc6\xf4q\xa5\xc2\x12\xfaX\xd2\xe1\xea\xcb\x8f--\
?6\xb7\xfc\xd8\x1en\xb9\x85\x22P\xc7RS\x15\xb6\
=\xb1\x95F\xf0<U\x0eI\x97\x1d\xc8\x08\x9aZ\xca\
\x0a\xb9\xa3+\x9dG\xcf\xe5\x1f\xddS\xaf\x9c\xda\x1c\xc1\
F\x98\x043\xbfAq\x05\x956\xac\xe4x\x1f\x02z\
[>-\xaeZ\xbc\xb8j\xc3\x22s\xe9\x22\xcb\xdaS\
\x15\xdb\x8f\x9b\x17\xee\xaaZ\xb0\x8b\xb6\xdc\x965;\xcc\
\xa7\xd7\xf0\xd4\x9a\xb0\xa7\x9a\xcb3U\xaa\xda$|l\
X s\xf9\xb9\x95'O\x9aO\x16\x99\xf7\xe7\xbf\xbb\
8\xc5\xda\x9c\x9f[\x12\xa7\xa3i\xb9\xcb\x17u5z\
5\xe6\xe4q\xf1k\x9e\xadu\xd4.\xd5\x83\x1et\xd6\
\x9d^j\xd5\x96\x83U\x1fqV\xd1[\xaf\xb1%P\
CT\xc6\x17\x98\x14\xaeV%\x9cN\xf7\xb2\xe1\xb8\xea\
Fx\x0f9\xd2\x03\xd3\x9d\xf4\xef\xf4dr\x86\xd3E\
\xd6\xf7\xcb\x8f-\xb7\xcc\xddY\xb9\xe0\xa4\x95\xd7\x05\xcb\
,k\x8e\x98\x0b\xf6\x99\x97\xe2\x03\xc3\x96\x03\xf8V\x22\
\xfd'\xf8}U\xd1\xe9\xc7'6T\x94\xad\xb4l\xda\
b\xc9YM\xdf\x89\xb3\xff\x15\xb6\xdb\xfc\xd9\x11\xfa\x97\
<\x1a,\xd3\xb7.\xbc\xc0\x8a%\x80\x8f;\xaa\x16\xe7\
U\xadZW\xb9o\x1f\x97\x8f\xdeS\xda\x1a<\x98|\
\xdc\x0335/[\xcd)\xde\xb4\xde\x19M\x02mJ\
\xc4wS\xa9\x9f\x22\xaco\xc4R\x88\xaa\xbaQ\xe0\xed\
\xf4\x09X\xd1\x8e.\x9c\x85T:\x82\xe1\xd1ebA\
\x03\xd8\xc2\x08*\xc1\x0c\x8a\xb7\xa1\xfc\xf4\xa6\x8a\xa2u\
\xe6\x85G\xca\xcbV\xd3\xbe\x9c\x1f\xbeH\xf4\xbd\xf0N\
\x13s\x9ae\xe6}'*sx\xb4\xcezS\x9f\xb9\
\xfe2@G\xfc\xcdE\xfa^k\xd3\x99\xa2\x5cVU\
|\x98K3W\xff\xc2\x98\xc2\xa8\xd0V\x95\x1f\xcf\x05\
\xa9\xb4\x14\x95\x82\xf5\xe0\xf8*l\x8ewf\xed7m\
\x9d\xb3\xa9\x9e\xd6\xee\xfbV\x95\x9f\xca5\x17\xe4T\x96\
\x14#\x7f\xf8\x92\xabN\xc4\xd0\xec\xebG\xeaI\xc6l\
\xc7i=/1\xda\xca\x97\x7f\x86\xe6\x01\xfe\xed\x92l\
\xacw\xfe)\xaaJ\xb1\xc69\xe2\xfd\xd1S@\xb0\x94\
w\x8e2}\xe1\xd4\x0b\xc6a\x8c\xcb\x1d\xc0\x9fB\xcb\
\xbe<KQ\x8ee\xf3F\x8e\xaf\xb35GL\x0b#\
\x87R\x102\x1adh:\x00M\x9c\x89_5\xf56\
\x1d\xa6\xeb1\x9f4q\xf3\xfc\xd4\xb9\xdf\xc58\x22\xd3\
\xbeL\xf24\xf8\xb5\xbe\xec\x93\xa6\xf3\xf3CgG\xdd\
z\xa5O\xda\xe8\x97H\xcd%\x9b+\x97\x1c\xa8\x5c\xb0\
\xcc\xb2\x8e\xa3\x04m\xf4g\xf5\xfe(\xae8h\xbaW\
d\xf71a\xe9^X\xd0\x8a1\xe8\xc4\xbf'\xaf\xca\
\xc8f]\x96\xeaY^\xb6\x10Xl\x0de\xe8\xa1V\
\xed\xb2\xe4\x1c\x05\xad\x84\x7fT\x9eZi^\xb8\xc3\xbc\
l\xa1\xb9 \xcf\xbc\xef3\xf3\xf1U\x15\xeb\xb3\xf1\x7f\
\xb9\xc6I\xa2?\x1b>\x96\xf1\xc6\x8a\x1c(\xa3}\xcc\
\xe1\x18\xbc\xda\xfa\x8b\x13\xa4\xfa7h!\xb1\xd6\x87}\
y\xab\xbcl9\xcc\xa4\xbc\xccj,-\xf3>2o\
\xcf\xe3\x1fQ\xa7\xbfh+\x812\xcc\xc8\xcf\xaaa\x95\
\xbe@\xd5\xb2d\xae]'\xcdy\xc7\xc0\x1c\xff\x87\xc5\
y8\x86\xc2\x87dr\xbf1\xeee\xb9\x9f\xe6\xce\x03\
\xc0\x9cs\x8eT\xee[jY\xbd\x97\xdf\xf1h\xf4\xe6\
\xa0\xb8\xb0@<IAK\xcc\xb0\xe5e;\xc0m\x81\
[\xb1\xec*6\x9f\xc8\xa7-+\xcfc\xc9\xc1\xc5\xfa\
\x0e\xe1_2\xc4\xb4\xac\x0cb\x9f\xf2c{\xcd\xa7\x17\
\xf0\x86\xf5\xac'\xb6Tt\xb0F\xc3\xfcwg\x01\xac\
\xcd\xf9-\x9a\xc6\xd6\x1cMed\x15c)\x8cN\xb4\
I\x84\xa0\x8e\xdb;l\xae\xd8\xe8\x13%\xd0/\x9b\xfd\
|\x86\x80\xd1\xfb\xe4\xc6\xca\xb9\x0b-\xab\xf6Y\x96\xcd\
+?\xbe\xac\xa2\xecP\xc5V\xceTU\xd8\xbbZf\
x\x5c g\x84\xa7\xb5\xe9\xbe\x00\x1c\xc1\x91\xc2\xb0<\
1i_kv\xd7z\xe4\x81\xc7\x1d\x933\xb0\xfe\x1c\
\x17\xa2Wdd/s\xcb\xfd\x81\x8a\x1bT\x91xk\
\xc9\x88\x07 \xf8;<\xf4`\xf8C\x03\xad\x93:\xea\
\xd4\x83>\xef\x00\x97\xb6p^e\xc91z\xe1\x80~\
@\xac*K\x17\xe0Eqk`\x01\xf8l5-}\
\xd6\xa3\x10\xea\xaf\xf4\x01\x08\x8f#l\x85s\x9d\xa0.\
\x90\xc7\x0dA\x06\xeb\x89\xe1I\xa4\xc7\x04O:\x95\x81\
9BVaA7\xab\x95\xd8\x9e\x87\x0c/^D\xb3\
\x1d}m~)\xfa\xe0\xed\xeb\xed\xb9\x0b\xcb\x92\x9d\x95\
\xc5\xcb\xe8\x04\x05'\x1d\x80\x832O]\xd7\xa6\xcf\xbe\
<q=\xfd\x06\x11\xee8\x83\x09\x9d\xadC\xd2\x17\xf4\
\x19\xe8\x00<PEY\xa1\xb9d=\xb2\x80f\x07%\
\x13|\xde\x1e\xc7K\xef\x9a0\x85!t\x14\xd5\x8aU\
\x87-\xfb\xb7r\x0e\xb6\xb1\xf9\xda\x0c\x1a\x0ab\xc1E\
\xf0\xdb\x02yF6'a\xd3\x81&RU|\xc4\x81\
\x04\xb7\xe6\xa3\x9a\xe4\x9e\x02\xce\xc0\xbcj\xca\xcf\x880\
\xbf\xc6\xf0\xa9\xa77\x99\xf7\xae}w\x12NE7\x84\
 \x85\xef\xa1sl\xee\x84&\xa9\xe6.\xd0$6_\
\x0b\x5cwn^\xf5\x11\xb2\x94\xa7y\x94`l\xab\xc2\
\x15\xac\xe6\xa0B\xe6U\xdb\xab\x16\xad\xe0\x96\xba\xdd\x9f\
\x92l\xf8Fo\xd6+\x1c\xe1'\xfd\xe6\x999\x7f)\
\xd8\x22\x10_\xee\xc1\xc8\xef\xc6\x9eX=\xe6+\xc0e\
d\x0e\xb7\xd5B\xb1x\xe0]~\xba\xc4\xb2\xea3K\
\xce\x1e\xf3\x86S\x0f\xe7\xce\xa3WW\xb1wIU\xd9\
\xda\xca\x92\xed5q\xa86\xe3\xc0\xdd\xf9]&5\x0d\
\x17\xad/3\xbd\xbbDAE\xb7\xa7\xbf\x03\x84\x93\x19\
\xc2\xe6a\x81\x93\xc7\x16\x85\x8d\xf9\x9e\x95\xb4\xc7\xa2\x98\
x\x12\x03?\xbfG\x82\xa9\xeb\xab\xe9\xf0\x97$\x86\x8d\
ig%\xbc?\xdf\xfcYQU\xd1F\xf3\x82|\xb0\
7TV\xdf\x10\x17\x1fcz\x8f.\xef\xe41=\x8d\
qT06iE\xbf\xa1~\x05o\x99\xfb\xc6\xa1U\
\x0e\xfeY\xe9\xa359X\xb5f/\xad\x5c\xe6\xa5[\
@\xb9\x9c\xb4\x89\x13\xdd\xdb\x0a&\xd0G\xa1\xeaV\xab\
\x10\xcd\xaeM_\x13\xa9\xd7Lz\x8aATF6\xcb\
\x7f\xf5\xb6\x0eF+0\xe5\xb0h\x05\x06[E\x03[\
\xd0\xe4\xaaM\x1f\x01\xf8\xc7\xfc\x08\x15\x5c\xa1\xea\xf0\xba\
6j\x13\xd8\x02n#\xcf'\xe0-\xb0\xb9\xad\x22\xd5\
~\xe3\x96\xff\x1d\x8f\x96\xd6W5\x18\x0fn\xc04t\
5\xbe\xee\xe1a\xa7\x7f\x0b\xe9\xe3v\xb3\x80Js6\
\xcd\x0d4Mz_\xf9\x01\x8c\x8c\xf3\x1e\x88\xaa\xc6\xd7\
>l\x01\x95ss\x9a\xc5\x9c\x8a,[\xf3\xbc\x85\xc6\
\x17\xd5\x8d(O\x7f\xc1\xf0c\xc6\xe5\xe9Q\xf8\x1aI\
\xe6p\xfa+DX\x0f\x8f\xf7c\x12\xac<\xb2\x10\x82\
+\x0cIhHP\x06\xe1\xe4\x9a\x8a\x0d\x85\x15\x9b\xb6\
\xd1\xaf\x93\x80\x12\x9aO-\xb4\x1c[XQ\xb0\x88N\
\x16\xf0N\x19\x95\x823eJ\xd09f\x12Q\xa6\xc3\
L\xd2\xd8\x91\xa7\x8c'\xdd\x8b\x86\x08N\xf0\xac\x01\xdd\
\xc1\x0e\x11\x5c\xc20\x19\x92`uUY\xbb\xban\x8e\
\xb8\xcd\xb99\x0d\xd5x\x04\xa5F\xac\xdc\xfc\xbfc\xe2\
\xa0\xc1\xe9]\xf5\x8e\xb3G\xb9y\xe1Bpg\xe0}\
8\xb8=h\x98-%^\xad\x0a\xcaC\xa7\x8ec\xd3\
%y\x00@~\x9e\xa5d9\xf9\x9e\xe6\x859\xcc$\
9\x06\x0a\x8b\xf2h\x7fN\xcf\xc5^\x9e\x87X\xe3\xf4\
\xc6\x8a]\xb9\xfc~^\x840\x94\xb1w\x14\xf6\xe4i\
\xc4\xe0\x226\xe2\xe1\x9f;6\x02\xf5\xf5!\xba\xa08\
\xbd\x9a\xd1\xa16\xddA\xe7\xa3\x83\x7f\x94\x1f\xcb\xe3\xe9\
\x8c#T\xb2GX\xc0\xddPl\xe4\xb4\xffTC\x17\
\xfb\x8f\xcd3\x87\xcf\xde\xe9\xdc\x1c\x14\xa0\xe2\xf8N\xde\
\xe6\xb3w\x06\xbf\xc7i~|\xa79\xe7\x13\xceyZ\
P\x9a\xe3\x1dW\xb0\xd1<\xdfx\xa0_\xce\x5c\xd1\xc1\
\xf2\xe3\xcby\xbf\x84\x00x\xa6'C\x18o\xf0+h\
\x93\xaf\xd3\x0f\xe1<\xbe\xaf\xb1v\xc0Hs\x08\x89w\
\x9cpZ\xbb\x84\xc6\x0f\x89\xe7\xfd^\x05\x96sQ\xd1\
\xad\xf9\xdd\x07\xd5<xWz/\xe7\xe6\x10\x88T\xac\
*\xe3~K\x044\x9f\x9ca\xb8\x9e\x98\x83o\xca\xb3\
\xa0J#kGpb\xf9\xab-Gr\xcc9\x1b\xcc\
e\xc7\xf9\x91\x0b\xc5\x0a\xdc\x5c\xfcJ\x0f\xa6\xe8P\x14\
\xa8\x0d\xae()\x06\x93\xc5\x95;\x86'e-\xb3\x01\
\xd7u\xd6\xb0dcJT\x92\xf3\x92-E\xa5\x96\xbc\
\x12\xde\xa9b\xfc\xca7U:p\xe5\x9f*\xdd\x11<\
/k\x9a\xb6\x8e\x947\xada\x82\xd9\xb7S'8O\
\xb0r\xe5\xa6\x8a%\xebx\xc7Ac\x82\xde\xcey\x1c\
k@F9\xb8\x9a\x1fq\x90\xd0\xe9,\xeed\xa0\x11\
\xbb^\x8dnH\xe7Y\xb84\x172A\xb4y\xd1B\
>\x10\x8d\x8dXg\xf6*\xba!\xff\x03\xbc\xd0<\xae\
\x07\xab\xaa\x06\x9b[\xb6\x1e\xabX\x92c\xd9\xf8)\xd7\
\x10\xaf\x0b2\x8e\xe9\xcd0\xc4\x8b\xd6\xa1\x11\x9f{\x82\
\x13W`\xcb(\xe9\xc4\xf5|\xe7\xcf\x0cx\xdb\x88\xa6\
`Y\xb6\x18\xa2\x1b]\xcd_m\xa4B\x9a\xb6\xdaj\
\xc6nP\x14\x985\xd4\xff\xfd\x99R\x0f\xf3\xe2\xe3U\
\xab\xd6a\x8d\x1d\x95du\x81\x8b5\xd4\x17 \xf9\xe3\
W\xf7,9\xc7x\xab\xa6\x9e9g\xb1%\x0f`\xdd\
qs\xce\x9a\xca\xe2]\x95;\x17\x01Zw\xd1\x1b\xbf\
\xce\xcfUo\xeaK\xfc\xf8{7\xc0\xde\xc1\xbe\xd4\xc1\
(V\x9aS\x19W}\xaf\xb5k\x19\x8b\xa0\xe8\x98s\
J3Mq\xc6Dc\x16\xe6.?Z\xeb\x82\x90\xae\
1\xfb8Y\xd7\x84\x87\xd0\x83\xb9\x1b\xad\x07\xca\x0f\xe6\
n\xe2]O\xb0\xef\x07\xdea\x81x\xd1\xd6y=\xd0\
\xdd\xb2k\x0ff`V\x7ff.(t\xd1{\xd6u\
\x97\xbd+>Y\xed\xb2wm\xec\x8d\x9c\x8c\xf4\xe0\xec\
F#+\x05\xfa\x1b\x11!T\xafaO(fL\x8d\
F\x1a\x19\xd9\xe8\xb8\xb0:\x8d\x95~iES\xb3\xec\
\xddN\xd3A\x94B\xb93\xcb\xa6\x05U\xeb\x0a\xf8\xb3\
1\x0a$\x8b\x18(\xc1\x01n\xb54!k\xc2\xe2 \
\x17\xdf\x06\xd7\x0fz\xc5r\xdf*\x18\x11\x04\x93\xdf\x89\
\xab\xb0\xb9\xe1BH-<\xcb`h\x03\xdd%?\x0f\
\x98F\x1ff\xf0\x8e\xc3>W\xa1;\xf1\x9f\xabP\xe3\
\xd8\xee18\x8f\xc3\xbc\xaa\xc0\xdb\x91G]\xe9\x8e5\
\xa8\xab\x02;r\x99\x87\xdd\x5c2O\x84>\x93a\x1c\
)\x07\xc9\x159h45\x1a\x9d#\xcb\xbd\xd6\xa3\x9b\
\xe3\x16S\xfe\xd1EJ\x80\xe3\x96U5\xf9a\xa7/\
41\xe7l\xadZ\xc7\xb96\xe2\xc9\xbc\x80\x8a\xe9\xb2\
IO\x8d\xddV\x9fc\x9f\xc9\xd1]\x99yQ:\x19\
\x86!\xe4\xaa#\xd4\x19\x10\xef\x99\x1c\xeb\xd6\xaf\x84\xff\
\x8b)[a\xa3IO\xa3V\xacnV\xad\x0a\x93\xd0\
_\x95\x83\xb5\xc1\x18\x17\xd1Wn\x18\x09\xaan4\x11\
\xeal\x7fE\xd5\xda-\x08\x97K\x17A\xbcg\x83\x06\
[\xf14\x8f\x0a\x85\xc0\x94\xd20\x9a'G\xd5\x14\x07\
\xa5\xbeO\x0e\xd4nr\x06~\x97)\xfd\xfd\xa6X\xb4\
\xceL:Y\x87\xa36\x85\xd6>\x80@\xf4w\x99\xda\
\xbf\xe9\x14\x19Ai:w\xbf`\x14v\xfa\x95\xa6\xc7\
\x9f~\x95!\xec\x09\x96|\x98\xc9hNA\x1ds\xce\
\xa2\x8a\xfde\x5c\xeene\xdc\xae\x97\xd0K\xe7\xd2\xa4\
\xaa\xacY\x22C5\xe4\x17\x19oL\xbe\xe9\xfd#g\
\x16~oK\xc0U\xab\xf4j\xb4%\x93\x9eb\xcd5\
O~\xa3\x1f\x9d\x80\xc3\x02\xa9%\x9fU-\xceg\xa6\
\xe10\xebp,\xcfj\x0da\xcf\x96\xac4\x9f\x98\xfb\
\x8e\xa4Gc\x9c\x03\xbe\x0ee\xbb\xdf\x15\x18\xc6S\xbf\
\xe5M\x8f\x0a2i\xd9\xb8\x84.\xdd\xb2\x12=\xb9\xf1\
\x1d\xb5Z\xecG\xa5$t\x00\xc8\xb9/\x82\x8d\xe2z\
\x87k\xf1\x0a\x01\x86\xeb\xb6gL\xf0\xf7!\x9a(\x8c\
\x8f\x06Su@F\x92\xca\x10O\x8a\x98e\xeb\x09\xf3\
\x89|\xcb\x9a\xad\x96\xa2\x1c:R\xb7\x9a\x8d\x8dK\xe0\
7\xd6\x88\x13\xc4s\xd9\x12\xdd\xe0$\x9e{\xab\x1e8\
Hu\xa3\xf4\x09\xb3f\xd9\x0e\xca\xd9\xa7\x144\x09<\
\x91-ZW\xb1\xfb8\xf3\x90\x9c_\x15\xbb\x18\xd2\x8c\
/\x96\xb9\x19MS\xa3\x8c\x8b\xa9\x07+\x1bE\xedZ\
0\x86>\xd9\x82\xffM!&,r\x8a\x95O\x0c5\
\xbc\xc4\xcc\xa3^m\xb8\xe1x\x81\xd9\x9cw\xd0\xb2\xe6\
He\xe9\x02K\xd1!\xcb\xdem`\xa7\xcd\xdbw\x9a\
K\xf3\xf1\x0e\xc0\xf2]\x95y\x05:??]\x8a\x89\
\xae~\xc2\x0d\xd9\xbb\xc6\x9c\x7f\x94\xceWR\xa7\xe0\x5c\
\x0c`\x9bP\xe6\xf0\x89'qq\xc6\xc5\x13CYw\
\xbbZ1\x07\xc5LG\xc9Izm8:\xd0\xa7&\
\xc0\xdd\xdb\x19,\xa5\xa0\xce\x878q\x066r\x91\xc0\
\xa0:\xfc\x8b\x04\x06\x92p\x0a`\xe9\xae\xae\x9b;%\
0\xa8\xe6\xfc\x09\x0c\x91a\xfe\xd8!\x8cU,\x9fo\
.Z\xc4\xa5\xb9\xc8\xf04\xb7\x94q5Te^\xbe\
\xc8\x9c\x7f\xa0\xb2\xa4\xd4|\x92\xe3\x9f\xda\x18\xbe\x0bz\
M]cT\xcf|\x12\xe91kVF\xd6\x04\x11\xb2\
\xc0W\x80\x11\x1fG\xc1z\x9a\xf3\x97\x99\x17\x97Yc\
\x8c\x82\xbc\x8a\x9dx\xe8\x00\xc2V\xb1\xee\xa4y{6\
\xcd\x1fL\x07S\xf1`M\xfa\xd6\xc56r\xce(\x1c\
/\xd2\x839^\xb5\xca\xf0,pg\x94|U\x09\x9a\
\x97\x5c3u\xfc\xc4\xbc\xa3\xa8g\xce\x03\xac9=0\
\x82*\xce\xc0(~\xf9\x07\xcbO\xed\x04\xc5\xaaZQ\
B[\x9b\xca};l\x07W|\x97\x17e\xb6G\xac\
\x18\x5c\xcc_\x06\xd1@\xc5\x89\xdd\x96U\x5c\x17\x8cx\
g\xc9W\xc1\x0d\x99\xcd)\xa4\xb33\xdb\x9c\xb3\x8e\xb7\
9\x0b\xb6\xa8j\x02F\x12\xc3e\xfd\x0b\xfdqFt\
\x93_\x08\x80\xa8\xfc\xf8q\xae\x08_.\x10\x84\xd4\xc2\
\xfa\x9c\xe0]\x91#\x83O3D8\xbf\xb0\x0a\xb6\xa5\
\xa0\x90.\xd7\x81X\xdf\xb2$\xd7\xbc\xf4\xb4+\x12\xca\
\x1aI\xe4\xfe\x0b\x12\x86g5\x90\x80\x1d\xf9\x17$&\
Yj\x22q\xf4\xe3\x9aH\xc8\x90\xc4\xe49\xd1{\x99\
L\xa6\xba~v\xda\xb2b/\xf7\xd92h\xce\xb9q\
W\x9b\xee\x82\x92\xb3\xaa\x84?\xfc\xf5dv\xb4\x17\x83\
b\xe1)\xa3\x8a\x9fK\x06+A\xa3\x8dY\xbc\xb3\xc6\
\x1b\x1b\xce\xb3\x06\xf3\xc6\x13\xf8R\xb3\xe6\xf0\xc86\xeb\
wq\x07\xaf\x7f9\x8fC\xdf\xe5\xe2\x9c\xc5cs\xf4\
uT\x02\xdf)pf1\xb9)M\x86\xf6l\x98\xbc\
\xb7\xc5\xce\xfcl\x17\xa1\xd63l\x1a\xa5\xbd\x5c#\x05\
\x8d0QN\xb17\x19\xdc\x92\x91*$\xb7\x95\xf3X\
K\x99\x19\x81\x16E\x86\xce\x8f\xeb2\xed\x97\xaa\xb1\x9c\
\x99\xcb\x08\xa0\xcdJ\x7f\xaa\xac\xb9,\xde$h\x1b\xa6\
\x95BHB\x9f\xbd\xb8\x84A=\xb9\xf6\x88\x86(\xf6\
\x93\x97\x7f\x0b\x80\xbcq\xe4\xd8\xf6S\x9b\x1b\xc4\x98G\
\x895\xe7>@\x10\x16\xe8\xc9\xb8\xfe\xeb\x9c>\xf0\xb3\
\x8e\xbe\xf1S\xcb\xa7\xc5\x80\x0e\xe8d\x8be\xcb\x8e\xca\
}\x1f\xd1 \x0c\xc6\xa2K\x10\x5c\x9d\xb8\xe1\xa8\xf8m\
H\xce\xec\xa9\x5c~\x14\xfe\xc1U\x86Gx\xf8\x82Q\
\x1cN\x0ea\x0a\x1e3\xb0\xbe\x82\xb5\xad9\x7f\x0f}\
\xf0B\x07v\xf4Dh\xb0B\x9f?T\xecY\xc3\xf3\
\x95F\x12\xc3cV)\x05\x98\xc1}\xfc\xe5\x13\x8d\x0d\
\x8fC9\x87\xc7<X\x11\xfaotyt\x5c\x93\xef\
jcx<\xc1\xb3@\xee+t\x9ck\xe1\xae\xe37\
\x0f\xe0\xb9\xb5a\x0b\x0e\xcc\x88Oz\xe2P\xdb\xd7\x03\
U\x88:\x9cN\xb7\xac\x95\x1ae;+\xca\xf6Z\xcf\
\xd9\x97o\xa1\xa7\xc3\x13\xa2\x00\x13X\x07\x05\xc8\x04\xfe\
\xc4\xbf\x0c\xab\x0eY\xa99\x15]v\xe8\x22A\x87\xcd\
'\x8e\x1f\xb3\x8b\xd3|\xefZ\xf3\xfc]\x5c\xbd}\xc6\
,\xac\xa4\xcd\xb9\x8b\xeb\xb6\xa4\x03\xe3~\x96\x92\xae\xfb\
z|b}\x07\xce\xdd,\x0f\xfb][\x13u%\x0f\
\x8ba\x997mk\xd9\xfbfR\xdf(\xc1\xbdj\xeb\
\x81\xa5\x8f\xb8!.\x14\xa2\x0e]\xcfH3\xdf\x85\xc8\
{\x87h\x0cO&\xae\x8fmF\x87\xa0X:\xc2g\
\xf5X\x11\x5c\x07\xc0\xedx)\xa4d\xbde\xe3\x16{\
0J\x17\x8c0\x8d \x7f\x887\x10G\xcc\x1b\x94T\
\x80\xdf4\x82_\x83\xe2+\xa4\xc3\x5c\xc3c|\x85\x0a\
M\xcb\xd4h\x0c\x03i\x85\x9f\xa0N\xf7B\xc1\xc3$\
pF6\x1e\xfb2D-\x8a\x9eI\xe5\xe1l\xcb\xf1\
\x02<\x1b\x04\x09\x9f;\xd7\xbc\xf88\x08\x93=\x02\xc6\
\xb2\x99\xc5y0I\xda\xf2`\x82\x81\x0a)\x1d6a\
;U'FI*\x9dU\x86U\xd0g\xc4<B\xd9\
8\xa4\x96-W\xc0\xfc\xee)\xc2\xae)\xd6\x81\xcff\
\x15Q\x95,\xa9\xdc\xb6\x10\xbf\x8fJ\xc7\x9f\xe1\x11\x86\
\xb4a\x9c\xc0\x14|\xcc\xddl\xda\xf2\x0d\xb0Vv\xe2\
E\x0f\x13c\xb3\xb5V\xcb6\x00\x1f\x0f\xe0y\xf0L\
\x86\xfd\x9d\xd0:\xd5\xc3E\x91\x186\xa7\xabe\xe2\xba\
\xeb5\xf8\xacE\xb0$\xb6\x80\x11~Q\x9d\xed\xf51\
\x96\xadG\xf1<}\xc3)L\x0f\xe4,\xb2l.\xe0\
~\xdb\x02PdxU\xd62\x88.\xd2\x83\xba\x89M\
G\x93I\x8cW\x9fZ\xd2#1|\xacu\x85:\x00\
\xc0\xba\xe1\x10;&q.i\xb5\xc0\xb1\xa8\xe2`M\
\xb5\xca\xf6\xbaF\xa0'Zh0a?\x15~\xc7\xac\
\xf7\xa1\xe9\xdb*\x80\x97c\xb0Ji\x8c\xfd\x08\xc3\x1a\
Z\xa2\x19[W\xb5\x98/\x97\x22\x0a\xf1a\x9d\x19\x17\
\xf0U<\xab\xb0\x11\xcf\xf1\x18\xd5\x98\xefx\xac\xb6\xb5\
C\x08\xf5\xad\xe9>x\x13\x95Q:Bw\x0b\x09\x18\
\xe33|\x0c\xf7\xb9\x00\xba'\xf7`\x8d\xee\xc5{\xb0\
\x86}\x9cN\xca\xa8\xd6\xfc'e\xee\xd8\xdcE\x00I\
w{w\x00\x89$8\x22\xe9\xfa\x04\x1c\x9b;\x05\x90\
Ts\xfe\x00\x92j\xeet\x0cF7\xe7=\x06\xa3\x9a\
;\x1dJQ\xcd\xf9\x0f\xa5<\xb0y\x8d\xe7\xebt\xe7\
\xffP\x96i\xa3\x98\x91M\xa7])}\x18\xc4\xc0y\
\x0c\x8a\x08\x9flYX\xdd\xf0A\x1c\xc7\x89ESE\
\x02\x86\xe3\xa4\x0a\xa6\xaaVqk\x0e\xc7\xbd\x0d\x8fL\
\xea\x14{\x95u\x5cU\x1b\x14\xd9|\xf2#\xcb\xb1\x03\
\x96-+\xf9\x0f\xad\x14\x98$\xa4\x13\x86\x0c\x1bDg\
\xfbmYA\x8e\x9a\xb0^\xc7\x91\xd0\xd6\x82\x93\x0c\x0d\
\xf5\xb2\x15\x84\xa2\xe6bt\xaf\xef\x80\x9ak\xb3\xba\xac\
\xaf3\xec\x06j\xc9\xac\x16\xa5U\x97\x0e\xff\xe17\xb4\
\xea2\x0dq\xe5\xbe\x8f-\x0b\x16\xfe\xabA\xf1\x0a\xbb\
mP\x16{\xde5\xe8\x96\x1d\x15\x1bsY\xa9b^\
\x16\xd6\x0d\xf5\xc2#M\xbd\x02W\x87\xcff\xb0j\xce\
\x9a\xa27\xa2\xce51\x88\xa5\xd6Q\xb9\xf3cK\xe1\
1\xfe:3O:k\xac\xef\x85\xf0\x13\x9d(\x16\xb5\
\xe1\x8bD\x8c:\xfa\xb6\xf6$q\xf9\xb12\x1awZ\
}\x22U\xd8\x86\xa7n\x9b7\xf2\x14\xda7\x0d\xf5r\
\xa4\xc7\x91\xb6\xdd\x8c\x8f%\xc1\xc4\xf1\xf2^k\xa0\xef\
\x94!\xb7& \xec\xc6{l\xf0(N\x1a\x8cI\x1d\
)\xe7\xff4\xf50+*l\xc5\xa5KS\x04\x83l\
)9\xcc\x1f-\x02C\xf0\xe8\x13\x0fM(Kp\x8f\
\xba%;\x80\x0c\x22\x03\x1dW\x9c\x900u\xeaI\x9f\
\xa1X\x0d\x04U\xc7\xaa\x03Z\x1c(\x1c\xeaE\x7f\xc5\
\xaf\xbe\x83\xf5\xf5\x0d\x8a\x1e\x19E\x9d\xe0\xe9\xf0\xf1J\
\xd6\xc5\x85vH\xffp~\xe5\xce\x1c\xf3\xba](\x19\
\x147t4E]U\xf1g\x80\xb8\xf9\xef6\x880\
\xf3\xcbP\x15*\xbb\xcb\xc39jQ\xae\xafd\xd6\xb6\
\xde\xe8\xad\xe1&\xa6\x0cPX]\x14~\x86\xe1C\x18\
\xb5\x8a\x96p\x1e\xa1\xc5eR\xdf2\x88\xcf\x94f\xe9\
\xcb\x19o/6\xa5b\x0c\x5c\x16\xfc?h\x03\xbd`\
\xfa\xb5.\x9e\xaf\xb9\xe2\xbb\x8f\xaf5o]d>\xfd\
I\xc5\xc2\x9dUk\x0eU\xad_\xc5A\xac\xf8j\xcb\
\xd4(\xa3\xc9\x98R\xdd\x88t'\x9d\x88.Lk|\
A]\xe8\xe8B:\xc3\xcf\xbeD\x87\xd7\xe0\x19>\xbe\
\x03\xfd2\x0b\xa6m\x8b\x0eQ\xb7C6t\xef\xa43\
\x97\xe6S\x17w\x8e\xeb\xbat\xee\xe4\xab\x03\xd8R\xb5\
b\x0b\x8fww\x1f\xff$FC?\x98ax\x94\xfb\
\x9aQ7\xd9\xc0\xbc\xad\xd4\xb2v9}\x08IUh\
\xa3\xe5\xe3)\x93\x14\xe1%\x01\xc6vR\xb7\x028\xe3\
`#\x17.\x95\xea\xf0/\x5c*\x92p\xf2\x91\xf4\x0d\
\x04~\x1f\x89\xcdYO\xebY\x9b\xd3\xbb\xc7\x81\xee\x13\
<\xf5\xde\xf4#\x07\x00\x15$\x86\x97\xc1\x92\xd5\xab\xaa\
\x1b\x81\x0ct\xa0\x00\x16\xf5\xd2$l\x03^\x19\xc6K\
\xc8\x8e\x1b\xe0\x1d!\xb8I&\xb1\x8c-\x19\x0a!b\
\xf9\xb1=\x88\xb7W\x95\x98\xf7\xae\xa1\x0e\x97\x16\x99\xf3\
\x8f\xe26\xac_\x05;\x84Rs\xccVHB\x17\x15\
\xe7\x94:\xbe\x1c\xb7cBr,\xcffu\xc29\xda\
\xde\x9fe\xce\x12\xe1 \x16\x1f\x84h\xf0\xd6\x83\xe3\xbb\
)\x19s\x1aI\xcf\xc9\xea(\x8e\xee3\x9f\xca\xe6N\
\x8b\x06\x8at\x85\x02F\x17\xd4\xed\x08<(\xa7\xac'\
\xcd8\x9eyu\xc3y\xe5\xdf\x9a\xa5d\xce\x09\xbf|\
i\xe2\x18\xfc\xad\xf1\x05\x9e\xfc\xe9{Q\xff\xee\x1b\xea\
\x95\xd9^O\xd6\xced\xcc-\xc8:\xb7\xd3\x1b*v\
\xe5\xf20\x0b!\xc6'\xe6\xbd\x05t\x03\xaaf\x12\x8f\
\x05\xf1\x92\x15\xfd\x9bU\xa7\xd0\x16|\xfai\xf9\xb1\xb9\
\xa0\xa1| \x96\xfdM\xf5\xfcU\xc6\xa2\x89\xa1\x81\x06\
F\xa3\xbdk\xcaO\xae\xe4~\xd1\x15\x84\xd6Sz\x15\
2+.\xa9\xc0\xda2\xb7\xacj1\xb7*\x1c\xe3(\
'\x1cH\x85K\xfc2^{\xe2f#\xe6\x1eG\xa1\
D\x81\x9cE0\x82\x05\xb5\xb9d3\xac]7*9\
6*\x82\x13\x16xq{\xbe\xeb\xeb\xdfY\xf4j\xfa\
\xfa\xf7\x89\x7f3o)1N\xb5\x01\xf5q\xae\x22q\
\x97d\xef=s\x9e\x13&n\xe4D\xa1\xe2\xe3y.\
!r\xd3\x89\x7f\xa3\xf2\xe3c\x02\xd6\xbc@4,)\
\x11\x141\x0db,G\x89_\x13\xa0I[\x04\xfa\x95\
\x01k\x8a\x00_BI\x9b\xc9}nk\xe2?A\xcc\
c\xfd}' \xc2\xe6\xf9r\xb3\xa0W\xac\x13:\x15\
\xdd\xd0\xc5\xb98\xeb.\xa0\x84\xff\x16`\xd30\x89\xf3\
\xdd\xc6\xdcS<\x07\xa1M@\xd0m\xb7\x18Ay\xdf\
q\xf6\xd9*L\x82\xcc\xce\x9cX \x0f\xd18\xea\xc7\
\xd1z\xe9\xfdm\x8fz2\xb0^\xe9\x22+\xfb\xf7n\
\x00\x86\xe1\x99%\xbbd\xdcZ\xfd\x7f\xec8\x8dC\xf8\
\xc3\xfb\x06a\x12\xdc\x19\xdby;=\x18\xebP\xba\x15\
\xde\xf4\xa5\xf6\x84y\xd4n'\xce\x7fXm%\x8b\xf6\
\xae\xf0\x02\x04\xbd\xbe\x08yX\xef\x91;\xc8Z\xef\xd3\
.\xce\xc3\x807\xa7\x94\xc6=\xf4\xc5,\x8e<\xd6p\
;\xb9\xd1\x7f\xb8\x91\x5c7L\x12\xdb>\xd6\xdfV\xb8\
\xe2\xf4\x0cqS\xa4\x04\x0c\xdb\xc8\xaa`\x81\xa9\xf1'\
\x8e\x80\x18vw\x10c=\x8e\x8c\xc4\xe8~N\xc4*\
V\x1d\xae\xcc.\xe4!\x86\xb9\xda\xf4^k\x221\x87\
\x1b\xec\xcb\xdat$f\xcd\xce\xae*\xab\xda\xf4\x11\x9d\
\xc1E\xa6\xf1nn\xed0\xcfXo\xc3\xe5\xb4R:\
_\xc9Z$\xb0k=\x04D0\x97\x8a\xe5\xa5\xf6\xfc\
%\xff\x0a=mt\xe8\xd2\xe9\xdc\x97\x98\x8e\x8b\xf4`\
\x95\x90\xb4e\xd2\xb3\xd7K\xe3\xf1:\x95\x7f\xa3*\xad\
\xf8jLTH\x9b\xfb\xd5t4\xb5\x9a\x9e(a?\
\x83/1\x97\xee\xaf(\xe3h\xaa\x04\xbf3\x9e\xf9\xcd\
\x7f\xe6\xd2\xe3\xe6}\xc7xn\xe1\x8aXU\x9c\x12\xfe\
\xcaM\x196\x9axn\xf2\xc7\x0ccB\xdfa\xd8\xb7\
\xc8|\x9c\x93\x1bs\xb7\xdd\x83\x98\xf4\xd4\xe9-\xf0\x06\
\xcc\xab\x0f\xf8\x9c\x80-\x17\xcd;\xa2\xd3%\x01\xc6m\
\x18\xee\xf7\x0eZ\x9b\xfbR\xa7a!\xcb\xf0H*\xd4\
+D\x05^;}M$+k\xdd\x99I\xe8\xa1\xed\
`\x0c\xdf\x94\xa5\x0e\xab0&+XFye\xcc8\
\xf2\xe7\xb7\x1b;\xc6\xc3\xfd\xa3N\xe048f\xd4N\
\xc6\xed\x0fo\xa7\x91\xac\xaaI\x1f\xc4\x1d[N\x8fg\
Y\xbe\x93\xe7\x1aH\x83\xb0\xb1T<C\xbf\x22d\xa2\
\xb2r\x09\xacc\xbdZ\xe6\xfdE\x18\xbc\xe0\xe3@\xa6\
xS\x02\xf78\xcf\x1diDz\x18\xbb\xe5Mw\xba\
\x17\xde\x80\xee\x0b\xc2iYu\xa4\xf2\xf0Q\x97\xd7\xc4\
=\x1d$\xe8\x07\x873\xb2s-\xb3\xcf\xb1\xa2\xef\xb6\
N\xc4,{\xb7[\x15\x7f}6D\xf7\x15e\x8b\xfe\
\xbf\xce\xbe5\xba\xaa\xe3J\xf3\xcaV_\x0b\xe5Z\x10\
\xc5(D\xa2\xf15a\x00k\x8c};I\xbbc\xcc\
\x8a\x1d\x82\x13\xdb\x89/ )a\xb9y\x05\x89\x8b\xf0\
\x80\xc1FH6\xa8m\x04H !\x09\x09\xc7\x12X\
@@\x09\x0f\xdb1/\x1b\x03B`\xbag\xfa5Y\
\xcb\xe3d\xadIVf:\x99Nw\xb8WRf\xa5\
\x9dfXx\xd2YiM}\xb5\xab\xce\xd9u\xaa\xce\
\x91<\xfflT\xb5\xabn\x9dz\xec\xc7\xb7\xbf\x1d\x02\
\xb3\x85\xec\x00X@Jr\x83\x05d\xf3\xee\x09\x8c6\
D5\x17\x87E(P\xee\xe6\xa5/d\xed\xe6}C\
G,=\xaaP7_;\x91Y>\xacC\xee\xa8\xb5\
\xe9\x0a\x97g\x17.\xab\x9c\x0b\xdf8\xebs\xf1\xb8\xd8\
/\xd9\x8e\xcb\xe4\xd4\xb6\x8e\x1b\xa2\xca\xec\xb8\xc90\xb2\
UA\x89\x08\xdf\xf1\x1cI@\xaaY\x15\xe4\x8fG\x13\
\xd0S\xdd\x5c82\xb1\xe36\x96{u\xf1m\x9e\xd1\
\x07\xe8\xaaWe\xef0TR\xa9\xa7\xfa\xbc+0\x01\
T\x8a\x87\x1d\xfeY~\xc3\xd0\xa5&\xe0\x00;\xf5'\
\xd1r\xf1c\x1b\xfe\xc9l\xd9\xd2\x92\x1b\xb4\xcc\xd7\x99\
\xa2e]\xcfo\xb6\xff\xba\xe2\xf5\x9aj\x94D\xae\xfc\
\xf0?\x95W}r\xc3\xff\xacx\x1d\xee\x1e\x94J2\
^\xbb\x87\xa4$\x894\xdf\xfd&\x1c\xde\x9d\xdf\xa3\xc2\
\xc8\xb8\xca_\x7f\x13^\xfe\xc1>\xfc\xbb\xf4\xf9 \xe6\
 \x0cL\xe7[8\x85\xaadF(\x9b\xc5\x18K\x22\
\xd3B\xd5\xccd\x98\x10\xfd-\xfc:\x15\xb60\x7f\xb1\
\xad\x82Uc\x89\x1dM \x06\x03g\x1f\xbco\x8c\x1d\
\xf8\x0bQ\xc3 9\x98\xe2\x7f\xd2\x1dH\xae7G\x11\
\x85Gi\xf8\xf0\xfd\xd7=!=g\xdc\xfb\x8f\x83\xfb\
\xac\xfd'Qz\xa7\xc6\xb7\xff\xa6\x8bi\xfd\xbb\x9b\xf3\
\xcaRA\xef\xc1\xc02\x94\xca}-Qj\xa8\xd8\xb3\
\x06\x1c@\xeeY'\x22\xe0.j\xa9\xf3\x85$`\xe9\
6\xa6\xab\xe8~<}Hc\x93v\x84\x08C\x94\x1b\
Y\x7f\x14_w\x08\xa3\x907%\x01z\xc1t\xc7o\
0\x22\x1f\xf278\x83\x1f\x85\xcboXV\xdeD\xc9\
\xef\x13n\xe8\xcdw\xd2\x07\xb1]\x19(\xa7&\xb6\x84\
,6)\xf7*\x94&\xb6O\x1f\x09r\x09\xf1}*\
\x1e\x0e\xbd!\xe8\x8by\x1b\x97t)W\xdd\x0f\x9a[\
C3<g!\x91\xa5Y\xde\x98\x88|\x93\xbfx<\
\xd1\xa4\xa2\xe57V\xc6\xaa\x1e\xd0w\x14\xb3%\x85\xbc\
+Mb\x81\xf9]\xe4\xea=\xb7\xe2A+O\x93z\
_\x86\x1e\x14\x91\xb0\x19'p\x87\xf1E\xc9\x89\xe7h\
\x999\x15l\xd9{\xca\xd12\x09P\xa5f*\x1cM\
,\xfc\xaaVE\xadS\x94\x22\xe8$'#D\x94\xf6\
\xea.\xae\xa6F\x1d\xaai\xcbol\xf8\xa3\xad[q\
\x85\x8f\x96A\x13L\xcfih\xc62,,\x05^\x81\
9\x04\xc5@\x97Z\x80\x1b\x95\x97\xf5\x87W\x0e\x92^\
(.\x07\x04\x7f\xe5\xda\x88\x8fEH\x05\xc7O\x07\x8f\
\xa0\xf1\xd3\x896\xd0\xf11\xda?Z?\xdf\xf91\x84\
\xce\x9e;\xb7c\x8c\x8f\x01\x0b\xc0\x18\x87\xd4|\x07\x07\
\x1aZ\xca\xa3b\xd2\x00\x86y\x86\xa7z\xb2\x92\x9a\x04\
0\xdcG\x5cH\xe2\x0d\xd3a\xa2' \xc4n\x80'\
\x93k\x1eo;\x1c\x90\x9aT0e\xf0\xb3%\x14\x7f\
`*\xe9P\xb4\xa6\x8c\xc9CX<6\xfd`\xa9'\
$\xbc*\xed\xa7\xb4\x18}_8&\x93$w-X\
,\xc8f\xab\xfc0\x9d\x95\x81\xee\x9fo\xfd\x84\xa1\x9b\
\xa7<\xe7-\xb1W\xf8\xa9\xae]g@\x93BAn\
\xcamuj\xe8\x05+\xbeX?\xdb\x80\x85&\xb2\x97\
.\xc9@\xab\x0b\xd4\x99\xbf\xe2\x8bm\x7f\xcd\x96\xff\xd2\
\xa5\xe1\x93\xcd\xd6c\x004[\xba($\xf2>\x89P\
l\xc2r\x08\x09\xb3\xe7\x1b\xd7y\xdc}\x8b'\xd0(\
]\x84\xdb\x8c\x11Z\x15Sc!\x9b\xee2\x07\xb3\x95\
\xa4\x9b5r\xab\x12\xba\x93+\xa3J6\x07J?\xd8\
\x9c\xa0\xf7\xd6\x96\xd6\xcd\x99\xd5:\x91wp\xd8\xae\xd3\
e\x9f\x14\xa8\xac\x80\xd6M\xe5A/\x01\x15MUG\
\xcf\xfd\x0d?{~\xe6s\x03\xcc\xeaS\xb2\xce\x12\xcf\
\x15\xe1q\x85QF\x1a\x08\x91\xd5\x08#P\x98fC\
\x07\x0f\x0c5\x9f\x18\xdaa\xed\xae\xa94\x1eL\xa9T\
\x1e1\x1e,\xfd]\xfb/\xd6~\x15@qf\xf5\xe9\
\x91\xc8\xa6\xc2\x18\x1e\xc1\xc1\x99\x81\xe13\x87s\xfd\xbb\
\x080\xee\xfc6P\xbd\x0cf2\xf5m\x94\x1e\xe5\xe4\
'\x9bMT\xc0\xa9<\x0e<J\xe5\xc1J\xc5=\x97\
.\x02\xab\x90\xb1YSJhG\x8b\x98\x1fa\x91\x80\
\x9c&\x83\x95\xae[\xb1\x17$\xc9P\x08J\xd9b\x1f\
Nx\x22\x1d\xc9\x0b3u\xf3`\x02\x03T|J`\
@\xca\x0bS\xf4\x99\xb0\xb0\xe4\x05\xd2\xef\xbd\xe4\x05J\
\x82q.*F\xe8\xfa\xbb\x0d\xd7\xadE\x95}\x87\xaf\
\xed\xce\xd9\xe5k\xee\xa7\x8ex\x15Sy\x08\xdf\x82w\
\xc2\x5cb\xa2\x90\xa0\xe5\xf5\xcb\xd6z\xa2\xe9i\x84\x8f\
A\x06t\x89\xa3\xc2[o\xc5)\xe1\xad\xb3\xf3HT\
\xfe\x91\x91\x07<\xd1\x93\xedN\x02\x96_\x05pz\xeb\
\xabH\xb8\xbc\xe5\x22@sx,W\xfe\xef\x9a\x17\x8c\
\x94\xb4)\xd4My@\xaf\xfd \xd7y\xd1\x9d\x98V\
\x02\x11Rs\x90\x00T\x5c\xbf\x06\x1b\xd4=J\x10i\
\x09\x1af\xaa\xe2fN\x8a\xa8\x19Z\xa2\xac\xad'\xd9\
\xbc\xe1&@\x22\x164:\xe8vF\xfa\x15\x97/\x83\
>8hWv\xe0\x8a\x95\x9e\x04\xca\xc6\x22\xf5\x8e\xb4\
=WP\x11\x83\xa2\x1e\x11h\x82P\x05\xd8Z\x09Y\
q\x88\x08\x83r=g\x1d\xe9\xbd\x05V\x82y\x22*\
\xb5<\xa1\x9b\x1b\xcbU\xcc\xbb\x84Ph\xa1\xa3\xf1\xb1\
\xd48\xee\x0fD\xcd9HC7wB/\xeeCs\
\x1c\x15\xac\xb7f\xc7\xcc\xdc\xaa\xbf[\x1c\xd9p\xaa\xf8\
\xcf)\x91\xf2 \xd1\x82s\xd6\xcc\xdc\xfe\x0bC\xaf\x1e\
\x91\xa7\xb7/\xd4\x96\xd6\x03/\xbf\x01\x17g\xc4`I\
c0\xa1FK\x1fh\x84\xe8\xe9+\xfe\xad\xfd\xf4\xb2\
\xb8&\xf3C\x8eOz.\xf0\x9e\x0eB\xbf{\xb3\x83\
\x97\x87O\x9fF\xac\x8e1\xfbQ\xca\x0f\xb2\x91%\x0a\
\xd4\xc9\xefw\x1b\xd3\xbeow\xe8\xdd\xc5\xb0\x22B\xf1\
c\xd2\x90\x08\xc1\x8f\xa5\xd0\xb3\xaa\xa8g\x1b\x14i\xcf\
WR\x06\xcf\x09p\x9aA\x8f\x09\xb3Q\x1e'\xb9\xb8\
\x1c{\xae\x91nm:N\x0e*\x1a\x03\x89\xcb\x0c\xf3\
\xa08\xcc\x9a\xaf\xa2\xaeT\xc5S\x0bK\xd7~q\xe9\
\xef\xd6}P\xf9[\x18\x0e:a\xd3\xb7dS\xb7\xe1\
\xe6M\xcf\x156\xc0-\xb8+\xaa\xf2\xd1\xa6\xe2\xa9\xca\
\xdf\x06<\x05\xcf`\xa2'\xdb\x81\x85\x116\xd9\xd1K\
\x88\x88\x9d\xe9\x12\x8a\x19\x19\x16<\xc53`\x04\x03[\
*oq\xd09\xc2\x80\xb8@\xee\x8dl\xb7\xbak\x90\
\x84\xd9u6\xd4\xad0\x03\xbf\xc4I\xd4\xe4%\xd31\
\x88\xc1t5O\x075\x93\xcc\x9bs\x80\x0d\xee\xc2\x00\
p\x87\xeb\xd0\x90\xe1r\x9f\xa6\x04\x12(\x9dCT\xdd\
\xaex\x12f\x10 y\x02\x1c\x0c_h\x1e\xa0\x13\x92\
\xcd\xddtB3\xd1\x5c\xd7}!\x7f\xaf\xb4\xddd\x1e\
\xde\xe2\x96\xa5\x03\x0bKa\xcf\xb1WZ\x0aS\x0b.\
\xc3r\x9e\xefW[r:\xffnWK\xf6\xf4\x00>\
\xae\xb4\xf3\x9c\x13\x0d\x10\x19I\xd9nSL6\x0f\xc4\
\x07\xa8\xb93>P\xa2\x9bgn!a\x19\xebg\x04\
\x98\xee\xe1\x9d\xc19+s\x98iI\xdd1\xa6\xb0\x22\
\x13\x93\xe9\xe5\xa1\x1f\xef\xa1)\xac\x0b\x09.\x01\xa0\xf5\
_\x5c\x9f\xbe\xb5\xad\xe4\xc5\xbco\xad\x05\xd1`\xd3\x1f\
\xba\x93\xd5\x93*W\x1d\xd8\xc6v\xdc\xe7\xc9K\xa0\x08\
\xeb\xfa\xdf\x02\x01\xc8\x95\xde\xa1\xa3\xdb\xb3\xaf\xbdN,\
\x84\x80\xfc6\x1d\x05\xba\xba\xb3\x7f\xa4\xff\x9ac\x0b\x16\
h\x17\x04_.\xdf\xf7`\x1f\x09\xd5\x1cy\xc8\x99\xb3\
\x1a)\x1c\x82\xad|\x90\x8b\xa2\x5cd@\xd0\x19Lx\
\x5c\x80\xcbR=h\xc4P\xb3\xf8P\x1fCvb\xe5\
\xdc\xd6o\xc8\x1f\xc4\xa5\x15\x0bi\xe04\xa2\x89\xbbY\
\x96V\xce\xed\xb8}\xc7&f\xf2\x8b.gw\x0e\xb7\
\xbdmo1qd\x22\x01\xe1\xf2x\x84\x02\xc2{%\
\x5c0H\x89\x1b\xc8F\x90y-\x0f\xf8\xafV\xea\xb6\
X\xa1\xa9\x8f\xa6\xdf_X\x0aG\x0b\xfc:\x90V\x11\
_q;6V\xfa\xce\xc6\x99U\x05\x07\x9ak\xef\x96\
}\x0a\xf1\x22\xe2\x1d\xac\xca?\xb0\x05#\x8a\xf6\xdb0\
\xaaIs\xcb.\xe8\x93\x0a\xa9\xe8\xa4\xe4\xd5)\x11:\
\x9d\xe6\x8c| \xc5e[\xa8T\xdd\xeb\x83\xb8\xd7\xc9\
\xa7C.$\x12\x04\xd8\xcc\xa5\x9d\xb4\x87E\xcf\xa1\xb7\
N\x08\xa1#\xdfk\xce\x1d\x02\xf2\xab\xb0\x90\x1ecz\
}\xc5\x85.L~\x1aZ\xca\xb8F\x13`\x94\xbb\x8e\
\xeb\xfdK\xf6\xba\x12;ppuG\x13zM\x9c\xfc\
\xc1OE\xfc~\x8fEX/\x04n=6\xf3\xb1\x89\
\x86\x8b4\xc7P\xc0\xdf7\x99\xf3\x0b\x85\xfa\xfe\xe4\xde\
\xab\xfcu\xed\x84\xae\xff\x01\xd7\x87E\xb1z\x8f\x92\xd2\
\xf5&\xbcy\xd7^#\x97G\x14\xef\xeatH\x5c\x16\
\x87\x16\xee\xf2\xed8\xa5\x9f\xddEJx\xd2\xaacb\
_GBz\x00aD2\xdc0\x1aN\x15\x8a\x1fG\
\xa6\x06\x5c`\x86\xee<\xc7&\x09U\x09N\xda\xecP\
I1N\xb5\xbaT\xb3\x1a\xea\xe5kh\xb6F\x98\xc5\
Y\x0c\xf9\xfaa\x84\x08\xd9\xf3e\x1d\xb5\x09c\xfb\x03\
\xdd\xa9>\x06\x87\xfb\x9f\xa89\x1cjsx\x0a\x03\xc9\
>n\xaew\xb9\xfcFA0\xb5\xfc\xa4\xf3\xd9z\xab\
jN\x89f\x018\x05\xeb\xe8%\x94\xb9\xbf\xfa\x02\xc8\
Y\xdf_;\x01?\x87\x92\xd4\xda?2\xa9V}\x80\
\x05\x82L\xd5#B\xbb\xad\xab\xfc\xd0\xcfAb\xf7\xd1\
\x1a5\xf2\xdb\xfdP.\xe4\xef\xf4\x12\xd7\x86\xcf\x5ct\
R\xb3\x060\x19\x14\x7f\x12v(\xb4\xdf\xcew\xa0\x00\
\x9b)I\x8e\xebd\xa6\xfe\x11\xe3L\xce\x9aeLs\
\xfciY%z\x1c?\xcb\xcf\xd0\xfa\xee\xe1r\x03Y\
}nU\xb0TK\x04W%\xfc\xf0~.\xa7{\xb6\
\xc4WI\x1e\xf8@\xfe\xa6s\x8b\xd0N\xb58\x83\xcb\
\xb8^(\xd78\x9c\x18x\xaa\xafw\xea\xb3\x97.\x82\
\xb4\xce\x05k\xe71\x0f\x9b\xa9i\xf2\x93\x07\x5c\x05A\
z\xdem\xce\x1d\xb5l\xf4\xfb0\x00\x9c\xc1>\xaf4\
B\x07\xa3\x09(\x07\xf87\x9d\xf7f\xd0\x1d\xcdW\x03\
Jwp\x80y\x9a\x02\x0d\xb8\xf0\xa5\x1aA\x7f\xe5i\
nn2\xa4\x02\x18\x04\x86!\x90P\xa8\x18\xa7\xda\x9f\
\xc0\xc7\x07(\xc0\xa8\xe0UL_\x9a\x22\xfc\x04\x90\xb5\
\xc7\x09zv\x12Q\xde\x9c\xc4\xca?\xd4g\x96\xb6-\
^\x0b\xf5\x96\x8ds\xed\xeaP\xcf\xf1\xec\xe96P8\
J\x05\xd7\x1eGt\x5c~\xef\x86\x9d|\x1c\xd9\xe9\xfc\
\x1b\xb9\xcb;\x9d\xe3\xe0\x050\xba\xe8q\xc8c\xe5\xec\
X\x88\x8e\x99_V\xbd\xbf\x82C\xd4e\xb7\xdc\xfe\xa3\
\xd9\xef\xe0\x09q\xce\x0d\x8c\xa7\xc1\xb9\x11\x9b\xa9\xd5\x1c\
OM\xc3\x8fk\x18\xb5#=)C\x07\xf7\xe5\xf6\x9e\
t67\x1c\x80\xaa\xb9\xdb\xabW`U\x1aN\xf0\x07\
\xcb\xf2\xe9\x83\xc6\xde\xf7\xe9\x13g\xbd-S42 \
\xed\x09En\xef\x04\xb6OCs\xe4\xa5\xa4\xf2\xe0\xcf\
O\xe5\x01D\x5c\xd5\x81\x08\x85\x01\xb0\x99CB(3\
\xe5W8[p\xf4\xc3M,a\xc6\xd9W:(\x8c\
\xe1F\xe0$0\x0a\xe8\x9bM\xaa+\x92ID\xcd\xee\
=\x98_=\xa9\xe2\x08\xfb\xc9\xc2\xae\xd9s\xc4\xf2\xd7\
U\x97W\xfe\xd4iPO\x81\xb3\xb5\xabwlS:\
\x1f>]>\xce\x9b\x0e.\xb4B4\x0a8x'R\
\xd3p\xc7-\xfaP@:\xd8\xc7\x0bA[7\x9f\xef\
`\x96\xfe:1^\xba\x08\xa5\x9fA}\xe5\xdf|\x01\
G\xb2v\xe4a\x16\xb8\xf9\xf6\x1c\xcf\xee\xdbC\xfcW\
\x11\x03@8\x06Y\xd1\x00\xe1\x18$t\x00\x15\x01\xa0\
\x039pAQk\xc9a\xacM\xa83\x9c\xd8&d\
yL\xd6M\xac?^C\xb3v\x07\xa5\xefL\xc7\xb6\
\xdf\xd4\x81\x81\xb6\xed\xf0[\xe0\x99b1\x86\xf9\xfc\xb3\
\xe2]b\xbe\x1dd\x0f_j\x1a\xde}\x9e\x87\x08\x10\
\xea\x91\xae\x0ez\xc4\x1c\x91\x89\x12\x95:\xa4\xcbn\x83\
\x90[\x98\x05\xec\xcbQ\x96\xd0\xa2\xcc\xa65\x99\xcd\x9b\
7Z\xa7I\xe6\xdd\x88g\xa3\xe2\xa9\x95M\xf8A\x07\
\xeau0\xddL\xd3V\xc97\xf2i\xc0\xbc\xdfkR\
\xbe\xf0\xfewy$\xdd\xad\x0fL\x95\x5c4R\xfa\x8a\
\x06\xc8\x07\x1b\x83M+\xa0\xf2\xbb\xb4\x5cX\xe3$Z\
\xb20D\x85\xea\x132\x91,\x18&-V\x02\xa3\x02\
\xa1\xe8\xf8\xea\xbf\xb3\xb8x\x82:\x8d|\xe7=Gh\
<\x1f\x0a\x02;uR\x1b\xb0Ow\xad\x84\xcbWJ\
V\xc7\xf5\xb1\xf5\x5c6:$+\xd7f\xd6\xaf\xb7\x17\
It\xf3\x92\xe1\xbc\xce\xb1$\xd2\xa2\xfcP;\x89\xf0\
\x93\xe0\xa4\xac$eEY\x0e\x80\xeau5\x1fp\x9a\
\xe5\x5c\xdb\x0fr]]\x0e\x9a\xe5\x02j\xc9@.\x09\
\xaf\xad\x03\xb1R.\x9b\xcb\xba\x14\xa8P\x11\xcc]\x13\
\xea^\xac\xf2\xc7\xe9\xa2\x97oV\x1f\xf3\x8b\xa1+\x81\
\xbab\x05\x15\xb0\xd0\xf9k\xd8\xe1b\x7fu\xed\x137\
\x81\xf8{n\x8f\xf5c\x8a0\xa6\x03;0\x99\xe4\x8e\
\x81 (\x00\x07\x1bPC\xfc\x07\x82^\x8d@C\xf6\
7T\xcduJ\xbe\x1f\xc8\xe6\xdd\x90\x83\x1f\xec\xfa\xa4\
f{\xd3\xd6\x81_\x80A\x86\xf5\xcbj\xef[\x92\xf2\
3\xfd\x11\xd8\xcc\xfcr\x7f\x8cl\x0a\x80U3\xb7@\
\x8c\x82\x9d\xe0\x0d\x9a\xe1Tp\xdc:\x08\x14k\xd0@\
\x80\x83\xe2\xc8d\x0f\x9d\x95\x14\x01\x14\x01\x15\xfa\x05\x8a\
\xe8h#C\xa1]\xf7_ *\x15\xdaN\xf6S \
n\xd7t\x91\x81a\x9cH\xf7'\xeek'21Q\
\x93\xf7\xf2o\xf0\xa5Lh\xb8\xf8\xd2C\x83\xa7\xe8K\
\x85\x18\xed\xe8\xc8\xbd\xb7\xe4\xbb\xc5\xf6\xd2\xb1\x15\xdf\xab\
H\xe2l\xcf\xad\xe7\xb6\xa5\xcd\xc5C-\xf6x\x130\
\xd2\xbe\xa7\xb6m\xb0y`\x82\xec\xfa\xb9\x8e6\x1af\
\xa4\x05\xf9\xb2\x06\xf1K\x08\xbb\xfe\x8c\x1a\xf9@\xc8\xb0\
\x06e\x0a\x05,-cYg\x88\x11\xd4OP\xa1\x0b\
\x99*\xa4\xcd\xac\x90z\x025\xad\xe9V\xa3tw\x22\
\xb7\xb7\xf5\xfa\xe5V\xca!\xb4\x5c\xf9h\x0e\x94\x81\xb0\
O@cp\xcb\xe8:\x8d\xba*D\x01\xec\x12\xe2-\
\xb8\xe0\x16V\x80\x120fr \x15qq'\x07\xc6\
\xc1Gi\xdcD\x92n\xd2E\xf8.\x99+K\x81\xe2\
\x01\x80|\xf9\x0d\x10(\xf9\xff\xaf\xaa>\xa7\xfc\x90\x97\
&\xae\xecK\x01N.1\x87\xe0Q\xf2\xfeA\xa6\x9e\
\xe1\xff\x82#}C\x8d\xd4\x18{^F\xe9\xeau\x91\
[c\x5c*\x83\xab|\x1cl\x06\x8d\xe2\xb5]%\xbe\
$\xd5\x9d\xf5\xe3{\xf3\xbc\xf94>_\x9f\xa9G\xd1\
\xdb\xc0\xb4\x1a\xeb2px\xf0\xb95R\x99\xea\x97\xec\
\xd3\xf4\xa3\xca\x9f\xca\xad\x93\x8eU\xf84\x0f\xb9\xaen\
\xb1\xf1\x93_NWX\xb6,:\xe0\xbc\x90\x95a\xa8\
Ge\xd4ME\x84\xb5\xbd\x11\xa2\x0fA\x8e\x99\x81E\
\xbdC2\xb0VO}i:{\x17\xbb\x0f\x0d\x9d\xb7\
\xec\xec\x0242\x1dg\xd40$5O7'\x82=\
C\x93*\xe3\x1d=2=\xb7\x8aT\xb0\xfaXO,\
\xb0S_96\xf2jSH\x1a+\x9a\x07\x0e\x155\
w\x1f*4\x8f8T\xb2\xebx\x0fU\xfe\xeaS\x8c\
8/\x9e{\xe5\x94\x832\xaf\x5c+N\xb4&\xcbo\
d\x1e\xaa\xfc\x19\xf4NX\xfe!P\xdcG\xb8\xf2\xe4\
\xad\x94\xa4\x9b\x1d\xc8v\x1d \x9d\x93,\xfeqau\
\xa7zt\x83\xa5\x11\xd8\xb9R\x93L\xb0/\x02C7\
\xc9\x17HpNf\x11\x99B<\xe8\xa6s]|\xd4\
\x85\xac\xdf\xf3!P\x00\x99\x01\x93\x86\x81\xf9\xe1\x1eq\
\x22/t\x99\x9f3\x0a\x08\xd0;\xe0$ep\xd5j\
\x92\xaf\xbc\x91\x16\xa2\x1ffgZ\x88\xa5g'\xa2\xd4\
\xe8\xa4n\xee\xe5\xd6\x84VO\xe6bd\x96M\xf8\xd2\
\xdfeJ\x0d,\xffg\x82\x92B\xd7\x7f\x92\x96\x03\x82\
/\xe4%\x06?\xa1\xae\x00\x076/JH\x0c\x9d\xca\
h\x01\xde}\x08b\xb1\xc4i\xa6\x8e\xd3\xaa\xdex)\
\xcf\x116,\x86\xb0\xae\xbf\xdb\xfa\x09`A\xd6\xad\x06\
\xf2\xc6Z\x9fk\xbb\x85e@\x88\x8f\xdc\xa9c\x84\xaf\
q~$\x83U@}$7\xa5\x80\x9c9\x8a\xaf\xb1\
\xe6T\xaaM\x96^\xb3\x1e\xc6\xcc\x83\xcb\xbed<\x8c\
\xaf^\xc8\x9e}\xcf\xf10N\x81n\x18\x9dUEZ\
]DVU\x01d\x04\xf6\xa7\xec\x13\xb2?es\x03\
}\xa3\x9a;\xd17\xb2\xb9\x99\xb6D\xcdC\xd2\x96t\
s\x9e\xb6\xc4;8\xd2\x96f\xc3\xe8\xb7u)at\
\xd4\xc7je\xed\xf7\xe7\xc4\xbfmb\xc0\xd3)d\xf6\
{\xaaTu}\xed\xa6\xccs\x1b7\xd9\x00T\x038\
\x15w\xc3\xa4\xf2\x8d\xc8{\xdc\x1d^/D#\xe2\xf6\
`?\x8c\xca6j\x02\x0f{\xed\x82U3\x12Q\xf5\
2\x0a\x91[\x9c.2|G\x13)g\x18\xd7\x98\xd3\
et\x9f\xceGF\xed\xefXy\xec~\xb1\x81P\x8e\
\xfd\xde\xd8\xc3\xb1\x87A\x10\xcd\xfe\xe6W\x00\x9f\xc93\
\x91\x93\xb3\xcb\xef\xdf\xfc\xe2\xe6{\x1f~\x98\x88\xa2\xbd\
\x7f\xb5\x8a]O\x03\x9e\x9fr^\xc8O\xe2\xd9\x88I\
\x03\x86\xfeY\x82\xf9{\x19/\x9es\x04\x86a\xd2\x0d\
PO@\xb6\xf6\xc00\x1bCJ\xe2>\x16{\x91O\
\x91\x1f\x82/\xf2)\xcf\xe7\xe0ln\xccV7wN\
\xab s6H'\x0f(A\x18\x9d|\x1cE\x12x\
\x9a+\xd5Ep@\x85\xcb3\xbf\x5c\xff\x93 \xa0\x0c\
\x03\xd9\xa5\xdb}6\x1a\x00N\xdf\xe9\xd1\xa02\x9a\x02\
\xab\xdcn\xa1\xb40FX\xde\x96\x9d\x1b\xc3\xde\xd0\x19\
4R0q\x8b\xe5\xc18\x1e\xcab=\x9cNbg\
\x02\xcb\xb8@\x9e\xbf>\x96\x1c\xdcT\xd1r\xe8\xder\
\xc8Ir9P\xa6\xd6\xfee\xad\xe4N&d/\x93\
\x9a\xb2\xa5\x92\xfa\x94\xfb~\x13\xe2K\x8a\xdfY\xe1y\
]\x9c\x7f\x18J\x13\xe8\x11\x19i\xfbG[\x83\x10\xe2\
r5\x0c\xa3\xd5\xf3\xd8GQ\xa9\xec\xf5p\xcc\xb07\
\x00\xf4w\xa4\x14\x8d=\x80\x8a\x09\xcb\xb4\xa2\xb1\x07\xc8\
\x07\xff\x11\xbb\x04%\xc5\x91\xbd\xbd\x7fi\x9c\xb4\x09\xa2\
YHr\x87ag\xc4\xdd\x16FR\xff\x18\x94x\x93\
&\x98\xd4x\xdb\x7f\x82\xd8\x97\x11\xb2K\xf1\x1f\xa3j\
\xb9);Ki\xb9\xd0l\xa9,\x9d3\x8e\xf79\x9b\
\xe0\x0feT\xabG$\xde\xb8\x04\x7fE\xed\xac\xaa\x22\
\x8d\xfa\xe2\xac/\x11D\x7fTr\x15\x11[\xfa\x9c\xad\
\xca\x98\xa2\xa2[p\xad2\xcc\x98c\xe3$\x88Y\xa2\
\xfeiaf<\xc7\xae=M\x1c\x01?\x8e0.z\
l\xe5\x1a\x1dAD?Z \x89\xe9}\x95\xea.\x05\
\xf5\x92\xf4\xf2B\xa5\x02\xe5|\x9bs\x5c0r\x18\x9c\
.j\x5c\xe2\xe5p\xf3\xbbLE\xc7\xe57\xd05\x02\
\x10[\xaa\x04\x89\x17@\xca\x8a\x80\xc2\xca\x99\xa0\x10\x19\
\xf86\x823\xa1bdD\xaca9\x15t\xc1G\x1c\
\x0b\xbd{\xf4\x11\xc7\x0d\x1f\x04\xf0\xf3R\x8f\xea\x0c\xb2\
=\xc4\x8f\xba\xaam\x1bvV\x8a\xf4\xc8\xc8?f\x10\
\xb6\xc9\xc6\x082\x17\xd9\x81e+\xd7\xbdWM|\xba\
\x04\x84C\xaeyg\xceb#2\x9b\x86I\xce5w\
e\x8f\xf5\x12\xc1P\xf4\xdc\xf1T\xc9\xfd\xe7\x5ct\xcc\
\xc1\x84z\xf3Q\xdc\xb8\x91\xdb\xd6<\xe0C\x8as\x07\
,#\xb2\x18'\x8cR95M!\xbb\xbb\xe9\xf8\xe8\
\xa4N\xceQ\xe8\x94\xb3b\x16\x88\x07_\xfe\xc7\xf6~\
\xc3\xf0\xd5r.\x9d$\xfeAY\xa2\xa6\xdfm\xd4N\
\x81\x1c\x09Fz\xbf\xea\x93\x9a\x19\xc4\xe0\xa6\x9f\xa1\xa4\
)@\x12\x88\xe79A\x88\x9b\xb3\xde\x13\xbb\xaef<\
b\x01\x87\x18\x8fX\xf9\xab\x89\xdd\xc02:\xd5\xaf\xf6\
Y\x0d\x22l\xd0)\x9a\x0e\xb1\xea\xa5\xaa;\xb7n\xed\
\xb9\x09W\x86\x11\xf5\x9c\xc1\x89\x0f\xb3\xfb\xae\xc2\xdf\xf2\
\xc6ea\xfd(\x9f\x863\x0eZ\xaa\xc5\xe2\xaa\xac\xfc\
\xe1\x9a\x9b\xe9\xff\xb0\xef\xfd@q\xd5Y\x5c\xb0\xba\x05\
\xbb\xf6\xe4\x0e\x0a\xc1\xc7\xc5\x8e\x0c\xad\xa3z\x17d?\
\xfbp\xc5\xeb\x0d\xcd\xf5\x7f\xba\xa1;\xc0O9MI\
=?\x08\xb2\xd1\xbefd=\x5c\xee\x0e%\xad\x9c\x04\
a\xc8\x9b@`\xd1\xd8;S\x147\x8f\xcc\x9aPa\
J7\x19\x04D\x985\x0fTWg\xcd\x039\xe2\xb6\
\xc5/\xff\xbc~\xf6\xbe\x0f\xb0c\xad\x11\xaf\xee\x1b\x1a\
\x045\xc1\xc8\xee.\xda\xb0\xce\x11\xdbr,E,\xe1\
\xb1::r\xbf\xe47&|\xbb\x8f\xc8\x01;X\xf0\
\x1b\xfbT\x8b&(\x87h\xbf\x9c?\x04b\xad\x9as\
S\xb8\xb8\xa8\xfas\xc5Z\xc4\xd3\xf9\x9b\xe3\xdfZk\
\xd8\x9ae\x86\x90c\xcdx\xc8_\x0bI\xfc(\xd1r\
`}74\xa3H\xd5\xa6-\xdf\x9e\xe5#\x8e\xb8,\
\xb2\xc7\xb15d\xcd\xaa\xa1\xb6\x81\x5c\x93\x85\x8cH\xac\
\xd9\x91\xf9\xa5U\x12\xa48\xd7\xb7\x03\xae\xd3\x88\xc2 \
\xb2\xa3\xc5\x83\xa8;F\xb1!\x8a\x8e\xb7\xa0\xbb\xa9\xec\
[\x93^\xb2D\x0a\xb8@Z\x9bJ\xb6u\xb0J&\
\xd6\xdc|\xba\x14\x0ba\xe8D\xc5\xe2Pe\x8f\xf5\xa9\
\x9f\xeff=_s3\xf3\x90\xe1\xfaI\x88N\xb9W\
\x07\xdc\xde\x9eDmlaZ\xabBl\x9cCM\xd7\
\xaf\xee\xe5z\x8d\xa5\xed\xd5\xc6\xba\x18\x89\x88\xe80|\
\xcd.\xdcQ[\x8e\x0a\xb1Ly<\xf4&\x95\x88\xb5\
\x0ca\x9f\xe4\x88\x19\xc2&\xa7\x91\xa3\x8f\x9d\x81\x0c\xa2\
\xd9\x88\xf8a\x11\xfcb\x0e\xba\xb0\xc9\xe4\x0f\x1b\x83&\
,\x1e\xf0\xaaM\x08\xf5\xa2\x15RK\x93\xdb\xc0k\xed\
\xf6\x94\x17Q\x1f\x1d8\x0b\xce\x0d\xfdX\x8c,dD\
\xc3o\xed\x8f\xe8vT\x17:\xe8\x9f&\x8e\xc1\xfdT\
\xa0\xd9\xbb\xd8\x06c\x84]\xf6>\xe1\x13\x8a\xbb\xe71\
E\xfas\xf3\xa0BTu\xa0&\x10fd\xac\xdd\x0c\
\xed\xab\xdd\xae\xd8!^\xe9\xa0JA\xeaZq.h\
\x12bq|\xbb\xfea\xc5\x89T\x1en\x01r,k\
G236\xa4x:\xd0\xe2\x96\xcc^>\x81\xa1\xe4\
\xf5\xe0y\x95\xb9\xf7\xd89\x94\xcfg1\x9a\x80\x0f\x08\
\x061\x9ea\xe3\x97\xa8\xa1\x02<\x17B\xa9#\x0f\x91\
\xa2x#\xc0\xa3\xf3WM\xc7P+\x1a\x00\xc4\xc32\
\x01\xf12\x9a\xa8\xb8\xe3@}U\x11\xac\x0a\x03\xfd\xf2\
y5\xd8\xc0\x05\x85\xcf\xa3\x9bCBb\x00\x17l\x95\
\x00\x8d\xee\xbddv\xb8A2\xf2\xa7\xe1'\xc8\x5c\xaa\
<\xfc0\x10|\x10.\xd2\x00|\xe9\x9fFH\x18\x95\
\x18\xb5]\xfd.I\x01\xe2\xe1#\xdd\xa0\xb0\xfb\xf5P\
8\x9f~\xd6%R\xe8k&h\x83\xa1\xba\x04\xe9?\
\x86\x1f\xf81>\xb0\x8a\xae\x9b\xf9\x97\x8a\x9d\xa7\xa3\x8d\
\x9b\x17P\xac\x88\xf0\xc1\xe91.\x97d\xcfR5\xab\
\xbd\xef@\xbd\xf6C\x8f&\xf0/\xb4\xd8\x98\x1dR\x92\
\x98\xd6ND\xcf\x9e\xcav\xe8-\xb1\xc2\xdcM-\xa3\
\xda\xf8\x93\xb7\xec*CT\xe6&Y\x0f\xab&\x9c&\
n\x93\xc0\xc3\xcaH\xa5=\xd6\x12\xf7\xc3:)\x94\xb8\
z\xcax\xa9\xa9\xa7\x05E\x88\xa5q9\xf0\xe6\x84\x09\
\xc4\xa2\x8c\xe9\xdb\x9b\xceG\xa9\xca\x87v#\x9d\x8eH\
W\xfcf,\xd9y7\xabcv\xaf=\x12\x12\xee\x88\
\x0e\xb5\xaf9\xf9\x95E\xdfL\x0e\x9f?\xe2(uv\
\x1f\x1fE\xa6=<U\xf9[\xa0\x11%\xf1AX\xfa\
L\xca1\x1e\xd9\x10\x12\x01F\x18EP#\x84\xe5\xd7\
\xc8{\xce\xc4\x8d,\xfe\x8a\xc1G_\xaa\x86`\xb8\x8f\
\x96\x9d!\xec\xf4\x10\x16\xc0\xba\x11\x04\xdey\x8c\x13\xba\
\xb9\xc1\xed[\xcc\xbb\xb8\x19~\xe5w\x97\xeb\x14\xab\x9d\
\x9b\xb9\xd5\xb3-]\x04\xbdlE\xdd\x92\xaf\x19_C\
}w\xb5.\xe2+\x1fB\x1e\xe4H\xcf5@\x81\xa4\
\x86\x96\x1dx'{x\xb7\xfb\x8b\xc8Qx\xd6\x15m\
x\xd4o\x81~m\x8db\xe5]y\x07\x80\xca\xbb\x90\
\xda\xed\xbc\xcb4\xaa\x9b\xe0\xfd\xf2\xa9i\x00~\xcc\xe4\
&P\xe30X\xb7\x07\xd5W?q\xe0\x82B\xd3\xb9\
\xc96\x0cP{\xdc\x8dY/B#\x5c 5?Z\
x\x90\xc5\x9a&Ss\xba\x13r]\xdd\xd7\xdf;\xe8\
\x08:%\xd0\x1b\xdf\x02\xe4\xae\xc6'\x15}i\xc9\x89\
\xcb\xd5*=\x87\x8e\x1eF\xed+\x120\xa3\x98>$\
\x08\x11\x01\x99\x06\x19\x92\x01\x1c\x91(\xdd\x9f0\xdeb\
1\x80\x8f]\xfb\xcaFI\x05\x92\x5c\xb4ic\xc33\
\xab3\x9b\x92\xdf\xacx\xc22$\xd7\xde\xd3\xd7\x81!\
\x97\xa4\x96<\xba\xa2\x01\xdf\x00\xeeG3O!w\xb4\
\x7f\xe4M\x05\x8a\x13\xfb?{\xb8I,\xb2J\x98\x90\
\xdeI\xf7\x9d1e\xedC5\x1b\x88\xaf\xae\xa1\x19\x0e\
uK\xf5\x9a\x91;: \x8e\x90\xc7D\x07>\x1f\xe9\
J\x8f\xd2\xc7\xe2k\xff\xf2\xd9\xaf\x1b1\xbd\xef7\xe5\
\xdemw\xc4\xf4\x8a\x91\xb4\x9f\x8e\xd5\xae\xca<X\x91\
jh~\xe17\x0b\xff\x89\xdd\xd22i\xff\xfa\xa5\xa6\
\xdc\xe1~D\x05[\xcf\xc2d9\x02#\xd4:\xd2\x90\
c0\xfe'To'\xbf\x7f\x1c\xcdYpj\x025\
v\x85\xa5\xd0\xb26\xc3Tq%8w\xf8\xb8C\x1b\
\x97\xbf\x87\x84\xe3\x17\x19\x1d\xd5\xef\xf1\x86\xa2\x9f\xe4\x96\
#\x875VC\x0d\xeb\xfe\xf9\xf9\xa8X\xcd\x8e\x8c,\
Rm\xc9\x84\xff\xc5,5H\xbe\x96\x90R\x83hn\
\x96\x1aT\xcd\x9d\xa5\x06K`X\xc3\xc3\x17V?I\
q\x80I7_H\xfd\xa4B-\x83\xc10'\xf2~\
\x0e$fB\xf71\x12l\x8ay/wFM\x91\xee\
\x08\xd7\x1e\x1bp2\xefJ\xee=\xc7\xb0\x05\xba\x8c\x92\
\xb9:\xba\xe6\x91u\x88us\xb3B\xb9Q\xf0\xed3\
\x5c\x80\xaaQ\xee.\xe8\x96\xd0\xd2\x8c\xfe\xc5\xbc\xbf\xbb\
\xe3tI\xe6vGM\xb5F\x14F\xb8\xa5?\xabI\
\xdbd\xad]\x06$\x8c\xf0OO\x95\xf2\x9dA4\xb6\
\xc2S\x94d3`\xe6X\xe4\xbb\xb48\xdf>`b\
\xa6q1\x01\xab\xc0!,\x05a\xdaTN\xce$ \
A\xbap\xdd=\xf8\xb7H0\xc9\x9f\xa8\x81\x98E-\
\xe4\x03e\x00G\xd1[\xfd\xf4\x87(\x88\xc9$\x8cM\
\xf6\x06\x22Q\x8b>\x13\x5c\x0b\xcf\xb0P\x91\xa7&\xeb\
8N\x93\x22j[\xbf\xa1\xd1\xb5\x10\xd5\xf8\xc4\xca\x16\
$*\xf0\xea\x0cJ \xe5i1\xd4\xac\x12~\xaa-\
\xfb^\x0be1\xb8\xf0;r\x94u5\x1f\x04\xb75\
!W\xdd\x93\x12\xcd\xc7\xc8\xa3+\xe3B\xc6\xc8\x9d\x9b\
\xa9e\x8e7G\x8f\xcb\xfe\x189zrs\x85\x12s\
\xab\xcd5^nn\xb9\x10\xb5\xd9\xea\x97\xc7\xb9\x10G\
\x8e\xe7\xda\xde\x1bc\x82r\xc3\x82\xa0#,\x87\xd7$\
\xeb`'\xe3A5\x8a$\xe2\xb0\x13z\x9dD\x1c\x8e\
\x13#\xafc\x04[\xec\xeb\x98\x82(\x8e>\xb2\xbc\x9c\
\x09\xc2\xe3\x1b\x95j\xf5\x1aU!\xe7)W\xab\x0bv\
g\xefY\xafN\xaf\xbb\x8ad\x89\x1e\x9e\x13\x95\xb0\xe9\
\xdf\xc3\x07\xb3\x09F\x1c?h\xaa\xe6j\xd5Y\xcf\xfc\
\xe7\xb0`2\xa3f\xe5\xd9\xd0\xf6/p~fM\x06\
\xeb\x00\x1f<\x10\x0aq\x98a\xf3\xc1z\xb7\xe9\x03a\
8\x87\xcfa8<y\xa3e}?\x83\x19\x92\xfe\xc4\
\xf2\x1b\xe9\xe9+ow\xe1\x1e\xa8\xd6\x9b\xcf\x8dE\x03\
\xd2\xa3\x88\xea\x1d?8@6\xc9\xf5Kp\xcb\x5c\xbf\
\xf4\xbd\xec\x95\x9d>\x02\xc2+\xfbfQ\xd4R>\xf0\
\xfeX\xdb\xf6t,]\xbe\xf5\xf3K\xfb\xfc\x02\xa8\xa9\
\xdb(wxY\x1c\x5c9]\xff\xfd[\xffkE\x03\
\x95c\xda_]\xbb\x0d\xe6\x06\xbb\xed\xbe\xede\xfb\x02\
\xdc\x7fb\xbbP\x16\xaf_zs\xe8\xf5wP\x85\xc8\
\xac\x8a*n;?_\xf8\xec.\x22\xd2\x19\xbe\xf6j\
\xf6\xe0w\x85\xae\xec\x15s\x02k\xf8\xe1kd\x9f\xb8\
\xc0\x0b\xeb>\x00\xa9\xd2\xda?kh\x06$n4\xe1\
\x17\xd0a\xd3*\xcf\x9d\xe9\x22\xfa\xa4\xdc\xd1\x8bP\x99\
%R\x0e\xae\x14\xb3t\x8e\xabp\xc8\xb3\x8f1\xc6\x8a\
x\xee\xdd\x16\x07]E\xa1\x03\xe2:q\x0c\xc8\xeaL\
\xbfO\xba\x08\xf9Gp\xe3\xa6\xef\xac|h\xdfS\x1c\
<\xcbB\xc0\xa6<d<\xc8<$\xf2\xf0\xa2\x0a{\
\xc7\xc0HK\xa7\x8d\x9d\xb5\x94\x1f\x1aY\xea\x1a\xcf\x89\
\x0dV#T\xc3U\xb1Z\x03\xba7\xd9\x1b\x0d\xea\xc5\
s\xabj\xd6\xad\xaa\xb5\xe1{\xb3\xa5\xa4\xff\x9cy\xce\
\x04\xfd\x22\xfc\x9b\xce\xe2\xaa\xc4\xef\xda\xc7\xcd\x80yJ\
n\xd7\x0e\xe0\xd9\x5cx_\x0a\xfa^\x1f<\xaex\x8b\
\xe4o\xa44\x07\xeb\x96\x07\xa6-\x95\xb70\xd9\xf5\x9d\
\xaa\x0e\xb8\xf3\x18\xd1\x0e\x87\xc5\xcd!\x94\x1b\x92.\xaf\
\x1c\x85Q\xf6\x8a\xf6Q\x06Hv\x9c\xe8\xb9\x12\x8c\x22\
\x1f$!sE\x03F3<e\xf7\x90t\xf5\x1cI\
\x11pS\xd2HN_X\xfe\xb3\xffj\xec\xa9\x8b\xe7\
\x1c{*\xf1\xec\xef+\x8eZ\xe5\xc5\x8bs\x17\x07\x85\
\x86\x15Ud\x5cv\xd4q\xdd`G\x1e\xc7\xb5\x94\x0d\
@Y\x02\x18{\x09W\x09\xc9\xacAs\xeb\xa1.\xa6\
.Q\x8fs\xbe\xc1z\x14wS\x18\x95\xa3\xd1\xf2\x1b\
\xdb>\xb5\xf8\xed\xaa\x0e\xbf\x90\x09\xf1\x1fS\xc0P\x16\
=\xe2\xc4\xb7\x8f\x90(\xe4\x91_\x11K\xff6\xca\x10\
\x98\xe5L|\xd2n\x1dI\xd4\x15\x8f\x5cT\xb8\x09\xcc\
\xc1r\xb1\x17\xd3(QN\xf4\x02t\x0c\xc4\xaed'\
w\x8cE,H\xefjcAF^;\xe6\x98L\xef\
j\x99I\xc1\xddl\xc5\xd4X9\x8c\x9d\xee\xb5I\xe8\
\xa8_\xcb\x00\x94\x9d:\xb3\xf71$\xb8\x06\x11VF\
\xaa\x1a;*/\xb5\x00\x1d\xcd:\x95\xaaS\xf8T\xdd\
\xbc\x81\xaa\xdb\x98\xbc\x81r\xaa\x9a;18UN\x97\
hy\xd4\xd0\xd1\xf6\xdba\xf2\xe9\xa2m\x9fb\xd5\x97\
SJX\xb8\xe7\x8e~\x1d\xdc\x85b\x1f\xda\x15\x9a\xf3\
Q\xe7\x9d}oY\xdd\xdd\xba\xdcP\xd3]#\xba\xc4\
\xcd\x1a\xc8D\xf3/7\xaa\xf3\xce\xb1Z\xf2:u\xa7\
\xa2\x05Gy\x1c\xa3H\xe5\xec\xd3\xadk3\x7f\xd5\xd0\
\x0c\xba\x10\xf0\xbf\x02~4Z\xb6#\x9b~\x1f\x11`\
\xbfn\x0bR\x18\x80\xc6H\xcfAM\x1e\x1d\x15fo\
\xedj\x9a\x8fR\xe6d\x10(\xb7\x1f\xc1m\xa2\x09!\
\xaaX\xc2&\x81\x98\xba\xfd\xf8\xf5\xc1N\x05\xfd3\xcb\
\xbeP\xbe\x03\xa19\xae_:E\xb5}\x10bv\xbd\
\xd2F\xb4?\xee\x8e\xed\x7f\x0b\x8d\x94Z\x05w`\x9d\
\xaa\xdf\xa6\xf2\xa8V\xc66t\xa3\xfa_\xac\xd0e2\
\xe0y\xa1lr\x0a\xe9\x10\x07\xec\xc2e\xcc.\xfd\x16\
\x0d+\x14\xae\xcc\xa6\xbag6n\xa0\x94\xaa+M\xb9\
\xcb\xddT6\xb0\xd040\xe8\x0d\xf2\x12\xcf\xbdp\x8f\
G\x14\x8b\xda\x17\xb6\xf1\x9a\xc0\xcf\xa8\xba\xb3\xb6\x1c\xae\
V\x7f\x87\xd3\xe0\xe0w=\xf4&9Z\xedE\xe2\x80\
\xa9\xb8\x1b$5U:\x94K\xa5_d\xa3,#\xb6\
^,\xc2\xd6@R\xd9]\xda\x91\xdc\xd7\xb8~c\xcd\
\xaa\xf5\xcflu$\x8b\x15\x92\xa8\xad[{n\xf8Z\
\x91\xd7QBv\xacWoJ\xfd\xdd\x92\x14\x7f~(\
~~\x12\xb8/[\xbb\x93\xf3\xc3p\xf3\xd3 \x82j\
/F*\x85sH\x90W\x91\xf1c\xea\x85\xa8g\xc6\
\x16S\x96/\xb3\xae?423\xccT\xa54\xa7\x9f\
6\x1f\xd7\x1e\x97\x89k\xce\xf2\x93\xa1Q\xba\xc8b\x22\
\x99L\xcd\x11.\x8c\xa0$)@oCOM\xa8~\
N%5\x1fx&sF\x97\xbb\x1d2\xdb\x7fQ\xf9\
\xd1\x8by\x86L\x10\xb7t]\x1c:\xba\xdd\xfe\xc4\x7f\
\xba\xef\x03y\x0c\xabe\x91:I\x0a\x19\xdb\xc2v\x97\
\xf8\xc4\xef\x8e\xec\xeeJ6V\xaf\xda\xbc9\xb3i\x8b\
\x9d6R\xff\x8d\xfd\xd5F\xb1\xbe\xc4PO\x07jY\
9K\xf6M\xa2\xe6.\xbc\xa9\xd7-\x02o\x9a\xdf\xf0\
\x7fk\xe7\xb2E8x)w\xc8\xce\xca\x81w\xd8\xd0\
\x0b\x13\xe4\x1bv\xab\x80\xf1\x17\xf3\xeavs\xb0\xbdX\
\xa8\xa1\xbd\xbb\x1d`\xfb\x02\xb0\x1a\xae\xa8c\xf7L\x82\
x\x0b\x11\x84rT<\xd5$\x88\xc1\xe6Dsh\xfd\
\xb6\x177,\xedc\xbf\xad\xff\xb4\xb0\xd4\x1c\x8d\xda\x8f\
\x19\x8d\x86O[\xfa\xc9T4\x02\xfc\xb3\xea\x01\x00+\
\xfc\xf4\x0a#\xa6\x93\xa4\xce\x04\xf1\x14\xf79!.d\
n\x85;\xc2S`\xd5\x0cLD\x15\x09\x94\xcd\xf7\xff\
\x9f\x03\xfb\x82\xcdG\x8e\xbc3\xf2=K\xe5\xcd7J\
\x1d\xc4\xddu\x0e\xf2\xb7\xfc\x9e?\xd7C'\x07\x1d\xcf\
u\xc1\x96\xdf\xf7\xae\x86\xba\xce\x06>9\x08\xedJ\xaa\
\xea\xd6%\xae\x9b\x9bJ:\xef\x12\xa2\xa4\xa3#B\x01\
\xc1q(\x18\xe0\x1c\xc76\x06\xa8K\x941P\x8a\x8e\
\x14Y\x0b\x85\x9f\xce\x221^\xfcl\xbc\x08T&;\
\x14\x83\x1a\x94=^\x18j\xbe\xf1\xdc\xc4\xdd\xafL\x01\
\x22\xe4\xdb6\x1ch`\x8b(c\xde\xe2\xc6\x1c\xe9\xbf\
`\xcb\xfc)\x0f\xe7\x0c\xfd\xa0\xd7\x15\xce\xb1V9\x11\
\xb5\xbe\xf3\x1bI\x15yF\xaa\x1a(*\xeb\xf9\x11\xa1\
p!\xae\xc9Q8\x84\xb2\x86\x036]\xd4q{\xfb\
O\x90\xed\xee\x97O\x1dzKh\x1d\xcflX\x9dy\
\x91\xb9\x15I\xa9R\xf1W\x0b\xa4\xe3#\xaf\xa5\x7f\x16\
j\xc7\xd9\x9dB'\xa3\xa4y\xcbC\x14=[8*\
\xb4wO3\xce\x90\x93\xc1\xa2\xa2OG\xcc\x95\xdc\x15\
\xdc\x01\xc8\xc9g<\x8fD\x14?\xfd\x17\xc6\x9e\xa8\xe9\
\x095&7o\xcc\xc99\x1d\xa2\xee\xa9|1|*\
\xb5\xe5\x12d\xfe/k\xef\xd0+\xb6\xf8q\x89\x193\
\xd7j\xbe{:\x87\xdeT\x18t\xe9\xf8\xe1\x0b\x95m\
iU\x9f9l}\x22&\x05\xd7\x9e\xe6\xb1\x8b\xf0C\
\xb9'E\x8e;\xcem\xf71\x1cR\x09\xf8o\xed\xf2\
\x8d\xe4\xa5\x8d,\xdfh\x80=\xe3n\x80g1\xb0V\
a%u\x09?\x15RR7\x81\x9e\xf8B\x7f\xd1\xb8\
\xa4\x9d\xcf\xeb\xa0\x8fS:7\x98\xfd\xae\x05D.\x80\
\xb5\x10x\xb4\xc8\xe1\xe4~\xb4\xd0\xdc\xf0X\xa9\xe6n\
\x87T\xbe1\x9d\xb8{\x0a\xf9\x80S\xb0F\x12Da\
i\xe8h\x14\xe4\xe3\xa2\xa6\xa1|\x5c3\xd0\x07\x14@\
T\xad\x11\xde\xbdT\x1e\xd0\xe3\xe9\x22\x0a\xb4\x1b@\xdf\
\x07\x15`F\xd2\x01yU\x1b\xc9\x9d\x07H\x9dD\x96\
\xc3\x95\xe9E\xe1\xddT\x86\xf6\xa0\xc2(\x17\x83\x1a\x83\
\x95G\x0c\x06c\x5c\x0e\x16\x826\xc6\x00f\x01\x1a%\
\xcc]\xafC\x02\x87\xcc\x0fL\xcd\xdd\x1f\x18\xcdQ\xd7\
2\xd8\x9c\xcaWZ\x1eG4\x8f\xaa\x02\xa1:\x8f\xbf\
\x0a\xc4\x14\x0d\xaeY\x19[\x5c'Sj\xeb\x84\x11\x5c\
\xc3\xd2j\xa7p\x98\x0d\x9c\x09-\xef$g\xd75\xd4\
X\x89\xb4q\x88b\xbfd\x02ut\xfc\x0c\xf9\xab\xc1\
Y\x17\xfc\xd5\xc4Wg\x9d6\xdd\xdc\xc4u\xf1.n\
\x5cW\xfe\xcbo\xb1b\xaa\xf1\xa1\xcbo9\xca\xa8\xa6\
^\xfe\xeb\xf4\xad\xd1\x02\xbcH\xb1\x07b\xf7\x07\xa1q\
\xa3\x13\xaaK\x18`nc\xcc7\xacf\x0e\x0d6\x8b\
S\x08vp\xf9\xf6<p\xbfF\xc5\x09[!\xd7\xda\
+Ar\x1b7\xd8\xb3\xfa\xfb\xad\x1f\xb2Y\x0d\xb6\x0a\
u\xc0n\xf4\x811\xf5\xc1.\xc7\xd4\x13H\xb4\x92p\
\xa6'b\x0b|\xd2\x15J\xa2J.zb\x81\x15J\
\xa5R\xf0\xd5\xff\xb5\xf2\xa7\xb4\x83\xccP\xaaW\xde=\
\xd7\xde&nco\x03\x85\xb8y!\xcc\xa2Y,&\
!Qd\x8br\x16\xa4\xe5\x01\xfc(\xeb0-`\xfb\
M\x0a\xf0\xf4;\x02;&\xed\x1fS \xc5\xf0\xdc\x90\
\x84\xea\xea\xcc\x01\x99\x0a\x17%J..\xce$\xa7j\
\x97e\xf2\x8fQ`\x88\x07\x84\xc8]I\x05\x15\xc5\x04\
\xfe\xb9\xe9\x10wc\xfes\xd3a\xaa2\xe4\x0a\xc9C\
\xa0\xf8Y\xfff\xce\xe7\xbb\x87\xf0S\xec\xd2\xe1qx\
\xb0\x0dCO\xba\xa6\x1d\x86^\x1cV\x9b\xd9\x12\x16\x9b\
\xab\xcc\xb0\x91\xdb\x13wg\xf5\x14\xe0z4\xb2y\x12\
*\x8f\xc7\x9d\xc1cU\xe4KD\x15\xe2K@'\xb0\
\x89\x80\xe8}w\x11\x01%\xb8\x8e\xe8o#[\xe5\xb3\
\xde(t\x0c\xc6\xd6T\xb7\xb0\xd8\x9a\x1c\xcc\xa2\xc5\xd6\
\x83E\x90c\xcbX\xb5\x86\xd3\xfa\xf1|\xe8f\x04\x13\
\x87\xef\xcd\x98\xca<\xa5\x17r\x90\xb0\x19\xcfW\xca\x9a\
\x06\x8c\x93\x9f\xce=\xef\x19\xa6~\xca\x13C\x1dI\xa1\
\x0f:URG^htFh\xa9{Pc\xa8Y\
c\x0e\x15R.J\xc7\xfe\x8d5+\xe6\xf1~\xf7J\
X\xa0\x01\xa2\xae\x1cM\xach\xa0\xbaa\xb8\xd2\x0c\x0e\
\xb6ya \x02\x8f\xab\x12~\xbd\x81\x0b^A1U\
\xc0\xc5I\xc6\xe6\xcd\xdb\x8cm\xf1!Bb[;\x7f\
^\xc9*\x80\x0fw\x1d\xcav\xda\xab\xd2\xf6\xab\xdan\
\x8b\xc8\xafp\xf8\xe4\xf7s\xdf\xedvQ\xf8\xe5\xb7\xe5\
V\xbf\xc8\xa4\x9e<\x91\xdbg\x91\x06\x17\xb6\xaf\xa9z\
\xb2\xf2\x87\xe9l\xba\x90\x1d\x94S'\xb2\xfb\xf6d\xbb\
\xf6\x5c\x1f\x146\x9eE\xab5\xa3\xfd\x8d W\xe2\xc2\
_\xd4\xe4-\x99\xbd\xb8!\xfdS\x09#/\xcc\xf8\x1e\
\xad\x99\xc3\xa7\xdf\xd0\xfc\x88\xd7\xaf\x1d\x06\xd9\x0d\xf0m\
\x17\xae\x0f\xf6j\xc8\xb8\xd0\x18-_Wi\xfb\x1b\x10\
U\xd5\xd1\xbav\x7fu\xd5\xe3ug+\x9f\xec\x9e\xb8\
\xa6\xa8vQ'\xabE!D\x93\x8c\xec+\x1d\xc3\xfd\
\xaf\xc3)\xb7\xaf\x15U\xe5;\xf7\x8c4u\xe5\x0e\xec\
\xcd\x1d\xee\x1e>o\x1d\xd8\xa9\xedo\xa0\x12\x09\xe4G\
L\xbc\x5cHW%\xefi\x9e\xe3\x9f\xfcz\xc5Dd\
\x98L\xa3\xa5d\x9b{\xec7v@a\xb6\xc2\x08\xa1\
\xc7K\xb1{UKTG\xd8$C\xed\x9b%\xa7\xe6\
\x82\x18UN\xa8\x13\xed\xd61\x0f\xe8\x02\xc5o\xa4\xec\
,\xf1\x06x\x16\xbcd\xd3\xf1\x22\x0c\xb3\x1bk6\xae\
\xce\xbct/\xfeu\xf3\xaaM\xb5\x99\xcd\xc9\xca\x05_\
O6\xd6\xad^g\xfb\xe3\xe5\xa5Vd\x10\x88L\xd4\
W\xd6\xde\x10\x0e\x11\xeb\xf0&\xa2\x8e\xadln\xd4\xf0\
V\xcd\xdd\x05\xbc\xef\x93,\xe7?\xae;[]\x82Y\
\xc9*0\xb7@S9\x9aX\x16_\xf9|\xd5\xfb:\
\xe2e\xccy\xbef?G\xb8H(`\xea~S\xa5\
bTm\x17\x1c\xf6\xb3\xbb\xb2W\xcf\x81U\x8e\x85\xc1\
\x22~&*\xb8Z\xf3\x96uZ\xdd\xcdSK\x1e\xb5\
\x9b\x03\xeb\xed\x5cx\x04\x8b\x9e\xfdrp\xe1)\xca\x93\
{\xd7\xae\xdb\xc6\xf9\xd4\xd3\xefW~\x08\xc0?\xc2\x90\
\x94\x85\x15\xa0(y\xd0fP\xbf>\xd8\x89D!\xca\
\x8a\x90aH/\x11+\x94\xbd$\xc5\x07E\xd0\xdd]\
\x9e\x18\xd3\x08T\x9c\xfa\x82=\x01\x0a\xbd\x1b\x15\x89i\
\x1e\xa1\xc5\xa3\x92|xr=\xd0\xb3g\x953J\xd9\
\xc3\xf9>\x06\xfd\xdcE\x95<\xa2Or\xc3u\x16B\
\xeb\xd0\xaaO\xa2\xa75\x9a@\xac\xb4\xf2\xc3573\
g#?\x09\x9f\x96\xccUC\x1c\x14\xdf\xe6\xe0y\xfc\
G\xf4')\xb0rg\x13QY\xb3\x09\xfdh\x19\x1a\
j1\x7f\xb2\xdcz\xaa\x1cg\xed\x1d\xed\x7fk\x8ds\
t\xf7\xf0\x99]\xce\xe6\xcf\xech\xfb{\xab\xf9\x89\x1d\
\xc3'[\x9d\xcd\x8d\x04h\xd5\xdc\x9d\xeb,\x9b\x1b\xae\
y\xdd\xdc\xe9\xa0\x97\xcd\xcdLN\xd5\xdc\x99\xc9)\xd7\
\x88\xc8\x11{n\x06\xd7\xc8cD\x1c\xd9\x7f\xdez\x86\
\x8d\x80[<\x84\xf4\x1f\x8d\xc4\xb9\xf9\x9ax\xdc+\xd9\
\xe3.\x1b'\xbf\xb6\xa8\xd2\xd2\xfb\xd1\x81A\x1d&P\
S\x07\xb6\xa1\x10-)=\xc4\xd8\xb4h\xad\x13B,\
\xef\x17\xfa\x90c\x06\xf9\x18K\x16\xb1\x5c\xe12\xea\xeb\
\xf9^(9#{\xb8\xdb\xc5h\x0d9\x08\x1e\x9a\xac\
\x1b$\x81B\x88n\xd7\x83\x9ct\x80MCM:\x94\
AC\x22\x0c\x80\xeak\xef\xaf(\x1eM\xe0[U\x15\
\x814\x0f\x97\xa0$\xde)\x82\x15\xc6N\xdb<\x92H\
\x08?a\xded[_\xc1\x9d ?&\xae\x02\xe2\xd3\
\xa3\x944\xe2\xa7\x01\xad3\xcc6\xc7\x99\x93_\x84\xbb\
8\x94p\xdb\xc5\x91o\xe41\xc6Ch\xe8\xdas/\
\xffm\xe0\x0d=sbhp\x97\xfb\x0d-DsK\
\x8f\x93\x1dB\xf5\xb8\xfc\xf6\xdf\xec\x89\xf1y\x9c\x1a~\
\xbd\xc9\xd6\xc3D#\xfc4\x10\x10\x22N'\xc9L\x8b\
P\x8c\x92\xe9a\xb2\xab\xdaT\x92\x88\x90\x02u\x9a\xda\
t/\x95\x9e\xb4\xb7\xc7\xcd5E\xa8\xbaf0$\x16\
\x0f\x9f9/T7*\xac\xe6fE\x9c\xda\xfeQ\xfa\
ox\x99i\x8e\xede\x0a\xdc\x99\x8b\xd7\x07[\xec\x1a\
\xd36\xc2\xd7\xca\xb1\x80s\x1d\xb4o\x94\xab\xa55\x8a\
\xd1\xc4\xe2N\xebY\xf9\xbc\xf2\xa1K\xe67/c\x8b\
\xab\x0f\xb8\xbfwuF\xbd,3\xc3\xc7sZ\xa5\x0f\
\x8ds\xcc\xb1\x8d\xd7I\x18\x19'\xcd*&<\x85\xc6\
P\x88\xa5\x88\xc2\xc22\x12aq\x11\x14\xab\xee\x11t\
\x04\xe5\xe8\x08\xdaY\xa91l\x10\x1a\xc3\xb3P|\xf1\
\xab\xc5\xff\xaf\xf2\xddjL\xc9\xbd\x87\xc4\x12\x19m\xb2\
q\xc3\xaag3/\xd1om\x5c%]j/\xd9\x97\
\x99\x1c\x05\x9b%]\x1e\xd0@\xca<i\xb4E\x84\xba\
\x11\xaahL\xf3\xe5\xd0\xa6[\xdc\x09\xad\xd3\x22\xec\x9f\
\x13\x90\xe9m;1GR3\xa3\xb8\xfc\x8b\xf4(\x81\
\x99N\xe6RC\xe78I\xf7\x86in|\x8e)\xbc\
?\x99\xe4!e\x0e\xb4\x88\xb6\xed\x92\x1d\xbb\x04\xdc\xc0\
\x0d\xcd 2\xe0\xbe0.\x0e\x15\x1e\x886\xbb\xb5\x97\
\xb8\x82\xe1\xca\x90\x5c\x07.\x060=\x80k\xbbD\x05\
nR\xbc\xe3h\x99624\xc9\x19\xa8\x0e\xd2sV\
\xfe\x17\x9f'\xd7\xaf\xc1j\x0b\x07\x8c\x8c\xd9$\x9c\xeb\
\x8cx\x10\xc4\xf6\xca^\xdb\x19\xe0\xcc\xb5j\xb0\xb6\x7f\
$\x06\x16V#\xb9\xdc\x0flI\xcfYS\xf4\xe2\x06\
MdA%\xbb\xb0_F\x13\xd5%Kfk\xfd'\
=\x87\xd7\xa7\xe05X1Q\xf0\xf5\xc2\xaa\xf4<\xf4\
#\xfd\x03\xe0\xeb=\xb0w\xa8\xff4\xa7\xc2\xf0k~\
\xc9]\x06\xf5\xb9\xb5\x97\xe0o\x9eR\x05\x10\x9cU\xda\
\xc2\xf1U\xa6\xe3\x97\xe8\x92LD\xdd\xa0\x7f\x89\xde\xef\
\xe6\x8d'f\xc9\xcb0i\xe2\x06>K\xbe\xf9\xed\xd7\
Z\x8c\xa7\x0b\x0b\x98\xb7^U\x11\xcfnc\xaf\xb5\x1c\
\x95\x97\x0cp\xde|x\xb9\xad|7\xdb\x88\x0c\x1d^\
_\xf2\xda}\xcd>\xcf\xfcqN\x81_\xf8\xdc\xdb\xed\
X\xf7R>\x11\x7f\x05\x0c\xe5}\x96cX\xf3\x07\xbb\
\xf5\xfa\xfb\xc2e\x8f\x96\xa1\x9e\xac\xacL/\xccD\x83\
\xd4m\xfe8GC\xe5bYWV\xd5\xf9\x93\xa6c\
\x08\x03\x9c\x9e\x08\xd5\x98\xd3\xd3\x81\xedLSZ\xf8/\
\x99\x87\x027\xcc#|\x1a^\xfd8>\x1f2\xb3\xbd\
Y]\xbfv:\xf7\xea@\xe8\xb53s\xac9\xc00\
c\xe3?\xf4q\xc7'\x13\xcd1\xf2\xfdc\x8d\x8c\x8c\
@\x0d\x12e3x\xec\xe3\xce\x80\xf2\x0590\xd4U\
\x8d\xd3=\x1b{&\xd8\x22\xc8\xdb\x04>M\xfb\x12\xd8\
\xec\x96\x8f9\xbb\x88y\xd1\xdeQY\x9fT\x96\x98y\
\x1e\x9cV\xfeG\xfcb\x85\xb7\x08\x8f/]\xae\xc6\xe5\
\x94\x82\x0b\xdb\xba*\xc9\x95\xa4*\xf8\xea\x0b3\x84\xe2\
\xa7\xfd\xa3\xf5\xf3M\xee|\x88<\xb7\xc3\xcd\xde3\x8f\
\x92AS\xb7a>\x92-\xa0R\xf3\x03gn\xc1#\
A\xd7~\xbap\xf1\x97\xdb/\xf9\x7f\x07\x1e\x87\xad\xe6\
W\xbd\x9cQ\xf1\xe3i\x9a\xc9oVj\xee`aY\
*\xac\x86\xbe\xdc\xc5\x0b\x91m\xd9>|\xfa\x12\xb5\x92\
(\x1cW\xa6S\xfbGZ1\xa3\x9aE\xa4\xbd\x07\xd8\
`\xf1\x98s=\xcd\xabY\xe4\xe9\xef\xa1<\xb0\x85\xed\
\x1f\xe9'\x82\xdb\x1d\x17\xf9\x03\xe0Pq\x9c\xcf\xca\xe4\
@\xbf\x10\x0e+\xeam\xd5\xc1d\xbd#*`N\xa5\
\xdec\xec\xa1rO\xd6\xc7\xde=\x0b\xfc\x01\xa4\x82\xb2\
\xcc\xa7\xdb\xaa*Z\xdc\x89\x03Fw/?V\xa3\x89\
\xca#R}\x09\xde\xc5k\x02\x13Q\x1f\x1f\x88o\x83\
\xaa\x0b\xd7\xcf\xaeN:g\xde\xbdl\x1f,\xbcK{\
\x8f(\xfd&\xe2\xbe\x8e\xc3\x9e2\xbc\x0bd1\xd9\xde\
\x85Ih\xa9\xc3-A\xf3a0\x10\xa5s\x9b\x0f\xd3\
\xedz95\x12@S\xd5\x01\xa4\x8e\xc1\x92\xfa\xf9\xa8\
j9\x1d\x0a^\x83L-\x09\xeaq\xd3\xa8\x96b<\
\xbb\xf4\x991\xf9Y4ND\xa93\xf7o\x99\x06\xd9\
5w,\xeds\xa5\x1037P\x99\x92\xdf\xb1;{\
\xba\x8f\xa7\x10;}CB&`\x0ef\x15?\x92@\
@\x07w\xc7GQI\xb9\xe6d\xfaV\xba(\xb3{\
\xe9\x92\x86\xe6\xcc\xe6\x85\x95Ti\xda4\xe4G\xcb\x10\
\xfcXq\xfb\xb2G{\xbb\x96^]q\x02Q]\xf4\
\xf534\xa9\x88\xb2\xb0X\xae\x0f^\x00\xf0\xa6ww\
\xf6\xd4~\x99\xb3r\xfe\xfa\xd5\xefx\x05\xa1\x9dV\xbf\
\xd8\x8f*Hsig\xf6\x5c\xd3H_W\xf6\xf4\xd5\
\xec\xe5\x13*ySJ\xb6\xae\x15\x5c\x8f\x96;C\xde\
r\xa1\xee\x8c\x82\xce\x7f\xec\xed2\x00L\x89\xe1\x8bG\
\xc4pn\x18S\x0au<\xc5a\xdd\xb6\xf8\xa9\xad[\
\xd7\xce\x1b-\x93\x99\xaa\x7f\xa88*_\xc2;\xb7\xfc\
\x16\x88\x92t\xb6rnE<\xe06z\x9c\xea|\xe2\
hn\xbf\x96m\x01\x8fh\xee\xe8\x15\x18\x14*\x1d\xf5\
*\x1e6\xf5\xf8\xa1\xaa\x0b!P\xc4\xac\xb3\x1d\x97\xb3\
\xad\xbb\xc2]H]k\xbb~\xb7\xf9vv\xec\xae\x0a\
i\x03C\xdd\x16\xb4r*,v\x07y\x8dIUS\
L\xb6\xbb\xc7P\xe3 \xa6I*A\xab\xc4\x16\x05\xeb\
G\x9dY\xb1\x8de]\x97*a\xabVW'\xebX\
\xb96G\xba\xf5WuFTUQ\x0d@t\x8f\xa9\
9n\x8a%%t\xb1\x0c\x99n\xf6\xdfp\x13:\xf3\
\xf8\x9f2\xb2\xa6\x84>\xd1\xd1\x96|L\xfc\xa4MI\
\x8dc<\xa8\x92\xf8\xf8\xdf\x14+\xda\x98i\xff%\xd2\
\xfb\xb1m\xf5\xa9\x10(\xcf\xa7\xd4\xe8\x03\xd7r\xaf\x9c\
\x0a\xc1\xed\x14CFu\x89~a\xcd2?\xcac\xd9\
\xdak<\xaa\xce\xfbc\x06\xe4\x80\x19\x08q\x22\xd8\x8c\
x\xa04\xb7\x0f^r\xb0\xf8\xb1h\x01I\x96\xe4@\
\x14E\x22\x1b\x90^*\xce\xf7\xa3l\x14I\xe9g\x99\
bzP\x1c\xbaq\x0d<\x8f\x0f\xac\x8e\xe5\xff\xf7\xf0\
\x09\xf2\xf3\x06\xa0>\x09\xcf\xcf\xeb\x80\xf7\x14S\x17\x0d\
\x1e4\xdc/e^G\x03!\xe8t\xb6\x14\x92\x1c\xa3\
\xce\xcbD\xaf\x7fHy\x17\x89S\xfe\xd7e\xf3Qp\
Q\x1d9\x1f\xffR\xa2z_<\x97=\xb7\x83\xca/\
\x8ac\xf7\x0d\xe7\xf9\xed>\xddx.\x95\xd7\xd7\xd1\xfe\
W/\xe6U\x97 \x06\x8d\xda\x16\xec\xc8\x95\x93\xb0\x91\
\x1d\xa7\x87N\x9f\xfbU\xd3v\xb0C\x9d\xd9\x8e\xaa\x83\
\xc2\xcc\x97Ah*k\xe1\xa2\xb6A(\xc7\xc0\xc4%\
(\x84\xe3F\xc3\xdd\x05\xa7\x89\xf81\x0bb\xf5\xb1g\
c\xcf\x89k`K\xac\xce\xebZD^\x90\xe4\x82\xfa\
g\x9f\xab\xdbRg_[?B9kvm\xc9\xe6\
\x0ew\x89\xa4\x9e\xf4]\xf1LwS\x01\x14\xc3\xc9n\
\xe1\x11\xfd\xdaT\xa3\x05\xbeo\x8a\xb9\x8eg\x04JS\
\xa1\xbe\x8e\xe9\x98r8\x93\x0bTTg\x1b[*/\
\x9e\xd3s\xcd\xd9\xdc\xac>\x13\x95\xd5\x9b\x0f\x844s\
\xb2K\xc8\xb3\xbd\x0fE\xa3ta:v\xa0\x9e\xedC\
\xd9T<tB\xdd\x1c\xe9\xb7\xd9\xa5\xd0\xc7\xd8\xb9\x09\
E\x84\xe0\xdc\xb6\xc5h\xee'\x07\x18\x1d\xcbTG\x13\
\xef\xef\x96\x93\x90d\x0eA\x09\xc5JBDG9\xdf\
@\xf0Ovr\x07\xff\xa6v\xfd\xc3\xe2\x0cU[\x85\
\x89\x0a\x15\xbd\xba\xe4\xe9RKQ\xbfv\x10%f\xbd\
j\xab\xd2\xfc$\xfd\x1c\x87\xe4X_\xb8\x99\x07x`\
p\xfd\x00\x0e\x0c\x9b\xbeh\x8e\xf4@\xab\xb9\xcc\x03\xb4\
?\xfb\xcf\x19\xf80N\x1e_{-U\x19\xf4@x\
\x8c\x159w\x87\xc7\x8a\xa4\xd3yB\xcf\xfd\xe9\xa2\xea\
\xafW\x5c\xe3\xe7Hz\x96%@\x18\xd7_[{v\
\x8fc\x07\x07]\xd6\x89(\x8f\xf44\xdd\xbc\xf2\xd7M\
\x7f\x90y\xac\xe2[,\xbfayp\xe7p!\xd9\xae\
7\x85\xc5\xa4\xb3S\xf19\x10\xd3\x8ep\xee\x96\xe8Q\
\xc2\xe0\xcb\x5c\xfa\xb8\xe0\xcbI-\x91\xae'*0/\
\xab\x04\xdfQS\x1dp\x190\xd9\xde\xe5\xe5\x15\x94W\
\xf5\x82\xa5O\xd1=\xf9I\x18\x0aWz\xef\xdd\x15\x9f\
6\xa6=\x85D\xab\x8b\xfc\xc0\x11\xb1\xb9\xdc\xb3\xcd7\
P\x05q7\x98`\xb6\x22\xd5V>\x84\xea\x12\xbc\xda\
~\xd2\x5cU\x11\x12\xb3\xe1\xc7\xf2\x04\xcdV$\xdb\xf0\
\x12\xc8Z\x1dx\xb1e\xe6\x1c\xf4sJ\x02\x97~+\
\xfb\xbe\x90 \x0a\x10\x94Y\xf5\xbd\xcb|\xb4\x84\xe4)\
\x8b*\xf1](]\xab-F2\xe0D\xd5\xff\xbd\x16\
wV\xe0\x5c\xcdQI\xfd\x08\x06\x05\xc2Y\xcd\xf4%\
\xf9\xa4\x9ctJ\xde\x18\x8fr\xeeJo$\xc9\xf7%\
ig9\xeb\x17x\xa6,\x82%{;\x89I5\xde\
\x87\xcd?\x06?\xd445\xf4[o\xd1\xce\x1f\x83\x22\
\xaa\xc0\x0a\x9d%\xa2\x82f\xf2\xc3\x10B\xda\x02\x14\xa9\
\x0f\xe3\xe3\xa3#\xf0E\xf9\x06\xd7A\xdc\xcdoP\x8a\
FA\xb0\xdf\xca\xb9\x1d\xb73*\x92OSW\x8d\xf1\
\xcb^\xb9\x0c\x8d\xd0\xe6&\x99\x22e5R2\x8d\xd0\
\xf8ke\x8e\xb6\x91\xc2K\x92\x1akVm\xce\xd4n\
t\xa4\xf0\x96k\xbf\x91\xff\x14\xc0\x99B\xcc\x1e\xb8H\
\x01\xe7\xab<b,\xe6#\xdc\xa5\x14x\x13\xc8U\xe2\
\xd1z\xd0\x95\xabp~{\x8f\x84\xec\x039\x87\x87\xdb\
\xb6\x83\xf0\xa0\xaa\x03\xe1KlU\xf2$\x1d8\xc4\x16\
&\xa5G\x1eD\x80LR\x18d_\xe9Pe4\x09\
\xd9\xab=J#\xdf;\xe4X\xb1\xbb0\x94\xa6\xd1\xd6\
\x96\x91\xbf\xcd\x949\xc1)\xb3\x99\xb1c]\xb0\x10\x06\
\xc2j\xf19\xff\x5c\xa8\xda\x8bbI#{H}F\
\xa2\xa6N\xfe\xf9\x13\x8b\x92\xeeD\xa2\x84\x96cf\x5c\
\xf0\xden\x1ds\x12w\xbcU\xc4\xff\xa2\xd1\xbf$m\
_\x1b\xcc\xe4s\x83\x96R\xa0ET~Sc\x06i\
\xddM\xa5\xc0\x10\xd7\xd9\xc3\xc1\x84\xde\x8a\x87\x1c.=\
\x80di\x98k\x80\x12\xcb\x0c\xb1D\xb4 \xecy'\
FQ\x9e\x1b\x1d@\x92\xb4\xc3\xcd\xd2\x94\xe2K6K\
\xc5\xe5X|H\x11\x11\x8b\x9dH\x86\x93s\x1d\xe5\x87\
\xac.Q\x86;>\xa4IH\xff\x19%\xb7\xb5WY\
\xecO,\x9a\x1b\x82i\xe2Q\xc8\xe0\xa7\x8c\xaa\xe1Y\
\x88\x8e\xd8=O?\xe4_\xea\xaa\x1bq\x19\x1d\x1bp\
\x9e]\xf0b\xa5\xf2\xc0dT]\x02w\x8d\xf8\x01K\
\x14Fvc\xec\x05av\x98n\xb29:\x5c\x0d\xfe\
,a\x00\x11\xe9\x11~\x99t\xec$\x97<\xb3a\xf5\
\xc6\x17\xeaB\x1cg\xd31\x22\xb2\xf8\xd5\x1e\xf9\xcd\x9e\
X\xd0\xf3\xe5;\x16\x95&!3\xfb\xfdM\x22q-\
a\x8e-\xeb\x22\xc7x\xa6\xcd\xa5\xa4:\xbfc\x81\xa5\
A%\xa2\x14\xa4/\xe9\xe6UE\xa3\x89\xf4\x7f[\x9e\
[x\xb2\xe1f\xcdqp\xa9\xe1K\xa4\xf2\xb4\xbaC\
\x84#\x92\xa8\xbe\x83\x08G\x16\xbf\xc0\xe36\x06\x8bs\
\xf7^\x89\xfa\xdc\x9b\xbdx\xe2\xfa{'\x87\x0e\x9eG\
\xb4A\xf2\xa6\xd1\x87DB\x1cS\x8e<\xde\x11\x95\x99\
\xf8J\x87\xc7;\x92m\xb9\xe8B\x22v\x0fW\xc4\xab\
'U\x1ca?r\xa7\xb0\x10v\x81Dc\x8f\xe5\x94\
+\xd8\xf7\xd4\xd2\xdf\x05\xd6\xa4\x05D9!w1r\
\xfa\x00\xf9\x1a\x95\xfc\xdex\x07(\xe3B\x1f;v\x17\
\xcb\x84>\x82z\xc1K\xa1\xf8\xad\xe5\xcd\xaf\xb3,\xf8\
!\xb4\xb6<\x86\x09f=\x92\xb8\xd0\xac\xc7\x02\xf41\
\x8b\xaeR\x0fw\xd1\xd5BG\x85\xad\x89c\xd4\xd6*\
@\x1f\xd3xU5\xb3\xdc\xc6+\x9a\x1b\xa5?Ts\
w\xc5\x8fR4\x97\xafl8\xc5\xec\xa7I\x80~P\
Cie\xef\x82,\x18Q\x9d\x0b6tW~\xbb~\
\xb6aLMSR\xa4I5\xfcn3\x8a\x1du\x1e\
\xc5is\x9aW\xd3\xf7\xfd0\xf3%\xfd\x96\xa4\xe7\xae\
\x93\xe4M\xd0\x10\x1b\x9a\x85\x86\xff[\x0c\xc1\x8e\xf6\xee\
=\xb9W\xdf3\x229\x97.\xe7N\x1d\xd3\xf8\x0fY\
\xfcA<\x9eP\xf3\xcf\xd2\xd8\x96\xb2\x84k\x83)K\
\xf2:\xb0\xaeSNn\xe4\x838}\x0e\x22\xfb\x83\x8b\
\x0epb\xad\x9c\xc8?8\x9a\x93\xef*{\xc5f\x0c\
\xd0\x17\x18\xff\x82\xfe\xe5\xe4\x9c\x93]eT\xf1hD\
T\x22(\x19\x83\x93\xe3\xd3\xe3\xa5\xe2\x80\x9c\xc0\x89\x96\
=C\x1e`\x00\xa5M\xb6`\xf6\x00\x13\xd7\x9f\x8b+\
\xd8\xdemB\xce\xb2?n7\xcas\xf2\xdd&%\x9d\
=\x0c\xcf\xa5U\xa2sLa\x06\x803T\x98\x1b\xd8\
9\x13\xc2\x14\xdd\xae\xb2\xe3\xd2E\x9a\x0c\xbe\xa1\x19\xa8\
\x00\xc3\x82|\x80\xc4+\xda]\xd8q\xd8\x1b\x8c\x0f\x1e\
[W\xe2\x00\xdc\x86\xa57\xdex\xa9x\xf9x\x1f\x83\
\x8aW\x1c\x11\x8esF\xe93G,\x0b\x8dl@0\
5\x8e\x02\x04\xe7\x1b\x99e\xf1\x90\xc414\xd2\xdf\xc8\
\x90\x1e\xf82\xce\x8e\xd6\x87\xd5\x1d#>fiO\xde\
\xd2>\xd8\xc6\xb2\x0cn\x81\xb8\x18\x93\xe9\xb9\x08$1\
\xa7\xe4gG^\xdd\x9e=\xddG\xe6\xb1.\x8f\xdb\x9a\
\x12\x9f\xf12\x05\x8c\x5c\xecA=\x9figy\xc0#\
\xaf\xbe6|\xc6\xc6\xfc\xa2Q0HFM\xc3\x83d\
\xe8S}\xbc\xeaIv\x1ce\x8f\xdc\x9e\xe3\xd9}\x8e\
\xe6\xf77\xfcl\xdb\xef\xbb\xd6\xf3\xe6\xa7\x87\x0e\x1e\x18\
\xba68|\xd5\x22K\x9b\x82\xb4\xaa\xda\xbb{n\xc2\
\x0e\xd3n\x03T\xb6\xf3=\xb4\x94Q\x95;t\x04\xa5\
\xf7\xa4\xa5\xc5\xbd\x07T\xe0\xcer0KB.\x96\xe4\
\xaa)\xb7l\xde#8`\xc4c\x95b\xd7\xaft\xba\
\x88\xb6)\xeb\x8aS\x8d\x1bc\xcf\xcbW\xad>\xc0W\
\xf6I\xafk\xe3\xf3\xf5\x99z\x07Y\xd9\xb4\xdeE\x15\
\x0f\x06q\x87\x0d\xcd\xb5\xb1\xa7g\x19\xe5M\xe7\x8c\xbc\
\xd6-\xb4\xa70`!\x02\xa9\x87\x9a\xb2\xc7N\x86T\
>\xed\xed\xaa\x95 \x82\xca\xf6\x8a\x83\x00v2\xc3\xa9\
\xaf\x0b\x85F\xa4\xaa\x9e\xdd\xdb\x9e\xdds\x90\xa0\x9d\xf6\
\xba\x08\x11[\xde_\xca0-\xd4u\xe8dg\xf6\x94\
\xf5\xdc%\xc0\xeakC4\x89\x9e7\x92[c\xff\xd3\
\xdf\xfd\x19\xdb\xb7\x87_\x1b\x19\xb4\xb2\x0b\x12\xc8\xab\xb6\
\xa8\xf7\x8b)y:\x8a\x80\xbf\x00L{\xe9\x87\x99\x93\
<A\x1cy\xc2\xc4vx\xc8\xbf\x84b\x182\xa6\x99\
\x915\xe6k\xa4\xdbaule\x80\xc0VX\x1d+\
\xff\xe6@\xe3\x9a\x07j'd\x1eG\xe8.\x90\x94\xf3\
gT,#Y\x97Y\x9f\xa9\xd9\x9cY\xbdR1\xdb\
\xd6%\xb3\xd7ZF\xfa\x07s\x07\xce\xa0\x8ax\x8fJ\
\xf5\x0f\xcf\xca\xc1|\x10Yf\xd3\x97\x92)Jl9\
\xfb\xd0|\xe9\x92u\xef\xba\xf2\xa9h\xc2\x88\x17\xb1\x89\
\xceV\xe2N\xed\xcf\x9d~\xd7\xcf\xa1\xf2g)\xa3E\
.\xf0'\x86Z\xfb\xd0\x8e\x1d\xcf\x0d\x90`1\xe4\x93\
\xe2mZ\x18K\xc7\x92K\x7f\xd7\xb1\x8a\x0d2\x8b\x06\
\xc9\x1d\x1d\x18\xde\xb3\x03\x1eD-=\xf9d\xe5\xc2t\
\x12\xba\xfa\xb9~W\x91k\x8c\xb1\xbe\xbfv\x82X\xe1\
\xff\x18\x84a+\x99o\xf7\x03\xb6\x82U\xfcA(\xc4\
Y\xae\xa2q=\xaaUt_\x92q*1\xce\xee\x0e\
]D\xdc\xda\xbb\xaf\xf5\xb2\x9d\x15\x1f9\xd1\xeb\xd8S\
\x09pMX\xb1\xb5bb\x9a\x08\x8b\xb0\xfd?\xf9\xb5\
\x13`\
\x00\x00\x8d\x93\
\x00\
\x01v\xabx\xda\xb4\xbd\x07@TG\xd77>\xdb\xfb\
.6Dlk\xc7\x02\x82\xbd\x17\xecQ\x97\xa6bA\
\x91\xb2\x14)\x8b\xb0`!(v@\x10P\xc4\xde\xbb\
Q\xec\x15[L\x8c\x89\xc6X\xa2&\x9a\xc4X\xd8\x05\
b\x12\x135\xb1\xc5\xf0?\xe7\xde-w\xf7^0\xcf\
\xf7\xff\xbe\xf7y\x9fg\x05f\xce\xcc\x9c9\xe5w\xce\
\x9c\x99\xeds2\xd2\xed\xca\xb3\xf5+\xaf5kt~\
\xea\x96\xb3?\xed\x22\x84\x88f\xc7\x84\x0e\x1f\xe9KH\
\xab\x0b\x84|\xf49!\xea\xed\x84\x8c\x16\x12R\xaf!\
!\xbf\x0b\x08\x89k\x06\x9f;\x09Y\xf8\x1d!\x7ft\
$\xe4\xdeeB\xfe\x1c@\xc8\xfe~\x84\x1f\xf5;!\
.\xdd\x89p\xc9:B$\x87\x88p\xe7,B\x14\xb3\
\x88\xf0F+B\xea\xcc%\xc2w\xf0Y\x7f\x07\x11\x0d\
\xefJH\x8bB\x22\x8a:GH\xdbh\x22\x8a\xd9M\
\x88\xe7wD\xf4q\x07B\xba\x0d\x87\xcf\xd5\x84to\
ADK\x8d\xf0\xf9\x90\x88\x8a#\x09\xe9=\x9f\x88\xb6\
\x88\x08\xf1\xddHD\x17\xf4\x84\x0c\xdbDD\xd7a\xec\
\x91\xc3\x89d\xeb\x15B\xd2\xaf\x13\xc9\x99+\x84\xc7_\
C\xa4\xfb]`\xbe}\x89\xec\xb7\x17\x84\xc7\xfb\x8e\xc8\
\xc3\x0e\x13^_?\x22\xdfVA\xc8W\xf7H\x03\x9f\
\x87\x84\x5c\x99K\xdc]\xde\x11\x9e\xfc#\xa2\x9d\xd2\x8f\
\x90\x94\x9dD\x9b5\x88\x10\xb7\xd1\xa4\xfd})!\x8f\
_\x93\x0eOF@;\x7f\xd2\xe9\xf7\xcd\xc0\x99\xdfI\
\xcf\xe5\xe3\x089\xbf\x85\x0cJ\xacMH\xfbfd\xf8\
\x8c\x9e\x84\x88?'#\xc4\x97\x08YZ\x9f|\xd4m\
%!\xf2:d\xa4v\x09!\xab\x86\x90Q\xc3N\x11\
Rk+\x19\xb5&\x1c>?'\xbab\xe0i}_\
\xa2\xfbb9\xe1\xe9z\x911\x1f\x1f\x22\xe4\xc7\x96d\
\xcc\x82\x1c\xe0\xc7Q2.g\x07\xf0\xa1\x16|\x9e\x86\
\xcf\xb7d\x5c\xc9E\x18\xe7/2\xae\x0c>;L$\
\xe3O\x00\xbd\x1e\x022\xa9\xeft\xc2\xeb\x95D\xa6\x14\
@\xfb\x91\x85d\xca\xb3\xe7\xf0\xf7\x9fHdI[B\
\x0eM'z\x99\x8c\x10~7\x12Ww(!\x7fg\
\x93x\x1c_\xe7B\x12z\x03\xbf\xea.'Iua\
\xefV\xfcF\x92'\xc3z\x07\x122\xeb\xfa\x09BV\
\x1e&\xb3~R\x11^\x8b3$\xc3\x18Gxu\xb7\
\x939a/\x09O\xfd-\x99\xf7-\x8c'\x12\x91\xf9\
'J`?k\x93\xfd9g\x08\xb9x\x96\x1c\x0d\x1a\
I\xc8\xe7\x8bH\xa9a\x1b\xd0mC\xbe 2\xe0\xff\
4rs\xe61B\xdc;\x91\xef\x93a}'d\xe4\
\xfb\x8d\x07\x08\xf9\xf8\x22\xb9\xd7\x1d\xc6\xab{\x85\xfc\x10\
\xf6=!\xeb^\x93\x077\xc3\x08Y\xdf\x9c<t\xd9\
Kx#\xdd\xc9\xa3Ov\x11^\xfb,\xf28AI\
\xc8\xe9U\xe4I\xab\x22\xc2\xeb]H\xcaNA\xbf\xc5\
\xa7\x88\xe9D_B\x12\xc2\x88\xe9=\xec\xff\xe3<R\
Qr\x98\x90\x88=\xa4\xf2$\xf0'\xd7\x83T^\x00\
\xba\x1b\xef\x92\xa7>\xf0\xb9i-\xf9\xd5\x98A\x88f\
\x0fy\xf1<\x89\x90-\xf1\xe4\x9dz\x22\xe15\xe4\x91\
\x7f\xd7\x0d'dJ&\xa9\x1a]\x87\x90\x8e\x0dxd\
q\x10\xc8\xfa\x1a\x1e/\x10\xdb\x15\xf3\xf8\x09C\x08\x19\
\xd1\x87'z\x5cL\xc8\xf3N<q\xff\xce\x84\x84\xce\
\xe5)\xe4\x01\x84$\xbd\xe0\xa9\xfb\xbf\x22$<\x8f\xa7\
\xa9\x03r7i*\xaf\xce\xb6Q\x84<I\xe0\xd5\xcb\
\xf8\x84\x909-xn\xa1\xbf\x12\x92Q\xcas\xcf\x07\
\xb9\xf8\xe6<\xaf\xe1\xf57\xa07\xabx\x8d\xaf@\xff\
\xe9>\xbc\xe6F\x03![\x0bym2\x80\xfe\x9e,\
^\xdb\xa6!\x84\xd7e<\xaf}4\xac\xe3[#\xaf\
\x93\xcf~B.\xdf\xe1u:\x06r\xfa\xe2$\xafs\
\x02\xe8\xdb\x8es\xbc\xae\x01\xd7\x08\x91e\xf0zt\xc9\
&\xe4\xd74^\x9fM\xc0\xd7\x99Gy\x03\x8e\xd6\x82\
\x9fw\xf0\x06e\xf1\x09\xaf\xf9\x16\xde\x88\x01\xc0\xff\xad\
ox#\x22\x06\x13\x92\xf7\x0do\xec\xf3\xaf\x08y\xfb\
\x927iV\x0bB\xa4\x91\xbc\xd8\xfb \xef\x92n\xbc\
\xf8\x83\xa0\x87.\xcfy\x99'@~\xe6\xe9y\xd9\xdd\
\x12\x099\xfa#/\x7f\x0e\xfc~\xe41^!\xef\x08\
!\xfdo\xf0\x0a}^\x12Ru\x88\xb7\xfarK\xe0\
g*o-\xf59\x90\xb7y\x14\xc8q\x87X\xde\xce\
\xa3s\x08\xafS\x0b\xde\xbe\xcb\x8d\x091\xfb\xf1\xf6\x1f\
\x9b@\xc8\xd4\x22\xde\x91\x8b\x8b\x09i\xe8\xc1;v\x00\
\xc6\x1f\xbd\x8b\xf7\xa9\xcfLB\x96\xaf\xe6]\x1c\x1dL\
\xc8\xa7\xd7y\x17\x83@_\x86\xbe\xe6}]\xb2\x01\xec\
\xcct\xde\xb5tX\xefv5\xef\x9b\x0b{\x08\xaf\xeb\
-\xde\xdd\xc8\xae\x84W\xbf!\xef\x87N\xbf\x11\xb2O\
\xc8{\x90\xf0\x80\x90\x9c+\xbc\x07\x07@~S\x8bx\
\x0f\xfe\x00\xfe^\x8c\xe5\xfd\xfcm\x0f\xc2\x1b\xf6;\xef\
\x89\xbc\x17\xe1\xb9\x14\xf0*\x86\xe5\xc2\xba\xe7\xf1\x9e\xa6\
\x01\xdf\xbf\xf3\xe7\xfd\xde.\x81\xf0<\xc7\xf3\xfex2\
\x83\x90\xe2\x0d\xbc?;N\x03;\xd0\x97\xf7g\x81\x91\
\xf0\x1a\xb5\xe1\xbd\x89\xf4\x07\xb9\x1b\xc3{s^\x03\xf6\
\xa2\x16\xef\xdd\x0b\xd0\xf3\xf8T\xde\xbf{@\x8f\x8f\xbb\
\xf2\xc9\x0d1!\xc1f>\xbf\xe7\x01\xc2\xeb\xf1\x90\xaf\
x\xd9\x94\x90S\x9b\xf8\xb5>\x9dEx\x03\xe3\xf9u\
n\xdd!d\xed\x0e~\x9do\x8f\x132\xa8\x98_\xd7\
\x17\xf6gm\x1a\xbf^\xe6=B^w\xe2\xd7\x7fV\
N\xc8\x0f_\xf2\x1b\x5cp\x039\x1a\xc8o2\xf69\
\xe1\xf9V\xf0[\x1e\x05\xbd\xfby'\xdf\xa3\xd1\xd7\xb0\
\xde\x22~\xdb\x1c\xa0\xbbi4\xbf\xe3\xcaf\xb0\x1e\x03\
\xdf\xe7\xb3\xb1\x84t\xbe\xca\xeft\x18\xec\xe6\xdaa\xfc\
\xae]g\x12^\xd3\xa6\xfcn\xdf\x0c#$\xb0\x15\xbf\
\xa7\x1a\xe6wk\x02\xbf\xe7M\xb0\xbfWJ\xf8\xbd\xa6\
J\x08y\x99\xcb\xef\xf5\x00\xe6\x11u\x89\xdfg\x04\xac\
\xb7\xdf|~\xdf\xfd\xef\xc1|\x0d\xe7\x0f8\xfd\x98\x90\
\xaf{\xf0}WU\x80\xbc\xb5\xe4\x0f:\x14@x\xc2\
\x0d\xfc\xe1\x1b\xee\x82^y\xf0?r\x01~\xde\xca\xe2\
\x8f\xcc\x00\xbb\xdfd \xdf\xff\x8f\x8d\x84\xe7\xf5)\x7f\
\x82\x16\xe6\xf9\xcf\x01\xfe\xc4m&B<\xf6\xf0\xa7\xaa\
\x13@\xde\x1f\xf1c\x97\xdf$d\xc2t~B\xc7\xf6\
\x84\xfc4\x96?\xbd\x11\xf8\x8d:[\xf9\xb3\xbb\x80\xdd\
y\x11\xc5_hJ#dC8?\xa7\xc5\x22\xc2S\
\x9d\xe4\x17\xd5\xde\x0av\x81\xc7_\xd5k4!z\x7f\
\xfe\xaa#\xf0\xf3\xf7_\xf3\xd7t8\x09\xfa\xec\xc5_\
7\x19\xd6\xd7=\x98\xbf\xe1:\xe8\xf5\x82s\xfc]\x9f\
=\x01\xbb\xa8\xe5\xefY\xbd\x87\x90\xfb7\xf8\xfb\xcf\xc1\
<\x1et\xe5\x1f\xfc\x14\xfc\x91\xd7\x06\xfe\xa9\x1d\xe0\xb1\
\xfel\xcb?\x9f\x03r=b\x06\xff\xe2\xe3\x9f\x08\xe9\
\xe3\xc1\xbf\x14\x0c\xfd\x5c;\xf1\xbf,\x82}H\x9f\xce\
\xbf\xaa\x06{\xdd'\x99\xffuW\xb0\x1f{\xf8\xfc{\
\xbf\x81\x5c4L\xe6\xffp\x16\xe4e\xa4\x8e\xff\xe3\xb2\
<B\xae\xbb\xf1\x7f|t\x8e\xf0\x94+\xf8?_\x07\
\xbb\xfa`\x09\xff\xc9\x9f\xe0\xbf\xfaU\xf0\xcb\xd6\xc0\xba\
\xbb\xc5\xf1\xcb\xae\xdd\x22\xbcv/\xf8\x7f\xd4\x05}K\
\xdf\xcc\xff\xfbgh\xf7\xf4\x13\xfe\xeb)^\xf0\x19\xc8\
\xff\xa7\xa0\x88\x903\x97\xf8\xff.4\x83\xfe\x95\xf2\xff\
}\x00\xeb\xcc\x10\x09x\xb7\xc0>\xbc\xeb.\x10\xaa`\
\x7f\x0eu\x16\xb8\x84\x81~\xbe\xf5\x12\xd4j\x0c\xfc{\
pAP\xeb\xc8\x02\xb0\x0fQ\x82z\x04~\xff\xf98\
A\xbd\xcf@O6}.\xa8\xdf\xaa5!\x9fM\x17\
\xb8O\x9f\x01\xf2P*p?\x04\xfbT\xec/hr\
1\x9d\xf047\x05\xda\x7f|\x08\xc9n)\xe80\xf0\
S\xd0\xff\xe6\x82N}\xc1\xeeO\xeb$\xe8\xb4\x1e\xfc\
\xd6\xf7\x0d\x04]J\xc6\x13\xde\xd0*A\x97_\xa6\x11\
\xde(\x81\xa0\xd7G\xbf\x10\x9e\x7f\x7fA\xdf\x15'a\
\x9d\x91\x82\xfe\x9b\x82\xe1\xb3\xab`H\x0f\xd0w\xef2\
\xc1\xe8k`wjG\x0a\xfc\xb6*\x09o0\x11\xf8\
\x1d\x85u\xcf\xbf \x18\xf7\xab\x00\xe4\xd3S0\xa1t\
\x09\xec\xcfy\xc1\xc4\xcf@\x1f\x97\xf7\x15\x84\x16\xb6\x01\
\x7f\xb7C\x10\xe9\x09\xf6\xc4g\x8a r=\xc8W\x8f\
\xdf\x05\xd1%0\xfe\x98|A\xc22\xc0\x0e\x8bN\x0a\
\x92\xe6\xcf%\xbc\x8eO\x05\xd3\xf3a\xfd\xdb\xe6\x0bf\
\x99\xc1.\xb7\xb8/\x98\xdd\x08\xec\xef\xb0\xde\x82\xd9}\
\x81\xce/\x9e\x82\x8fo\xdd\x069\xc9\x16\xcc\xdf\x0c\xfe\
\xdac\xa6`\xc1\x892\x907/A\xce\x0f\x9f\x81}\
V\x09\x96~\x04vC4A\xb0,\x00\xfc`\xc9_\
\x82\xfc\xb4\x05\xa0\xbf\x8b\x04[\x8e\xc3~\x8c~ \xd8\
Q\x1b\xe4\xd6m\x99`O\x1e\xc8w\xb7\x87\x82\xf3\xb1\
:B^\x8d\x16|\xde2\x1a\xb0\xca\x1d\xc1\xa5?\xc0\
>u=(\xb8\x9d\x078\xa6ms\xc1\xed\x15\x99\xe0\
\x87\xaf\x08\xee\xf5@\xf9\x9a!\xb8\xef\x0e\xe3\xb6\xfeS\
\xf0\x83\xfa;\xd0\xeb\xce\x82\x9f\x9b\xef\x80\xbf+\x04\x0f\
\xf7\xc1\xbcgo\x13<\xfa\x07\xf8\xfb\xec\xbd\xc0<\x07\
\xe4\xce\x7f\x98\xa0\xa2\x10\xfc\xd4\x85\xe9\x82\xa7\x8f\xc0o\
\xb5=#x\xfa\xaa\x07!\x87]\x04\x7f^\x04y\xf4\
\x9d&x\xf9\xd9\x1d\xc2\x1b\xb0T\xf0\xb7\x17\xe8\xefw\
\xf9\x82W\x910\xce\xce\x95\x82WI\xb7\x09\xd9\xfd\x95\
\xe0\xdf]\xa0\xef\xbbb\x04U\xa3\xb7\x80\x9d\xd9&\xa8\
\xda\x02\xeb3\xf6\x10\x92\xe0\x1f@>\x7f\x14\x8a\xae\x80\
\xfd\xd5\x9d\x17\x8a}\x00\xf7\x1c\x18'\xd4\xdc\x82}\xab\
\xb7B\xe8\xf2-\xf8\x81\xd8\x01B\x97\x9f@\xfe~\xfa\
MX'\x11\xe4/R)t\x1d\x04~o\xd9\x8fB\
\xd7\x1f\x81\xef\x17_\x0a\xeb\x07\xf6\x87\xfdv\x11\xd6\xff\
\x06\xf4p\x8aZ\xe8\xb6\x1c\xfct\xfd/\x85\xcd\xf9`\
?\xe6\x09\xe1\x13\xf6i\xdb\x0fB\x8f\x9fA\xee\x92\xd5\
\xc2\x9e\xdd^\x03\x18\xf0\x16\xf6\x0d\x05\xba)\xa3\x85\x03\
\xb3\xc1\x1ex\x8f\x15\x0eY\x04\xfe\xe1\xaf\xeb\xc2\xe1}\
w\xc3\xfe\x17\x08\xc7\xf0{\x12\x9e\xf7w\xc2\xf1\xe77\
\x10^\xb3<a\x18|\x92\xaaN\xc2\xe8\x1eM\x08\xd1\
\x06\x09\x0d\x0d:\x11^\x9b\x7f\x85\xc9\x99\xb0Ny\x85\
\xd0x\x7f\x0d\xe1}\xb4A8\xa3\x9f\x04\xfc\xf9%\xe1\
\xcc\xdd0\xdf!\xdf\x09\xe7\xfd\x02\xfe\xff\xf5c\xe1\xe2\
_\xee\x03\x1f\x95\xc2%\xd3.\x11\x9e4K\xb8<\x0c\
\xe8\x0ch\x22\x5c\x11\x9fL\xc8\xb8:\xc2\xb5gA\x8f\
H\xa8p\xa7\xe1(\xe0\x8f1\xc2\xbd\xcd\xc1\xaf\xb4\xff\
D\xb8\xaf\x03\xccS\xfd\xab\xf0\x10YE\xc8\xc4S\xc2\
\xc3\xe9\xd0\xae\xc7L\xe1\x91%\x80\xcbn\x06\x0b\x8fT\
\xfdH\xc8\xdd\xba\xc2/\x80-d\xff\x14\xe1\x97|\xe8\
_\xbb\xbf\xf0\xcb\x85\x93\x09i$\x17~y\x0a\xf6\xf1\
\x8b\xcb\xc2/\x7f\x00~\xf6\xf9Gxs4\xd8\xf1\x84\
k\xc2\x9bQ\x81\x84\xb4\xde#\xbc-\x04\xdc\x14\xf6\xbb\
\xf0n;\xf0\xcb\xae\x0a\xe1\xfdf\x80;\x9a\xfd\x22\xfc\
\xa1y-\xf0\x13z\xe1\xaf1\xa0\x07\xaa-\xc2g\xab\
\xc1~\xf1\xae\x08_>O%\xbc\xfeQ\xc2W\xfe\xb0\
>C\xa8\xf0\xad\xe1\x1fBBn\x0b\xab\xfa\xc7\x01\x0e\
z!\x22\xff\xfc\x0d\xf6\xd2M\xc4K\xd4\x00\xde\xd2\x88\
\x84\xcbR\x01\xb7\xcc\x11\x09\x7f\x02\xf9\x0d-\x11\xc9\xbb\
~\x09\xfc\xd5\x88\x94\x03<\x017\xfc.\xaa\x15p\x96\
\x90\xb3\xf7E\xb5]\x01\xb7\x9e\xd0\x8b\xead\xc1>|\
\xfbD\xe4\xe6\x8e~\xee\xb4\xc8m;\xd0\x19o\x12\xb9\
\xedh\x00\xfb\xb6S\xe4v(\x06\xf4\xf2\xae\xc8\xed~\
,\xc8\x89\x97\xa8\xd97S\xc0\x8f\xbd\x11\xb5\xd2}\x09\
\xf2e\x14\xb5:\x0c\xfa\x1dwU\xd4\x06\xb0\x1fi9\
@\xd4.\x04p\xcc\xa3N\xa2v\xf3\xc0?\xa5\xdd\x12\
u(\x04\xbb\x98\xdfT\xe4\x951\x96\xf0F\xf3E\x1d\
\x07n\x02\xbeN\x15u\xea\x0ez\xd1\xa2\xb9\xa8\xebz\
\xb0\xafA\xf1\xa2~7\xbdA\xbf_\x89\xfa?\x04}\
\xe8\xdaG4 \x04\xe46\xf4\x91\xc8\xf79\xcc\xe3\xa3\
\xefDC\x0e\xf7\x06\xff|Y4\xb4\x01\xf0\xa1\xdb=\
\xd1\xd0 \x90\xe7\xb8\x7fE#\xfe\x00;\x9b\xf6\x91h\
\xe4_\x80\xb7V4\x11M8\x03\xfb\xe1u_\x14;\
\x16>\xbbl\x12%\xd6ZIxu:\x89\xd2\x0d\xf1\
\x80\xa7o\x8ar1N\xe8y\x5c\x94\xfb5\xd8\xd5\xde\
\x93Ey\xc1\xe0O\xcd\xc7D\x05C\xe0g\xc9mQ\
\xd1l\xb0\xcf\xa7_\x8b6\x9f\x84}^\x9a\x22\xdar\
\x0d\xe4\xe6\x5c\x8ah{\x14\xc4\x13\xbe\x9f\x8avg\x83\
\x5cv7\x8a\x0e\xf8k\x09\xb9\xba]t\xe0\x0a\xe0\x98\
\xa6\xe3D\x07\x07\xc3\xbag\xb7\x15\x1d\xdc\x0b\xfc\x1d2\
Bt\xe4.\xc8Y\xc7e\xa2\xa3\x8d\xe0\xefC{\x8b\
N\xfe\x00\x9f\xcb\x05\xa2\x0b\x950\xfe\xa4'\xa2\xcf\xdf\
\x83\xdf\x99\xf2Lt\xf5S\xf0\xff\xdd\xda\x8a\xbe\x99\xf6\
\x1e\xe2\x89u\xa2[\xdf\x83\xbc\xec\x1e!\xba\xf56\x96\
\x90Q\xdf\x88\xbe\xbd\x04tn\xb7\x17\xdd\xff\xb2\x0b!\
\xed\xc6\x8b~h\x02\xf3\x19|W\xf4\xf0o\xb0W\xd7\
\xde\x89\x1e\x1d\x00\xf9<\xdfSd\xf2\xa9\x07~\xf8\x8c\
\xc8\xac\x01\xba_?\x15\x95\xa7\x82\xbf\xea\x19'*\xff\
\xe3\x22\xe1\xf5\x8b\x12\xfd2\xd5\x03\xeca\xb6\xe8\xf7\xa3\
\xa0_C\xa6\x8a\x9e\xbd\x00\x1c\xf7M\x81\xe8\x8f5\x19\
\x80\xb3\xa2E\xaf\x92`?F\xee\x13\xbd\x0f\xcb\x07\xff\
\xf2\x8bXx\x18p\xa00_,\xbd\xe7Bx}\x1e\
\x8b5r\xc0M\xb5\xcf\x8a\xeb\xb8\x00N2U\x8a\xeb\
\xf4\x03|\xed\x12&n\xcc\x07\x5c\x93\xbcW\xac\x1d\xe4\
Gx\xb5n\x8a[>\xbe\x09\x9f2q\xbb*\x88?\
\x0e\x8a\xc4>]\x00\xff\x06\xb9\x88\xbbx\x02\xde\xcc^\
\x22\xee\x99W\x1b\xec\x9aX\xdc\xcf\x0f\xe4/\xd9W<\
\xf0\x11\xecS\xe9IqP4\xd8\xb1\xb1'\xc4A\xf3\
\xc1.\xed\xfb^<\x96\x00\x1e\xf8\xedoq\xc8E>\
\xd8\x81\x97\xe2\xe9-@\x8f\xbb\x8d\x17\xcf\xae\xbf\x08\xe2\
\x92L\xf8\x04=\xf5k$N\x8f\x00\xbb8`\xb3x\
\xfeG\xc0_\xd1'\xe2\xf9\x17\xc0\xde\xb7\xca\x13/\x9e\
\x09x\xf8\xaaV\xbc\xc47\x08\xece\xb98k\x1c\xc8\
\xe1(\xb58\xf7g\xd8\x9f5\x91\xe2\xa2\xde\xe0\xb7\xe7\
N\x12\xaf\xde\xdf\x1f\xectG\xf1\x861\xb0\xff\x83\x1e\
\x8b7L\x04\xbe\x1aV\x8b\xb7\x84\xc2\xf8o\xf6\x8a\xf7\
\x12\xb0O=\xb4\xe2}S\x1a\x83\xfc\xde\x12\xef[\x0b\
\xe3{\x10\xf1\xa1E\x10?\x04\xbd\x11\x1f:\x09v8\
\xfb\xa1\xf8\xf0\x1f\xad\x09\xafg\x13\xf1\x97\x03\xc0\x0f\x88\
\xbb\x88\xbf\xf4\xbb\x0c\xfb\xf9@\xfc\xe5\xbb\xf9\x84(7\
\x8a\xbf\xbe\x0bv\xb2\xeb\x12\xf17\x85Z\xe0\xff\x1b\xf1\
\xcd\x14\x88\x07\x0f?\x12\xdf\x0e:Dx\xc3o\x88\xbf\
[\x08q\xee\xe0\x89\xe2\xfb\xcb`^\xf1\x87\xc5?\xf8\
\x82^\x17\x0d\x12\xfft\x0dp\xcf\x16/\xf1O\x7f\x00\
\xde:\x1b,\xfe9\x1e\xe4b\xaa\x8b\xf8\xe7r5\xc8\
}C\xf1\x93-`'\x92&\x8bMG`\x7f\x0f/\
\x12\x9b\xbe\x868\xc3K+6\xdd\x9bKH\xc50\xb1\
\xf9\x0e\xd8\xe3\x80\xcb\xe2\x8a\x1c\xd03\xcf\x95\xe2\xa7O\
\xbe&d\xef;\xf1\xef+@.\xbc\xdd\xc5\xcf\x8c\xbe\
\xe0\x97\xbf\x11\xffq\xfb{\xd8\xb7\xd5\xe2\x17s\x0a\xc1\
\x7f_\x14\xbft\x05~-3\x8a\xff\x1a\xf4\x05\x8c\xbb\
X\xfcW8\xcck\xce\x0d\xf1_I\xd1\x80\xcf\xa5\xe2\
7\xbb\xe5\xe0w&\x8b\xdf\xfa\xd4%\xa4q\x03\xf1\xdb\
\xf3\xc0\xd7+R\xf1\xbbH\xc0\x19\xb3R\xc4\xffn\x00\
=N\xd8(\xae\xda\x04x\xf1\xac\x87D6\x19p}\
k\xa5D\xb6\x19\xfc\xfd\xb0N\x12\xd9!\x90\xd7|\x9d\
D\x9e\x02\xfc<pW\xa2x\x04\xf6\xb2\xcbK\x89\xf2\
H7\x90\x9b\xb9\x92z\xbe`\xd7G\x1b%n\xcd\xc0\
~}\xd4^\xd20\x1e\xe2\x10\xdd\x1bI\xe3\xc6\xc5\x84\
\xa7m&i\xb1\x05\xe2JE{I\x8b\x1b`O\x0e\
l\x93\xb4\xcc\x01\xfb\xab*\x93\xb4\x1a\x0c~G\x1c&\
i\xf5+\xecO\xeb\xef%\xedj\xbf\x85x\x0e>\xe7\
\x81\x5c\x9bvJ:$\x81\xdfw\xd1Kz\xa5\x82\xde\
t\x09\x94\xf4\x9e|\x1e\xc6+\x91\xf4\xf9\xe4\x05\xf8y\
\x99\xa4\xef\x95F\x84\xac^!\xe9\x1f\xda\x81\x90\xf2Y\
\x92!-\x81\x9f?\xb4\x95\x0c\x15\xc2>nx$\x19\
\x1a\x00q\x87\xce$\x19Y\x04\xf8\xc5{\xbfD7?\
\x0a\xec\xc8;\x89\x7fH\x14\xe0\xdf\x0d\x92\x80\xbe\xe5 \
/~\x921k\xc1\x8e,|%\x992\x1a\xf8\xebB\
$\x86O?'<\xb9\x8b$\xb97\xc4\xd3\x9e]%\
)\xcf@\x9e\x5c\xfd%\x19\x01\x80\xdb[\xfaI\x16\xff\
\x04\xf2\xd3\xbc\xb7d\xc9\x05\xc0\x07\xfe\xcb$\xb9\xd7\xc1\
\xfft\xe9 Y\xa6\x06\xbc9\xf7\x9e$\x7f\x08\xe01\
\xe1u\xc9\xdaK`\x87\xfa\xa6H\xd6\x89!\xee\x1e\x1e\
+\xd9Q\x0f\xfc\xc7\xe7\x17$%\xafA\x7f\xce\xc9$\
'\xea\xc0>\xfb\x9a%\x9f\xe6\x00\xae{^.\xf9b\
\x04\xe0\xa1\x06:\xc9\x95\xef`\x9f\x9a\xce\x93\x5c\xdd\x01\
\xf1X\x93\xfb\x92k\x9f_%\xe4\x9e\x5cr\xfd\x15\xe2\
\xf1\x04\xc9\xad\x9f\x01/=\xf4\x92\xdc~\x0d\xf8\xf9d\
\xa2\xe4n\x0e\xe8g\xddH\xc9\xdd\x0d?C\x9c=W\
\xf2\xfd-\xdc\x97\x9f$\xf7\x8a@NS\xca$?\x86\
\xd5\x07\xbc\xb2^\xf2\xe0Ghw\xed\xa4\xe4\xc13p\
\x88\xff4\x94<\xdc\x06vqQ\x94\xe4\xe1\xb7\x10\xcf\
'>\x92<r\x81x\xec\xf6\x03Ie\xc3\xd9\x10\x07\
\x98%\x95^\x1bA\xaeOJ~\xa9\x82\xfe\xb7\xb4\x92\
\x97r\x90\xdb\xc9E\x92\xd7-\xc1\x0f\x15\x9c\x92\xbc^\
\xd7\x8b\x90\xb2QRI\x0e\xc8G\xc8\x12\xa9\xe2\x00\xd8\
\xb3\x15k\xa4\xaa_A\xbez\xfe$\xad\xfd\x0c\xfc\xc4\
\xf9\x04i\x9d\x14\x17\x88g\xdbI\xeb\xbf\xc3\xbcD\x85\
\xd4\xbd\x16\xf0{\xc9\x1bi\x8bDX\xef\xa3\xef\xa5\xad\
\xae\x82<\xcd/\x90\xb6\x0e\x05{]\xe7\xb6\xd4c4\
\xd8O\xa9R\xea1~\x0e\xfc\xdc]\xda\xee\x91\x1b\xc8\
Q\xa1\xb4\xbdf\x19!Y\x1eR\xcf\xa9\x0fA\xde\x86\
H=\xf3\x00o\xcd\xef#\xed\xbc\xff_B~<*\
\xed\xfap5\xfc\xac\x90v\xdb\x00~\xe2\xa7\xd6\xd2n\
\xe7\xae\xc3\xba\xe6I\xbb\x0f\x80\xf1\xe6v\x90\xf6B|\
\xfc6Z\xdak\x0b\xc8\xf1\xd3\xfb\xd2>e\xc0\x9f[\
'\xa4\xfd\xbd\xf7A\xbb\xc3\xd2\xfeF\x88?j\x8b\xa4\
\xbe#@>\x87\xef\x94\x0e\xb9\x06\xf2r\xd1[:t\
\xf7\x05B\xfe\x95I?\x0a\x03:1\xe7\xa5\xba\xe8\xa9\
\x84D\xa7J\xfd\x0b\x14\xb0\x8e\xf1\xd2@\x19\xf8\xd9N\
\xdd\xa5\xc1I\x80W\xdb\x9d\x97NY\x00\xfa?j\xb9\
t\xca3\xf0\xa3]\xfe\x95\x1a/\x80\x9f\xb8\xf9\xb9t\
\xd6X\xd0\x8bN\xc7\xa4s\x1a=\x85}\xde,\x9d[\
\x17\xd6\xeb\xa5\x93\xce]\x0fr\xa3\x1c$\xcdL\x82\xf8\
\xa2s;i\xe6\xd5\x14\xc0i1\xd2\x85y\x05\x80\xcf\
ZHs\xe4\xe7 \x0e9']-\xeeLH\xe6\x1c\
\xe9\xde\xe5\x80\xef\xeaH\xa5\xc7\xd6\x80?\xfd\xeeK\xe9\
I\xefJ\xf0s\xc7\xa5\xa77\x83\xbc\x8c[+=\x9b\
\x0b\xfe\xbeG\xa0\xf4\x9c\x1a\xfc\xd1\x84\x03\xd2\xafU*\
\xf0o\x17\xa5\xdf\xb6\x05;\xf5\xac\x8b\xf4\xdb\x8d\xdf\x00\
\x1fJ\xa5\xf7O\x02>\x1e\xe4#\xfdq6\xf8\xc3]\
\x22\xe9\x83\x1b\xc0\x97\x87B\xe9\xcf\xbf\x0c#\xbc\xc6u\
\xa5\xe6\x97\xf0\xfbS\xdd\xa5\x95\xc1\xa0/\xb2\xc6\xd2\xca\
\xaa\x81\xc07\xb9\xf4i\x09\xf0eb\xbe\xf4\xb7\xad\x80\
'\xc6}'\xfd\xa31\xe0\xc9Oc\xa5\xcf\xb7\xc8\x08\
O\xb4Q\xfa\xfc\x09\x8c7\xd8E\xfa:\x1ep\xbe\xdf\
U\xe9\x1b\x05\xe0\xa9\xdb)\xd27\xcfB!\x1e\xb9,\
#Z\x90\x9b\xe032^F\x09\xd8\xc3\xa62\xfe\x0b\
\x90\xb3xO\x99\xf0,\xc8\x9f\xcb\xa72q\x01\xe8w\
\xaf\xa12\xe9C\xc0\xdd+\xa7\xc9\x14+`\x9f\xda\x87\
\xcb\x14\x9f\xac%d\xd56\x99\xdb;\xd8\xaf\xe6^\xb2\
\x06\x01\x807~\xbd-k\x90\x0fz\xfa\xf0\xb6\xaci\
\x00\xe0\x98K\xa7eM\x7f\x83uM7\xc8\xb4~\x13\
 \xbe\x9e!\xf3\xbc!\x82x;G\xd6\xf9\x1c\xd8\xc3\
\xfe\x8fe\x9d\xcb\x01\x0f\xff\x96-\xeb\xd2\x12\xe2\xeb\xca\
A\xb2.= n\x991^\xd6\xb5\xb0\x14\xfe\xbeI\
\xd6\xb3#\xe02\xd3\x14Y\xcf\xe7\x80\xfb\x8e\xb8\xcbz\
c|\xd4\xe9\xbcl\xe0A\xc0\xf9\xbe\xa7d\xbe<\x5c\
\xe7\x00\x99\xef\xbb\x97\x10\x87\xe5\xc8\x86\xfd\x02rUv\
_6\x5c\x03q\xda\xa0\x9b\xb2\xe1O \x1e\xd2\xad\x94\
\x05\xbd\x01\xfe\xcc\x09\x94\x8do\xda\x12\xe2\xb8\xcd\xb2\xf0\
\x22\x90w\xc5zY\xd4a\x903\xdf\xda\xb2\x98a\xb0\
\xef\xfd\x0d\xb2\xa4\x15\x80wb\xa7\xc9\x8c\xdd?\x22\xa4\
M[\xd9\xc2t\x90\x8b\x8f&\xcar\x8d\xdf\x82\xbd\xfa\
V\x96w\x02\xfa_z!+\x8e\x06;\xb2k\x8bl\
\xed\x1a\xc4\x97\x0a\xd9\xba\x9b\xe0/\xea\xcd\x97m/\x05\
\xbb\xd7}\xa8\xect$\xd8K\xbf]\xb2K\x0a\xcc\xc9\
>\x90]\xf2\x07\xbd\xed\xbdG\xf6\xc5a\xb0su\x87\
\xca\xbeZ\x0at3\x12d\xd7\x0c?\x03\xceZ&\xfb\
f$\xd8\x8f\xde\xf5d\xd7W@|\xdc\xb7\xaf\xecF\
g\xc0\x93\x7f\x8f\x95\xddT\xc3\xbe\xedv\x97\xdd\xf1\x04\
\xbb3\xed\xb9\xec\x8e\x01\xec\xe9N/\xd9\xbd&\xe8\xe7\
/\xcb~\xbe\xf2\x88\xf0\x04q\xb2\xf2\x09`\xbf\xa5\x07\
d\x95\x9b\xdd@/\x0ad\x95\xe7 n\xf4\xf4\x92\xfd\
\xae\xecHH\xe1\x0e\xd9\x1f\x1d!\x8e/h&\xfbS\
\x05\xfc\xce\xf4\x93\xbd\x0c\x03?:\xadH\xf6\xd7}\xb0\
\x83\xcd\x0f\xc9^\xfb\x00\xbd\xcf\x86\xc9^O\x05}\xcd\
\x0a\x96\xbd>2\x9c\x90\x1d\xafdon\x00\xbd%W\
\xe0\x13\xf6\xf3\xcd(\xd9[5\xf8\xcdE\xdde\xef\x97\
\xdf\x80\xf8\xfd\xa2\x9c\x92\x9f\xf1\xbd\xe4\xc2g\xe3\x01\x97\
\xf5\x90\x8b\xeb\x02\x8e\x9f\xf6\x99\x5c\xdc\x0d\xf0\xd1\xa8\x89\
r\xf1\xfa\xaf\xc1?\xf6\x90K\x1e\x0d $|\x8a\x5c\
Q\x0b\xf4\xb9\xafY\xae\x08\x9b\x06x\xae\x9b\x5c9\x1f\
\xd6\xf9\xc7N\xb9j\x01\xf8\xe5\x087y\xbdgz\xc0\
+\xfb\xe4\xaeA\x1d\x00We\xc8\xdd\x9f\x01\xdf\xbeZ\
$ot\x03\xe6\xfdI?y\xe3q\x80_|v\xc8\
\x9b\x16,\x07}x!oF\x9eA\xbfa\xf2\x967\
\xc0\xce&\xb6\x97\xb7\xd6\x81\x9e\xec\x10\xcb\xdb6\x80\xf1\
\xf2TrOo\xb0W\x82/\xe4\x1d%\xc7 \xde\x19\
!\xef\xb8\x0f\xf4\xb1g_y\xa7\xf4\x09\xc0\x9f-\xf2\
.k!\xee\xec\xf5\xbd\xbc\xcb\x0b\x90\xeb\x88\xd9\xf2\xae\
\xdeM \xee\x0d\x95\xf7\xbe\x03\xf1x\x9f\x89\xf2\x81}\
\xfe\x22\xe4N\x7f\xf9\xd0\x16\x03\x81\xce_\xf2\x11\xeb \
\x1em\xd5@\xfe\x91O1\xf8\xa9L\xb9n\xd2\x09\x88\
\xbb\xc6\xc8us`\xdf?\xb9#\xf7\x13\x80]\xfcd\
\xa7\xdc\xbf\x9d\x0f\xe0\xb4{\xf2qo\x01\x0f\xe6\x8c\x95\
\x07o\x09'<\xb7+\xf2\xc9m\x1e\x80\x7f\xec \x0f\
/\x00;\xdd\xe0\x96<\xa56\xec\xa7\xfb6\xf9\x8c\xb7\
:\x88s7\xcb\xd3\x8d O\xca?\xe4\xf3u\xcd\xa0\
\xfft\xf9\xa6(\xc0-\x91\xd3\xe5;\x96\x81\xbd\xf2\x8b\
\x94\xefi\x0b\xf8~\xc1P\xf9\x9e\xae\xf7\x08\xaf\xe9\x02\
\xf9\xde\x89&\x88\x83\x82\xe4\x87\x7f\x80x\xd1o\xa8\xfc\
\xe8\xa9k\x10\x0f\x15\xc9OL\x03\xfdu{&?\x93\
k\x84\xb8\xec\x0b\xf9\xc5\xe9g\x08\xcf\xfd\x96\xfcK\xf7\
\x14\xc2\x13\xef\x94\x7f\xf9\x03\xc4\xdf-\xfc\xe5_\x0b\x01\
\x1fJ\xc6\xc8\xbf\xf51\x10^}?\xf9\xed3\x80\xab\
\x1a\x87\xc8\xef\x8c\x82\xcf\x11\xd7\xe4w\xff\x00\xff\xff\xdb\
(\xf9\x8f*\x7fB\x8aM\xf2\x9f\x92\xc1\xcf\xbf\xdb$\
\xff\xe9\xcf\xb7\x84\xd7\xf1\x84\xfc\xe7C\xa0g\x0dW\xcb\
\x1f~\x03x\xa2\xedg\xf2'G\xc1\x0ev\x13\xc8M\
\xfd`\xfcf+\xe4\xbf5\x07\xfe\xba\xe9\xe5\xbf\x9d\xcb\
\x87\xcfn\xf2?\xd3\x17\x82?V\xc9\xdfv\xec\x0b\xe3\
\xcd\x91\xbf['\x04\x9c\x7fI\xfe~\x0f\xe0?\xb7\xf3\
\x0a\xf2\x04p\x8a&@!\xf8\x02\xf0\xad\xdf+\x85\xcc\
\x00\xfa\xf3\xb9\x9bB\xb3\x0d\xf0\xe2\xcd\x16\x8a\xda~\x88\
O>R\xd4\x09\x02}\x1f\xbcI\xe1n\x02;y\xfd\
\xb4\xa2q(\xe0M2W\xa1\x9d\xf29\xc4\x95jE\
\xb3 \x98\xe7O{\x15-v\x83\x1f\xda\xa0P\xf8L\
\x81qwLT\xf8\xfc\x0az&\xed\xac\xe8<\x03\xec\
\xa2\xe0\xa8\xa2s\xc9N\x98\x7f/E\x97\xf45\xc0W\
\xbe\xa2\xebO\x1e\xf0s\xac\xa2[\xdf\xcd\x84,\xfeE\
\xd1\xf3\x12\xd8\x9f\xeb!\x8a^\xee w\xd7\x97*\xfa\
4\x07\xfc18N\xd1'\x11\xd6\xd3\xf0\xb2\xa2\xaf\x08\
\xfe^\xef\xaab@\x9dA\xf0\xf3\xdf\x8a\xc1\x89 G\
\xa5\x7f)F\x8e\x02\xff{\xb2\xb9\xc2o\x07\xd8\xeb\xce\
?*\x02\x0e\x03\x9e\xd3\x1fS\x04\xdc\x01\x9c|d\xb0\
B\xdf\xa4\x01\xc4\x85\xcf\x14\xd1q\xa0W\x83?Q$\
\xfe\xb0\x0fpY\xa8bz>\xac\xf7a\xb8\x22e\x0e\
\xac\x7f\xe0\x1c\xc5\xacM\xa8\x9f3\x14\xb3\xaf\xbf\x02\xbb\
\x7fX\xb1\xb8=\xe8\xe9\xef\x8b\x14E\x0a\xd0\xf7\xce\x93\
\x14[\xf6\x82\xbd\x16\xbdRl\x8d\x07\xbfs-I\xb1\
\xf3+\xb0\xc3=\xda(v\x9b!\x9e/\xe6)\xce~\
\xd4\x09\x02n\xa2\xf8\xb4.\xc4\x99\x1d\x1a(>\xeb\x0f\
?\x1fz\xa4\xb8\x1a\x01\xb8\xda\xd7G\xf15\x1f\xe2\xb5\
\xb0Y\x8a[[\xc0\xeem\xfeC\xf1\xed\xfe*\xc2k\
\xb2J\xf1]\xe8\x08\xd0\x83\xba\x8a\xef\xa7\xfe\x0d\xf8\xeb\
\xb0\xe2\xa7\x0b \xf7\xfdn*\x1e\xf6\x9eCxjW\
\xc5\xa3y\xa0\x97o\x1a+\x1e_\x00\xbd\xe8yD\xf1\
\xa4\x13\xc41C\xf8\x8a\xb2\xf4\xf3\xe0\xb7\xfb)L\xb7\
\xc0o\xb5\xffBQ\xae\x83\xb8\xddxJ\xf1\x8b7\xc8\
\xe7\x84a\x8a\x97\x98\x97\x1e\x15\xac\xf8\xcb\x1bpBJ\
]\xc5\xab\x85\xd1\x84l\x9c\xa9x\xb5\x19\xfc\xe1\x8d\x97\
\x8aW\xdf\xaf\x878\xd2O\xf1\x8f;\xe0\x89\xfe\xdeJ\
\xfe\x0b\xc0\x8d\xef\x1e+\x05\x93\xda\x81\xbd8\xaaT|\
\x03\xbf?\xd3R\xa9Y\xd8\x11\xec\xfbVe\xed\xdf\x1e\
\x81\x9e\x07*]\xa7\x83_?wS\xe9\x9a\x0ft\x0d\
\x8f\x94\x0d\xdf\x03\xbf\x8f]P6\xad\x02\xfe\x95f+\
[\xe5\x1c\x04\xfe\xb8+[\x1d\x06\x1c\xd3f\x83\xd2\xa3\
\x10\xec\xf9\x99\x5ce\xdb\x92\x1b\x84\xc7\xffL\xd9\xf6&\
\xd8\xc3\x1b\x17\x95^g!^\xfb(R\xe9}A\x0e\
v\xfa\xad\xb2S\x1b\xc0\x117\x1a+\xbb\x1d\x81\xb8d\
\x88\x8f\xb2\xb77\xf8\x0b\xf9\x02e\x9f\x06`\xaf\xda-\
V\xf6i\x08\xfa\xda6G\xd9\xb7\xe9\x15\x88\x0b\x87+\
\x07i\xc0\x0eDE+\x87\x04\x81\xff\xdf\xf3\xa7rh\
\xee-B\xee\xceU\x8e\xe4\xfd\x09\xe3<W\x8ez\x06\
xQ\xd7E9q8\xc8\xbb{\x8crR\x93\xe6\x84\
\x0c\xbb\xa8\x8c\xec\x01\xfb]+B\x199'\x02px\
\xae2\xce\x0f\xecC\x9f\xaf\x94i\xf7AN\xcb\x1f)\
g\x07\x1f'\xbc\x06\xe7\x94K+\xc1\xbf\xeab\x95\xcb\
.\xf9B<sMY8\x0f\xf0\xf6\xfe\xd5\xca\xa2\xab\
\xb0\xce\xd6s\x94k\xff\x00?:6U\xb9\xa57\xf4\
s}\xa4<^\x0bp\xa2_\xba\xf2\xa2\x01\xfc\xdf\xb7\
.\xca\xaf6\xc3\xbcG6W\xde\x9c\x0b\xf1\xdf\xb0i\
\xca;\x0b \xde\xf9q\xba\xf2\xee&\xc0\xf3\xe9o\x94\
\xf7~p%d\xfb:\xe5\xcf7\x00\x0f\xa4\xfb*\x1f\
\x0e\x1a\x0fqV7\xe5\xe3\xef\x00\xaf\xaa;)\x9f\xfc\
\x0bx\xa7Y}\xa5i\x03\xe8\xf9:\xa9\xd2,\x01|\
\xd98WY\x91\xd9\x0a\xec\xc6J\xe5\xd3}`\x8fj\
U(_\x13\x94\xe3b\xe5\xeb\xb1u\x01'\xbfU\xbe\
I)\x04\xbb_\xa2\xe2\x15\x83\xdd\xfc\xcdM%\x9a\x02\
\xf8\xbe\xf1W*i8\xe0\x91e|\x95R7\x19\xec\
\xa8B\xa5>\x0cv~\xd5sU\x9d\x01\x93\x00\xe7\xdd\
V\xd5;\x0c\xf3/\xbc\xadr\xdd\x09\xf8c\xc6\x1d\x95\
\xeb\xa70\xef3\x93UnC1\xdeh\xa6j\x90\xf1\
\x06\xf8*V5\x0cx\x00\xfa\xff\xad\xaa\xb1\x22\x13p\
\xd5<U\xe3\x8e\x80\x13\x8f\xcdW5\x9e\x98\x07q\xec\
 U\xabQ`\xc7VG\xaaZ\x1f\x80\xbf\x7fW_\
\xd5\xba\xaa5\xd0y\xa3\xf2\xf8\xb3\x02\xec\xe8\x19\x95W\
3X\xff\xda\xdb*\x9f\xaf\xc0\xbf\xcdl\xa3\xea\xf2\x1c\
\xfcY\xcchU\x8f~\x8d\x08\xaf\xd1qU\x8f\x81`\
\x9f\x9b\x0cW\xf5\x9c\x0ex\xebw\x93\xaa\xdf\x19X\x7f\
\xc7A\xaa\xc1\x17\xa1\xdd\x92%\xaa\xe1\x1d\x01_\x0e_\
\xa0\x1a\xa1i\x06q\xcc6\xd5\x88o \x8e\x9e,P\
\x8dZ\x0e\xf2\xfeJ\xa0\x1a3\x0d\xe2\xeb\xce{T\x93\
\xa2\x01_\x07\xf7W\x85\xdc\x03\xfd\xf3(W\x85N\x00\
z\xee\xbf\xa9\xc2\x8f\xc0\xcfC\x12UQk\xc5\x10g\
\x0bT1\xb5:\xc1~\xf7W\xc5~\x0f\xf6\xcc5G\
5\x9d\xa0?:\xa2J1\xb7\x01\xbb<@5\xe36\
\xe0\x8b\x11\x9f\xabf\xbaa>\xd0E\x95\x19\x0dx\xb5\
\xcdl\xd5\xc22\x90k\xef\xc6\xaal\xc4\x1b#\xe3\xe0\
\xb3;\xc4\x1b\xcdT\x05\xc1\xe0\xaf/W\xa9V\xc9@\
n\x1e\xbcQ\xad\xfa\xb2\x1e\xd8\xfd\xf7\xaa\x1d;\xc0\x1f\
\x07nW\xedz\x0c\xb8\xac\xfe~\xd5\x9e\xe3\xde\xe0\xb7\
\xd7\xabJ\xee\xc3\xef\x93\xf6\xaa\x8e\xb4\x05\xfc\xdc\xaf\x93\
\xea\xd8/xn\xa4R\x9d\x1e\x0f\xfeU\xde]U\xba\
\x07\xe4\xb0\xf2\xb4\xea\xb3;\x107}\x19\xab\xfa\xac\x0a\
\xf0\xf7\x90\x9d\xaaKSC\x00\xe7\xf5S]Q\x81]\
\xfe\x22Zuu\x85'!-_\xaa\xae\xfb\x83\xfd\xd0\
\x08U7~\x818`\xcdS\xd5\xcd\x7f^\x03_\x1f\
\xaan\xcd\xfb\x05\xf8\xfa\x85\xean:\xcc\xc7\xbd\xad\xea\
\xdec\xa0{\xf5/\xd5\x8f\x0d\xc0N-n\xa9zT\
\x02\xf8\xed]\x92\xeaq(\xe0\xdd\xcay*spw\
\xb07\xa3U\x95B\xf8\xfd\x0f\xd3U\x95\x85\xa0\xff{\
\xbb\xa8\x9ev\x01\xf9\xcc\xbc\xaf\xfaU[\x0b\xf4\x22P\
\xf5\xd2\xbd\x08\xec\xddN\xd5?\x81\x10\xb7\xcf{\xa4z\
\xdf\x18\xe4:\xa3\x8b\xaa\xeaU \x8c3YM\xa6\x83\
\x1e\xfeY\xa8\x165\xbeIx\xc2D\xb5h8\xf8\x07\
M-\xb5j/\xd8\xab\xaa\x0c\xb5\xe6_\xf8\xdcD\xd4\
\x8d\x9a\x81\xff\xce\xd6\xa9\x9b<\x85\xb8\xba\xc5\x02uK\
\xe9*\x887\x7fV\xb7\x0c\x04}\x8b\xfcD\xdd\xca\x05\
\xec\xff\xbdru\xab\xd9`o\x86?W\xb7\xbd\x1b\x04\
\xfa[\xa1n\x0f0\x887\xcaS\xed\x93\x04~\xb7\xf5\
Ju\xd7\xb38\xce]u\xcf\x1c\xf4\xe3_\xaa\xfb\xac\
\x05\x7fJ>Q\xfb\xde\x06\xfbP\xd2^=hY\x00\
!\xaf\xf7\xa8\x87z\x01\xdf/lV\x0f\x17\x02\xce\xed\
\xb5Z=\xe2\x0a\xc8\xfd\xfaQ\xea\x91\x11\xc0\xff%-\
\xd5#\x0f\x82~\x97\xefV\x8f\xf7\x05\xb9Z\xff\x85z\
B!\xe0\xbb\xeb\x95\xea\x89s \xbe\x8d\xf9]=9\
\x01\xe4\xc4'U\x9d\xe8\x8dy\xd0\xba\xea\x94!`7\
|\xb4\xea\x14\xf3\x1b\xf0\x13\xb5\xd5\xa9\xddA\xdf\xd6\x85\
\xa9\xd3\xa7\xf0\xc1~\xf1\xd4s\xe6\xc0\xf8\xef\xeb\xa9\xe7\
g@|\xc3\xfbH\xbd\xf8\x1c\xfc\xfc\x95R\xbd\xf8\xf6\
8\xc0\xdfM\xd4K\xa6\x02n\xa9\x15\xad^\xfa\x15\xc4\
\x15\xf2hu\xa1\x17\xe8{@o\xf5\xf2\xce\xcb\x09\xaf\
\xdd8\xf5\xaah\xb0s\x82i\xea\xd5\xbc*\x88;\xda\
\xaa\xd7\xa4\xf7\x04\xbe\xdcWo+\x81yW\x1cQ\xef\
0A\xfc\xec\xa1W\x1f\xf0\x04\xbf\x9b\x9f\xa1.\x0d\x06\
\xc6\xa4z\xa9\xcf\xe9A\xbe\x87.W\x7f\xe1\x05\xed\xc6\
G\xaao\xec\x86u\xd7\xbe\xac\xfe~&\xc4\x1bc;\
\xab\x7f8\x08\xfb\x19\xe3\xa1~\xf0/\xf0u\xcb\x05\xf5\
\xcf\x03b\x00\xdfMT?L\x02\x9c\x11[\xa1~8\
\x1d\xf0\xfa4\x15|B\xfc<\xcd\xa0~\xa4\x05;\x1c\
7P\xfd\xc8\x7f(\xb4\x13\xab\x1fo\x01|\x992O\
\xfd\xf8\x05\xc4\xaf\xc6:\xea\xb2\xa9\x10\xf7\x1a\x8b\xd4e\
/AoS\xffV\x9b\xfa\xc1\xe7\x8c\xce\xear5\xc4\
\xfb\xb3\xee\xa8+\x03`\xbc9\x9f\xa8+\x8d\xf0\xfbY\
\x0au\xe5~\xc0i\x9a_\xd5O\x9b\x83\xdc\xcd\x8fS\
?\x9d\x0a\xf1\xdb\x91\x85\xea\xa7{o\x03>\xfe^\xfd\
\xf4!\xb4_\x5c\xa4\xfeU\x03\xfa|\xf6\x98\xfa\xcf\xdf\
\xfb\x83\xff\xd9\xa7~\x91\x0f\xfc8_W\xfd2\x1c\xfc\
\xd8\xc5\xd5\xeaW)\xa1\x84\xe4V\xa8_\xdd\x82\xfd\xc8\
.U\xbf\xdd\xc8\x83mOP\xbf=\x0cq\xceWG\
\xd5\xff\x8c\x03\xbc\xdf\xeb\xa6\xfa\xfdT\xf0\xeb\xcbN\xa8\
\xdf\x97\xc0<\x1f%\xa9\xdf\x9f\x07?v\xe5\x9d\xbaj\
*\xd8\x87\x1b\x1b4D\x00v\xb5p\x92\x86l\x17B\
\xbcpYC~;\x03\xbf\x9f\xa9\xe1-\x87\xf9\x8d\xaf\
\xa7\xe1m\xc5\xcf\x0b\x1a\xde\x0b\x18\xef\xcef\x0d\x7f\xe0\
\x12\xf8|\xa6\xe1'\x81_\x7f_\xa6\xe1\x7f\x0dv\xb3\
\xe1F\x8dp\xdb%\xf0\xa3\xf9\x1a\xe1\xcby\xa0\xa7?\
k\xc4-\xb4\x84<\x96i\xc4:\xf8\xb9J\xa5\x91L\
\x05\xffS\x98\xa9\x91]\x00~\x87\xbf\xd0\xc8\x07\x01\xce\
\xael\xa2\x91?\x02\xfc\xb5\xea\x9aFQ\x02~x\x85\
Q\xa38\x84\x9f_j\x94\x82\x89\xf0\xfb9\x1a\xd5\x90\
\xa6`\xa7\x0ejT\xe9\xa0\xdf\xd2_4\xaa5\x87\xc0\
\xae\xa4hTk\xc1\x0e\x0a\xa7h\xd4WA\x0ed\x0d\
5\x1a\x03\xe8/\x99\xa8q\x19x\x10>K4.\xbe\
`ox\x034\xb5\x03a\xfe\xeb\xfah\xea\xd4\x82}\
\xddv\x5cS\xa7\x00\xf6\xf9\xd7\x00M]o\xe0\xf3\x8e\
5\x9a\xba\xc9/\xe1\xb3\xab\xa6\xee~\xc0S\xe2f\x9a\
\xfaI\xb3\xc1\xee\x0f\xd14\x98\x0b8\xbeo;M\x83\
\x12\x88\x1b\xea\xce\xd54\xbc\x0cxZ\xf1@\xd3\xa8U\
-\xc0\x9bE\x9aF7\xa0\x9d\xa0\x99\xa6\xd1\xb7\x0b\xe1\
s\xa8\xa6\xf1\x9f`\xaf\x1a-\xd54\x19\x08v\xf0o\
oM\x93$\x88\xc3~y\xa8i\xba\x0e\xeb\x0b\x8eh\
\xb4m\x00?M?\xa1\xd1\x9e;\x00\xf2\x19\xab\xd1~\
\x06xg\xc4n\xf8\x5c\x04\xea!\xd64\xf3\x85\xb8\xf0\
\xcd\x22M\xb3A Wo\x8b5\xcd\x8d`\xef\xc5\xa9\
\x9a\xe6\xdb \x9e\x16\xb6\xd4\xb4\xe0\x01\xdd\xd7\x0b5-\
\x96\xc2\xfe\xa9\x86jZl\x1c\x0e\xbf\x1f\xa1i\xf9/\
\xc4S\xff\xe4hZ\xf9o\x82\xf6\xfe\x9aV+\x9aC\
\xdc\xfa\x8f\xa6\xf5\x02\xc0I\xb2\xa7\x9a\xd6[\x00\xbf]\
\xde\xa9i\x17\xb2\x9f\xf0\xbaN\xd3\xb4\xfb\x0c\xe2\x87\x1f\
\x9fh\xda\x9f\x07\xf9~\xf8\xaf\xa6C8\xc6\xd3\x8b5\
\x9e\x9b\xe2\x00\x7f<\xd2x-\x00:\x1f\xfd\xa5\xe9\xb8\
\x0dp\x97B\xac\xe9\xe4\xf7%\xac\xff\x8e\xa6\xf3\x0c\xc0\
\xd3|\x91\xa6K2\xccG\xbdD\xd3\xe5\xd1P\xf8,\
\xd1t=\x04\x9f\xaa?5\xddG\x9f#$\xc4[\xd3\
}\xee\xbf\x84\xe7R\xa6\xe9\xbe\x08\xe67z\xbf\xa6\x87\
\x10\xf6s\xcdnM\xcf\x05}\xc1\xce\x8f\xd6\xf4j\x07\
q\x84W-M\xaf\xfe\xdf\x81\x1c]\xd2\xf4\xd2A\xfc\
\xd4$Y\xd3+\x1a\xfc\x81l\x94\xa6\x17\xb8\x1f^\x93\
\xb7\x9a^\xdf\x02\x7f\x1aM\xd5\x0c\x08\x828\xc2?V\
3p\x00\x9ecl\xd7\x8c\xe8\x08\xfe\xb2\xdb\x12\xcd\x88\
\xc3\x0a\xf0\x87s4#\xae\x03\xffz\x1d\xd1\xf8}\x0e\
vd\xe01\xcd\xc4\x0c\xb0WY\x8b5!\xb7B`\
\xfe\xb75\xe1\xbb\xc1nl\x0f\xd2\xc4\xe09A\xb7U\
\x9a\x19\xfd@/\xfe\x18\xa0\x99\xfd3\xf8\x8f}\x19\x9a\
\xd5m\xc1\xee\x0d-\xd4\xac\x1e\x02q\x7f/\x91f\xad\
\x07\xf8\x97\xef\x035G\xc7\x02\x0en\xfaXsr\x10\
\xd8\xb3\xbd\x8b5\x17\x85`_\x9b\xbd\xd0\x5czy\x9c\
\x90\xe8\xa1\x9a\xcb]D\xf0Y_se\x0b\xe0r\xd9\
e\x0d\x85s>\xee\xa3yp\x1e\xf0\xe2\xac\xb7\x9a\x07\
\xef\xf7\x00\x1e\x1c\xab\xf9y!\xc4)\xed\xdah\xca?\
\x8e\x06\x9c\xb7O\xf3{!\xc8sT\x17\xcd\x1f\x1a\xc0\
\x8d\x97'h\xfe\x828\x92<\x9d\xa7\xf9\xbb\x11\xe8y\
\xf4\x1b\xcd\xab\x960\xaf\xad\xed5\xef\xc6\x83\xbd\xdc\x5c\
\xa4\xf9\xc7\x0f\xec\xc8\xab\xaf5\xffL\x83}\xbb\xb7L\
\xf3\xcf!\xf8\xfb\xcb\xc6\x9a\xaa\xf9\x80k7\xbd\x8e\x05\
\xe6\x5c\x06\xc4G\x1a\x11y\xb0\xeb\xb4\x06\xd1\xed\x96f\
\x06\xdd\xadRn|\x10y%\xb0\xbb\xfe`\xe1\xb5\x9c\
(o\xbe\x14\xa1:\xf8\x7f\xe2!7\xad;g\xde\xbc\
\xc4\xbc~o\xc5\x81RS~\xf1\xb33\xb9\xe5\xf3O\
\x99\x96\x94\x9a\xb2N\x98\x8b\x0fV.\xc9\xab8\xb0\xf2\
I\xe6|\x09v\x188\xd8wTX8\x8f&\xaf%\
'\x88v\x82\x8f>\xb8\xca\x9d\xa4\x93(\x12FbI\
<\xd1\x93H\x92a#_O{\xf1\x84\xd6\xb4\xfdP\
\xc5\xd1\x1d\xcf\xce\xacM\x8f\x0a\x8b\x8d\xd7Gf8\xd3\
r#\xda\xf4\x11@/\x9dD\x10\x03I%\x89\xc4H\
2\x886\xe8\x0f\x1b\x1d\x17m\xf9\xfelmz\x84!\
5\xd1\x98\xa15\xe5\x1ft&!&\xde\x0e\x1dD\xde\
\x5c\xad\xd4d \x19L|\x89V\xa7\x0az\x96\xeaa\
k\xad\x826\xda\xb2\x93y\xa6\xfc\x03\xe5E\xbb\x9d{\
yY{\xa5\xfd\x1e8\x9a\xeeY\xa5\xcc\xb9:mk\
\xb4i\xb6bJ\xfe\x98\xdchU\xe0\xbd\xd0\xdc\xc2k\
\xfa\x83z\xa3Ql\xa3\xda\x1d\xa9\x9a\xce\xae0e\xe7\
\xd9h\x03{+\x0e\x9c0o\xcb4o\xdaQ\xbe{\
\xa9\xe9t\xbeiy\xaey}\x9e)g\x8b\xa9`\x19\
\xcds\xe7\xf1]\xac\xe3G}\xe24o\x17\x1c\xc1\xbc\
v~\xb5SWZ\xbbf\xec_:\xc3\xd6M\x8e\xdd\
\xcaK\x8f\x9as\xb6;w\x18g\xe90\x0a\xb63\x1c\
\xb6\xc4\x93h\xe3\x22\x82=V\xfe\xb82\xbbJ\xaa\xef\
\x16\xd2/\xf9B\xd8Hj\xabR`\x93\xc2\xe0\xbf\xa9\
\xf0\xaf\x8c*\xa5\xf3\xe6\xad\x16\xe5^N,\x08]\x94\
(2\x8a\xabd\xb6\xa1\x07\xd2ci=\xb5\x83\xe2\x0d\
)\xb1\x89\xd1Z\x8f\xa8\xd8\xc4\xb0\xf8\xd8\xd9\xfadm\
z\x8a1\xcc\x98\x9a\x92\xd1\xc1\xb6\xd3\xc9\xfa\x94\xd8\xc8\
\xd4\xb0x\xfc\x87!59B\x9f\xd2\xd6y\xc6\xbdj\
\x9a\xf1\x7f\x9c\x95'{V\xff\xc3\x0c\x1aU?\x03m\
k\xdb\x18u\x9c\xc7\xf0\xf2\xf2r\xa6\xd4\x1c(\xf9\x13\
\xe0\xef\xa4\xec\xac\x9fl\xaa\x95\x06t\xe3a\x0dz\x90\
q\xbbj5\x1a\xe8?R\x1b\x9b\x08,\x8b\x8f\xd7\xd2\
\x8a\xd5K\x9b\x9e\x16\x16\x9f\xaa\xf7fi\x98v\xf2s\
$\x09\x93\xb3\x0cP-YW$k%c\xa5\xaf\x8f\
\xe4\x12,\x8aP\xee\xe5\x1c9C\xb0\xa0s\xd9\xf9-\
\xe6y\x07\x9c;\xb8B\x87\x08\xd8\x84X\x187\x16>\
g9u\xd5\x0c\x8c0\xc6\xa6\xc5\x1agU\xd7\x7f\x92\
\xb9x\xdd\x846!\x1a\x22#\x83\xa0\x7f2\xcc\xbd=\
\xf1\xb1\xf5\xaf\x0d\xfdq\x9b\x82@\x92d\x83\x8c\xc9\xf1\
\xed}Xf\xc6J\x02\xe4\x82A\x82!\x07u-D\
R\x80\x88\xd6\x83\xa6\xd2\x96k\x93\x12\xc1\xca%\x83`\
\xc5\xc2\xa7#/3\xb2~\x9a\x9bh\xb7\x7f\x03\x13#\
\x93\x0d\xb1\x91\x16\x8efT\x94\x9c3m_\xe2L\xd1\
\xdd\x99\x22\xd2\x98d^\x1b<i\xbb\x8dR}+%\
\x9a\x84\xa9dc\xe5\xde\x5cS\x09K\x81\xeb:\xd3\xca\
\xf1\x9c\xb4\xd6FE\xcd\xa0R~\xb6\xc4\xb9\xb3T\xf7\
.L\xa3[\xaa\xfb\x9b\xb1\xa3\x89\xb3\xb4\xfa4}\xa2\
1\x85\xd58\xec\xabT\x8f1\xaa\xd9\xf6=\x90\x0eL\
J\xd2\xea\xc2\x12\xf4,i\xc1\xa6\x81\x92\x88\x1f\x1ch\
\xd7\xc2\xe6)3b\x8d\x111\xd5\x0c!\xc4~v\x9b\
\x0e\xed\xe3g\xb1\xac#\xb6\x09\x1fP0S\xbfD\xf7\
w\x9c\xbc\xd8\xdf\xd6\xbe\x05\xd5^k\x8c\xd1kS\xf4\
\xf1\xfa\x08\xa3>R\x1b\x05z\xa2M\xd2''\xc4\xa6\
\xa4\xc4\x1a\x12Y#\xf6A\xcdE\x8a\xb0\xad\x11$\x86\
$\x00\x1b#\xd9\xea\x02\xbfq\xfc\x9d\x0f\xc9`\xe8z\
Kjd\xb4#\x111\x09\x86H\xbb>Y\xfe\xe5\x93\
\xc1\xa1\xfc\xc2\xfc\xdb\xe3\x1e\xd8H\x08}\xc3\x22\xe2X\
|\xc4&\xb8\xce\xc0\xfaY1v>bS\xad\xd1@\
/.>6\xc5\xc8\x22\x1d<,+\xcc\xbeM\xbea\
\xf1a\x89\x11\x1cJ\x1dZ/D\x9d/\x0b\xd0\xa3[\
\xb3\x8b\x80\xaf\xc1`\x8c7\x84E\xea\x93\x9d;\xd4N\
\xd2d\x9f\x9d/I\xdfb\x14\xe7x\xfa\xaf\xc1\x99\xd9\
\xba5\xf1M6\xccH\xd1k\xc3\x12#\xb5\x09a\x89\
a\xd1zm\xa4>-6BOM3\x85\xed\xe4\x06\
\x81A\x19K\xb4~sS=\xa6^\x8a\xff\xd4\xee\xe4\
\x06\xf9\x8f\xd5\x96\x9d=\x0f\xee\xcd\xbc`\x91i\xf11\
\xb6-\xb2tu\xb4ET7N[b\xeb\x10}<\
\xf6\xaac\x07\xf3\xc6\xe3\xe6\x8d\x0b\xab\x1fas\xbe\xcc\
\xb1C\xc5\xd1M\x15g\xcf\xb2\x18\x13\x90\x17\xd7\x8c\x82\
\x5c\xed\x8a#u\xa6\x99\xa7s\xf2l\xdd\x1a\x0f\x8a\x8f\
\x85\xfd\x1a\x0c\x22i\x04\xf6D\x87\xc5&\xe2\xe6E\x18\
\x12\xa3b\x93\x13\xaa\xa5DSAz6JMiJ\
\xce$\x80\xcf@\x1a\xa4\x9b%\x06\xe8\x92\xec\xea\x84~\
\x88\xa5\xaaRl\xb3\xda%\xfb\xac\x1d\x1cQ\xed\xb4I\
\xc9\xb0{\xfa\x19,\xd6`\xfb`\xd7\xe4a\x0e}\xea\
\xd3}P\xf5b\x13p\xebk\xea\x8dJ;{U\xd0\
\x13\xbbk\xb3\xf7f\xa8\xaavFlb\xa4\x81EB\
\x0c\xae-7\xdc\xc5\xd6Y6\xc8\x90\x90\x84\xace\x8b\
\xb7\x95\x81\xe1\xed\x82]m\xed\x1b\x0e\xb2p-%\x22\
Y\xafOL\x891\x18\xabg`\xb6$\xeb\xbd\xad\xa7\
x\x90!)\x96=\x8cc#!4b\xd9,Wl\
\x82Lspf\x83\xec\x1a\x8d\x9d\xb4#\x90s\xb4/\
\x1b\xc4\xc2\x1c!\x92\xe8\x0e\xd3BQ\xe3\x90V\xa0w\
jZ\xe0h\xd4\xc1\xb4\xdfW\x08mt\xbc(:a\
\xdaxC\x04x5\xca<\x80\x98 _#R\x93\x93\
\xc1\xe2\xdaT\xd2\x10\xcf\xa1\xdeZ\xeb4\x03\xbd\x03\xa7\
\xe5\x9e\x89\x9e\xeb\xe08\x071\x1c\xa7\x96\x1a\x88\xdej\
\x14\xc4\xf8\xd8\xa4pCXr\xa4\xc5\x89\x0eb9\xd1\
\xba!\x12\xb4\xd9\xabEi\xbf\xd3\xf3/~7/\xca\
n\xb9)r6\xa3\x1dk\xd4'\xa4\xd8f\x0e\xdb\x9b\
jdO\xb6n\xb0\x07\xf2\xc0o\xf4\xdc\xc4\xc0\xd4)\
o\x913\x13\xfa\xd9(\xb6\x19\x94\xac\x0fCu\xb3,\
U\x8b\x1a\xc3\xe0\x03r\x88k\xc7\x9d\xa8\xce\x9e\xed`\
\xe3:X\xa9&j\xf5\x09I\x80](\x16\xffG\xd2\
n\x93\x9f#\xc9\x1a\xb0\x98\x0bM>\xb2ZX\xe7\x8e\
sCoU\x03Nl0\xc82\x8f$\xf0\x12\xb0?\
\xd5\x83D%RC\xdd\x98\x92\xbf8\xd4\xd6\xdf\xcd\xda\
\x9f\xa1\x1f\xa0\x88\xfa\x99\x9c\xdd\xe7x\xe9\xfb\xc5\xdd\xf6\
[j\xeb\xae\xb4v\x9fm0\xb0\x8c\x9b0pZ\xa0\
\xc4\xd6T0(\x95\xed\xb9V\xbb\xe4x\xdaZH\x06\
\xeb\xa3\xc2R\xe3\xd9\xad\x1c\xcc\xa2\x986\xad,\xcb\x86\
\x8d\x10T\xdb-\x9b\xc5\x06\x0f\xa5\xd03g{\x07S\
Q\xcb\xd2>\xc8\xc6\x89\xff\xde'\xa5\xda>(\x07\xd0\
\xab&9\xa0iT/\x07\x8d\x10\xb5p\x13a\xa0\x92\
\xba\x14\x19D%V:\x1c(D\x9a\xf6\xfb\xb4\x06\x0e\
FD1X\x9f\x02\xbd8e\xd8\x1dMNA\x8b\x88\
\x1d\x18\x16\xce\x97\xa0rD^\xf3\x0b\xc9\xbd\x1c\xd3\xc7\
\xaez\x83i\x1b\x13\x96\x06l\x0e\x0b\x8f\x8dG\x90\x1f\
eH\xa6\x95\xc5\x00\x16\x9e\x22\xcd\xc6\x97H\xbb\xf8q\
\xc6};z\xb5P2DE\xc5\xc7&\xb26\xb8%\
v\x98\xfc\x1c\xbb`|\x8e\xf18N-\xdc\xb5`f\
\xe4\xe5\x804\xdd]\xfc\xbb\x8dX'Gb\xbd!\xc0\
\x03\xff\x99\x08\x16G\x0bs\x8b\x881\x18(\xf0b\x00\
UN\xb6\x98I\x96\xc4#\x9f\x02\x01\x128H\x95\xdb\
\xe0X e4$\xcf\xd2\x22jB~Gq\x0a\x18\
\x7f\xf6l\xbb3\x1e\x82\xf6\x83%\xd7+:\xe6lg\
\xb4IN6$\xb3\xb1\xdd\xab\xacQv\x0d\x192S\
\x1f\x91\xca!\xfc\xd8j^Jt\x07;3--Q\
\x9ac\x93\xd8*\xe5\xb0&1\xb7\x8a4\x9f\xde,\xfe\
\x0e\xe6\x97\xb8\x10r\xda\xc2\x90\xf8\xa9ml$Z\xd3\
$\xd0\x8c\x83U\x8b\x04D\x80[o\x8c\xd5\xa7P\xc2\
P\x9dh\xbb~ \x0cv\x19\xfa\x81\xd0W\x19\xfa\xb4\
\xa0\xe9\xd8\xd0\xc0;\xd3\x9a\x85j\xec\x18xhX\x8a\
1\xdc\xc0\xd6\xc6\xda\xa8J)\xc9Aw\xad\xa6\x95\xa1\
@\x0d\x87\xea!V\xa1`\xbd\xa3M\xe5B\xf3\x0e\x8e\
B8\x14&\xe9\xdcD\x8eM\x10A\x8f\xb3cy\x15\
6\xd4\x0e\x99\x99\x14oH\xe6p\xc8\xf6\x1et\x9e\xa1\
Z\xb6\xb89\xd0\xd1zV\xcb\x1e\xb5\x9d$\xea\xb0\xdd\
XP\x04\xf4V\x02tf\x86%U\x91\x8d2\x9a;\
,TAuK\xd1\x87%G\xc4\xb0v\x02[\xea\x97\
Dwp\x80\x8a\xb5\xa8\x1eF\xfdLcu \xb16\
\xf6\x1b\xa3\x0a\x12\x8di?\xbd\x99~\xf8\xa4\xe0tF\
\xa4\x85\xbd\x13!\xe4D\xf0k\x04\x1c\x9c\x02\xce\x09\x96\
\x0a!nDLXr\x18\xe0\x87dvXY\x10\x1b\
\xf6\x95\xdd\xed\x0c\x8deI\x81+\xb6@L\xea\x00\xd0\
\xbc\x99\xdc1\xa2$\x07S\x90\x94\xc6h\xde,\xc3n\
%\xe2\x00\x9b\xbc\x19\xb0\xc9\xd5B\x86F\xb6\x16\xb0\xe4\
\xdd\x96\x93\x10\x87\x8a\xb5b\x8a\x8d\xd1\xb6\xc5\xadX\x10\
\xd9\x09\x0c\x89\x87r\xc2=W\xba\x19\x86\xf4\x9c\xbcn\
Cw\xd3\xfe\xcf\xec\x0e\x1c]\xd0\xc9n\xa1\x86\x1a\x92\
g\x004d\xc7X\xc3\xc8P2\xde9\x8a\x1b6t\
|5Q\x5cs\xa6\x96~\xc0J\xb4\x1c\xa67:+\
\xed\x07\x93f\xe2\xf0\x01!\xf1\x19\x83\xed\xf6wX\xb2\
!5\x89%\x9dd\x04\xc4\x86\xda`\xef\xe0\x01\xa4\x17\
\xfa\x9b\xe0\x87v\xe34\xc2_kZ\x7f\xd0\xb4!\xb3\
W\xf9'\x07L\xf9\xdbX\xac\x99={e\xa1\xddJ\
\x8c\x88d[\x09e\xe8\xfbT=.qr[C\x92\
\xad\xa9\xfb\x88\xe8DPLmXR\x12\xc4\x80\x94\x03\
\xd5F$\x87\xa5\xc4\xb0#k\xb5\x95\xc0\xf4f\xab\xaa\
\x18r\xdf\x90\x83\x8416AoHe'b\xa8I\
L\xca\x0e\x88IM\x9a\xd2\x835\x89\x14p$\xc9\xe8\
\xd5\xf53#\xf4I\x9c\xce\x5c\x8ea\xc4\xe4\xe7\x0e\xa1\
\x91\x92\x0ap@\x92\xb8\xa2()v\xc8I\x99z\xc9\
.\xe3t\xf3H=\xc8]<k\x80F\xd8>\xa4\xd7\
\xa4\xd7\xde<J\x8c\xdb\x84h\xc6\xe4\xfa\xfd\xae\xef\x19\
\xe5\xbbr\x85\xfd\xb8\x83\xa6\x81\xf9\xbd\x0e4\xfe\xa0\xff\
I%)\x0c\x91\xb1Q\xb1\xe8\xa1b\xd9\x19\xac\xba\xd1\
\xa6\x19\x8a\xc9\xcf#\xc6\xa6$\xa7-D\x1c\xe1\x00\xf2\
Z\x8cHLIB\xe4\x10\x11\x96dLM\x06\x1a\x96\
\xb8\xca\x8e\xfa\xd8,e&d\xed\xf6s\x84%\xa3;\
\xd0\x7f$\x8b%\xa8\x99\xa8\x95\x0c\x0eZ\x94\x8f+\xe9\
&\xd5\xcf\xf4\xef\xe3\xd0\x5cmk\x9e\x9a\x10\xce\xd6\x7f\
9mg\x1d\xba\xd4\xb2v\xa1\x98\x95\xc8\x95\xdb[\x91\
\x9aV6\xf7]\xfe\x08\x87\xdc^\xdd\x91\xfaYt\x04\
\x08\xe8*\xa9\x9a\xf4\x9e[\xc0\xdb\x15\x1d\xc7\xa83\xfc\
\xa3C\x81\x11\xa3\x89\x81$\x928\xd0\xdcY\xf6<\xc2\
\xc8X\xe0\xc5hCb\x9c\x1e\xe2\xd8(\xb0.Z=\
\x17\x08RS\x00\x18\x90\x18\xba\x16\x86\xc7\xae=\xca\x82\
\xc0,\xae\xe5q\xe6Nn\xec\x0c]k\xc4\xceu\xac\
\x84\xac\xc6\x82\x83\x92\xd8O7\xe5\xef\x82d\xfb^\x8e\
\x02\x9b>\x0a\x02\xb8\xc4\x08\x16\xb2S\xeazg\xcf\x0b\
Q\xcfo\xe7\xc0\xb5\xfa\xa3\xc3\xa6\x19\xd0\xc0\xa6\xc5F\
\xd3\x0a\xc9\xcd8e4\xf1\xd3\xc1|\x83\xc8`\x86\xec\
HFC\xe4\x194x$\xfb\x84\x04Y\x1bn9\x9e\
\xf3\x87\xff&\x93(<\x12@\xc6W)\xc7\xfb\x8c\xf9\
h\xf2\xf3\xd4\xa6\xe1.5\x18\xd0\x0e\xa3\x0d\x80\xdc\xf5\
\xfe\xfa\xe4(\xad\x1e\xa2\xbf\xc8\x0e\x80\xe2\x92\x0c\xc9F\
m\xb4>\x11\x11|M\x86tp\xcd\x13\x88n\x17\xec\
\xa13\xe9\x14\x88\xa6\xc3\xe7\x04z\xe3\x84j\x98J\xc7\
j\xa7\x02`\x1d\xb0d*\xe8rlb\xf5\xb3\xe9\xf0\
\xa1\xd9\xe0\x1c\xe0\xdf\xeb\x1d\xa2 N\x06\xa4@,\xaa\
\x8d\xb4\xc1}\xdb\xf8\xceC\x06r\x0fY@\x02\xde\xce\
<\x93t\x9a-y\xf4\xae\x04=\xcb|\xafSM\xca\
\xd5\x1b\x9d\xd8\xe1\xc3`\xc7p\xe6\xc4f\xc6b\x988\
#\xd6\x18\x03f5Ro\xe3Ao+\x8b\x12\xc2f\
i\xc31E\x11a\xc9\x92\xf5\xb2\xa5\xa4Y\xa9\xf0\xff\
}\xd2\xd1\xedP\x8cp\xea\xb6\xe9\xf92\xa6G;\x5c\
zz8U\xe79&\x1a\xac\xd3\x9c\x11\x96b\x17,\
\xe7\x89ysOLw-\xd8\xa3`d\xd6(\x8c\xfd\
\xacIS\xff\x90\xb8p\xc6i\xb7\x0fc2\xb1)\x00\
j\xd1\xba$\xa7&&\xe2q\x9c\x96\xce\xa6\x06\x19\x0d\
It\x90bL\x9e\xc5\x0e\x8fY.E:\xda\xe27\
\x9c\x9b6aZ4\x98\x1e(z\xd0\xd4\xb8\xdbc\xa4\
9R\x07\x13\xeba1o\x94\xaac\xc23\x02>\xe9\
D\x1ax\x02\x9c\xa7\x05b\xb1\xcf\xa5\xab\x1d\x80\xad>\
\x0c\xb0X\xf3\x80\xbd\xaa\xc7\x91\x81\xd5\x0f\xc8%\x0f\xa4\
U\x95rJ\xda\xaa)\xf0\x17\x1f\xf8\xd9\x1b~n\x18\
\x22\x89\x90\xc5Eb\x86h\xce\xc7sr\x19[\x13\x5c\
\xcd\xa4`\x97R\x13p?l\xb3\xea@\xe9\x99\x8f\xb7\
w\xab\xde\x14\x0a\x8dMLE\xc3LI\x951\x06\xd8\
\x15\x19\x9bbL\x8e\x0dOE\x03\xea\xc5>\x87tX\
C\xf1\xeei\xa1\xb3\xbd&\xd9\x0f\x8d\x14\x96y\xa4\xe8\
\xd9;\xea\xd4\x173\x1d+W\x14\x17\xd9\xcf0-}\
\x8d1\xc9\x06\xa3\x91\x0d\xe5\x9a;\xf6w\xe6\x17\xf2\xd2\
\x8e\xad,\xb4lGGv\x96|`Z\xe3\xbf\x0d\x5c\
\x97\xd8!\xc7\x9eM\xadc!eZ\xb6\xd4\x94\xb3\xce\
|li\xc5\x81\x95\xec\x12\x0c\x07\x1aX\xe9\x00f\x99\
\x99Yp\xb5R\xa1\x0a\x1a\xb0^\xe4|A\xc5\x96\x5c\
6\x1cv \xe40\x11\x95\x85\x04\xf7\x14Z\xb3{\xe2\
\x04t\x9e\x94B\x0fGUv\xa0\xe6\xe5@\xcd\xbc\x7f\
\x9bi\xfdnzNt\x91\x85iQ\x96i\xdez\xf3\
\xfe\xad\xdc\xc3I\x13o\x06\xdeq\xf0\xbe0\xbd\x1a|\
\xae\xdb\xe4\xe7\xb3\xde\x05\xde\xa9!\xe6V\x8f6\xa4\xd5\
\x90\xa4\x13:\x9c\x95\x0a\xb9 \x9b\x18\x9bT\xb9\xdb#\
\x0el\xd4\x8b\xa5\xf7t+\x96\xba\xc9\xf3\x9e\x85\x16\xd6\
\xe0)\x1aS\xd4l\xf3\x93\xfb\x87\x19c\xaa7\xffS\
\xaa\x1be\xf5\x94\xe0\xa5\xecQ\x88\x9c:Yw\xfc}\
\xa7jf\xd5\x991\xab\xdeN\xb3\x1a3+\x89\xe1\x94\
\xe4x\x9eo\xfd\xb1\x93\xe3\x9c;\xb3\xe6|\xee\xff\xed\
\x9c\x89\x1c\x8f\xaa\x9c~\xdf\x05\x7f\x1f> Z\x96)\
r\xfaKW\xf8K/\x87\xdft\xc3\xb6V\x0f\xe2\xd4\
\xba;\x83'\x19\xff?x\x22\xf7\xb7\x1f\x99Y\x7f\xdb\
%C\xee7\x03\xbc\xa9\xf5\xe7\xae\x19\xbd\xe8\x7ft\xcb\
\x90[\xdd\x97\xf5o\xddY\x5c\x95\xb2pj-\xdd\x87\
\x10\xaaT\x7f\x90>\x83\xb1\xfbI\x9d~\x86\x96;\x0d\
v\x90u\x5c#\xa7\x1asf)j\xeb\x0fV\x9b\xa1\
h\x89\xdd\xfe\xd7\xf4\x84\x94&\xc8P;\x99\x95\x0cK\
\xf5\x5cu\x0a\x1d\x09\xed\x8a\xc1_\x954\xe8\x85\xfe\xd4\
\x98Z+R\x19\x09\x9d\xfa:\xccc1NJ<\x02\
c\xa3c\x8c\xec\x1a\x92\x10\xf7\xe9\xcd,1\x0f\x0b\xc8\
 \xf6dx\xc6\xd6:\x83\x96\x81[,\xa8\x13\xfc\x9c\
%\xa1\x0eq\xd9,\xbd\x91\xe5\xe8\xe4\xd1\xed0\x1b\xe1\
\x90\xf3\x96\x01)\xeeT6\xb6\x9e\x19y\xd9\xa1um\
[k\xdbQ\x1c+\xee\xa2\xd1r\xe0\xe8yo\x1dJ\
5\x1aB\xd7(C\xb2>:\x99\x82\xe3\xb6\x8c\x0b\x17\
8V\xc6/\x8f\x96aY\x9bCH]\x1f(0\xf8\
h[+g\xefh\x99~\xb8C\xef\xba\xd0\x9b\xde\xf7\
\x1a\x22p\xf5\xe4\xe7\x18\xf7aG\xfd\xcc\xc2\xeb\xf6\xe3\
g:<\xd6\x1a\xa2\xa8\x04\xbe\xbeF\x22\xc2\xf0\xa0\x95\
\xf6\xd3.\xa1_\x92\x9euH\xa2\xc4&(\xe0x\x8a\
h\xe7.6\xa5\x14B;\xaa\x9a\x13BW\xec\x08R\
b\x95\x0c=1\xc2\x7f\x0cv\x87E\x91@\xa9\xd0\x1b\
\x8d\x06\x96\x8cq\xf7&\xda\xbc\x9f\x97Eb:\x83\x91\
vvw\xa0\xa45\x82\xaa\xe8\xb5\x180\xb3\xf5O\x8a\
dQD\xed\x90\x89\xea\x1cH\xc9\xe5\xff\xb2v\xba\x5c\
\xa5\x9a\xb5\xb7\xc6\x8e\xd1D\x7f0maMzb#\
\xd9\x8c\x22\x89\xe7\xae\xf1\x103\xa4\x18\xd9*\xc3\xaa8\
\xc1\x11tr\x1d\xc9pw\xb2>\xae6ZIaT\
\xc6\x90\xfbx\xdc\x153\x07\xceD\x189\x037$C\
%\x1f\x98T8\xce\x0a\x1aY\x09\xd5\x9c\x82\xb0\x92\xab\
!\x05!\xc4c.;|\xf0\xc3\xc3+\xd6\xb4\xf3{\
\x04\xbc\xad\xe9D\xc5/\xd5\x98\x94j\xac1/\x8a\xde\
\x8e1\x0c\xfa\x16\xd6T\xc0B\xab\xec\xb9\x09\x7f\xda\x04\
\xb0\xe4c\x15\xc9\x9e\x87\xa6\xc3\xa1\xb5\x8b\xa55\x08\xd5\
\xf4T\x08\xaf\xd96\x83s\xdfT\xfe5m\x970\xf7\
\x8c\xce\x9eX\x16\xf9\x87\xa5\xb0\x8f\xc9ZN~\x1eq\
C\xb7\x1d[\x22\xba\xe7\x80\x12\xda\xd5\xf6\x857\xa3h\
@\x80\x12\x9e\x10kt\xc8\x80P%\x0b\x1e\xecRQ\
\x00\x91H\xbb\x06\x10\xa9\xa1h\xd6\x80\x22\x11\x9a\xd8\xed\
\x0d\xfa~\xd6\xfe\xd0\xe8\x85\xb9T\x00\x08,=\x9e\xda\
&\xf3}\xe1\xe5\xe2/\xecz\x8c\xcabHN\xc0\xda\
0V0km\xfd\x81s'W\x06\x8d\x1aN\x9d\x94\
\x08\xa4\xf0\xe0\xd0\xe1\x94\xd1\xd5\x0e]\xe83B\xees\
S\xaas\xd4K\xfdA\xc7cWF\xe7\xd4\xa4H,\
\xcb\xe0\xee.t(\x12T\xf8W_\x0c\xe8\x8e-\xff\
\xc3\x82m\x15J\xd5/X\x8a\xa4\x1cNsk1;\
r\x9e\xecj'?\xc7Ur\x9f\xad:,B\xcb\xa4\
E/>\xb2\xc6SUe\xf1\xbd\x08\x09\xd6j8\xc2\
:\xff\xd8\xc4\x88\x98\x8eX\xa9Q\x0d\xac\x1b\x9cs\x15\
\xac\x87\x1e\xa6d;\xf4\x18\x93K\x1fzT)\xfd\x96\
N\x98O\xc5\xfa=\x01D{\xc1g7\xd2\x83\xfa\xf4\
\xa2\xe2\xff^\x00\x88\xa9\xff\xd8\xc6\xf3\xf6\x8f\xd7\x87\xa5\
\xe8\xb50\x12\xb8\xdb\x11\xfeT\x1a\x1e\xf3?\x1d\xb4z\
\xafh/\xadO\xcfN^>\xddzx\xf9x\xf9x\
\xf7\xea\x0a\xff\xe7<\x9dn\xffa:\x93`\xe0^0\
\x81\xc9\x1c\x13h\xfb\x81\x09L\xea\xd5\xcbg2\xe7\xc8\
.\xf4\xc8V\xcb\xc5\x80k\x8d\x1ch\x86\xd9\xb0\x0f\xe2\
I\x96\xe5\x1f@\x93A\xfc\xc2\x5c\xc4\xff\x01/\xbb;\
\x0dK\xa3\x1f\x5cRd$\xf8\xbf\x94\xff\xcaR\xef\x9c\
\xab\xc1\x1e\x01\x03s|\xd2\x16.\x10\x04\xab\x02\xa2\xad\
\xf3\x03?\xec$\x86x\xbe\xc0Xx_\xce\x19\xd8,\
\x22\xf5Iei,\xf5Qa\xf1\xf1\x86\x19 \xa7\xc9\
a\x89\xd1l\xce\x0c\xa79\x83\xc9\xcf\xffK\xd2\xd6\xd3\
a~\xd6\xfc\xe7\xff\x89\xd8u\xa0\xe7\x10zi\xb54\
\xaa#5\x07m\xa07|v\xa3F\xec\x0c\xff\xd5\xea\
F\xae\x5c\x91\xb6P?sR0C\xd8\xa8\x04l*\
`\x93p,DK\xa4Qf\xb8\xde8\x03\xc0\xa5\xd6\
\x87\x9aF\xb7\xae];\xb3\xc6km\x1f/\xd8\xa3\xfa\
\xf1\x18\xe6\x809\xd2\x7f\x18@\xe8p\x22/\xf1\xe7>\
\x87w\xc7V\x1f8hu\xb3\xf4\xfd\xe0\xe1j]$\
6\xf9yx;\xfd\x89*%\x96\x91dT\xe4w\xb4\
\xc7<V2\xc6\xe4\xd4\xc4\x084g\xbd\xb5\xfa\xc8X\
\xaax\x89\xce\xf0a,\x10\xc96\xd8\x00\xa4\x90p\x0d\
\x06\xbb\x8e\x854\x13I\xb1\xc3<\xb9=\xcc\x9blf\
\x85y\xee\x14\x0dCj\x8aC\xa87J\x1f\xc5\x8e\xf4\
\x84\x0eE0r\x7f[\xd5\x0b\xcb\xc3bCt\x89\xe8\
%j\xe0\xb0\xbb\x9d\x04\xed6\xaa\xe7\xb1+\x92\xac\x81\
T];\xa9\xea\x89\x08u\x0aF\xcd\xb3\xd0?5>\
\x9e}m\x00\x9a8\x04\xfb2l\xc6\x19\xed\x03\x02\xc2\
\xd65\x22\xa0T\xbcqRs\xb1\x1b7\x0d&ZF\
*\x1f\xa8u\x13\xea\xe4\xfeG\x98KKaa)9\
6\x09\xf4\x8e\x8b\x5c<\x96\xb9\xb8\x94\x18\xedp}2\
\xe7\xe2\xa0}\xcd\x8bK\x89\xa9aq\xd2\xd4\xb8\xdc_\
\x02\xda\x05\xd8\x8f\x07$\x01\xa9aX2\xc7\x9a<\xca\
\x8a}\xf2\x81\x80\x97\xd8\xb2\xe7\x93q\xcb\x0e\x03\xb1\xc9\
,6\x0c\x0c\x0f\xdd\xe3X\x1a\x15\xa8\x8f0\xa4\xe9\x93\
\xd9#\xe2\xfdA\xfb\xbc\x02\xf5Q\xe0XX\x1ck\x17\
~+c,\x063\x98T\xd1\xa9\xb0h m!\x1e\
\xce\xd7 \x88>@+\x95\xbaw\x05\xc1\xa7\x01\x83/\
\xba\x94\x98\xca\xe9\xa7&\xa6\x84E\xd1\xfe\xb3\x06s\x82\
\xd5~\x18\xcds\xd6AC\x1c\x81\x91\xfc\x7f\xaf|\xa6\
j\x0f\x1d\x90\xb6\x22P\x9f`0bD\xc8\x06\xdc.\
T\xd5\xe7\x80\x82\x99\xd8\x0bK\x9a\x99\x03'\x00/\x1d\
\xef\xa0XF\xa6\xaa\x9aY\xd8\xbd\xf0\xda\x98\x0cF$\
$\x0e\xd4s\x1d\xbaw\x9a\xfc\x9cn\xc8y5\xc5\x93\
\xf4c_O\xb1\x03\x14\x9a$\xc35{\xf6\xab6\x0b\
\x5c\x1b\xc5#h\x93\xdfbpf\xce\xf7kZA\xc8\
o\xc4\xfa\x0f\x5c\x9d!96\x1a/\xf2}\xf0\x86\x8d\
\x1c\xc3v\xa7{\x8cu\xe9\xe4\x81V\x07ft`u\
\x99\x1e\x97\xc0\xd1\xa1\x99\x98\x7f\xf3W8\xc5}\x0d\x02\
\xf5\xc6\xd4\xe4Dk\x85x\x22\xe6\xe0\xb8\xf7\xd5\x05/\
\xd0\xa0qg\xd1h\xecH#\xc9j\xe0\xab\x89%\x0b\
\x16\x06mbn\x12\xe8\x0b\xbb\x18\x98\x04\x12\x03\xfc\xc7\
\xc8\xd0R\x8e\x8aC)\xda3<\xb8d\xa8\x16}$\
\xc9\x12\x8e \xf3\xa4\xf1I\xa7\xed\xed\x82\xc2@\xb6\x06\
\xb23\x9at;\x865\x94[Zr\xa4\x0c\xdc\xfd~\
\x9a4\xfe\x03^\xbd\x1e\xd5\xfdC.\xdd-D\x82N\
|\x8c\x1ae%\xba\x03\xd2u\xaa\xeboI\xd1A\xfe\
\xa23\xc7R\x1b\xdc\xaa\x0f\x14\xf6\xcbiB\x0e\xa9I\
5M\xc8\xa0\x1d\xcc\x99\xcd\x04;\x8c\x9dj:\xabA\
\x02\xd5\x9ba9\xba~\xa7\x1cY-{\xd9\xb7v\x1c\
gjLI\xa5\x12A\xae\x1c,G]F?Z9\
8L\x085`\xc0 \xbfGS\xed\xe9\xbd:\x8c\x8e\
\x09zc\x18\x84ua\xac\xdd\xc3\x9a\xde\x0f\xec^}\
\xba\xc2\xf7\x83\xfb\xd7\x08i\xd1\xb7ij\xbaO`\xa5\
\x16\x9b\x18\x8b\xae\xac\x86\xca[\xa4\x87\xc9&\x07tY\
\xcf\xd2\xdf@e\x99\xaa\xab\xf9\x14ce)C\x80e\
ATI)\x87\x13w\xc1\xbc5\xde\x12\x08\xe84i\
\xbc\x83\xd5o\x1cDY\x5c\xad\xe5\xd2\x80\x96\x92\x19[\
q6'\x9d\xecy\xe8\xbfi[\xc7\xd8@\x9a\x0e\xc2\
\x19\xea\x1a\x0a\x17Ph\x89\xddk\xcaT:L\xad\xb9\
\x85$#Ii1\x81\xd5\xce\xafn\xceUk\x86~\
\x8c\x1a\x0bv\x1d\xe6\xd8\xd4B0\xcc\xea]`\x9a\xe1\
\xf4\x05<\xce\xebv\x1eH\x0b\xb5\x14\xa9x\xf3\xd0?\
\x87\xbbZ\xf7\xabJ\x19\xec\x11\x17\x89\xbb\xc6\x08\xef\xfa\
\xdbF\xa0\x94\x16\xa9v\xa0\xddt\x07,\x98Oq\xd8\
U\x18\xdd\xb2\xb1\xe0\xe6\xb41\x00\x95X\xfb\xe6F\xaf\
'\xd8#\xe3~5k\xf2\xb4\x8e\x98\xa85$b\x8d\
\xbeum\xe1z<[\xa0\xd7G\x95\xd7s\xad\xb0%\
\x06\xb2H9N\xa8\xf3\xc4\x91\xe2\x22\xe9q\xf0P\xd9\
zQ\x81\xb5:\xba\x80\xc0\xe2\xa0\xe98\xd5:hX\
2\xb5,:\xbf\xf5\xa1\xcb\x0b.$\x88\xc4\xc0\xf6\xc7\
\xc3\x7f\xb4c2te\xf6\x9a\xbd\xa0\x18=`cS\
\xe1\xd9\xb2\xd2\xed\xec\xda$[7o\xde\xc7\xef2\xa6\
\xe3\xed]o\x1e\x1d\xff\xe5\x8fH\xfbxL\xee\xb4f\
\x91\xbf\x8e\x8b\x99l\x0a\xb0\xdf\xe7\xefJ\x91|\x929\
\xaf\xfcHiy\xe9&\xfan/\xfeH\xd5\x9cV\x9c\
\xddg\xca/\xc4g\x06vo1/\xdddZ\xb3\xdb\
tb\x87i\xd1\x09\x96\xba\xae6\xcc\xea\x85\x92\x1a\xec\
\xca\xb8\x5cZ;(\xc60\xc3z\xe8\x84\x87h\x1c\xd5\
h\xd8\x11\x1d\x98\xde\x94\x93kO\xc6\xd2\x1dS\x13\xb5\
\xf1\x86h\xf6\xb1\x09\x9e\xbc\xda\xfd\x22\x9eh\xb2\x9a$\
\x0c\x8c\xdaj\xf7\xb1A\x09\xe0;Yj\xe7\x8e\x95\xfd\
\x1f\xb0\x7f\xaeAF\x98\xf6\x07\xcd\x9f+\xde<\x8d\x8b\
,\x1c=7q\xe5\xd2\x09WY\xe9\xd1.4\x99$\
F\x823\xc2\x10\x8fR\x83)G{\xf9\x09u\x0b3\
:5\x99\xf3X\xa3\x09:{\x9c3\xb7\xa9`\xd8~\
\x1c\x0c\x85;\x812\x118*\xcb\xcdcI\x84C\x0e\
TA\x15/q\xa7=\xdd\xad\xadk\xf4\xf3\xf6\xfe\xd5\
3\xca\x05)!\xcef\xb1\xa85]<\x85\xc9\x1d\xbc\
\xcd\xaf\xaf\x86Y\x9c\x08\x08\x89\xdac\x10$\x94\xc4\x01\
\x81:X\x9bVgj\xa7\xa4YK\xd0\x18\xde\xa3\x83\
\x95\x1c\x83\x9bT6\xc4Rc\x86\x7f\xa1+\xcf\xb8\xa2\
D\xd4C\x86\x1c\xceJ\x01\xe0\xce\xd2\x01l\x14![\
\x91\xea\x98P\xa5\x1bkm\x85M)\x1cW\x88\xa65\
`Ur\xca\xc7\x84%G\xeb\x8d\x5c\xc5\x9c\xd4\x8d+\
\x0a\xc5.\xc6\xe3o:\x11\x8c\xf1\x1b\xc3Tw\x1cc\
7[\xc9\x14\xac\x05\xa8\x03V\xd4z\x16nG\xe7X\
\xf4\xcc6\xcd\xb51\x1f\x93\xfdd\xe6\x19\x8c\xb2\xe9\xe0\
\xcd\x9e\xc5\xa2h\x1bf$Z\x8eFc-5\xdc\xa9\
\xf1\x91T]V8\x8e\x8cu}\xec\xb3bKa\x9a\
\xa5\x16\xcc.\xb4c\xe8\xb23\xac\xe8b\xc1\x22\xba\x8f\
c\x15\xb3\xa5\xfd\x08\xee\xaa8\xb7\x0f\xd6\xbf\xb9\x8c\xf9\
@\x9d\x9b4\xfbu\xe4L\x87\x8dT\x8e1\xa4V\xfb\
J\x81|\xd9\xd7y\x8f\x8c\x02\x87\x0e.c\x92\xc3\x22\
\xe2\xc2\xb1\x92\xbb\x9a\xa7\x0d\xb0$\xc5n\x00\xb1\xc2\xc3\
\xb9\x89/\x19\x0br\xe1K?\x07Q\xd0\x22\xe3~h\
.\xd64Z\xdf\x99\xa9j8\xbdY\xc6}\xfc\xdb\xf8\
\xb8IO\x99I\xd2\xa0+\xb4\xc3`\x88\xc4Gc\x83\
|-OGT\x9c\xdfh^\xb6\xc3T\xb0\x8c\xf9\xce\
\xcf\xb33\xeb\xcc\xab6\x97\x9f>oy^b\xcb'\
\xa6\xc5k\xb4\xb6\xeb\x0b\xa6\xfc\x1c\xda\x99p\xbc\x04D\
e\xef\xac\xb5\xd7v\xa3;6\x91*M\x00\x97I\x85\
\xde\xd5\xe0<w\xec\xcc}\xf4i\xc7\xafvRTn\
\xa0Z\xbb\x84\xb4\x12\x8b\xfd\xd7\xb0\xae\xa37\xb5S\x80\
y\xe0q\xec\x07\xae\xa5#%\x14~\x07\xd1\xaf\xcb\xa0\
\x82\xe9-\x8a\x04\xe7$05\x83\x06\xd2!\x5cnn\
\xefN\x1dn\xd9\xae\xa3T\x1f+\xdb\x88!^qH\
$6q\x22F\x07\x16\xd5&\x17k3\x09M\xe8\xe7\
@J\xebL\x8a\xbe\xe5S=1\xd7\xb1%~\xa3k\
\xf0\x22\xea\xb1\x89\xb15\x1c\x1f\xd7E?\x0b\xdb\x9dL\
\x07\xc7D\xeb\xc0%\xcdX\x80\xac\xc9\x06,\xf9\x88\x88\
\xd0\xa7\xb0\xefyp\xf5\xae\x92\x92\x14\xc2L\xd0\xd6u\
\xa2\xa2\xf5HIe\xa7f\x93\x873\xeeCJ\xc6\xe9\
\x93S\xb8\xee\xfcc\x18hW\xd4q\x1c\xe2\x22\x5c\x1a\
\xc5\xa8x\x96\x04\x87%sE\xef\xc2IO\x03\xf4\xf6\
l\x5cpr,\xfb\xfc\xd9\xd51\x84\x9e\xf4t\xdc\x03\
\x87\xb8\xd7\x83\xea\xc5\x8a\xa0\xc3-\x0f\x80\xd8\xe1*\xfb\
\x8d\xa2\x89\xb4}@\x01\x00\xf6y\x90v\xc4\x8b\xcc\x06\
\xef\x99D\xda\xda\xc1\xdeD\xd0xs\xf1\x92\xb2\xd2\xe3\
Z\x8fv^\xb3c\x93\xda\xb2\xcb\xaf\xfaMh\xe3p\
+\xae\xaf}\xe3'\xe2\xc9\xe1\x88D\xfa>\x5c_V\
\xd79^N\xcf\xf7\xd8ovk\xa8\xae~\xa9F\xba\
\xaf'KhpX\x87{t}\x19\xdb\xedB\xf5\x06\
\xbcN\xdf\xa0\xeb\xcb~n\x00\x87v\xe8\xee\xc9\xe8^\
\x8b\xea\x0e\xa1\x8b\xa5\xbfg[vm*\xe31\x18\x0c\
 >\x00\xa4\x1a\xd0\xef\xbeX\x0a\xdek:\x89\x95\x8f\
\x17\x87>\x9d\x1e\xedPG\x5c;25!)F\x1f\
\x06P,Y?=\x95\xeb\xfe\x08W7\x95\xb5[(\
v\xfb\xc0]b\xeek4x\xbd\x0bQ\xfc\xca\x1fW\
\xa42\x8e\xae\x94\xb6\x8b]\x80\xe5Y\xde\xb2\xf0\xf2\xb4\
\x16\x0e\x13\x91U;m\xa1C\x82C\x11\x9bH\xa1C\
\xce\xa76\x02\xc5Env\x9dJ\x88ML5r\x98\
\xa2\x0f\x94>\x8b\x13\xa8\x1aa\xce\xa7\x8b\x1c\xebS\x92\
\xaa\xa9O\xa1\xde\xb5\x01\x8e8\xa4t\xd4I1\x86D\
}(0#\x94+\x99#\xc5\xe4\x93C\xc1\x93,%\
,M\xcf\xd9\x96?\xcb\x9e\xa1\x97\xa4\xe0\x15\xf4Hv\
>/Z\x903\xdd\xb1\x90/E\x9f\x1c\x1b\x16\x9f\x98\
\x9a\xc0\xb1\x1b\xc5_D\xf9\xae\xb4G\x87\x12\xcb\xa5\xbe\
\x0fX\xad\x19\xdcV\xab%\xc8x8\xe8L\x18\xf5\xaa\
T\x06ua\x8d\xf5V\x95\xdd\xeb\xa7\x87'\x03\xae\xce\
\xd0:\xbeV\xe5Lt\xa8\xf3\xbbl\xf3\xde\x22\x19\xcc\
\x05\xd0\xcf\x0aR\xef\xcb\xe9)d\x8f\x8f\x86\xe9\xe9\xa1\
\xe7\xbd\x9d\xfc\xbc`f\xd2i\x8c\xdc\x117\xdb\x86\xed\
\xc7x\x19\xd0\x02`\xd6\xef\x060\x83\xaf\x0f\xa6[\xf3\
\xee\xd4_M'\x0eWff\x97\x9d<m^\x91W\
vv}\xf9\xba\x12\xf3f\xce\xe9E\xc2\xa0)0x\
2e\x22\xf1\xdd2\x94\xb3\x0c\x22\xb7<\x00\xe8N\xb5\
\x89\x856\xf8\xe8\x1b\xfd\xeea(\xb4\xd6\xc3\xcf)t\
[\xdb\xf4\xda\xa7G\xea\xe9\xfc\x08\x08z\x86\x9c\xf1\x18\
\xe0\xdat\xebQf(\xf8\xde\x14\xf8+\xdb\xf2\xd0s\
\xc1W\xd3\x22\xe03\x94\xe2zF\x95\x14\x9f9\x98l\
\xf2\x0b)^\x16w\x8ca\xcb\x1a\xa7\xd3\x0e 46\
2\xe3\xd9\x99\xac\xf2\x9d\xa5\xc0\x87\xb23k+\x0el\
xv&\x9b\xfd\xf2X:\xcc\x1dW\x80\xcc\xce\xc0b\
,L\x958\xeci\x83\xf4\xf8\xb0p}|F\xe5\xfa\
\xcc\x8a\x9d\xf3\x80{\xe6\xa5{\xb8\xb7\x15\x1f\x01D\x1e\
i\xf1AD{0\x93\x9e\x98\xa1\xa5\x9f8d\x1dc\
8\xbf#H\xe48\xb4\x85\xb9\x8e\x8bN\x84\xe8\xce\xc0\
`jS\xebk\x81rz2\x143-K\x07\xb3\xc2\
\xc9H\x94\xa4\x99(qUJ\x94$\xf6\x93\x93\xf3\xde\
\xdaKX\xd3\xd1\xb5\x02\x0fsi\x99\xa9\xe9\xf5\xc9\xc1\
\xff\xb9\xe2\x5cK>&Z\xbch\xcf\xae:\xb7_l\
\xb0\xd5}\x97\x1f*5m\x5c\x8a+\xb3\x1c\xcfh?\
\xd6\x96\xe7\x1c7g\xce\xb3\xfd\xae\x13k\xa1:\xce\xc7\
\xca>\xe6z\xb2\x8ch\xad\xe7 \xd4\x03\x8e\x8eE\xf0\
\x96\xbf\xd9\xd3q\xf6W\xcc>\xb6?df\x81\x8b)\
\x1dl\xf5\xe8\xdc\xe98/\x8eYyL~\x1e\x91\x15\
'\xe7`S[\xc66[G\xf5\x80}0/\xcb2\
oX\xc0`\x08\xdb\xd3;\x8f\x93\xb37Jmw\x91\
6j1\xfa\xf8$\xf6%\x18\xd6\x1cC\xbb:\x84\x00\
\x1a{\x81\x1f\x82\xff\x94\x0f\x8e\xeep\xa7\xa7\xce\x7f\xb8\
\xcc\x03<\xe1\xe0\x14k\xdf\x18U\x88\x0dlTm{\
RM\xf5a\x0f\xae\xd9Q\x8fd:P\xaf\x92U)\
\x11\xe2'\x9dN\x9b\x13(\x8e\xbb\xcd\x08#\xbbX\xc7\
2\xe5m6\x1f(\x02\x03c\x1d\x13\x8c\x0b\xaaJ\xde\
\xca\xb2\xb3y`^\xcb\xd7\x9c3e-\x86&\x1c\x01\
c\xcd[\xa4\xb6\x0eQq\xe0\xa8y\xf5\xb2\x0f\xcaQ\
\x95;}d\x01\x5c\xf2&\x1d\xab=\xf5\xb4\xc9\x11\x08\
\x0f\x08\x92\xa9$\xd7\x9cU\xa0\xf5\xeeX\xfd\xed\xc7\xea\
\xc7q\xde\x8d\x8e\xd5\xaark\xceQ\xadcv\xacN\
\x85\xc5\xf4\x11\xa5\xdd\xdd\x97\x9d\xcc);\x99Yvr\
/\xbb\xf4B\xee\x7fdZQ\x0c\xe3N8\xb6=\xb3\
\x99F\xf1\x1c\x15\x0f\x897\xed\xe8\x08\x9a\x9aK\x0b\xd9\
\xa3+\x9cG_\xca=\xba\xbbN\x11\xd7\x0c\x01G\x88\
\x04s\xc0\x011\x05\x15V\xbcd\x7f5\x02z\x9b\xf7\
m\xa9\x5c\xb2\xa4r\xddb\xd3\xc1\xc5\xe6\xd5\xe7\xca\xb7\
\x9f6-\xda]\xb9`7m\xb9\xcd\xabv\x98\xce\xaf\
\xe2\xa8;q\x9c\xeaR\x8e\xa9*1H_\xb2u\xca\
\xd8\x15\xc2\xd0\xe9L\x16,\xad8{\xd6tv\xa5\xe9\
P>g\xb1\x8a3\xc7\xb097\xc7\xc4NG\xd5\xb2\
j\xdf\xdaU\xebT\x98\xa1G\x07\xb6\xea\xc5\xea\xde\xf6\
\xa4*\xf4\xa0s\xf0\xf4r+7\x1d\xa9\xdc\xcaZI\
\x9f\xf9\x12k:u\x8c2\xca\x17S\xc4U\xca\xf8\xf3\
\xa9\x1eV<W\xd5\x10\xef'\x87\xbbb\xf2\x93\xfe\x9d\
\x8eLIs\xba\xe0:\xb1\xec\xe42s\xe6\xae\x8a\x05\
g-\xfc.\xc85\xaf:n*8`\xca\xc1\xa7\x87\
\xcd\x87\xf1\x15E\xfaO\xf0\xfb\xca\x95\xe7\x9f\x9dYW\
^\xba\xc2\xbca\x939\xab\x98\xbe-g\xfb+l\xb9\
\xe9\xd4q\xfa\x97\x1cZ,\x1dw\xb4\xf0\x9aCL\x01\
|\xdcQ\xb9$\xaf\xb2hM\xc5\x01\xd6k\x1db\x7f\
\x85\xeet\x90+\x93\x8f{a\xa6\xa6\xdcb\xe7\x96]\
,wI\x13A\xa3\x12\xf0EU\xea\xa70\xcb\xeb\xb1\
\x14\xb2\xaaj\xe8\xf7S\xea\x04\xacuG7\xee\x80V\
\xbc\xc0\xf8h\xd3\xb1\xc0\x01\xeca\x18\x95n\x06\xe5[\
Wv~C\xf9\xca5\xa6E\xc7\xcbJ\x8bi\x7f\xce\
\x0da\xc4\xba\xdex\xdb\x899\xcdR\xd3\x813\x15Y\
\x1c\x9ag\xb9\xc1\xcf\x5c\x7f) $\xee\xe6B]\xef\
\xd5<\xa68\x97Vn9\xc6\xa6\xb9T\xf7\xb7~&\
\xa3v[Yvz)H\xa5y\xe5A\xb0 ,\x7f\
\x85\xcd\xf1.\xad\xed\x06\xaesn\xd5\xdd\xd2\xfd@Q\
\xd9\xb9\xa5\xa6\x82\xac\x8a\x92-\xc8\x1f\xaeT\xab\x131\
4\xfd\xba\x91:\x926\xc7~z\xcfI\x8c\xb6\xf4e\
\xa7\xd0D\xc0\xbf\xab%\x1b\xdd\xae`\x0cU\xb5X\xe3\
\x1c\xf1^\xe99 x\x90s\x8e\xd2\xe2\xe7q\xd7\xf4\
\xc3\x19\xd7>\x80?\x85\xe6\x03y\xe6\x95Y\xe6\x8d\xeb\
Y\xfe\xce\xda\x1cq-\x8c\x1cL\xc1\xc8H\x90\xa1\x19\
\x006q&>UJ\xbc\xea\x8a\xc9{\xcc+M2\
\xcfO\xce\xfc:\xca\x1e\xa1\xf6c\x92\xa7\x01\xb0\xe5\xcd\
\x9f\x14\xad\x8f\x0f:<\xea6,}\xeeF\xbfQj\
*\xd9X\x91}\xb8bA\xaey\x0dK\x09Z\xfb_\
J:\x8d\xe2\x8a\x83\xa6z\x84w\xf3\x0fI\xf5\xc02\
W\x8cECTa_\xa5-t\xb8F\xd5\xb3\xact\
\x11\xb0\xd8\x12\xd2\xd0C\x15\xed6g\x9d\x00\xad\x84\x7f\
T\x9c[aZ\xb4\xc3\x94\xbb\xc8T\x90g:p\xca\
t\xba\xa8|\xedB\xfc_\xb6q\x12\xfb_Z!\x0c\
\xec\xc6\x90\xeb\xd2Eh\x1f\xb3X\x06\xafv\xe8F\xff\
5\xba\xf7\x08\xfd\xb0\xf6\xc7\xf1ZWY\xe92\x98I\
Y\xa9\xc5X\x9a\xe7m5m\xcf\xe3\x1e\xb1e\xe8F\
,\x89\xc2\xd5f?)\x8e\xc4\xd7NjX\xa97P\
6gg\xda\xf4\xd2\x94w\x12L\xf2\xff\xb0@W\xfb\
p\xa1{\x02\xbb\xe5\xf4\xd2\x9fppC\xcd\x9c\x07\x80\
yg\x1d\xaf8\x90c.\xde\xcf\xed\x80\xd4:S@\
L\x88\x1f\x9e\xad\xa05f\xd8\xf3\xd2\x1d\xe0\xbe\xc0\xb5\
\x98wo1\x9d\xc9\xa7\xad+KT16\xd3y\x86\
~\xc6\x10\xd5\xd2R\x88\x81\xcaN\xee7\x9d_\xc0r\
d\xd6P\xce\xe1\x11.%\x1d\xb8\xd1\x90\xff\xc3Y\x01\
Ksn\xcbV\x1bMe\xe4e\xeb8\x8e\xcfT3\
;\xd2\xe6\x11\x82<\x16\x05\xbf\x90L\x91\xbec\x04\x0f\
T'\x80\x04\x12\xed\xcc3\x0c\x0ag\xd7Wd.2\
\x17\x1d0\xe7\xce+;\x9d[^z\xb4|3k\xca\
J\xa4P%\x0dzV0\x93\x11\xb2\xd6\xa6\xfb\x02\x98\
\x04\xc7\x0aCs\xc4\xa9\xfd,Y_\xcb\x81\x08\x1e\x86\
LI\xc3*u\x5c\x86N\x9e\xb60\xe7|N\x14\x15\
K(\xc3\xf1~\x93\x1e\x8fF\xf0wx\x1c\xc2\xf0\x8f\
A\xb4\x8ej\xa9\xd3\x10\xfa\x1c\x04\x5c\xdc\xa2y\x15%\
'\xe9\xc5\x03\x22\x02\x11\xab8\xb8\x00\xaf\x94[\x82\x0d\
\xc0l\xc5\xb4$Z\x8eH\xa8\xbf\xd2\x07#\x1c\x8e\xb1\
%\xce5tO\xc1\xcc\x98\xa1\xc8p\x1d\x99\xf76\xdc\
u\x82\xbb%\xc5\xf1*k\x94C\xe1A7\x8b\xd5\xd8\
\x9e\x87L\xdf\xb2\x98f=\xfa\xde\xfc\x83\xe8\x93\xb7\xaf\
\xb5\xe54\xcc\xd9\xbb*\xb6\xe4\xd2\x89\x0b\xd6e?\x1c\
\x94y&\xbb\x9a\x971o\xd2Z\xfa\xad\x22\x14\x14\x06\
\x13:[\x86\xa4/\xf23\xd0\x02x\xa4\xf2\xd2BS\
\xc9Zd\x01\xcd\x0eJ.\xb8\xbc?\x8eW\xfc.~\
*C\xf8(\xaa\xe5E\xc7\xcc\x876\xb3\x8e\xbd\xb1\xf9\
j~A\x05\xf2 \xb0\xbe\xce3\xf0\xdf\x82\x99i\x0b\
Y\x89\x1cO\x9aH\xe5\x96\xe3vt\xb89\x1fUf\
\xe99\xe0\x0c\xcc\xab\xa6\xbc\x8d\x10\xf3n\x0c\x1f{~\
\x83i\xff\xea\x0f'\xe7\x94tC\x08\x5c8\x9eDW\
bY\x11\x07\xc2\xa4\xbaT\x830q\x04\x87wK-\
\xcd+\xb7\x22[9\x9aG\xf0\xc6\xae-\x5c\xee\xd0\x1c\
\xd4\xc8T\xb4\xbdr\xf1rv9\xdc\xa3\xa9\x86\xa0+\
:\x13\xe32\x9b\x86~!\xcd\x94\x9f\x03\xb6\x09D\x98\
u\x93\x08\xef\x9c\xe3\x22\xb0\xca\xcc\x9b\x87KI\x1fa\
\xad\x99r\xe0E\xbb\xb2\xf3%\xe6\xa2S\xe6\xac\xbd\xa6\
u\xe7\x9ed\xce\xa3WX\xbe?\xbb\xb2tuE\xc9\
\xf6\x9a8U\x9bq,\xef\xfc\x8e\x93\x8a\x86\x91\x96\x97\
\x9c>\x5c\xc8\xa0\xa4\xdb\xd3\xdf\x1c\xc2\xca\x1aasj\
K\x1e\xf9_wH\xeac\xf1L,\x89\x82\x9f\xdb\x83\
}\xd2SY\xa5d\x92\xc8\xb05m-\x84\x0f\xe5\x9b\
N\xad\xac\x5c\xb9\xde\xb4 \x1f\xec\x0e\x95\xf5\x0f\x8a\x89\
\x8d2\xb6\xa7\xcb@9L\x90\x16G\x9d\x92\x86\x0fV\
\xa3\xf7\x0e\xdc\x94\xf9>m!\x8a\xb3\xd5\xa2\xdayh\
\x19\x03-\xcb\x91\xcaU\xfbiE3\xe5l\x02Es\
\xd2,V\xf4o-\xad@\xdf\x85j\x5c\xa5D\xa4\xbb\
\x9a\xb7*|\xbed\xf2s\x0c\xb2\xd2\x16:\xf8\xb5>\
\x96\xc1he\xa6\x1c\x19\xad\xcc`\xb7h\xd0\x0bZ]\
\xb9a+\x04\x06\x98?\xa1\x82/T#N\x97\xa7\xb4\
q\xd6A\xd8\xadCp\x09;\xc5\x16\xfa\x9d\x0e\xdbM\
]\xee\xd7?ZX^\xe3`<\xd4\x01\x13\xd1\xd6\xf8\
&\x08\x15\xedP\xf5\xb1\x9d\xb2F\xa5-\xa4\xa7\xc6\x80\
1\xcd\x1ci\xae\xa3i\xd2\xbb\xcb\x0do\xa4\xacwD\
\x945\xbe\x12b\x0d\xb7\x9c\x9b\xd3Lf\x15\xbf[\x9b\
\xe7-\x8a\xf2\xadj\xa8{\x17xOw-\xe8\xbb\xb4\
'3\x22\xf0\x15\x93\xf4\x11\xf4W\x8f8<X\xde\x9f\
I\xb0\xe2\xf8\x22\x08\xbd0`\xa1\xc1B)\x04\x9b\xab\
\xca\xd7\x15\x96o\xd8F\xbfj\x02\xaah:\xb7\xc8|\
rQy\xc1b:\x9d\xc09eT\x0d\xd6\x94)q\
g\x19M\xc4\xa0v\xa3I#K\x8e\x92\x9fT\x0f\x1a\
@8\x0177\xba\x83\x0d4T\x0b\xd0\xa4H\xc2\xa1\
\xab\xd2\xd2\xb5\xfa\xe6\x88\xe8\x9c\x9b\xd3 \x8eCPj\
D\xd2\xcd\xfew\xc4\x1c0\xa4\xf8\x9d\xcen\xc3e\xa6\
E\x8b\xc0\xb9\x81/bmz\xc0pk\xd2\xbcJ\x19\
\x90\x87\xca\x80c\xcfV\x84j\xe8\x22\xbep\xd7\x82\xa9\
\xb3\x9f9\xb8\xfd\x9e\xa6EY\xccT:\x86\x12\x8b\xf3\
h\x0fO\xcf\xc7V\xce\x87\xe8\xe3\xfc\xfa\xf2\xddK\xb9\
=\xbf\x10A*c\xff(d\xca\xd1\x88\xc1Il\xc4\
\xc1C\x17l\x04*\xdc\x91h\x03bt*F\x87\xda\
t\x07mG-\xfc\xa3\xecd\x1eGg\x1c\xa1\xc2q\
\x84\x05\xecM\xc5FN2@5\xacF\x06\xb0y\xfa\
\x88\x0cw\xe7\xe6\xa0\x04\xe5\xa7wq6\xcfp\x0fl\
\xc5j~z\x97)\xeb\x13\xd6\xc9\xdb\xca\x1f\xedo\xc0\
\x82\xa5\xe6\xf8\xb6\x04\xfd\x19\xe6\x8a\x8e\x94\x9d^\xc6\xf9\
\x05\x06\xc03\x1d\x19\xcax\xbf_N\x1b~\xadn(\
\xeb\xe1~\xb5\xa5\x03\xc6\xa2CI\xac\xfd,\xd4\xd2%\
8vh,\xe7 ,7\xa3\xa4{p;\x12\xeak\
\x1c\x02\xef\xa4\xc697\x87P\xa5\xbc\xa8\x94\xe5\xbb\xb1\
\xf9\x94\xb4\xa0\xbb\x09Y\xf8&\xbd\x03xih\xe9\x08\
\xee,\xbf\xd8|<\xcb\x94\xb5\xceTz\x9a\x1b\xcb\xb8\
 \x1d\xab\xf0\xe3\xd7\x820E\x88\xa2Bmty\xc9\
\x160_\xac\xbc0\xd3\xb7\xb2\x96\xeb\xc6v\xa65,\
=\xf7\xb2~\x8d\xf3\xd2\xcd+\x0f\x9a\xf3J8\x99\x8b\
\xf9@\xae\xe9\xd2a.\xf7t\xa9\xb5\xa2/fM\xd5\
\xda\x99\xf2\xb15Lr\xd1\xb5\xe4\x09\xce\x93\xacX\xb1\
\xa1<{\x0d\xe7$\xd1\xc0\xa0\x07t\x1e\xc7\x12\xb6Q\
N\xaf\xe6\x07!\xc4t\x02\x8c\xad8\xd0\xc8\xb1\xde\x8d\
nHgfX\x961\xc7-\xec\xf8\xda\xdb\x0c\xaa\x8b\
\x17q\x00m9\xdd\xcc\xe19_%\xdd\x94\xfbA_\
i@tL\x0f\x87\x9a\x1cln\xde|\xb2<;\xcb\
\xbc~\x1fk\x1aXO\xe3\xdf\x87a\xa0\x17\xafA\xe3\
\x9ey\x86\x15}`\xcb\x08\xc9\xa4\xb5\xec\xd3k\x87o\
GjHS0\xe7.\x81\x18H[\xf3W%)\x91\
\xa6\xb5B\x9b\xb1#\x14\x05f\x1d\xf6\xff\xfe\xe8\xa9\xab\
i\xc9\xe9\xca\xa25X\xa1G\xa5f\xabA\xcdj\xfc\
B\xa5\xa4\xd3\xf8U@\xd9\xc5\x8c\xb7o\xea\x99\xb2\x96\
\x98\xf3\x00\xf0\x9d6e\xad\xaa\xd8\xb2\xbbb\xd7b\xc0\
\xf2\xd5\xf4\xc6\xaf\x08\xac\xae7\xf5\xc5\x80\xdc\xbd\x1ba\
\xefy/\xa8#U\xacW\xa7\xf2\xb4~\xc3\xa3\x0c\xba\
\xde\xab\x19O\xc6\xd1\xb4LY\x07\xd3\x8d1\xfa\x04}\
\x06f=\xb7\xb2\x04\xc5\x8d&\xe6\xadt<\x8c\xf6V\
q\x10z\x9c\xb9\xder\x1c\xfd8s\x03\xe7\x9a\x02\xbd\
\xa7\xc5\x85\xf8\xe1\x95]\xe75Aw\xf3\xee\xbd\x98\xb7\
)>e*(\xac\xa6w\xae\xae\xda\xde\xe5\x9f\x14W\
\xdb\xbb6\xf6Fn\x86\xbb\xb2v\xa4\xa1\x85\x02\xfdM\
\x8b\x10\xd4\xd7\xb0/\x143\xe2\x22\x91F\xdaBth\
X\xdf\x86\xf0\xc2\x9e\x86\xa5\xa9\x99\xf7o\xa7\xe9 \x82\
\xa1\xdc\x9cy\xc3\x82\xca5\x05\xdc\xb9\x1b9\x92E|\
\x14oOdihB\x96\xd4\xc6\x116\xf6\x0d\xac\x1f\
\xf0\xd6\xc1\xad+aD\x10Nn\xe7\xae\xc4\xe6A\xd7\
\xc6\xd4\xc2S\x10\x86F\xd0]\xf2\xf3\x80i\xf41\x08\
\xe78\x8e'2t'\xee\x13\x1956\xb7\xdf\x88p\
\x1e\x89y\xe9\x81s\x8a\x1cJKw\xacAi\xe5\xd8\
\x91\xcd>\xecV-\xfb\x84\xe8I\x19F\x92r\x9b\xec\
\xc5@\xa3\xb8Ht\x99\x0eN\xb7\x1e\xdd\x1c7\x99\xf2\
\x98\xd5\xa4\x0eX\xceZY\x93wv\xfa\x9a\x14S\xd6\
\xe6\xca5\xac+(\xee\xd6\xcb\xac\xd6\xd4\xda\xe4\xe7\xfa\
n\xc5_8\x9e\xe9\xd1]\x99\xf9T:q\x86!f\
\xd1q\xea\xfc\x88\xf3L\xcf\xe1\x06\xb1\x98\xfb\xeb.[\
b\xa3\xc9\xcf#\x96\x17\xe7T)C$\xf4\x17\xf0`\
}1FM\xf4\xf5\x1dF2\xab\x1bM\x84\xaa\x0dX\
^\xb9z\x13\x02\xe9\x83\x8b!\x1a\xb4\x02\x85\xcdx\x12\
H\x05J`Pi\x80\xcd\x91\xcfj\x82\x83R\xdfR\
\x07\x8a7%\x0d\xbf%\x95\xfe\xe6T,\x7fg&\xa8\
,\xc3Q\x9bB\xeb\x1f\x00#\xfa[Rm\xdf\xa1\x8a\
\x8c\xa0t\x9d%\x7f\xd6\xdam\x87\xec\xab\x92\xa6\xc9\x9d\
\xb6\x95\x22\x18\x0a\x14\xaf\x9e\xc2hN\x81\x1fS\xd6\xe2\
\xf2C\xa5l\x0e3\xbf\xa1LL/\x9fM\x93\xaa\xd6\
v\x10\x1b\xaa!\xb7\xd8xa\xb2.\xe9t\xf8\xac\xc2\
\xeb\xd6\x84]\x95R\xa7B\x8b2\xf99\xd6nW\x93\
\x07\xe9O'\xed\xb0\xd8*\xfbT\xe5\x92|f\xea\x0e\
\xb3\x13'\xf3,v\x11\xf6.{\x85\xe9L\xe6\x07\x92\
#\x8dp\x1e\xf8\xf6\x14\xd6\x89\xe1\x88~!\x1c\xb5`\
\xed\xe8QA6\xcd\xeb\xb3\xe920\x0b\xd1\xb3\xeb?\
P\xf7\xe5\xf8d\x95\x98\x0e\x13Y7P\xb0QL\x9f\
P\x0d^J\xc0\xa0\xde\xfa@\x0a\xfe~\x8c:\x02\x9f\
%\x18B\xd5\x13\xe9I2CL)b\xe6\xcdgL\
g\xf2\xcd\xab6\x9bWf\xd1\xf1\xbc\xc5|\xac\xcf\x86\
\xdfX\xe2R\x10\xd3\xdcl\xed\x90D\x8e\xbb\xb0\xae8\
HU\xc3\xd4\x09\xb3g[\x0f\xdc\x1dO9h\x12x\
\xaa\xbbrM\xf9\x9e\xd3\xcc\xc3vn\x95\xf4\x0eJ\x89\
\xf2\xcd9\xaf7\x06D\xeb\x97P\xcfa6\x9c\xf2v\
i\x12}:\x06\xff\x9bD\x8ct\x0eJ\xff8Z6\
)\x98\xf1\xc5P\xbe\xa6\xbc#\xe6U\xc7+\x0e.0\
\xaf<j\xde\xbf\x0d\xac\xb5i\xfb.\xd3\xc1|\xbcK\
\xb0lwE^\x81\xd6\xc7G\x9bd\xa4+\xa8p3\
\xf6\xaf2\xe5\x9f\xa0s\x9b\xd4):\x1b\x09X'\x93\
>b\xd2\xaf\xb80\xfd\x92I\xc1\x0e7\xc5Z2\x07\
\xc5\x5cH\xc9Yz]8:\xd0\xa7&\xc0\xde\xd7\x99\
\x0eJA\x9d-\xb1\xe0<6\xaa&\xc5Au\xf8p\
\x8aCi=\xe8r\x0aq\xe9\xee\xdc!.\x8e\xea\x94\
\xe6\xa0\x9as\xa79\x84S\x1e\x8e\x1d\xcaX\xc9\xb2\xf9\
\xa6\x95\x8b\xd9\xd7\xa9f\x04=\xcfqc\x5c7U\x9a\
\x96-6\xe5\x1f\xae(9h:\xcb~w\xb7\xf8^\
\xe4\x15T'|\xb0!\xdcu\xf6\xec\xb4\x8c\xc5c\x91\
\x0d\xde<\x8c\x07Y\x0a\xd6\xd3\x94\x9fkZRj\x89\
:\x0a\xf2\xcaw\xe1A\x05\x08[\xf9\x9a\xb3\xa6\xed\x0b\
i\x1ea\xea\x98\x8a\x16k\xd2\xb7n\x11\xb2\x80X\x9d\
\x82>\x13\xc0\x11\xc3]\x99#V)\x83^\xf8\x1b#\
d\xcb\xeb\xad\x5c:64'\x9962\x8c{\x8f:\
\xe6L\xc0\xae\xd3C#\xc0b\x0d\x8dB\x98\x7f\xa4\xec\
\xdc.P\xad\xca\xe5%\xb4\xbd\xa98\xb0\xc3z\xe4\xc5\
u!Rj}$\x8b\xc1\xc7\xfc\x5c\x88\x0e\xca\xcf\xec\
1\x17\xb1\x9d1b\x9f\xec\xfc\xc0a\xcc\xe6\x14\xea\xd9\
\xb5\xd0\x94\xb5\x86\xb3\xb9\x03\x80Q\xd6\x04\x92\xc4i\x1f\
\xeb\xfe\xd6\x9dfD;\xf9\x85\x00\x8e\xcaN\xb3 \x85\
K\xda\xc7\x05\xbc1\xb5\xb0\xd2'\xf0N\xf8\xc8\xc0\xc7\
\x0cA\xce/\xac\x84\x8d)(\xa4\x0b\x7fL9\xbb\xcd\
\xd9KM9\xe7\xab#\xa1\xa8\x91\xc4\xd2\xff@\x22\xe8\
E\x0d$`G\xfe\x03\x89\xc9\xe6\x9aH\x9c\xd8Y\x13\
\x09)\x92\x98\xf2$r?\x93\xc9T\xd7S\xe7\xcd\xcb\
\xf7\xb3o\xe3As\xd6-\xbe\xdat\x17\x94\x9c\xa2\x12\
\xee\x90\xd8\x9d\xd9\xd1VV\x8a%\xac\x8c;\x01l2\
XS\x1a\xa9\xcf\xe0\x9c5\xde\xffp\x9e5\x189\x8e\
@\x98\x9a5\x8bG\xd6Y\x7f\x88;x\xa5\xccy\x1c\
\xfaf\x18+\xd5\x8f\xcd\xd1\xdbQ\x89~\xa7@\xda\x81\
\xc9Mh2\xb4o\xc3$\xbf5\x96\xe6f\xbb\x10\xb5\
\x9ea\xd5(\xede\x99)l\x84\x09u\x8a\xbd\x06p\
Lz\xaa,\xddZ\x14d)\x8cf\x04]\x14\x19:\
\x8f\xaeM\xb7]\xd5\xc6\xc2h\xb6.\x02m\x87\x14\xa9\
\xd2\x92\xeb\xe2L\x94\xb6cZ)\x04%\xb4\x87\xac\x11\
\x0c\xf5d\xdb$\x1a\xa8\xd8\xcei\xfe+\x0c\xa2F\x8f\
\xee\x10\xd7,H\x84\xb9\x95hSN8\xc2\xb1h\x01\
\xe3Z\xb1sJ\xc1\xc72\xfa\xfa}\xe6}[\x00#\
\xd0\x09\x18\xf3\xa6\x1d\x15\x07\xb6\xd2P\x0c\xc6\xa2\x0b\x19\
\xaa;\xa3\xc3Q\xf1\x1b\x97\x9cYT\xb1\xec\x04\xfc\x83\
\xa5\x10A\xbf\xe0A\x0dFu89\x04+x$\xe1\
\xf05\xafmL\xf9{\xe9C\x1a:\xd0\xa3'BC\
\x16\xfa\xac\xa2|\xef*\x8e/M\x12\x07=s(\xc8\
\x00Sx\x80\xbb\x08\xa3Q\xd0\xb3`\xd6\xb13\x07b\
\x84\xfe\xeb\xab=t\xae\xc9\x83y\x04=\x9b\xe0^0\
\xd3\x9bo=\x01\xb3\xee;~\xbb\x01\x9ey\x07m\xc2\
\xa1\x19\xf1JO\x1cl\xfbZ\xa0\x0bQ\x88\xd3Y\x98\
\xa5\xda\xa3tWy\xe9~\xcb\x19\xfd\xb2M\xf4\x848\
B\x16`\x83\xc3\x91\x02\xb2\x81\xfb\x88@\x8e\x15\x8cN\
I;%]\xc4\xc8\x9d\xba\x93b\x87I\xe3\x03:\xb1\
\x9a\xef_m\x9a\xbf\x9b\xad\xbf/\x98\xa5\x9a\xb4Y\xaf\
\xe6*/\xf1d\xdc\xfaR\xd0Ud\xcf\xce\xac\xf5d\
\xdd\xf8r\xb5\xdd\xe35R\x17\xfd\xb0\xbc\x96y\x8b\xb7\
\x96\xado:\xf5\xbd\x15\xeck\xbc\xaeXH\x89\xef\x12\
T\xa3\x14u\xe8\xeaH\x9a\xfd\xd5\x88\xbdw\xb0\x07\x16\
\x84MZ\x1b\xdd\xd4\x1a\xbb\x01Fl\x11\xb1\x83\xcb\x06\
:Du\x9e\x80\xe3\xf1\xc2I\xc9Z\xf3\xfaM\xb6 \
\x95.:a\x9aD\xee\xb0o0\x8e\x9a{9\xb1\x00\
\xbf\xd5\x04s\x85:Oo>\x06\xc0\xa1\xb9A\xcfp\
&\x08\x89\xe2\x2218\xa4\x95\xbf\xf0Z\xaa\x07\x1e\x94\
R9\xf4\x85x`\xcc\x10\xba\x08z.\x15\xc7\x16\x9a\
O\x17\xe0\x99\x22H{f\xa6i\xc9i\x10+[l\
\x8c\xc57K\xf2`\x9a\xb4\x15\xc2\xd4\x03\x15h\xda\xed\
\xc3v\xaa\xfa\x8c\x92Y:\xf3\x0c\xeb\xa0O\x979\xc4\
\xb3\xd1\x98Z\xd6,\x02\xf3\x9b\xae\x88\xd6!\xd3\xa3\x05\
\x1f\xeeP\x96U\x92]\xb1m\x11~\xfb\x95\x96;\xfb\
\xc3\x1f\xd3\x9aqjS\xb0\x93}9\x95\xb6\x82\x03-\
\xf5\xa2x\x85\xc4\xc8\xd8t\x8d\xc5\xca\x0d\xc4\x07\x0a8\
\x9eU\x93b\x7f'\xfcN\xf5\xa8\xa6\xec\x0c\x9b\xeb\x87\
g\xbe\x0f\xba;\xad\xc5|\x09>\x9d\x11(\x8e.`\
\x04dTg[\x95\x8dy\xf3\x09<\x89_w\x0e\x13\
\x07Y\x8b\xcd\x1bY\xc7\xb7^H\x91\xe1e\x1d\x96A\
\xb4\xe1\xae\xd4Mo:\xbeLd\xbc-\xd5\x82\x1e\x89\
\xe1s-+\xd4\x02 \xd6\x8e\x80h2\x91u\x05\xac\
9\x8eE\x95\x1c\xab\xab\x94\xd6\x17<\xa2\x05h\xad\x83\
=\x0a\x1a\x14~\xcd\xac\x1a\xa2\xe9[\xeb\x8a\x97a\xf8\
Ji\x8e\xed\x98\xc3\x12l\xa2A[S\xb9\x84+\xcb\
\x22\x1c\x1b\xeap\xd6\x5c\xc0UG\xad\xc4F\x1cGj\
Tc\xae#\xb5\xda\x96\x0ec\xa8oi\xef\x88\xf7\x5c\
\x19\x85't\xb71\x83\xfc;\x8e\xf0ge\xdf,=\
\xd9\x87qt/\xae\xc38)\xf6q:Y\xa3Zs\
\x9f\xac\xb9`\xf3j\xc2J\xba\xdb\x87O\xce\x91\x04K\
$\xab?9\xc7\xe6N!%\xd5\x9c;\xa4\xa4\x9a;\
\x1d\x97\xd1\xcd9\x8f\xcb\xa8\xe6N\x07WTs\xee\x83\
+Wl^\xe3\xb9<\xdd\xf9\x7f(\xf4\xb4RL[\
H'd)}\x18\xcc\xc0}\x0c\x8a\x08\xa5\xac\xf9Y\
\xed\x88\xc1,\x17\x8aeW+\x8a\x19.\x94*\xb9\xaa\
,bW.\x06\xbb\x86\x86'v\x8a\xfe\xd6\xe18\xab\
6(\xb2\xe9\xecV\xf3\xc9\xc3\xe6M+\xb8\x0f\xb5\xe4\
\x98>\xa4S\x89\x0c\x1bD\x9f\x04X\xf3\x85\xec\xaf\xf4\
e\xbe\xc0#\xa6\xad\x05+M\x1a\xecA\x95\x97x\x86\
~\x86\xe0\x03\xe3}\x9d'j\xae\xd5\xea:|yb\
7PKf\xfd)\xad\xbatB\x00~C\xab.\xd3\
\x10W\x1c\xd8i^\xb0\xe8?\x0d\x8a\x17\xe4\xad\x83:\
\xb0\xe7C\x83n\xdaQ\xbe~\xa9C\x12\x99\x93\x85u\
\x83=\xf0\xd8S'\xc7\xd5e\xbf\x8e\xd8\xe5P\xb1\xd6\
\x04\xbd\x11u\xf6\x89A-\xb5\x8e\x8a];\xcd\x85'\
\xb9\xab\xd4\xdc\x83=\xf0\x88Y\xd7;\xbbx\xf6*t\
\xa2X\x12\x87\xaf\x1e1\xaa\xf3\xdb\xd8\xd2\xc7e'K\
i\x0cj\xf1\x89TY\x1c\x9e\xcam\x5c\xcfQ\xbe\xdf\
$\xd8\xc3\x9e8\xc7X\xc0f\xc6\xc7\x92@b?\x17\
k\x05\xf4\x9dr\xe7\x96\x84\x84\xcdx\x8f\x0d\x1c\xc5J\
\x8e1\xa9#\xe5\x82\x06q\xc7\x1c\xa2\xc4\x96l\xba4\
E0\xc8\xe6\x92c\xdc\xd1c\xa3`\x0f<\x1a\xa5\x0f\
TP\xb7\xb0t\x96\xf2<\x83\x89\xaf\xfd\xfa\x14\x92\xa6\
\xceE\xe9\xf3\x15\x8b\x89\xa0\xeaa\xb5@\x8d\x15\xad\x05\
{\xd0_*\xac\xf3D&[\xe9\x91Q\xd4\xf9\x9e6\
D\x1a3\xdc\xe1BD[\xa4\x7f,\xbfbW\x96i\
\xcdn\x94\x0d\x8a\x1fZ\x9a\xa2\xb6r\xcb)\xc0\xdf\xdc\
w&\x84\x98\x0df(\x0b\x95\xf1\xe5\xe0\x1d\xb5\xa8\xea\
\xaf{\xd6\xb6\xdc\x18\xae\xe1\x96\xa7\x14|b]\x14\x7f\
\x86\xe9C UD\xcb8\x87\xd8\xe22\xf1\xdd7d\
\x01>\x02\x16X\xdfAl\xe9e\xc1\xff\x83>\xd0\x0b\
\xa6_\x05\xe3\xf8Z-\xae\xfb\xfe\x1a\xd3\xe6\xc5\xa6\xf3\
\x9f\x94/\xdaU\xb9\xeah\xe5\xda\x22V\xa0\x88\xef\xc2\
\xc4E\xe8\x8d\xfa\x99U\x0dIw\xd2\x09\xf8\xae\x89\xf2\
\xa5.\x8at!\x9d\xe1go\xa2\xc5k\xf6\x0c/\xef\
I\xbf\xfc\x82\xe9\xdc\x95G\xa9['\xeb\xbaw\xd2\x9a\
\x0e\xe6S\x17\x82Nk\xbbt\xee\xe4\xad\x05\xe0R\xb9\
|\x13\x87\x7fw\xc9L\x8eR\xd3\x0fr\x04\xfd\xb24\
\x93Qw\xe9f\xdav\xd0\xbcz\x19}DIUz\
\xa3\xed\xe3(\xb3\x14\xe2\xe5\x03\xc6vR\xb7\x0d\xd8\xe5\
h\xd0\xa8\x1a\xa7Ju\xf8/\xe5h@\xc2\xc9K\xd2\
7\x1b\xb8\xbd$6wx\xc2\xcf\xd2\x9c\xde=\xd6\xd3\
=\x13\xdc\xfd\x15\xf4#\x0a\x00\x16\xc4\x8bC\x03\xc5\xc5\
EU\x0dA\x06<\x11b\xd1/Z\xc26\xe0ud\
\xbc\xe0l\xbfa\xee\x05a\x8e\x81D3\xb6d\x18\x84\
\x8be'\xf7\x22\xe2.*1\xed_E\x1d<-6\
\xe5\x9f\xc0mX[\x04;\x84Rs\xd2ZnB\x17\
&g\x1d\xb4\x7f\x19\xafW\xbc!\x9ac\xb3:\xe1\x1c\
\xad\xef\xdc2g\x89\x80\x10C\x8e1j\xfc\xba^\xfb\
wa2\xe64\x92\x9e\x93\xc5U\x9c8`:\xb7\x90\
=-\x1a*\xd25\x0c\x18_P7.\xf0\x18\x9d\xb2\
\x9f4\xe38\xe6\xd5\x0d\xe7U\xd0i\xb6\x829'\xfc\
\xba\xa7I\xfe\xf8\xdb(_<\x15\xd4\xf5\xc6\x7f\xeb\xfb\
\x05{\xa4w\xd0\x91\xd5\x22\xc6\xdc\x02,s;\xbf\xae\
|\xf7R\x0ef!\xc8\xf8\xc4\xb4\xbf\x80n@U[\
\xe2\x91!^\xde\xa2\x7fSt\x0em\xc1\xbe}e'\
3AC\xb9`\xacC\xad\xb2\x98\xbbJY8)\x98\
\xf1\xc0\x93\x186\xae\xec\xec\x0a\x96Xa\x90=\xa7o\
!\xb3V\x93\x0a\xb1\xcd\x99\xa5\x95K\xd8\x95\xe5\x1c\x87\
\x0bT\xc0\xc4-\xe3\xb5'\x99\xa3|A\xcaF\xa1D\
\x81\x9c\x851\xc2\x05\x95\xa9d#\xac];\xca\x10\x1d\
\x11\xc6\x0a\x0c<\xd8=?\xf4\x85\xf3\x0e\xf4j\xfa\xc2\
\xf9\x10\x15\xf3\xf6\x13\xe3\xc4\x1bp\x1f\xeb\x8a\x13kI\
\xf6\xde\xb3\xe69\xa1\xe2\x86N\x14\xcaw\xce\xab\x16$\
7\x09Q\xa1\xf2\xe3C\x05\x08d`a\x91\xb0\xa4\x04\
P\xc4\x14\x88\xb2R\xec\xcf)\x00M\xda\x22\xd0/\x18\
X\x92\x05\xf8\xd2J\xca,\xf6\xa3^!\xea\x00\xe6\x91\
\xff\x813\x10cs|\x9dZ\xc0[\x87S;%\xdd\
\xb0\x9a3s\x87;\x86b\xee\xdb\x85MB$\xcew\
&s<9\x0eG\x1b\x83\xa0[oG\x82\xf2~\xe0\
<\xb4e\x88\x04\xcf\xde\xd3+\x0bf\x8eQ\xdbk\xcf\
\xd1z%\x9d\xb6>\x1e\xca@{\x07\x17[\xd8\xbf\x7f\
\x1d0\x0c\xcf1\x1d\xcb\xcd-\xb7\x07N\x9e\xa6\x91\x08\
w\x80\xef\x16\x22\xc1\x9d\xb1\x9e\xc5\xd3\x839\x1cV\xb7\
\xc4[\xc4\xd4\x9e0\x8f\xe1m\xc4\xb9\x0f\xb1\x1b\xd1d\
\x11=a\xfa\x04\x03\xdf@o\x04>\x0eo\x9f\xdbI\
[\xee\xea.\xc9\xc3\xb07\xeb \x8d}\xe8\x0b_l\
\x99\xac\xfe\xf6s\xc3\xff\xe1\xc6\xb3k\x88$\xba\xc3\xb4\
P{iK\xa0\xb7CF\xa9\x09\xd2\x02\xb6\xadw\xa8\
q\x81\xc9q\xa7\x90\x80\x1c\xfdp\x9c\x9d\x9c\xc3c\xcc\
H\x8e\xee\xe9D\xae\xbc\xe8X\xc5BV\xfe\xaen\x88\
\x043\xb8\xa9q\xab\xc21\xb3\x1b\xe8\xed\x90\xc7Ab\
\x96\x9cmQi\xe5\x86\xadt^\x17\x19\xc7\xb9\xc9\xb5\
C\xdc\xa3\xdb\xa5}\x9c\xf2/\x9d\xc3tX&\xb0l\
-\x84F0\x97\xf2e\x07m9M\xee56\xb1\xd2\
\xa1\x8b\xafs\xae\xe2\xcd\xb0pWk\xaa\x8e\x81\xe8\x19\
4m\x15\xd7x\xfcN\xe5\xe3\xa8\x9a,\xaeZ\x14%\
\xd2g\xbd\x88R\x9b\xa6V\xd3S(\x8eO\xef\x8bM\
\x07\x0f\x95\x97\xb2\xb4V\x8c\xdfW\xcf\xfc\xdeA\xd3\xc1\
\xd3\xa6\x03'9n\xfa\xfe\x7f\x9d}{pU\xc7\x99\
\xa7\xb0\x15\xe9\x22_\x04QlE\x96X|!\x94\xc0\
\xac\xb1o\xe2\x94\x13\xc7\xde\xd8Q\x9c\xc4v\xe2\x0bH\
\xb2\x89c@AB\x12/\xf3F\xc6\xb0\xc4B\x08\x90\
\x84@\x02\x8c\xc0<\x0crx8\xd8\xbcl\xccC\x02\
k\xb7fg\xb23\x8c+S\xb5\x13\xd7Tf6[\
\x89u\xaf\xa4\xec\xee8\xc3x\xa7Rq%\xda\xfe\xf5\
\xd7}\xce\xd7\xa7\xfb\x1c\xc9\xf3\x9f\x8d\xba\xbf\xee\xdb\xa7\
\x1f\xdf\xe3\xf7\xfd\xbel\x03\xf7\x99\xe3\xc6z\xc6\xd0\xe8\
\x85\xbfZp\x8a],\x94\x09q~{\xba\xc7\xf2\x94\
M\xd0\xd9\x14\xf3o\xcd\x9dn\x94z-\xe2\x09\x14\xa0\
-\xd0>j\xe7\x88\x81T\x03\x96Yc\xb9\x9b\xe6N\
\xaf\x8c\x8b\xd7z\xcc\x81j|u\xdd9)#g\x95\
\xedF\xf8\xeaA.\xe8#\x1d6\x03\x8b\xad\x0ce\xc1\
B\xebl\x97/4\xfc\x8fn\xbf\xf7D\x7f\x04|?\
\x8c\xd2\x94\x8bQjN\xb3\x1c\x92\x19\x81\x91\xd4\x11\xa5\
0\xdd\xd5\xdd4^f\xf7iG2I\xd1\xbcg%\
s!1\x16\xad\x93>\xba\xe5F\xd0\xef\xf3\xe9\x8b\xfb\
a\xc8\x80\x88h\xdd\x92u\xcb\xed`\xdf\x04\xc8\xa8.\
\xac}\xa82\x86\xdcs\xc6ZXD}\xc5\xe6\xcc\xbc\
zy\xf0\xbd+\xa1\xa9\xe8\xc5Z\xc4\xae\x97\x96-\x92\
\xe9\xc5\xcdmk7'\x0d[|Z@X\xe6\xec\x09\
u\xf8\x0f5\x0b[\x7f\xa0w{\x08(\x17\xb2\x03`\
\x02)\xc9\x0d&\x90\xcd;70z\x12\xd5\x5c\x1c\x16\
\xa1L\xb9\x9b\x17\xbf\x94\xb6\x9b\x1f\x1a8f\xe9Ty\
\xba\xf9\xb2lf\x05\xb1\x0e\x99\xe3\xd6\xa6\xcbCH\xa6\
\xe2qx\xcaY\x9f+'\xc5~I\xb7\xf7\x90\x8b\xdb\
:n\x889\xb3\xe3&\x83\xccV\xed&\x22\x99\xc7\xd3\
\x94\x98hU\x22\xf9\x0f\xc3q\xe8\xacn\xce\x1d<n\
Lc}T\x9c1\x9e!\x08\x90\xabW\xe3\xef(\xd4\
S\xa9\xb3\xfa\xfc.0\x07T\x92\x88\x1d\x16\x9a\x7f\xcb\
\xd0\xab\xc6\xe2\x00;u)\xd1r\xcewV\x0c\x9b-\
\xb7m\xcb\xf4Z\xa6l\xe9\xfc[\x88+l\xf9]\xf9\
/k\xfe\x11\x15\xd6+>^\xba\xac\xf2\xf3+\xfe\x5c\
\xfeK8\x7fP\xa4\xc9x\xf5\x1e\x96\x92$6}\xc7\
\x19\xb8\xbfw\xbdAe\x99q\x9d\xbfy\x06>\xff\xde\
C\xf8w\xe9\x01B\x04B\x18\x9b\xce7\xb1\x88jt\
F(\x9e\x05\x18K\xa2\xd7BU\xceD\x98\x10\xfd-\
\xfc\xda\x18\xb60\x7f\xb1\xad\xd8\xd0Hb\x87\xe3\x88\xc8\
\xc0\xf5\x07_\x1c\xe3#\xfej\xd40H8\xa6\xb8\xa0\
t\x0e\x92#\xceQ\xb8\xe1q\x1a>|\xffunH\
\xcd\x1c\xf5\xfe\xe3\x00@k\xffI\x14\xdf\xd9\xd1\xed\xbf\
)bZ\x7fvqkU\xfc\xdeRG'c`\x19\
d\xe5~\x97(\x95T\xecY\x03, \xf7\xac\x13/\
p'\xb5\xd4\x19G\x12\xd0t\x1b\xd3Wt?\x9e\x80\
\xa4\xb1KM!\xc2\x10\xffF\xee E\xde\x1d\xc2(\
\x18N\xa9\x84^\x98\xdd\xf1\x1b\x8c8\x88\xfc\x0d\xceP\
H\xde\xfc[\x96\xc57^\xf2\x08\x85\x1b}eN\x9a\
\x22\xb6+\x03\x85\xdc\xc4\x96\x90\xa5.\xe5^\x05\x0a\x96\
\xed\xd3\xc7\x82\x9cE|\x9f\x8a\x87Co\x08\xfab\xde\
\xc6%]\xcaUk\x84\xe6\xd6\xd0\x0c/ZH\x9ci\
\x9a7&\x22\xe2\xe4=\x1eMl)_\xdcQ;\x9f\
\xad\xd2w\x14\xb3+\x85\xbc\xeb\x8db\x81\xf9]\xe4\xe8\
]\xf5\xb5\xf2\x87\xaclO\xea\xdd\x03=(\x22\xed3\
\x87\xc66\xbe(9\xf4\x1c-k\xaf\xb0\x82\xc1\xb2e\
\xd7YGKqi\xd5\x8f%g\xef\xe6_\x0d\xc7g\
}W\xab\xa2\xd6)J\x12\xbc\x92\x13\x1f\x22f{c\
;WS\xa3\x0e\xd5\xa4\xf9\xb7V|n\xe3F\x5c\xe1\
\xc3%\x08\x03\x02\xc9\x80e\xa8\xbf\x1d8\x06\xe6\x1c\x14\
\x03]\xdd\x06\x5c\xa9\xbc\xac?\xbe~\x98\xf4Bq9\
 \x14,\xd7F|,B08~:8\x0b\x8d\x9f\
N\xf4\x84\x8e\x8f\xd1vsy\x99\xf3c\x08\x9d=s\
\xb1i\x84\x8f\x01+\xc0\x18\x87\xd4|\x07\xd7\x1aZ\xca\
\xa3b\xd2\x0d\x86y\x89'z\xb2\x12\x9al0\xdc_\
\x9cG\xe2\x0d\xd3a\xbc' \xc4n\x80W\x93k\x1e\
\xef8\x9c\x91\x9a\xbc0i\xf0\xc0\xc5\x15Oa2\xe1\
P\xb4\x8a\xdc|\x87\x15\xbf7\xde\xd1\x11h\x0e\x8b=\
!\xe15q\xbf\xa0\xc5\xe8\xfb\xc21\x99\x04\xb9n\xc1\
\x8cAv[\xc5\xc7\xa94,\xf2\xce\x1fo\xbc\xc3\xd0\
\xcd\x93\x9e#\x97\x181\xfcd\xd9\x8e\xf3\xa0a\xa1\x90\
7e\xc7:5\xf4\xd8\x82\xaf\xaf\x9fn\x80F\xe3\xe9\
\xabWe\xd8\xd5\x05\xf9\xccNe5\xdd\xc7\x96\xff\xea\
\xd5\xc1\xd3\xcd\xd6c\x00\xac[SnH\x1c~\x02a\
\xdc\x84\xe5\x10\x12t\xcf6\xae\xf3\x9c\x10(1\x1a5\
\xe5\xe26c\xa4Y\x05\xd4X\xc8\xa6\xbb\xcc\xc1\x9e5\
Ag_Z\xd9Xq\xdd\xd9\x95\x83%\x19q\x81\xe8\
\x0f6'\x88\xbeuB\xf5(\xe8\xc2,\xd8\xf1\xbc\x93\
\xc3\x8e\x9d\xf2\xfc\xdc\xf5\xd3\xb7\xfc+\xa8\xb3\x80\xebM\
\x8e\xe9\xdcP\xf1!(o\x9ar\xf7\xado\xe8_]\
\xfa\xfa\xaf\x99\x05\xa8d] ^-B\xee\x0a\x03\x8d\
\xb4\x11\x22\xc5\x11\x06\xa10\xd3\x06\x0e\x1f\x1ch>5\
\xd0d\xed\xb4I4\x1e\xcc\xaa\xe4\x18bQ\x987\xae\
mu\xed\xb5\x1f>\x0dh9\xb3\x01\xf5Xdaa\
\x14\x8f6\xe1\xfc\xb5\xc1\xf3G3\xdd\xdb\x09b\xee\xfc\
RP\xc4\x0c.4\xf5\xa5\x94V\xe5dD\xbb_\xaf\
\xe1\xf3sQ\x82\x87C\x94\x92c`\xb9\xd6tw\xfd\
US.\x98\x8c\x8c\x0d\x9cT\xa2\xdb\xb7\x89Y\x12j\
\x09hk2b\xe9\x0a\x16\xfbC\x12\x1b\x85\xe0\x9a-\
\xf6\xe3\xb8'\xd2\x95\xf0\xc0\xe7i\xa7>@\xf9\x87\xb0\
\xaav$\xcd0\x13\x80\x89\x0cK{ \xcd\xdfK{\
\xa04\x1a\xe7\x02c\x84\xce\xd4\xca?[\x0b,\xfb\x0e\
\xf6\xed\xc8\xd8\xc5t\xbe\xca'\x8eW39\x06\xc1^\
p[\x98\xcbMD\x15\xb4\xd4~A]o\x00z:\
\xe1\x83\x90\xe1_\xe2\xc1\xf0\xd6^1Wxk\x1ez\
 1\x0b#\xc7x\xbc7\x82;\xc1X~'\x80\xf2\
\xad\xef$A\xf7\xce\x81\xe0\xe3\xac\xfa\xdf\x9d\xf7\x18\x09\
nE\xd4M\xf9L\xfb\xde\xca\xec\xba\xe2Ns+\x84\
\x08\xa9_H\x10+.i\x83\x8fj\xb2\x12D\xba\x84\
\x86\xa9\xaaH\x9b\x93\xa4j\xaa\x96\x88 RS.\xf8\
\xc5\xe1L@Z\x17\xf4>h\x80F2\x17\x97/\xc3\
D8\x80\xd7\x9bp\x11K\x7f\x03\xe5v\x91\x12H:\
\xa1+\x0c\x89AQ'\x09\x04E\xa8Rl\xad\x84\xac\
\x84DTE\x99\xfd\x17\x1c)\xc3r\xed\x8d\xaf\x15\x8f\
J]\x8f\xeb\xe6\xc6r\x15\xf0.!$^\xe8h|\
,5\x8e\xfb\x03Qs\x0e\xec\xd0\xcd\x9dp\x0dyt\
ql\xb0\xde\x9a\xab\xb3\xael\xfd=\xe2\xf8\x86\x93\xd7\
\x7fE\x89\x94\x87\x8a\x16\x9csxf\x0e\x5c\x1ex\xf5\
\x98<\xc9\x87B-n=\xf0\xfc[p\x84F\x0c\x96\
0\x06\x13\xca\xb6\xf4\x94F\x88\x9e\x82\xf4\xa4y\xb9\x9a\
V\x10\xd9B\xabz\x80\x15uP\x0b\xde\x9b\xee\xed\x19\
<w\x0e\xd1=\xc61H\xc9C\xc8p\x96\x08R'\
\xd3\xe0mLG\xbf\xdd\xa1\x9d\x17(T\x83\x1bs&\
\xcd\x8d\x10\xccYR\x82\x01\xf2\xf7\xbf\x04u\xdb\xf3\xa8\
\x94\xc0\xbfR\x99o\xfbU\x98%\xf3$\xc9\xc5E\xb9\
\xbf\x8f4p\xd3\xbdrXQ$H,g\x98\x9f\xc5\
a\xfc|\x17\xf5\xae\xca\x9f\xa9\xbf}\xf1\xd7\xe7\x8d[\
\xf6\x8b-\x7f\x84y\xa1\xd3?}{7y\x1bn\xe1\
U=\x1b7\xd6\x95\xc1\xa9Q\x99-a\xd5\xcfl\xf9\
c\xc0\x9f\xb0\x04\x13=\xbd\x13\xf8\x19a\xb9\x1d\xbf\x8a\
\x18\xda\xf9\x0e\xa1\xbe\x91\xf9\xc1\x13F\x03\xa62\xf0\xa8\
\xf2F\x07\xb1$\xcc\x8c\xcb\xe4\x04Iw\xaa\xbb\x06)\
\x9d\x1d\x17B\x9d\x0fS\xf1K\x9c\xd4P^J\x1e\x03\
%LQ\xf3t\x90A\xc9\xec;\x07<\xe1N\x0c\x00\
\xa7\xb9\x0e&\x19\x8e\xf9IJ \x81\xda9\xac\xd5\xe9\
\xb0\x8f{\xb35\xe9\x96<!\x0en1t\x09\xd0\x17\
\xc9\xe6n\xfa\xa2R4\xd7\xd5hdY\x5c\x19\xc1\x03\
\xfdy\xfd\xd89\xf5/\x5c\xab\xbf\x1d\x96\x1f{\xb5\xa5\
0\xb5\xe82\x98\xe7y\x89\xb5\xcd\xa7\xb3\xf9\xb6oK\
\x9f\xbb\x86\x0f,-B\xe7D\x03\xc4IR\xb6\xdbh\
\x93\xcd\x03\x91\x04j\xee\x8c$\x14\xeb\xe6ueH\x81\
\xd6kh\x84\xa4&s\x01`\xc1\x95\x99\xd1\xb4\xac!\
\x99\xe5!\xe5/\xee\xa2\x17\x88\x16\xc0\xc3aX\x17\x13\
\x1c\x08\xc0\xfcoX\x9e\xfa\xb7\xcd\x83\x1b\xae?\xb7\x18\
T\x87\x8d\x7f\xeaLTO\xa8Xx\xf0\x0bl\xe7=\
H>\x05E\x99\xd7\xfd6HF\xaew\x0d\x1c\xdf\x92\
~\xedM\xe2A\x04\x5c\xb8\xf18\x90\xd9\xbb\xba\x87\xba\
\xfb\x1c[1\xa6\x1d\x16|\xc9|O\x85\xcd\xc7\xa9\x9a\
#\xbb\x99\x02\xa0\x11\xb8\xcc\x87\xb8(\xcap\x06\x80\x9d\
A\x8cG\x05\xd6,\xd6\x83F\x0c5\x8d\x0f\xf5\x19d\
\xc7\xab\xbe\xd6\xf2\x03\xc86\xa4\x15\x08i\xe0P\xa2\x89\
\xbb\x99\x9d\xaa\xbe\xd6\xd6\xd7\xb4\x869\x08D\x97\x0b[\
\x07[\xdf\xb1\xf4!`\x0d\x22\xc1\xe4\xf2\x88\x84\x82\xc9\
\xbb$\xd40H\xd2\x1b\xc8h\x00~\xbf\xee\x01\xff\xf5\
J\xde\x96\x95gj\xa7\xa9\x0f\xeaoG\x80\x0e^ \
H+\xcfYp;6Vj\xdc\xa6\xd2\xca\xd8\xc1\x09\
\xf5\xf7\xc8>yx\x19\xf1\x1eVf\x1f\xfc\x1cF\x14\
\xed_\xc1\xa8&\xf1.\xbb\xa8O+\x94\xa3\x93$X\
\xa7U\xe8\xb4\x9c\xf3\xf2\xa1\x14\x97n\x9eR|\xfb{\
q\xbf\x93\x07\x88\x1cN$\x08\x80\x9b\xab[i\x0f\x8b\
\x9e\x03o\x9f\x12B\x87\xdeh\xce\x1c\x01f,/\x8f\
\x1eez\x85\xc5\xc5>\xd4}\x8d\x86\x962\xfah\x02\
\x8c\x04\xd8q\xcd\x7f\xd3^W\xe2+\x0e\xae\xeep\x5c\
\xaf\x89\x93\xd1\xf8\x99\x88\xdf\xef\xf1\x1a\xeb\x85\xc0\xcd\xc7\
f>2\xf5q\xbe\xc7edz\x07\xef\xe2\x1cF\xa1\
\x9e\xc2b\xf4\xae\xf8]\xfd\xd8\xce\xbbSY\x15\xbfw\
\xf2\xb6NV\x92:\xce\xc0\xff\xd7\xf7\x1a9I\xa2X\
`\xa7@\xea\xbc\x5ch\xe4.o\x90S\xfa\x85\xed\xa4\
\x90'\xac*+v\xf5z\xf1\xcc\x04\xf0I$\xc3\x0d\
\xc2\xe1\x84\xa5 )%\xbaR \x16\x0c=z\xa6M\
U\xaaR\xa5\xb4\x09\xa2\xd2j\x9c*v\xb1\xe6S\xd4\
|\xb9\x0d\xcd\xd6\x08\xd38\x7f\x22_?\x8c\x10!\xbb\
\x0c\xcbY?vd\x0f\xa2;Y\xc8`\x96\xff\xb2\x9a\
\xc3\x91V\x87o1\x90.\xe4f\xa0\x8f\xc9\xd9\xf0r\
ej\xf9I\xffs\xdenh\xee\xa7\xad\x05\x80\x18\xac\
\xb3\x97\x9e\xe6\xfe\xf2OB\xd6\xf2\xbd\xf5c\xf1\x93(\
\xe5\xad\xed\xa6I\xfajB3\x10\x9eZ\xf4\xf3\xaa\xf6\
\x8a\xb5\x15\x1f\xfb\xb9L\xecn\xaaS\xa3\xbf\xd3\x0de\
C\xfe^/\x15n\xf0\xfc\x15'Ql\x00\xcdA\x91\
+a\x9bB#\xde\xf5.\x94b3\xb5\xc9q\xb5\x94\
\xea\x1fB\xce\xdb\x11\xd3\xbc\xa6\x19\xd3\x1c}\x82W\x91\
\x1eGg\x0eZz\xe0d.9\x90)\xe8V\x0e\x8b\
\xb5L\xb0eB\xa6\x9f!\xea\x9e/1f\x92\xf7>\
\x90\x15j\x19<\x90M{\xd6\xe20.\xe1\x9a\xa2\x5c\
\xe5p\xa2\xe2\x89\xbe&\xaaOa\x93\xbc\x8e\xda\x7f\xbe\
\xf8Q\xe6\x8f3uO~\x06\x81\xc9 H\xd0{\xcd\
\x99\xe3\x96\xe5\xfeUL\x14\x8ed\xbe\xa7)\xf40,\
\xf9M\xf5\xbf\xebL:\x83\x5c\xa9L\x0d,]\xca\x01\
Vl\x0aV\xe0\x19\x90\xca\x05\xfd\x95'\xce\xb9\xa9\x97\
b0\x17\x0c3!\xae\x905N\xa3`\x82\xde\x08\xe0\
\xe65\xaa\x8e\x15\xd0W'\xa4\x00\x81nm\x9d0\xe8\
\xfb\x89G\xf9{\xe2U\x7fZ_\xfbB\xeb\x9c\xc5P\
|\xd98}7\x06\xf6\x9fL\x9fk\x05\x99\xa4T}\
\xedqD\xc7\xf9\xf7\xae\x5c\xc5\xc7\x91\x9d.\xfd,\xd3\
\xb3\xd59\x0e\xde\x05\xa3\x8b\x1e\x87|Z\xce\x8ey\xe8\
\xb8z\xf2\x81\xe1\x85\x7f\xcd\x94.\xd9-s\xe0xz\
\x1f\x1e\x16\xe7\xdc\xc0\xbf\x1a\x9c\x1bq\xabZ\xcd\x91\xbd\
\xd7\xf0Q\xcdi\xbf9=4\x03\x87\xf7dv\x9fv\
67\x1c\x85\xaa\xb9\xdb\xfb\x17\xb3j$\xc7\xf93f\
\xc5\x06@\xb9\xef\xc7\x06\x88_\xdf\x96)\x1a\x190\xf9\
\xb8\x22\xe2w\x82\xe5\xa7t6W\x1cC\xb6Kr\x8c\
\x8e\x09$\xc7\x00\x9c\xdc\x94\x8bh\x87\x01\xd6\x99I\x82\
(\xe7\xe5#\x9c5\x04\x0b\xe0^\x96\xf0\xe5\xf4\xdev\
\x0a\x89\xb8\xd1<q\x8c\x04<\x82I\xafE2\x89@\
\xda\xbd\x0f\xb3\xab'\x94\x1fc?[X=m\xc7\xac\
\x83Q=\xa3\xe2C\xa7\xd9]\x04\xc7lG\xd7\xc8\x06\
w6\xfc\xbf|\x9c3\x0e\x06\xb6<4\x0a8\x83\xc7\
S\xd3P'\xaf\xecC\xc1\xed`\x1f/\x9cm\xbd4\
&!wr\x8cv\x14c\xe4\xa6\x5c\x94\xb0\x06\xf1\x96\
\x7f'\x06\xdc\xcf\xda\xf1\x87\xf9\xe0Nl;\x99\xde\xd3\
F\xec[\x96;\xce\xf7{C\xb8\x1e(U\x8a\x010\
P\xe8 *\x8e@G\xf4\xdaeE\xee%\x87\xb2\xb6\
\xa5\xce\xa4b\xdb\x92\xe5KY\xbeI\xfd)\x1b\x9a\xb5\
\x0b)5.\x95\xb5\xe5\x13\x1dXh\xdd\x02?\x07\x1e\
1\x16\xa9(\xe3\x1f\x19\xaf\x16\xf3\x07!K\xf9j\xe3\
\xe0\x8eK<\xc4\x80\xc0\x91t\x8d\xd0\x13\xe7\x88o\x14\
\xaa\xf2\xc3\xba\x848h\xc3\x85\x09\xc1\xbe#\xe5\x22\xcd\
\xae]S'4\x97\x95\x96\x16\x0b\xf5\x05\x8fI\xf93\
U\x8d\xf8A\x07\xc7\xe80\xbd\x99\x10\xaeR|\xe4\x83\
\x81y\xbf\xdf\xa8\xfc\xe7\xdd\xef\xf1\x18\xbd[_\x98\x88\
QHz\xaa\x14\xf2\xc1\x00aS\x19\xa8<2-\x17\
\x96;\x89\x96\xcc\x0fQ \x808\x96\xc1\x0a\xc0\x16(\
\x81Q!Vt\xdc\xf7\xdfkN\xb2\xef.;\x0d\xed\
{\xdf\x11t\xcf6\xa0\xa69\xa4+Xg]\x81\xf2\
+$\xbb\xe4\xf2\xac\xe5\x5c6:$*\x16\xd7._\
n\xe7\xb2\x89n^\xd2\x9d\xd79+\x81\xe4+?\x88\
O\x22\xfcd;)+A\xb9W\x96\xb3\xa0fk\xcd\
/8\x0dt\xa6\xf5\xadLG\x87\x83\x06:F-\x19\
|&\xee\xb5u`a\xeeGs\xbf\x92\x86\xaa\xaba\
d\xc954\xef\xdf\xd9\xf0\x9f\x9br7\x9f\xdd\xe9\x87\
\xff\x1ePBu\x8d\x0d*\xb9\xa13\xe5\xb0\xcb\xc5\x1e\
\xeb\xd8#n\x04\xf1\xf7L\x9b\xf5\x83\xf21\xae\x03\x99\
p\x17\xc9\x1d\x01\x9f\x10\x03\x0b\x1c0I\xfcG\x82\xdc\
\x8d I\xf6\x9d\xad\x9a\xeb\xf4\x7f?L\xce\xbb!\xdf\
\xdfrJW\xbfL\x1b\x5c[\x11T2B\x02\x06J\
\x80\x93\xf7\x19\x05\x10\x1e\x15JB\x16\xd9\x1d@\xd2\xd6\
\x95\x81\x90\x05;\xc1\x1b\xb0\x96\x93\xd0q\xeb!PZ\
BC\x0c\x0e\x8b#\x93>rAR\x11P\x1cUh\
\x1c(\x01\xa4\x8d\x10\x85\xa3=p\x99\xe8[h;\xd9\
y{\xe2vm\xca5\xd0\x91\xe3\xe9\xfe\xc4\x9d\xedf\
\xe1\xaf\x19\xf3\x93v|%\x13t.\xbe\xf2@\xefY\
\xfaJ\xee\x8fS\x8a\x8e\x92\xb4P\xe9\xea\xe4\xeb\x15[\
\xeb\x13\x8f\x93y\x88\xc1K\x1e$\x91\xb6\xb7\xd7s\xf5\
\xd2\xe6\xe2!\x1aK\xbb\xa8\x19\x8b\xd1\xf6<\xf3\xca\x0a\
\x9b\x7f&X\x01 \xd3\xdeJ\xc3\x0cmCn\xaeA\
8\x13R\x01`\xea\xac\xa3\xf8%K\xdfh\xed\x029\
\x9cm\x8d\x19K;U\x8c\xa0~\x82\x0ay\xc8\xa4$\
m\x8a\xb9\xd7;V\xd3\x92j1\x8a\x90\xc73\xbb[\
\xfa{Z([\xd1\x0a\x01\xa09\xb0\x95\xc2\x82\xf9~\
\xcb\x0f\xea\xca\x8c\xae\x93\xa8\xab\xc2(\xc0r!\x8e\x84\
\xcbna1\x14\xad1\xd3\x10\xa9\xec\x8c;\x0d1\x07\
\xac\x98\xc6m$I/\x1d\xb7Q\xa9\xe4\xcf,\x06F\
\x08\xf0\xf4\xf9\xb7@\xde\xe4\xff\xbf\xaa_\x9d\xf4Ce\
\x9a>\xf3P\x12`u\x89h\x04\x87\x93\xf7\x0f2\xc9\
\x0d\xff\x17\x1c\xe9\x07j\xa4MY\xabeto\xbd.\
\xd7k\x8cK\x05}\x95?\x84\xcd`\x93xq\x17\x8a\
/I\x15t\xfd\xb8\xe0\xa3\xde|6\xad^_\xbb\x1e\
\xe5{\x03\xd3\xda\xb4\xb6\x16\xce\x11>\xb7MTp{\
\xb3}\xa2\xfe\xae\xe2C\xb9uRY\xe5>\xa5D\xa6\
\xa3Sl\xfc\xc4\xb7R\xe5\x96\xb5\x8b\x0e83d{\
\x18*R\x09uS\x91dm\x85\x84\xe8D\x90c\xe6\
zQ\xef\x90\x5c\xafE\x137Oaoc\xe7\x91\x81\
K\x96%\x1eC#\xd3\xc9F\x0dC\x92\x00us\xa2\
\xf73\xb4\xa9\x12\xde\xd1\xa3\xf2s\xabI\xb1E'\xf6\
^\x09\xec\xd4\xbd'\x86^m\x0cI\x98E\xf3\xc0\xa1\
\xa2\xe6\xeeC\x85\xe6\x11\x87Jv\x1d\xed\xa1\xca^t\
\x96\x91\xf6\xe5d\xf6\x9eu\xd0\xf5\xcd\xd0\xca\x13\xad\xc9\
\xfc[\xb5\x0f\xefl\x83\xee\x09\x9f@\x08\xd0\xf71\xae\
@y+%Io\xaf\xa5;\x0e\x92\xdeI\xbe\x80Q\
!\x81'zT\x87\xc5\x11\xc8\xbcb\x93\xc8\xf0P\x04\
Bo\x82/\x90\xc0\xa2\xccF2\x85x\xc0P\xe7\xba\
\xf8h\x0d\xfc~\xb0h\xa5\xee\xa8\xbdfR>0_\
\xddcN\xc4\x86.Jt^\x01\x08\xba\xae9\x09 \
\x5c\xd5\xa50\x073\xe9D?\xce\xce\xa4\x13K\xd7\x8e\
G\xa9\xd2\x09\xdd\xdc\xcb\xdc\x09\xad\x01\xcd\xc5\xc8\x1c\x9e\
\xf0\xa5\xbf\xd3\x94\x1aX\xfe\xbb\x83\x92B\xd7\x7f\x82\x96\
\x03b\xb1\x15\x9f{\xf6\x5c\xf0\x13\xea\xfau\xe0\x10\xa3\
\xd4\xc7\xd0\xa9\x0c\xc7\xa0VB\x10\x8b=N2\xf5\x9c\
\x16\xf5\xc6Ky\x8e0c\x01\x84u\xa66\xde\x01\x0c\
\xc9\xb2E@\xecX\xeb\xd3\xb7CX\x07\x84\x14\xc9\x9c\
=A\xb8\x1c\xe7G2\xf8\x0b\xd4Gr\x93\x17\xc8\x99\
\xa3\x5c\x1ckN\xc5\xe5d\xb18\xeba\xac}h\xde\
7\x8d\x87\xf1\xd5\xcb\xe9\x0b\xef;\x1e\xc6\x22\xe8\x87\xd1\
9[\xa4\xd9E\xe4l\xc5\x90j\x15\xd8\x9f\xb2O\xc8\
\xfe\x94\xcd\x0d\xd4\x8ej\xeeD\xed\xc8\xe6fR\x145\
\x0fI\x8a\xd2\xcdyR\x14\xef\xe0H\x8a\x9a\x0e\xc3\xdf\
\xd6\xa5\x84\xd1\xb1>\xab^V\xb1_%\xfem\x0d\x83\
\xb5\x16\x91\xe9\xef\xa9R\xd5\xeb\xeb\xd7\xd4\xaeZ\xb9\xc6\
\x86\xb7\x1a\x80\xab\x1c7\xbc*\xdb\x88\xd4\xe7\xb8\xc3\xf1\
14\xfa\xc9\x7f\xda\xd4\xcd~\x16\x95\x9d\xd4D!\xce\
\x1e&j+\xaa\x82G\x1er\x98\x9br\x0d_\xd2x\
\xcaM\xc6%\xe6t!\xdd\xa7\xf3\x9eQ\xbf<kF\
\xd6\xfdb\xfb\xa0\xa4\xfc\xbdY\x8fd=\x02rj\xf6\
7\xbf\x8ay)\xcfxNL\x9fq\xff\xba\x0d\xeb\xee\
}\xe4\x11\x22\xa9\xf6\xfe\xd5*\xd8=\x09\xb9\x02\x94O\
C\x9e\x12\xcfBL\x18\x10\xf7/Q\x0a\x81\x97M\xe3\
\xb9G`\x16&\xdc\xe0\xf78dk\x1f\x0c\xb32\xa4\
$\xeee\xb1\xb7\xa7\xe8\x18\xb8me\xa7\x88\xe6\xc6l\
us\xe7\xb4b\xb5\x17\x82\x94\xf6\x00\x1e\x84Q\xda\xe7\
\xa0T\x03O\xa1\xa5\xea\x0c\x0e\xe8\xf1\x8c\xd5\x93\x97\xff\
2\x08C\xc3@v\xf9y\x9f\xf5\x06\x90\xd5w\xf7k\
(\x1aM\x81U\x9f\xb7\xb0]\x18#,'\xcc\xce\xbb\
a/\xe8T\x1a)\x98\x14\xc6rl\x1c\xcfd\x81\x1e\
N'\xcb3\x81%\x5c \xcf\x93\x1fI\x0e\xee\xa9h\
9tk9\xe4$\xb8\x1c\xa8RK\xdf\xa8O#\xd6\
S\x99\x0fl0\x93\x9a\xb4\xa5\x92\xf2\x94\xf9i#\xe2\
O\x8a[Z!\x82]\xec\x82\x18JS\xf5\x11\x05j\
\xdb\xcd\x8d\xe3h \xe6\x0e\xa3a\x18\x81\x9f\xc7y\x8a\
Zjo\x86\xa3\x8e\xbd\x01\xa0\xbd#]i\xe4\x01T\
\xf4X\xa6,\x8d<@6x\x96\xd8\x15(\xa9\x94\xac\
\xed\xbdz\xb2q\xd2\xc6\x8af!\x89#\x86\x95\x91\xe3\
\xb6/\x12\xfa\xc7\xa0\x08\x9d4\xc0\xa4\xbe\xdbV\x87\xb8\
\x98\x11\xd2K\xf2\x1f\xa3\xaa\xcd)+K\xe9\xb8\xd0k\
\xa9p\x9e3\xce\xf7\x15\x9bJ\x10e_\x17\xfd\x5c\xa2\
\x94\x0b\xf1WT\xf6\xaa\xcc\xd781\xce.\x13A)\
H%b\x11\xd3\xa5\xcf\xd9\xa2L)*\x09\x06\xe7*\
C\x9996N\x9c\x18,\xd6?\xdf\xf2\x83ZV\xe0\
\xcc#\xa8\x80'G\x98\x16\xfbm\xd5\x1a\x1dA\x80?\
\x1c\x93\xa4\xf8\xbeBu\xa7\x02\x86Iz{\xa1P\x81\
\xf2\xbe\xd59.\x98?\x0c\xee\x185.\xf1\x7f\xb8y\
d&\xca\x12S\xb7\xd05\x02F[\xac\x04\x89\x17@\
\xca\x8a\x00\xd0\xca\x99\xa0L\x9a\xe1\x0bR3\xa1Ri\
D\xe0a\xb9\x14tQJ\x1c\x0b\xbd{\xf4\x11G0\
7p8\x1e\xe6\xe5(\xd5\x19d{\x88\x1fuU\x8b\
7\xec\xac\xe4\xeb\x91\x91\xdb\xcc\x00ow\x19#\xc8<\
g\x07\xf2m\x86\xee\xbdp\xfc\xf3\x08PT\xb9\xe6\x0d\
F\xd5\xe7o2\x8b\x86I\xce4w\xa4Ot\x11\x91\
Q\xf4\xdc\xf1T\xc9\xfd\xe7\x5ct\xcc\xc1\x04\x88\xf3Q\
\xdc\x08\x93\xdb\xea\x1e\xf0\x81\xc8\x99\x83\x96\x09Y\x80\x13\
Fi\xa2\x9a\x10\x91\xdd\xddt|t\xc2(gCt\
\xcaY\xf08(\x0e7\xafn\x8b\x19f\xaf\x96s\xf5\
41\x1d\xca29\xddn\x93\xb6X\xf2\xc4\x00\xba\xf4\
A\xe5\xe7}\xee\x11\x83\x17\x7f\xaa\x92\xa7\xc0K \xbd\
\xe7\x14$n\xbe|O\xf0\xb2\x9a\xd1\x09\x06db4\
\x82\xe5/'\xf6\x04\xcb\xecT\xbf\xdcgM\x88\xb0B\
\x8b4\xf9b\xe5\xe6\xcaq\x1b7\xee\xdf\x07g\x86\x11\
\x09\x9d\xcai\x16\xd3{n\xc0\xe3\xf2\xb3\x1ea\xff(\
\xaf\x8636Z\xac\xc5\xe2\xba\xac\xf8\x9b\xbaO\x9e\xbb\
\xb4\xe7\x83@\x11\xd8i\x5c\xb0\xba\x09;\xda2\x87\x85\
\xe0\x93bW\x86\xd6{\xbd\x13\xb2_|\xa4\xfc\x97\x0d\
\xcd]\x9f\xae\xe8\x0c\xb0aNRR/\xf5\x82\xda\xf4\
P3\xf2%z:C)2'@\x182.\x10b\
4\xf6O\x91\xe2\x01\x92\xf9\x16*`\xe9&\x9b\x80\x08\
\xb3\xe2\x82\xea\xea\xac\xb8 G\xdc\xfc\xce\xe6\x85\xeb\xa7\
\xef\xf9\x05v\xad5\xe2\x8d=\x03\xbd\xa0>\x18\xda\xd1\
A\x9b\xd69b\xeb\x1fX\xdaY\xdc\xe3\x90t\xe4\x93\
\x15\xa29!\xe35n\x07<d\xc1/\xec\xd3:\x9a\
\xb0\x1d\x22\x18s\xfe\x0c\x08\xb5\xea\xdf\x15qqQ\xb5\
\xf0\x0a\xb4\x88\xed\xcf\xae\xcbyn\xb1ak\x96\x18B\
N4\xe3)\x7f-$a\xc4\xfb}\xb0\xbe\x1b\x9aQ\
*k\xcd\xcb?\x9e\xe6c\x92\xb8,\xb2\xc7\xb11d\
\xe5\xac\x81\xd6k\x99F\x0b/\x11\xaf{k\xf5d\xab\
 IA\xe6P\x13\x5c\xa7\x11eIdG\x8bqQ\
w\x8c\xe2]\xac{\xab\xae\x0c\xda\x9b\xca\xed5\x89,\
\x0b\xa5\x80\xcb\xa4\xb7\xa9T^\x07\x7fe\xbc\xee\x93\xe7\
\x8b\xb1\x10\x86VT \x8eT\xfa\xc4!\xf5\xf3\x9dz\
Olg[\xdd'\x86\xeb'.:e^\xbd\xe6\xf6\
\xf6\xc4\xeb\xb3f\xa5\xb42\xc4\xc69\xd2\xd8\x7fc7\
\xd7l,}\xaf>\xab\x83Q\x94\x88\x0e\x83}v\xd1\
\x90\xfa\x19\xa8b\xcb\xd4\xc7#g\xa8\x8c\xade\x0a\xfb\
4J\xcc\x146\x19\x93\x1c}p\x0f\xe3\x155\xfaD\
\xc5\x0f\xf3\xe1\x17s\x10\x93\xddE\xfe\xb0\x11\x08\xc9r\
\x02^\xb5\xb1\xa1^\xb4<ji2'x\xad\xdd\x9e\
\xf2|\xea\xa3\x01j\xc1\xb9\xa1\x1f\x8b\x91\x85\x8ch\xf8\
\xad\xfd\x11\xdd\x8ej\xd5\xc7Z\xc1(f\xa9<\x9f#\
\x8cm1F\x0bf\xed\x14cJ9\xee\x99$\x10`\
K\x8e\x81\x1a\xd1\x94\xab\xcb\x18a7\xe8\xc0!\xbb\xe2\
\x94\xd7v\x8bb\xa1\xd8\xdbN\x15\x8b\xd4\x05\xe3\x5c\xda\
\x04\x1c\xc6\x00\xdeu~e\xc1\xa9\xe4\x18\xdc\x07\xe4b\
\xd6.efxH\xf1t\xb4\xc5}\x99\xee9\x85\xa1\
\xe4E\xe1\xf9\x97\xb9\x1f\xd9\xd2\xf6\xe4PJ!\xd2\xb3\
\x1f\x8e\xc3+\x04o*\xael\xeb7\xa9A\x03\xcc\x1a\
B\xd5#\xbf\x91\x22\x98#\x98\xa4\xf3\xf7\x95b\xd0T\
) {X4 a\x86\xe3\xc8\x8dF\xceq\x95\xb4\
7\x0cd\xcc\x83j\xc0k\x97\x15\x9a\x8fn\x14\x09\x97\
\x01\xc0\xb0E\x827:w\x93A\xe2\x06\xd0\xc85\xc5\
O\x99\xf5\x9b\x1f\xafL\x8e\xc1\x0f\x04\xad\x08!*\x0d\
x\x98\xfey\x84\x92Q\x89V[\xd4o\x93\xc4#\x1e\
\xb2\xd2\x0d!\xbb_\x0f\x85s\xebgq\x22q\xbff\
\xac6%\xaa\x0b\x91Jd\xf8\x87\xbf\xc3\x07V\x91w\
3\x9fSq\x02\xb5\xb7r\xc3\x03\xea\x16\xd1L8=\
\xc9\xf2\x0b\x93\xc2V\x7f\xdf\xc11\xda?=\x1c\xc7\xbf\
T\xe6c\xb11;\xa471}\x9e\xc8\xa6=E\xee\
\xc8\xdbb\x85\xb9\xfbZF\xbb\xf1'o\xd9U\xc6\xa9\
\xccs\xb2\x1e\x5cMzM\x8c*\x81\x07\x97\x11[{\
\x5c)\xee\x07wB(yv\xd1h\xe9\xb1'\x05E\
\x88\xa5q\xb9\xf6f\x86\x09\xc4\xa2\x8c\xe8\xf5\x9b\xc2G\
\xa9\xcc\x86\xd6#\xdd\x91H\x7f|6+\xd1\xce\xcb\x0e\
\xdek\x8f\x84\x04>\x22d=\xd4\x9c\xf8\xf6\xecg\x13\
\x83\x97\x8e9\x8a\xb0\xdd\xc7G\x91\xe9\x13\xcfl\xf9#\
\x8a\xc6H\xba\x85\xb04\x9c\xa4c<\xb2-$:\x8c\
\xd0\x8c d\x08\xcb\xd3)\xc2\xb0\xf5\xf7\xcdM\xfa\x98\
\x929\xdf68\xf1\x8b\xd5\x10\x0c\x13\xb2mk\x08C\
>\x84\x05pp\x04\xa1w\x1e\xe3\xb8nn\xb0\x0b\x17\
\xf0.n\x8ea\xf9\xdd\xb1N\xfbw.\xad\xaa+\xdb\
\xffRS.\xf4\xb5\x05k\xe7~\xcf\xf8\x1a\xea\xbb\xab\
u\x11_\xf9\x08\xf2*\x87\xf6\xf7\x01\x22$5\xb7\xf4\
\xb5w\xd3Gw\xb8\xbf\xc8T\x8c\xc2\xb3\xb7\xf4\xe5)\
6\xbd\xac(\x03\xdd\xdb\x1a\xcb\xca\xe2\xf2\x8e\x01\x15\x9c\
!\x95\xdc\xf9\x08Ak\xc3\x1d\x96\x1c\xa3y\x17S\xa5\
\xc0\xbe\x99\x1c\x08j\x1c\x06\x0b\xf7\xc0\xfe\xea\x87^\xbb\
\xac\xf0vn\xa2\x0f\x03\x14\x9f\xe3\xc6\xbc\xe7\xa3\x11\xae\
\x91\x9a\xbf\x9bu\x98E\xa2\xee\xa2\xe6t3d::\
\xfb\xdf?\xec\x08I\xc5\xd1\x1b_\x04$\xb3\xc6\x87\x15\
}i\xe1\x89S\xd6B\xb0\xa3\xa3\x87b\xfb\xb6\x84\xd3\
(\x96\x11\x09SD\xb8\xa6A\x06l\x00X$r\xf9\
\xa7\x8c\xf7Y\x0c\xe0\xa3\xdb\xbe\xbdR\xd2\x90$f\xaf\
Y\xd9\xb0dQ\xed\x9a\xc4\xb3\xe5OYF\xe6\xe2\xc9\
\x87\xe6b\xc8\xb9\xc9\xb9\x8f/h\xc07\x80{\xd2\xcc\
t\xc8\x1c\xef\x1e:\xa3`s\xe2\x14\xa4\x8f6\x8aE\
V)\x17\xd2{\x19\x92\xe9\xb0\xf8\xe1E\xbf\x22\xae\xbc\
\x86f8\xdc-\xc5lj\xe6\xf85q\x90<\x16<\
p\x09IW{\x94\xb6\x96\xb3\xf4\x8d\x15\xf7\x19\x11\xbf\
\x9f6f\xde\xdb\xe9\x88\xf8\x15\x80\x0a \x95\xb5\xf8h\
\xedC\xe5\xc9\x86\xe6\x97\xfe\xef\xac\xdf\xb0\xbbZR\x01\
\xf4_m\xcc\x1c\xedF\xcc\xb0\xe5\x02\x0c\x9ac0P\
\xed\xe8\x92\x90c\xd4\x1e\x88\xab\xde\xceJ\x039h\xfe\
\xdcb6A\xd9\xd8\x19\xb6\x82\xe0\xedLQW\x823\
GO:tu\xf9{H8~\x91\xd1Q\xfd\x1eo\
(\xfaIn9rXc5\xd4\xb0\xee\x9f\x9f\x8d\xba\
\xda\xec\xc8\xc8R\xdav\xed\xc9\x9a`\x11D\xf2\xc3\x84\
\x14ADs\xb3\x08\xa2j\xee,\x82X\x08\x8e2x\
\x00\xc3*:)\xfe1\xe9\x06\x0c\xa9\xe8\x94\xa7e0\
\xa0\xe6x\xde\xcf\x81\xd5\x9c\xa0\xfbXI:\x05\xbc\xa7\
;+'_w\x86\xfb\x8f\x0dz\x17\xefJ.@\xc7\
\xd01]\xd4\xc9\x5c!]\x81\xc9z\x14ts\xb3\x96\
\xbaU\x8e\xeen.DUTw\x97\x9b\x9b\xa0%Z\
2\x0a\xb8\x0cw\xe7)\x92TN\xe8\xc1\x9a\x0f\x22\xc2\
\x85\xfd%M\x1e'k\x023\xc8a\x84/{\xa2\x94\
\xef\x0c\xb8\xb1\x95.R\x92\xcd\xe0\x9ac\xb1\xef\xd4\xe2\
|\xde=&f\x12\x17\x13\xb0\x15\x1c\xc2\x92\x10\xa6\x8d\
\xeaD)A\x0eRy\xcb&\xe3\xdf\x22a'_V\
\x031\xdb[\xc8\x07\x1e\x01.\xa5\xb7\xbb\xe9\x0fQ`\
\x14\xf9\xd1\xc8\x0aA\xd4j\xf6\xdd\xc1\xb5\xf0L\x0d\x15\
\xa5j|\xcd\xb9\x93`\x9e\xe9\xba\xcf\x10\xb5\xe9\xa9\xaa\
mHr\xe0\x15#\x94@\xca\xf9b\x18[%\xfcl\
k\xfa\xfdm\x94\x01\xe1B\xfa`\x14`]\x83\xdb\x9b\
p\xae\xceI)\xe0tTV^\x09\x172B&^\
\xa9\x969\xda\x8c?.\xfb3d\xfc\xc9\xcd\x15J\x14\
\xae6\xd7h\xb9\xc2\xe5B\xd4\xa7\xab\x7f2\xca\x858\
v2\xd3\xfa\xfe\x08\x13\x94\x1b\x16\x14 \xae\xcdi\xd3\
\x81\xb0\x93\xf1\x90\x1aER}\xd8i\xc2N\xaa\x0f\xc7\
\x89\x91W3\x023\xf6\xd5L\x01\x17G\x1fY\xf4\xce\
\x84\xeb\xf1\x8dJ\x15\x85\x8d\xba\x95\x8f*\xa7\xac\x0b\xa0\
g\xefY\xaf\x9a\xb0\xbb\xcee\xa1\x1e\x1e\x1fT\xe7\xb1\
\xb0\xe9O\xe6\x83\xd9\x14&\x8e\x1f\x94\xd0\x9c\xb10\x7f\
|\xff\x85\xff\x93X\xf0\x99\xd1\xc4\xf2<k\xfbW8\
?\xb5&\xa6u\x80\x15\x1e\x08\x85DL\xb5\xb9i\xbd\
\x1b\xf5\x810\x5c\xc4W0\x1c\x9e\xbf\xe1\x92C\xff\x00\
\xe3$u\xc7\xfc[\xa9{\x16\xff7\x17N\x82\xaa\xd0\
\xf9<\x5c4 =\x90\xa8*\xf2\xd6A\xb2T\xfa\xaf\
\xc2a\xd3\x7f\xf5\x8d\xf4\xf5\xad>b\xc2+HgU\
T\xa4\x0c\xe3\x03Y\xad[RY\xb3\xef\xd8\xb8\xe4\x85\
Cf\xa9\xd6\xe4m\x94\x91<O\xb2\xeeu\xfc\xfds\
\xbfN\x95R\xb1\xa8\x03\xd5\xf5\xaf\xc0\x04a\xb7\xde\x8f\
\xbd\x1cb\xa4\x04\x9c\xda\x22\x14\xc8\xfe\xabg\x06\xde|\
\x17\x15\x92\xcc\xfa\xad\xe2\xd6\xf3\xb3\x90/l'\xca\x9e\
\xc1\xbeW\xd3\x87_\x17\xfa\xb3Wj\x0a,\xe6G\xfb\
\xc8fq\x01\x1e\x96\xfd\x02\xf4MK\xbf\xd4\xd0\x0c\x10\
\xddp\xdc/\xee\xc3\xa65#s\xbe\x83\x88\x9a2\xc7\
\xaf@\x8d\x96\xd8:8Y\xcc\xb2>\xae\xa2&/\xfe\
\x91qb\xe4d\xde\xdb\xe6 \xc4\xc8s\x80b\xc7\x8f\
\x00r-\xf5\xfb4\xe5\x22k\x09\x8e\xdf\xd4\xb8\x8a\x87\
\xf7<\xc3\xe1\xb6,ll\xcaC\x9e\x84\xcc^\x22\x9f\
0*\xc7\xb7_\x1b\xda\xb6\xcbF\xdbZV\x0d\x8d,\
u\x8eUb\x93\xd5\x08uqaV\xbd\x01\xf6\xbb\xcb\
\x1b\x0dj\xc6\xaa\x855\xcb\x16\xd6\xdb\x80\xbf\xe9R\xd2\
_\xd4n0a\xc2\x08\x19\xa7\xd2\xb82\xf1\xbb\xf6p\
\xd3\xe0Q%\xb7\xa3\x09\x088\x17B\x98\x02\xc5\xfd\xbd\
'\x15C\x92\xfc\x8d\x94\x18a\xdd\xf6\xa8\xa5\x95\x1c3\
\xfb\xdd\x8e\xafW\xb6\xc3\xd1\xa7\x13<\x1a\x9a\x0d \xdd\
LB\xc6!q\xf3\xfaq\x18j{\xb5\x073@\xe5\
\xe3\xc4\xdb\x15b\x14\x99l!d\xa6J1\x9a\xe1C\
\x9bL\xd2\xd5\xb3$E\xc0\x81I#9\xbdd\xd9/\
\xfe\x8b\xb1\xa7\xae\x5ct\xec\xa9\xf8\x8b\x9f\x96\x1f\xb7\x8a\
\xa1\x17d\xae\xf4\x0aM+\xaa$z>:\xfa\x91\xe0\
`W\x1e\xf9\xb5\xd4\x0e\x00`\x02\xb8|\x09r\x09\xc9\
\xc8As\x9dP\xc3\xc6\x91]\xa2\x9e\xe9l\x83])\
\xc7M\x954\x03\x8d\xe6\xdf\xda<\xb4\xbc\xab\xb2\xdd/\
\xb3B\x8c\xcc@\xc3\x13\x19\xafA\xc5\xfb\x18\x89BV\
\xfau\xb1\xf8\xef\xa00\x82Yl\xc5\xa7\x11\xd7\xd1G\
]\x8f\xc9E\xce\x1b\xc7\x1c,g|\x01\x8d\x12\xe5n\
\x8f\xa1c \xde%;\xb9\xe32bA\xba\x16\x19\x0b\
2\xf4\xda\x09\xc7d\xba\x16\xe1\xe93\x5cp\x05\xd4X\
9\x93\x9d\xae\xb7\x09\xe8\xa89H\x02\xf0w\xea\xcc^\
\xc9\x90\x80\x1cDX\x99\xacj\xec\xa8|\xd6\x18:\xd6\
nX\xf4+c!\xd0)|\xaan\x8eB\xd5mD\
\x8eB9U\xcd\xd3\x18\x9c*\xa7f\xb4|z\xe8\xe8\
\xf6\xe9a\xc5\x9br7\x0f\xbd\xf0C\xe6k#\x81\xe1\
>=\xfa\x85p'\x8a\xbdhW\x93\xceFmz\xf6\
\xcdeEz\xeb\x8aC\x1dz\x8d\x05\x1b\x8es\xce2\
\xe3\xd0\xcd\xa4\xda\xf4\x1c\xe5%/Uw\x0a[p\x94\
\xd9\x18\x05K\x86PP\xed\x7f\x15\x07K\xd1\x91\x80\x8d\
\x16\xe0\xa5\xe1\x92\xa6t\xea\x03D\x8f\xfd\xaa2H\x7f\
\x00\x8e#5S\x13g\xe9\xa82{y\x17\xd1\xbc\x94\
\x8a'\x03F\x99\x03\x08\x8e\x13\x15\x09\x91\xd7\x12\xba\x09\
\xb4\xd9;O\xf6\xf7\xeeR\xe0A\xb3(\x0d\xe5K\x10\
\x16\xa4\xff\xeaY\xaa@\x84\x10\xb5\xeb\xcd6\xd0\x029\
nl\xc0\x8f\xd0H)Zp\x18\xaeU\x95\xe6T\x1e\
\xd6\xfe\x9d+:Q\xa70+\xcfeH\xe0\xb1\xf13\
\xd3)\xfcC\x8c\xb4\xb3\xe6\xb1\x14\x95\xe7hh\xa1\x86\
\xd5\xaeY\xbbd\xe5\x0aJ\xcb\xba\xde\x98\xe9\xe9\xa4\x22\
\x87y\xa6\xe9A\xaf\x92\x97\xc4\xee\x85\x86<\xdaZT\
\xe7\xb0\xcd\xda8~J\xe5\xb8\xfa\x19p\xc8\xfa;\x9e\
\x06\x07\xcf\xec\x913\xe4\x8e\xb5\x17\x8a\xc3\xaer\xdcP\
\xab\x89h$\x95\x05\x94\xe0\xab\x91Z\xe9\x92\xac\x8d\x81\
\xc4\xb4;\xb5\xbb\xf9\xd0\xa6\xe5+k\x16._\xb2\xd1\
\x91p\x96G\xa26n\xdc\xef\xd3w\x8c\xf7:J\xd0\
\x8f\xf5\x0e\x16\xad\xbfG\xd2\xf6\x97\x85b\xf0'\x80w\
\xb3\xa53Q\x16\x86\xbd\x9f\x04\x11T)2RM\x9c\
I\x82\xbc\xfa\x91\x9fQSD\xf55\xb6\x98\xb2\xd8\x9a\
M\x05%\x1a\x99Yj\xaa\xae\x9b\xd3\x9b\x9b\x8dk\x90\
\xcb\xc4\xb5g=\xf8h\xd4\x94kq\x9c\xdcE\xcd\x11\
Z\x8c ;\x89\xa1\xb7\xa1\xb9\xc6U?\xa7\xda\x9a\x0d\
D\x949\xa3\x9eN\x87\xcc\xb6\xd5\xdb\xab6\x5c7d\
\x82\x16\xa6\xe3\xca\xc0qk\x87\x15u}\xba\xe7\x17\xf2\
(V\xcb\x92z\x92\x902\xebe\xb6\xbb\xc4'~o\
hGGbS\xf5\xc2u\xebj\xd7\xbcl\xa7\x9e\xa4\
n\x1e\xa86J\x0b\xc6\x07\xf6\xb7\xa3\xe2\x96\xb3\xc0\xe0\
\x04j\xeeB\xadz\xdd\x22P\xab\xd9\x0d\x7fXZ\xc5\
\x16\xe1\xf0\xd5\xcc\x11;\xb3\x07>dCS\x8c\x93\x07\
\xd9\xad\x14\xe6l\xb8\xbev\x07\x87\xec\x8b\x85\x1a\xd8\xbd\
\xc3\x01\xd9\x8f\x81Iq\xc1Z\xe6\x19\x8b\x13W\x22\x02\
V\x8e\xfa\xac\x9ax1\xd8\x9c\xa8\x15\xad\xdf\xb6\xa1\x87\
\xed\xa1\x9c\x81\xees\xc2vs4j\xdbe4\x1a<\
g\xe9+\x094\x02\xff5\xbd\x0e^r\xbaL\xd40\
\xa2?\x09\x12@`Qq\xaf\x13nCfi\xb8c\
A1\xab\xcaa<\xaa\xac\xa1l~\xe0_\x0f>\x12\
l>t\xec\xdd\xa17\xf6\xd8{\x9c\x17d\xc8qW\
c\xc8~\xf9S\xfe|\x0f\x9c\xeeu<\xdf\xb1\x97?\
\xedZ\x04%\x9e\x0d|\xba\x17\x1a\x97T\xe0\xad\x8b\x5c\
77\x15w\xde%DqGG\x04\x0d\x82\xe3P\xd8\
\xc0\xba1\xd0\xdce\x22P\xa7(\x13a\x22\xbaR\x14\
.\x02\xca:\x8d\x04y\xd1\xb6\xd1\xa2Y\x99\xf4\x08<\
kP\xfah!\xad\xd9\xc6\xc3\x93\xe3~ob\x88\xab\
\xbf\xb2\xe2\xe0ml)e\xa4\x5c\xdc\x9dC\xdd\x96u\
\x98\xdd\x9e\xe2\xe1\x9f\x81\xb7\xba\x1c\xb1\x8e<\xc7Z\xc7\
\xa3V\xb9l\x13\xa9&K\xa4\xea\x81r\xb8\x9e\xb7\x11\
J\x18\x22\xa1\xbe/^\xe3\xb6\xe1\xa6\x15jH_[\
\x1d\xb2\xe7\xfd\xc2\xaf\x03o\x0b\x0dd\xc9\x0a\xa1\x853\
\xe7#)Y*bk\x01||,\xb7\xf4\xe2B\x05\
\xb9\xb0U\xe8h\x94\x84o\x95\x5c\x8a\x9e-\xdc\x18\xda\
\x07\xa8Yl\xc8\x05a\xd1\xe3\xa7\x22\xe6J\xce\x0c\xee\
&\xe4\x846\x9e\xbf\x22\x8a3\xff\xab#O\xd4\xf4\x97\
\x1a\x93{t\xc4\xc99\xdd\xa6\xee\xa9|=|*\xf5\
3$J\xeb\x9f\x97\xde\xadWl\xce\x93\xf8\x97\xc0Z\
\x95\xb9\xa7s\xe4\x8cB\xb5K\xb7\x10_\xa8\xf4\xb6\x16\
\xf5\x99\xc3\xd6'bRp\xfci\xe6\xbc\x08/\x95{\
R\xe4\xd6\xe3lz\x9f\xc1]\x15\x87\x87\xd7.6I\
~\xdc\xc8b\x93\x06x4\xc7\x0d\x18-\x00F+\xac\
\x180\xe1\xaeB\x8a\x01\xc7\xd1\x13_\xe8\xe0\x02\xa6v\
\x14\xa8*\xafd\x04^\xecM\xbfn\x01\x9bc\xb0\x1e\
\x02\x8f\x17\xb9\xa3\xdc\x8f\x17\x9a\x1b\xfe,\xd5\xdc\xed\xae\
\xca6\xa6\x93\xe3\x9eB6\x00\x18\xac\x91\x84]X\xb7\
\x16\x1a\x05\x19\xbf\xa8i(\xe3\xd7T\xf4\xa9\xc9M\xf5\
SmI\xe8\xa3\xc91\xc0\xa27\xe5Rh\xde\x00\x0e\
?\xa4\x806\x92b\xc8\xab1I\xce>@\xf1$N\
\x1d\x8eN/n\xef&O\xc4\xa0\xe02\xf2\x07\x15\xc6\
\xfa;\xbb>6\x06\x9b\x111\x18\x8ct9X\x08z\
\x19\x03\x98\xe5r\x940w%\x114\x0f|`j\xee\
\xfe\xc0r\xcd\xc6\xee[\x1flN\xc56-\x7f$\x9a\
GU\xa3P\x9dG_\x8d\xa2H\xc3q\xf6\xef\xdc\xff\
O2Iw\xad0\x8akX\xa2n\x11\x07\xe6\xc0\xc9\
\xb0\xed\xdd\xc4\xf4\xb5\x0d5Vjn\x0eD\xb1_2\
\x96::~\x86\xfc\xd5fF\xabj+\x19\xf1\xac\xd3\
\xa6\x9b\x9bx0\xde\xc5\x8d\x07\xcb\xde\xfc1+\xfd\x9a\
3\xd0\xf3\xb6\xa3\xe8kr\xf3\x13\xa9\x7f\x1b\x8e\xe1E\
\xcaz \xeb\xfe \xa4nxlu!\x03\xda\xad\xcc\
\xf2\xef\xa1\xd2\x81\xdefq\x0a\xc1N.\xdf\x9e\x07\xee\
\xd7h:a7dZ\xba$\xb8n\xe5\x0ak\x9d6\
\x97m\xfc\xd8\xb0!z[\x84B`O~\x9f1\xf9\
\xde\x0e\xc7\xe4\xe3H\xde\x92\x10\xa8\xa7\xb2\x9e\xf0i\x5c\
(1+1\xfb\xa9'\xac\x90+\x95\xb1\xaf\xfe\xeb\x8a\
\x0f\x89Z\xd8\x0c\xb9z\xa5\xe93;[\xc5}\xecm\
\xa1\x10'0\x84\x81\xfd\xd1`\xe5+ !Q\xa4\x8e\
r\x16\xa4\xeb\x016)\xebF=\xc1v\x9c\x14\xe0\xe9\
x\x04\x93L\xd8?&\x061F\xb6I\x5cuuf\
\x95L\x84\x03\x13%\x22\xe7\xd4&\xe3\xda\xa1\x99\x1c\x07\
@2\x0f\x18\x913\x93\x0a@\x8a\x09\xfc\xb6\xf1\x08w\
r\xfe\xb6\xf1(\xd5Ar\x85\xee!P\xfc\xac?\x9a\
\xf3y\xfd\x08~\x8a]\xf6<\x07\xfem\xc3\xec\x93\x8e\
k\x87\xd9\x97\x03\x1b\xcel\x09\xfb\xcdU\x16\xd9\xc8\x15\
\xcaqg\x09\xc5p+\x1b\xd9Aq\x95\x17\xe4\xce\x08\
\xb2*\x08\xc6\xa3\x0a\x07\xc6\xa1\x15\xd8\xd4B\xf4\xc2\xbb\
\xa8\x85\xe2\x5cK\xf4\xb7\x91\xad\xf4Y\xaf\x14:\x06c\
o\xaa[X\xecM\x0ef\x91r\xeb\xc1\x22\xa8\xb9e\
L[\x03q\xfd\xb8?\xb43\x02\x98\xc3\x13gL\xe5\
Q\xa5\x19rx\xb1\x19\xf7W\xea\x9a\x86\x9a\x93\xd7\xce\
=\xef\xa9\xa6\x86\xca\x93M\xa1\xfc\x07\x14\xc4\x87\x9cJ\
\xa9#\xd74:\xcb\xb4\xd8=\xa81\xd4\xb4\x11\x87\x0a\
)b\x05\xd9\x16\xc6\xbb\x80\xe3\x02\xdc+a\x81\x0b\x88\
\x10s8\xbe\xa0Af\xfd'q\xa5\x19\x95\xb1\x1e\x0d\
\x03\x1bx\x0c\x98\xf0\xf2]\xbb\xec\x95<S\xa5d\x9c\
\xf4n\xde\xbc\xcd\xc8\x17\x1f\x22$\xf2\xb5\xf5\x9f\x18u\
M\xce`\xc7\x91\xf4.{UZ?\xaa\xef\xb4\xa8\x01\
\xf3\x06O\xff4\xf3z\xa7\x8b\x140\xbb\xf5\x0f\x8bX\
y\xc4\xc1\xd3\xa72{,r\xe2\xbc\x9du\x95OW\
\xfcM*\x9d\xe2\x07\xe5\xec\xa9\xf4\x9e\xb6tG[\x7f\
\xaf\xb0\xf2,\xa2\xae\xa9;\xf7\x05\xd9\x17g\xfd\xcf\x9a\
1s\xa7\xcfiH}\x08\xf2\xdcT^\xad\xef\xdf*\
\x1d<\xf73\xcd\xb8\xd8\xdfw\x14\xf49\xc0\xc1]\xee\
\xef\xed\xd2`s\xa13Z\x9e\xaf\xe2\x9d\xfb \xaa)\
\xb7e\xf1\x81\xea\xca'\xd7\xfe\xb9\xe2\xe9\xce\xf1u\xf9\
\xf5\xb3\xdb\x7f\xc76\xd8\xb9\x9f\x91\x8c\xf4\xde\xf6\xc1\xee\
7\xe1\xa2\xdb\xd32\xb0\xfbBzW\xdbPcG\xe6\
\xe0\xee\xcc\xd1\xce\xc1K\xd6\x81\x9d\xb8s\x1f\xea\xa1\xc0\
\xa6\xf7'\x8e\xff3&>CH\xa7\x82(j\x9e\xa3\
\x9f\xfcr\xc5md\x18M\xc3\xc5d\x9d{|:v\
\x88a\xba\xc2\x12\xa1\xc7\xe6\xac{UK\xd4gX#\
C\xf1\xeb$S\xe7\x13YT\xbba\xadh\xb7\x8c\xf9\
C\x9fP\x8cI\xca\xd2\x12o\x80g\xc3K~\x1e/\
\xde0}S\xcd\xcaE\xb5\x9b\xef\xc5\xbf\xae[\xb8\xa6\
\xbev]\xa2\xe2\x89\xef'6\xad]\xb4\xcc\xf6\xce\xe3\
\xa74\xe5\x1a\xa4$\xe3\xf5\x95\xb5;\x84\x97\xc4:\xbc\
\xf1\xa8c+\x9b\x1b5\xc7Usw\xc1\xf1\xfbd}\
\xfa76O\xa9.\xc4\xac\x90`SW\x06\xe2\xcb\xe1\
\xf8\xbc\xdc\xaa\xd5\x07\x86u\xc0\xdf\x98s\x99f\x5cG\
\x00I\xa8`\xea~S\xc5jTu\x19\x1c\xf6\x0b\xdb\
\xd37.\x82\xa7\x8e\x05\xc8B~&\xae\x9a\xb9\xd39\
[\x0b\xaf+\xeb\xfc\x99\xc0\x8c\xdb\xcd\x81\x0f\xb7\xce\xbb\
\xc6\xdb\xbc\xf8-\xa6\xc6\x8c\xd7\x0c\xeb\x88\xfad\xde\xb3\
k\xc8aN\x9a\xc1=\xf5A\xc5\xc72cb\x08p\
r\x07\xf1\xc9C6_{\x7f\xef.$\x19QF\x85\
\x0cQz\x89\x5c\xa1\x9c(I>(\x82\xf2\xee\x82\xca\
\x98F\xa0\xfa\xd5W\xed\x09Ph\xde\xa8\xa1L\xf3\x08\
-d\x95\xe0\xc3\x93\xfb\x81\x98\x0a\xac\xb2JI{8\
\xdf\xcf\xa0\x1f\xbc\xa8\xd2Ky4\x14\xc4\xdb\x9f$\xa4\
r\xae\xfa$zZ\xc3q\x14\x8e\xae\xf8\xb8\xee\x93\xda\
\x0b\x91\x9f\x84OK\xe6\xb9!6\x8aos\xf8\x12\xfe\
#\xfa\x93\xc4\xac|\xdcxT&n\x5c+\xfc\x86\x8e\
Z\xc0\x1f-\xb7\xa6*\xc7Yz\xf7\xce\x1fZ\xe3\x1c\
\xdf1x~\xbb\xb3\xf9\x92\xa6\xd6\x1bV\xf3SM\x83\
\xa7[\x9c\xcd\x8d\xa4j\xd5\xdc\x9d?-\x0f\xa4\xe1\xa6\
\xd7\xcd\x9d\xce\xfa<\xba$\xcc\xecP\xd5\xc1\x99\x1d*\
\x8f$\x80\x1fue\xfb\xf7\x05W\xc9\xe3Y\x1c:p\
\xc9z\x8a\x8d\x10\x5cNH\x81\x014\x12'\xe7{\xe2\
\x81\xaf`\x0f\xbcl\x9c\xf8\xde\xec\x0aK\xf7G\x07\x06\
\x86\x18KM\x1d\xe8\x87<\xb4\x9c\x7f\x0b)\x97\xc6\xb6\
Ek\x9dHb\xf9\xc0\xd0\x87\xdc3\xc8\xe3\x98;\x9b\
e \x97P_\xcf\x03CI\x1d\xe9\xa3\x9d.\xael\
\xc8A8\xd1d\xf3 \x09\x14Tt; \xe4\xa4\x03\
,\x1dj\xd2\xa1\xcc\x1c\xd3\xdbf\xbe\xb2\x02\xc8\xbf\xb6\
X\xf9\xd6\xe18\x00A\x95\xf9\xa0\xe2\xc35\x88\xfd\xdd\
\x94+M\xbb\xdb\x98\x06(%\x12\x0aP\x988\xe9\x96\
\xbd\xb8\x15\xe4\xc7\xc4e@,}\x94\xd0F\xbc7 \
\x8b\x86\xe9\xe68u\xf2\x8bpG\x87\x12n;:\xb2\
\x8d,\xc8\x9c\x10r\xbb\xb6\xb5\x9b\x93\x81w\xf4\xfc\xa9\
\x81\xde\xed\xeew4\x0f\xcd-]Nv\x08\xd5\xe5\xb2\
\xdb^o\xcb\xe2\xf38;\xf8\xa6\xf5\x14MA#\xfc\
4\xd0\x1a\xea\xc8\x9d\xc69T\xb5\xa3D&\xd3\xc9\xa4\
\x08\xb5\xb9$\xcd!\x85\xef4q\xean*\x88io\
\x933u\xf9\xa8\x01g\xf0/\x16\x0c\x9e\xbf$\xd48\
*\xf3\xe6\xe6\x5cL\xb4\xdd\x9c\xfd\x97\xbcDv\x10\x0f\
\xcc\x14\xba\xf3W\xfa{\xb7\xd95\xb2mT\xb0\xbd\x02\
7\xe7<\x09j9\xe4{\xd5\x9c\xd4h\x9b\xe1\xf8\x9c\
]\xd6#\xf3\xa0\xf2\xaaKv9/\xeb\x8b\xab\x13\xb8\
\xcd\xb7\xef\x8azgJ\xc3\xc7sZ\xa9\x0f\x8fr\xcc\
\x91\x8d\xd9B\x8c\x8cSgV2\xf6]04\x92B\
8E\x94B\x96\x11\x0a\x8b9\xbd@u\x8f\xa0=\x98\
!;nH\xcd\x94Z\xc4\x0a\xa1E\xbc\x08u\x18\xbf\
]\xfc\xffB\xdf\xdd\xc6T\xdf\xc9$\x96Ho\x13\x9b\
V,|\xb1v3\xfd\xe2M\x0b\xa5\xabm\xb3}\xbd\
\xc9Q\xb0mf\xdf\x11\xd0JJ<i\xb4Q\x84\x0a\
\x12\xaa|L\xf2\xe5\xd0\xf6\x9b\xb3\x0b\xba\xa8U\x1c`\
f@\xa6\xb7\xf9\xc4\x1cI\xf9\x8c\xaa\x1b\x90\xafG\x09\
\xcc\xf4..5t\x8e\x13to\x18\xec\xc6\xe7(\xe2\
\xfd\xc9P\x0f)\xa9\xa0E\xb4n\x91,\xdc\x85\xe0 \
nh\x06]\x02\xf7\x90qq\xa8&A\xf4\xdc-]\
\xc4I\x0c\x07\x87dTpq\x8d\xe9\x01\x5c\xdb%*\
\xa0\x93\xe4\x1d\x87K\xb4\xe9\xa1\xe9\xd4\xc0\x88\x92\x9aY\
\xf5\x17>\x1f\xaf_#\xd6\x16\x0e\xb8\x19\xb3T8\xab\
\x1a\xb1,\x88\xed\x95\xee\xdb\x1a\xe0\xe6\xb5\xe8\xf8\xdbn\
\x8a\x81\x85-I\xae\xf8\x83\x9fK\xcd\xac\xcb\xdf\xd0\x83\
I\xfae\xc4P\xa8n8^]8w\xba\xd6\x89R\
3y-\x0c^#\x16\x13\x05/0lM\xcfs?\
\xd4}\x0d\xbc\xc0\x07w\x0ft\x9f\xe3\x94\x1b~\x0d2\
\xb9\xcb\xa0R\xb7t\x11L\xceS\xb4\x00\x96\xb3\xcah\
\xb8*|\xe1\x97\xf0\xe2PD\x0b\xa1\x7f\x0d~\x83\xf1\
\xbd\x1eT3\xe5\xc5\xa04!\x04\x9f)?\x00\xf6\x1b\
.\xc6\xd4E\x0c\xcc\xfb\xaf2\x9f\xe7\xc7\xb17\x5c\x8e\
\xcaK\x148\xef@\xbc\xe7V\xc6\x9ce^\x86\x0f\xaf\
\xaf{]\xa7\x88}\xa2\xb2QN\x81_\xfd\xdc\x0f\xee\
X\xfbb>\x11\x7f\x05\x0c\xa5~\x9acX\xf3\x07\xbb\
\xf5\xfd\xfb\xc2e\x0f\x97\xa0\xde-~\x1e\xccG\x83B\
\xael\x94\xa3\xa1\xba\xb2\xac{\xab\xea\x0fJ\x932\x84\
oNO\x04\x13X\x96\xad\xa7\x03\xab\x9a\xa64\xeb\x9f\
k\x1f\x0e\xdc2\x8f\xf1ix\xf5\xec\xf8|\xc8\x00\xf7\
f\xd5\xdfw.\xf3\xea\xb5\xd0\xab\xa7t\xa49\xc0`\
c\xe3?\xfcY\xc7'\xd3\xcd1\xf2\xfd#\x8d\x8c[\
Ks\x89\xb0\x19|\xe7\xb3\xce\x802\x0e9\x80\xd4U\
)\xd4=\x1b{&\xd8\x22\xc8\xfc\x04\x8eM\xfb\x18\xd8\
\xec\xe6\x8f8\xbb\x88y\xd1\xdeQy\xa3T6\x99y\
$\x9c\xd6\xffM~\xb9\xc2\x8f\x84\x07\x98.X\xe3r\
J\xc2\xb9m]\x97\xe4dR\xd5\x85\xf5\xa5\x19B\xcf\
\xdbvs\xb9I\xb6\x1f\x87\xc8\x8bMn\x9e\xa0G)\
\x9d4y\x1b\xe6#\xb9\x07*4\x1bq]\x19<\x15\
t\xf5\xa7\xf2\xe6|\xab\xed\xcb\xfe\xdf\x81\xd5a\xab\xf9\
]/\xebT\xfcx\x9af\xe2\xd9\x0a\xcdT,\xecM\
\x85\xe3\xd0\x17\xbcx%\xd2\xdb\xb6\x0c\x9e\xbbJ\xad$\
B\xc7\x95#\xd5vS\x13R\x89KNi\x16\x16\xf7\
,\x1et\xae\xaby5\x92<m>\x94u6O\x0c\
\xa0\xd4\x22n\x8d\x5c\xe1\x0f\x80C\xcdq>+w\x05\
\xfa\xb9?O\x01\xf5v\xd6\xe7d\x12\x22*sN$\
\x09#\xec\xa3\x19\x9e\xac\xcf\xbc\x83\x9e\xf0\x07\x80\xc8Y\
\xf3|z\xaf\xaa\xf69\xbbd\xe1\xe2\x12]o\x5c\x1f\
\xad\xe1x\xc51\xfc(\xeb>\xae\x0bLDm\x00\xa0\
\xc3\x0dj0\x5cA\xdbw\xd1Y\xf3\xeef\xfbp\xe1\
m\xda}L\xe99\x11wv\x0e,,\xc3\xef@\xf6\
\x93\xedw(DK\x1d\x8cq\x1b\x13\xbd\x81H\x9e\xdb\
\x98\x98\x12\xccq\x18\x8e\xd7H\xe6\xe4JI\x06gV\
\xea\x89\xaa\xd1\xd3\xae@8\xc8\xf6\x92\xd0\x1f7}k\
1\xc6CH\x8f\xaao\xea\x9f`\x14\x04\x99F\xe3D\
\x14Ys\xff\x96I\x90]\x93+}=\x81,\x02\xc3\
MT\xa2\xe4\xb7\xefH\x9f;\xc4\xd3\x91]\xbe#\xc8\
\x04\x18\xc2\xac&H\x12\x08\x0e\xe1\xeeX\x86z\xcf0\
T\x0e~\xae)\xb7v\xc7\x0bs\x1b\x9ak\xd7\x1d\xfa\
{\xaa\x88\xadM}2\xf1\x87K\xd6<y\xa0\x1a\x89\
{]o\xbe\xf0\x7f\x16\x9cB\xec\x17\xbd\xfd<O*\
\xf6,,\x98\xfe\xde\xcb\x00\xe8t\xedH\x9f= s\
^.\xf5\xdf\xd8\xe7\x15\xaev\xfa\x03\xc4\xbeT\xa1\x9c\
\xab[\xd3\x17\x1b\x87\x0eu\xa4\xcf\xddH\xf7\x9cR)\
\xa0R\xb2}\xc5\x88\xab\xd2rx\xc8\x1b/\xd4\xe1\x11\
\xdb\xf5\xbf\xba\xde4\x80N\xf1\xc1+\xc7\xc4pn\xb8\
S\x12UE\xc5\xa1}e\xce3\x1b7.~t\xb8\
D\xe6\xbb\xfe\xa9\xfc\xb8|\x15\xc7m\xfc2\x90'\xa9\
t\xc5\xe3\xe59\x01\xc7\xd2\x93Tu\x14GtK_\
z\x1b\xd8K3\xc7\xaf\xc3\xc0PI\xad7\xf0\xc8\xa9\
\x87\x10\xd5d\x08\xa9\x22f\x9dn\xefI\xb7l\x0fw\
2\xed\xfe\xdb]\xbfYw;;~7\x84\xb4k\x03\
\x9d\x16\x04s\x22\xecx\x07-\x8eI\x82S@\xb6\xbc\
\xc7}\xe3\xa0\xbcI(A\x0b\xc5&\x05\x9f\xc8Z\xb3\
Z\x1c\xcb\xe1.V\xc2\x16.\xaaN\xace\xa5\xe2\x1c\
\xc9\xdb\xdf\xd5YU\x95\xf95\xe0\xa4\xf8\x8e\x9a\xe3\x9a\
\xac\x84\x848\x96 [\xce\xfe\x1bnD'+\xc03\
F\xd6\x95\xd0-\xda[\x13\xdf\x11?iMB\xe3\x1d\
\x0f\xabD@\xfe7\xc5\xba6\x22\x89@!f\xbb\xe0\
\xa3EgC ?_P\xa3_\xeb\xcb\xec=\x1b\x82\
\xef)\x82\x8c\xeaB\xfd\xda:.\xc4\x12\xe5\xd9l\xe9\
2\x9eY\xe7=2\x15\xd2\xc0<\x84\x98\x12,I<\
W\xe4\xe4E\xbd\xe0\xcd\xbf\x02s \x8b+\x90dI\
>D\x11'\xb2\x0c\xe9\xdd\xe2|B\xcaj\x914\x82\
\x96q\xa6\x07\xc5\xd1\x1b\xd5\xc0\x8f\xf2\x81\xd5\xe1\xfcw\
\x0f\x1f'\x7fp\x00\x16\x14\xf7\xfc\xc1\x0e(P\x01u\
\xd1PC\xc3)S\xe2u4\xf0\x84N\x17L\x1e\xc9\
1\xaa\xcc\x8c\xf7\xfa\x87\x14\x97A\x9f\x17\xffe\xde\x22\
\x94|T\x07\xcf\xc7\xca\x14\xaa\xdeW.\xa6/6Q\
\x01Hq\xf8~\xe0<\xc5\x9d\xffo\xd3\xc5\xe4\x98C\
sw>\xb5\xe1zu!\xe2\xd5\xa8\xad\xc1\x0e\xde\x0c\
\x126\xd4tn\xe0\xdc\xc5\x8f\x1a\xb7\x80}\xea\xfc\x16\
\xd4<\x14\xc6\xbf\x0cXSY\x0d\x17m\x0e\x82>\x06\
\x82.N\xc1\x1e7v\xeeNUo\xf2\x89\xac\xf5Y\
/f\xad\x12\x97\xc1\xcbYk\xbd\xae\xf9\xe4\x1bI<\
\xb1\xfe\xc5Uk_^k]^D\x05\xcc./\xd9\
\xdc\xe1D\xc9\x87\xf3\xdew\xd93MN\x05Z\x0cg\
\xbcu\xd4\xfc\xcaX\xc31\xdfc\xc5\x5c\xcbS\x03\x85\
\xb1P\xdd\xc7tW9\x9c\xcd1\x15\xfda\x98O?\
\xee\xb3\xbf\xcf\xd9\xdc\xac}\x13\x95\x1f\x9c\x0d<5s\
\xc6K\x80\xb4\xbd\x0f\xc1\xb6\x90\x97\xca:8\x86\xedC\
\xd9T<wB\xf9\x1c\xea\xb6\xd9\xab\xd0\x07\x81F>\
\x0fI\xaa\xe0\xdc\xb6\x05h\xee\xa7\x12\x18\x1dKTG\
3;\xc0-'\x0e9\x96\x84\x02%!\xa2\xa3\x9co\
 L(;\xb9\xc3\x84\x13;\xbf2\xa7\x96\xea\xbd\xc2\
h\x85\xc2^]\xf8|\xb1\xa5\xb6\xf7\x1dF\x91[\xaf\
\xde\xab4HI[\xc7!9q(\xdc\xf0\x03\x94\xd0\
8\xf9q\x02\x12\x86L\x1f\xcd\x91Xh5\x97\x19\x84\
\xd6g\x87\xb3\x98\x7f\xf6#.\xe2k^\xa6=\x10J\
c\x05\xd8\xdd\xa1\xb4|\xe9\x8e\x1e\xbbo}Sn\xf5\
\xf7\xcb\x7f\xcb\xcf\x92\xf49KH1\xae\xc0\xd6\x9d\xe9\
6{\x17[\xce\xecx\x94\xafz\x92n^\xf1\xbb\xc6\
?\xc1\xba\x81\x098\xff\x96\xe5\xdb\x9d\xc9\x85\xa4;\xce\
\x08\x1bJ\xe7\xb6\xe2\x93 \x02\x1e\xe1\xf6-\xd4\xa3\x84\
\x01\x9e\xb9\xf4Q\x01\x9e\x13B\xe2\xc7\x90HW\xd4p\
\x1c\xb6\x96\xacU\x9c[\xf3\x8f\x01G\x02\x93\xed]`\
^\xb1{U\xb5Xz\x1a\xdd\x93\x97\x1f\x13\xd7\xfa\xac\
\xef\x95\x7f\xd1\x98v\x11\x89V\x97\xf9\xc1cb\x83\xb9\
g\x9bm\xa0[r\xdc\xd0\x83\xfb;\xc7w\xa6|\xcf\
Bu!^n^\x17\xa9\xe6dU{\xcdX\x9d\xd8\
\xed\x89\x9b\xae\xc8\xbe\xe1A\x90UC\xf0v\xcb\xcc;\
\xe8\xeb\x94T.}Z\xd6\xcdA\x88CP\xa0Y\x95\
\xc7K|\x84\x85dA\x8b*>\x9e'\xe5l3\x12\
\x0a\xc7\xab\xfe\xefosg\x16~C\xb3aR?\x02\
O\x81\xe0V\xf3\x88I\xb6*'Y\x937\xc6\xe3\x9c\
%\xd3\x1bI\xb2\x89I\x9a[\xce)\x06\x16+\x8b\xbe\
\xc9\xdeTbR\x9b\xee\xc3\x11\x18\x81}j\x92\x1a\xfa\
\xed\xb7i\xff\x8f@@\x15\xb3Bk\xf1\xa8\xa0\x9a\xfc\
0\x84\xab\xb6`H\xea\xc3\xf8\xa8\xea\x08TR\xb6\xc1\
\x9f\x90\xe3\xe6L(F\xa3 D\xb0\xeakm}\x8c\
\xe0\xe4\x8b\xd4U#\x03\xd3\xd7{\xa0\x1b\xda\x8c'E\
R\xd6&J\xc2\x11\x16@\xbd\xcc\xf36\xd2\x80I\xd2\
\xa6\x9a\x85\xebj\xebW:\xd2\x80\xef\xd7~(<\x0a\
\xf4\xc1\xe1d\xc11oh\xd6W*\x80\x80\x15\xc7\x8c\
\x05}\x8c\xbb\x9c\x02/\x04\xb9Q<\xba\x10\xba|\x15\
Bp\xf7\xb1\xb0\xbd\x80y<\xd2\xba\x05\x04\x0aM\xb9\
\x9d\x1b*>\xc4v%/S\xd3\x9a\xaa%\xfe\x05\xa3\
G\xeeE\x10M\xd2!\xa4\xf7\xb6\xab\x92\x9e\x84\x09\xd6\
\xde\xa6\xa17\x8e8V\xedN\x19\xedS\x14\xde\xb0\x96\
\xcc\xad\xa6\x8c\x0bN\xd5\xcd\x0c \xfb\xaa\x15\xc2@\x92\
->\xe9\x8f\x84\xe2=;+\x81\xc2m\xc1OIt\
\xd8\x89\x1f=5;\xe1NB\x8ak9f\xb6\x06\xef\
\xed\xd68'p\xa7\x5cy\xce\xc1\x05\xfeui\xfb\xe1\
`:_\xec\xb5U\x04%\xe2\xd9s\x1amH\xebn\
\xaa\x08\x86\xb8]\xfb9\x0c\xd1[\xf1\xb0\x03\xa6\x06\x90\
l\x0f\x8f\x1bp\xc6\x12C,\x116\x08\x1b\xdf\x89n\
\x94gG\x07\x98$\xd5q\xb3d\x83\xe5K6M\xc5\
\xeeX\xfcH\x91\x1f\x8b\x9dHf\x94s\x1d\xe5Y\xaa\
.T\xc6<>\xe47\x02\xf0\xa7\xbb\x95\xe4\x96.e\
\xc7?5\xfb\x1b!X(\x1e\xab\x0c~\xcc\xa8\x8a\xa2\
y\xe8\x08\xea\x94\xe7\xfdl\x84\xf1\xaa\x1b\xf1$\x9d\xb0\
\xf0\xb4\x92\xf9\x1f\x9c[\xc91`I\xaa.\x84\x13G\
\xfc\x84\xb9\x0a_\xbb2\xeb%a\x86\x98\xee\xb3\x99:\
\xa8\x0dn.a\x10\x11\xa1\x12~\x99t\xf7$\xe6.\
Y\xb1h\xe5KkC\x1cjrD\xf0\x01\xd0.\x01\
\x00\xc6\xf7\x87\x85@_\x1eT\xda\x85\xe4\x0a\xf0\xb7\x8b\
\xc4\xc3\x84\xb9\xbd\xeck]n#n1(\xa9\xce/\
\x1a\xb3\xb4\xaax\x94\xd2T\xa6\x9bW\xb5\x0f\xc7\xab^\
\x9f\x9f\x99\xbd\xae\xe1\x93\x9a\x93\xe0kC.ar\x8c\
V\x81|\x1a\x13\xe4\x19j\x1a\x939/\xf1(\x8f\xc1\
 \xdd\xb9[bGw\xa7\xaf\x9c\xea\x7f\xff\xf4\xc0\xe1\
K\x88MH~6\xfa\xa8H\xadcJ\x93\xc7f\xa2\
r\x1c\xf7\xb6{l&\xe9mW\x5cx\xc6\xce\xc1\xf2\
\x9c\xea\x09\xe5\xc7\xd8\x0f\xdd*\xac\x87\xed\xa0\xe6h\xb3\
\xdcv\xb1=\xcf\xcc\x1b\x17X\x97m\xa0\xe2\x09\xb9\x99\
\xb1s*>\x5c\xfa\xa5a\xc90\x8e\x97\x8127j\
\xba\xe9\x10\xb2\x9bY\xa6\x06\x12\x5c\x0c\x1e\x0c\xc5\xad-\
\xdf\x01\x9d\xad\xc1\x8f\xa4\xb5\xfd\x81N\x0b\xe6O\x92\xb8\
\xd0\xfc\xc9\x18\xfa\x98\xe5`\xa9\x87\xbb\x1cl\x9e\xa3\xfa\
\xd7\xf8\x11\xea~\xc5\xd0\xc74lU=/\xb7a\x8b\
\xe6FQ\x12\xd5\xdc]\x8b\xa4\x18\xcde\x04=\x9c\xd2\
\xf6\x8b$@?\xaf\xa14\xb6w\xe2\x9b\xc0\xc0j\xff\
\xf9\x8a\xce\x8a\x1f\xaf\x9fn\x18Z\x93\x94\x14in\x0d\
\xbe\xd7\x8c\x22L\xbb\x8e\xe3\xc49M\xaf){n\xd6\
~S\xbf,\xabz\x96I\x8a(\xe8\x8c\x0d\xcd\x8d\x7f\
[\xb7\x12C\xb0\xe3\xbd\xa3-\xf3\xea\xfbF\xcc\xe7j\
O\xe6\xec\x09\x8d\x18\x91\xe5'\xc4S\x0a\xf5\xff\x02\x8d\
m\xaf\x9b\xbaB\x98\x0a%\xaf\x05\xeb\xc9\x0b\xd2'\xf9\
\x80P\x9f\xe5\xc82\xf3t'8\xbb\x18\xf0m<u\
!\x1fW\xfa\xba\xc5D`\x5cl\xfc\x8b\xfa\x17V\xe8\
\xfc\xec\xaa\xa8\x8a\xad#\xa2>B\xf1(\xd8?\xbe8\
J\xd2\x0fo\xee\x81\xd3.{\x87<\xd5\xe8b2\x17\
\xb3\xa7\x9a\xf8\x06]\xbc\xc5\xd6N\x84\x9c\xe7\xbe\xd8V\
\xc7\xcb\x8a\xf2\x9d(%]8\x0a\x8f\xa7UZtD\
a\x06@4T\x98\x1b8Z\x0aa\x8a\xfaW\xd9~\
M\xb9\x9a\xa4\xbe\xa1\x19\xf8\x02\xc3\xea|\x80\xc4+\x0a\
`X}\xd8+\x8c\xa7\x1e\xdbZ\x22\x0a\xdc\xc6\xa87\
\x1eA\xe3G\xa6\x05\xe6\xe3}\x06Z\xe0\xec=\x1f0\
)8:\xaeX\x18\x1a\xd9\x80cj\x1c\x058\xce6\
\xb2\xd7rB\x92\xd3\xd0H\x7f#Cz\xe0\xcb8;\
Z\x1fVw\x8c\xf8\x98\xc5\xfb\xba^8\x04KZ\x96\
\xef\x8d\x89K3\xb1\xaa\x07a(\xe6\xcc\xfc\xd2\xd0\xab\
[\xd2\xe7\x0e\x911\xad\xcb\xfa\xb6$\xc5g\xec\xa1p\
\x93\x8b\xafh\xdf\x03m'\xd8\xcf}\xf5\xb5\xc1\xf36\
\xa6\x18\x8d\x82!6j\x1a\x1ebC\x9f\x1f~\xb9\xf2\
iv\x1ce\x8fL\xdb\xc9\xf4\x1eG\xf3\xf5\x0d\xfd\xaf\
|\xda\xf1\x14o~n\xe0\xf0\xc1\x81\xbe\xde\xc1\x1b\x16\
E[\x11R\xb7\xea\xef\xd9\xbf\x0f\x16\x9bv2\xa0\x1a\
\x9f\xef\xd9\xa5\xac\xad\xcc\x91c(\x17(m2\xeek\
\xa0\xa2|\x96cZR\x80\xb1DZM\xf2e3-\
\xc1i#\x1e\xb2$\xbb\x92\xa5\xa3F\xb4MZ\xb6\x93\
j\xbc)k\xb5|\xf1\xd6\x07\x18\xd2>\xefu\xdd\xb4\
z}\xedz\x07=\xda\xa4\xae\xd9\xe5\x0f\xc9\xf0?C\
164\xd7g=?\xcd(\xcb:s\xe8\xb5N\xa1\
Y\x85\xc1\x14\x11\x86=\xd2\x98>q:\xa4bk\xd7\
\x9bK\xab\xa0\xce\xff\xf0\x7f\x94\x1f\x06L\x94\x99X\x87\
:P\x06E\xaa\xf4\xe9\xdd;\xd3m\x87\x09(j\xf3\
{\x09\x11\x1b\xef\x7f\x81\xa1c\xa8\xeb\xc0\xe9]\xe9\xb3\
\xd6S\x18\x07\xbb\xb0\x0d\xf8$\x8a\xe0H\x06\x8f\x03\xf3\
^\xff\x07\xb6o\x8f\xbe6\xd4ke/\xc4\x91\xbbm\
\x95\x03(\xa0\x04\xed\xa8\xa2\x001\xf0\xfb\xa5\x1ea\xce\
\xf58\xb1\xf2\x09c\xdc\xe1Y\xff&\xd8\x07dD\x14\
\xf1\xd0Z\x19\x18\xc4\x17\xae\x0a\x90\xe8\x0a\xeb\xa4\xea/\
\x0f\xc6\xea\x1e\xa8\x1f[\xfb$\x82\x9e\x81\xb4\x9f\xafQ\
\x11\x8f\xc4\xda\xda\xe5\xb55\xebj\x17U)v\xdd\xb5\
\x89t\xdf\xb6\xa1\xee\xde\xcc\xc1\xf3\xa8~\xbe_\x11\x0a\
\x84\xe7\xfd`>\x88K\xb3\xe9K\xc9\x14c\xb6\xc2y\
h\xfe\xc2\xdce\xef\xb92\xb6h\xc2\x883\xb1\x89N\
W\xe2\xce\x1e\xc8\x9c{\xcf\xcf\xd2\xf2g)\xa3L\x8e\
\x99M\xc1P\x8b\x1f\xde\xf4_^\xff5\x09\x16C>\
-\xde\xa6YY\xa9\xac\xc4\xbcq\xed\x0b\xd9 \xd3h\
\x90\xcc\xf1k\x83mM\xf07j\xe9\x89\xa7+f\xa5\
\x12\xd0\xe3/v\xbb\x8asc\x8c\xe5{\xeb\xc7\x8a\x15\
\xfe\x8fAP\xb7\x92\xf9N7\xc0/X\xc5\xb7B\x01\
\xd3r\x15\x8d\xebQ\xad\xa2\xfb\x92\xcc\xa1\xd2\xe8\xec\xee\
\xd0\xc5\xcf\xad\xbd\xfbZ\x17\xdbY9C\xa7\xba\x1c{\
*\x0eqVL\xae\x80\xf8,\xc2\x22s\xff\x1f\xfe\xd6\
\xea\xc4\
"

qt_resource_name = b"\
\x00\x06\
\x06z\x92r\
\x00a\
\x00d\x00b\x00l\x00a\x00b\
\x00\x04\
\x00\x06\xc4\xee\
\x00i\
\x001\x008\x00n\
\x00\x0f\
\x02\x05\x9d]\
\x00a\
\x00d\x00b\x00l\x00a\x00b\x00.\x00e\x00n\x00_\x00U\x00S\x00.\x00q\x00m\
\x00\x0f\
\x00{/\xbd\
\x00a\
\x00d\x00b\x00l\x00a\x00b\x00.\x00z\x00h\x00_\x00C\x00N\x00.\x00q\x00m\
\x00\x0f\
\x00t\x1f\xbd\
\x00a\
\x00d\x00b\x00l\x00a\x00b\x00.\x00z\x00h\x00_\x00H\x00K\x00.\x00q\x00m\
"

qt_resource_struct = b"\
\x00\x00\x00\x00\x00\x02\x00\x00\x00\x01\x00\x00\x00\x01\
\x00\x00\x00\x00\x00\x00\x00\x00\
\x00\x00\x00\x00\x00\x02\x00\x00\x00\x01\x00\x00\x00\x02\
\x00\x00\x00\x00\x00\x00\x00\x00\
\x00\x00\x00\x12\x00\x02\x00\x00\x00\x03\x00\x00\x00\x03\
\x00\x00\x00\x00\x00\x00\x00\x00\
\x00\x00\x00h\x00\x01\x00\x00\x00\x01\x00\x01'\xa2\
\x00\x00\x01\xa0u0*d\
\x00\x00\x00D\x00\x01\x00\x00\x00\x01\x00\x00\x9bk\
\x00\x00\x01\xa0u0(\xd5\
\x00\x00\x00 \x00\x01\x00\x00\x00\x01\x00\x00\x00\x00\
\x00\x00\x01\xa0u0)\x96\
"

def qInitResources():
    QtCore.qRegisterResourceData(0x03, qt_resource_struct, qt_resource_name, qt_resource_data)

def qCleanupResources():
    QtCore.qUnregisterResourceData(0x03, qt_resource_struct, qt_resource_name, qt_resource_data)

qInitResources()
