# Resource object code (Python 3)
# Created by: object code
# Created by: The Resource Compiler for Qt version 6.8.1
# WARNING! All changes made in this file will be lost!

from PySide6 import QtCore

qt_resource_data = b"\
\x00\x00\x9e\x1a\
\x00\
\x02\x17\xb0x\xda\xc4}\x07|T\xd5\xb6\xf7>\x93\xe9\
\x95.\x9d\xa1\xf7@\xe8\xbd\x84\x22\xa1\x06B\x13\x15\x98\
$\x93d \x99\x89Sh1H\x0d5\x84\xde{\x17\
!\xa1\xb7\xd0\xd4\xab\x22\xa2b\x01\x15\x95\x9a\x99$X\
@E\xb1\xfb\xad\xb3O?g\xcf\x04\xef{\xef\xf7\xbd\
\xfbd\x92\xc99k\xb7\xb5\xd7\xfa\xaf\xb2\xd7\xeev:\
\xb9\xea\x95\x87\x9b\xd7\xbc_\xb7\xe6\xc5\x89;\xce\x7f\xbd\
\x0f!\xa4q\xba'\x8cJ\x88E\xa8Q<B\x03\xff\
\x83P\xc5O\x11\x1a\xa2F\xa8\xe6&\x84\xbe\x8fBh\
\xc5f\xf8\xdc\x8b\xd0\xe9\x16\x08=j\x85\xa8\xce\xf0\xd2\
\x0f\xbd\x10z\xdc\x02\xa9R\xbeG\xa8\xf2u\xa4^\x00\
\xcf\x1a\xa3\x90z\xeft\x84l\x9d\x91\xfaZC\x84\xaa\
\xa7\x22\xf5\x1f\xf0Y\xe7#\xa4\x19\xd0\x1e\xa1\xd65\x90\
&\xe5\x02B\x1d\xcf M\xda~\x84\xba\xf7A\x9a\x97\
\x81\xe6\x80\xa5\xf0\xb9\x1e\xa1\xb8\xf9H\xb3\xc4\x0f}\x18\
\x874k\x93\x11\x1a\x96\x894;4\x08=\xb7\x1ai\
.9\x11\x9a\x98\x8b4\x1f\xbe\x83\x90\xf3&\xd2\xed\xbc\
\x82\xd0\x81{Hw\xee\x0a\xa2\xa67E\xfaC\xe5\xa0\
\xbf\x17\x91\xe1\xbb\x9f\x105\xad#2:\x8e\x22\xea\xd3\
\xdd\xc8\xb8\xab\x04Qu7\xa2j1w\x10Uo)\
\xaa^\xee\x0fD\xcd\xfb\x1c\xd9\xc7\xf7@h\xcb;\xc8\
\xbe\xb0\x0fB\xf6\xf7Q\xf3\x9bzD\x0d8\x87Z\xdc\
\x8f\x83\xe7\x9eEm\xbe\xdf\x8e\x105\x1au^9\x1a\
Q\x15\x12Q\x1fw\x05\x84:\x17\xa3\x01Sa\xf0\xfa\
\x0fP\x9c\xf6-\x84\xde\x18\x8a\x06vX\x83\x90\xa5\x15\
\x1ad_\x80\xd0\xa7{\xd1\xe0g\xcf \xf4\xcc\xefh\
\xf0\x86D\x84\xaa6@C\xd7^\x82\xf1\x8fGC\xdf\
^\x89\xa8\xefr\xd0\xc8\x97\x8f \xaa\xdb[h\xe4\xdc\
\xc50\x1f\xb1h\xf4\xe2=\x08uK\x80\xcf\xb30\x1f\
\x93\xd0\xe8\xfc7\x10\xea\xf2\x04\x8d.\x82\xcf\xae\xe9h\
\xec)\xa07p6z\xbe\xfbK\x88\xba\xd6\x0f\x8d_\
\x0e\xcf\xa7\xc4\xa0\xf1\x0f\x7f\x84\xf7\xca\xa3\xe4\xfc\xa6\x08\
\xfd\xd9\x069\x0d\x06\x84\xa2\x06\xa2\xc9\x95\xfa#*\xb5\
\x01J\xa7\xdbw\xbd\x802\xba\xc2|\xd5x\x1beV\
\xfa\x0c\xa1\x0fg\x22\xef\x8b0\xde1\xf5\xd0\xf4\x0fO\
!\xf4q\x1d4\xfdk\x0b\xa2^+E\xd9\xfe\xc9\x88\
Z=\x0e\xcdt<F\xd4\x92\x17\xd1\xecO\xa0\xbd\x97\
\xb7\xa19\xa7\xf2\x11\xb2nG\x87\x16\x9fC\xd43\x13\
\xd1\xf1\x84A\x88\xaav\x13\x15zv\x01\xdd\xb6\xe8m\
d\x80\xf9~\x80>\x9av\x02\xa1\xfa\xcb\xd0\xe7^\x18\
\x9f\xa6\x1c\xfa|k\x01B\x07{\xa2/:B{5\
+\xa1/\x1d\x9f#\xf4\xe5|t\xeb#\x07|\x9eA\
w\xca\x1d@Ti=t\xf7\xb5}\x88:C\xa1{\
\x19fD\x19\xd3\xd1\xfd\x86\xab\x11\xf5\xb1\x0a\x15\x9d\x81\
\xf7\xce^B\xc1S\xdd\x11Z}\x0e\x05\xffr\xc2\xfa\
XPI\xfeQ\x84r\xbeE\xa5\xa7a~\xde\xbc\x8f\
J/\x01\xdd\xdb\xed\xd171\xf0yg\x10\xfa\xd6\x9f\
\x0d\xfc\xd8\x16\xfd\xf4c&B\xf7\xd3\xd0\x1f\xd6q\x88\
\xda\x92\x87\xfe\xde4\x00\xa1W\xaa\xa1\x7f\x86TD\xa8\
\xc7w\x14\xcaI\x00>2Q\xd4\x08\xfa\xb9\xd5\x94*\
\xa3\x1fB\x89\x7fS\x9a{k\x115\xa1\x0d\xa5\xed\xd9\
\x16\xa1Y7(\x93q8B\x1b\xb6S\xd6\x9eO\x10\
\x9a?\x8e\xb2U\x04\xbe\x9b\xfe'Uq\xd7`D\xc5\
\xf5\xa1*g\xbf\x86P~U\xaa\xea\x84o\x11:\xb4\
\x8c\xaa\x9e\xf7\x16\xa2\x9a\xdc\xa4j|\xf8\x1bB+\x1b\
Q\xb5\xae\xc0\xfb\x1b\xadT=\xbf\x07\xa1`y\xaaq\
\xf6Z\xd8KoSM\xeb\xbc\x80\xa8\xb7\xff\xa4\x9a\xa7\
\xbe\x81\xa8V/Rmb\x0e!\xaa\x8e\x8ajs\x02\
\xf84q\x1f\xd56\x03\xf6[i\x1b\xaa\xfd\xf0\xf7\x11\
2\xf7\xa3:\xb5[\x84\xa81{\xa9n\xdb`^\xf7\
\xd6\xa2z\x1d/\x0f\xbf\x17S}\x16\xaa\x10u\xa0\x17\
\x15\xd7\x0b\xe6?\xb8\x87\x8aK\xea\x8b\xd0\xdb}\xa8Q\
?\xbe\x8b(w/\xea\xf9\xe9\xf5a_\x16Q\xae\x9b\
\xc0\xef\x86\x97\xa9\xf4\xc3\xb0\x0f\xab\x84\xa8Y\xa7\x80\x7f\
\x8e\x96P\x8b:\xb8\x11E\xe5Qy3\xe1\xfb\x94\xe7\
\xa9\x15\xd41\x84F\xb5\xa6V\xc4\x00\x1f\x04zR\xeb\
\xdfi\x80P\xa5 \xb5\x11\x7f\xae\xa3\xb6\x0f\x06>>\
\xdb\x85\xda{|&\xa2\xde\xcc\xa6\x0e\xf6\xa2\x10j5\
\x98:\xf8N-D\x0d\x1dN\x1d:\xf1\x1cBs\x9e\
\xa5\x8e\xbd\x91\x83P\x83;\xd4\x89\x82w\x11J{\x97\
z=f\x1aB\xef\xaf\xa0\xde\x182\x06QU\xd4\xd4\
\x1b\x09\xb0o&\x9c\xa6\xae\xe6o\x01y\xb3\x86z?\
\xeb\x0eB\xa1\xdf\xa9\x0f.\xbd\x8a\xa8w\x9f\xa3n$\
\xb7G\xd4\xba#\xd4\x97m\xbeC\xe8G?u+\xe3\
\x16B\xaf\x7fD\xdd*\x00>\xde~\x84\xba\xf5\x08\xe6\
\xf9\x19D\xdd\xfe\xa4\x13\xa2\x8a.P\xf7\x8d]\x10\xb5\
\x0cQ%\xcf.E\xe8\xadK\xd47S~CT\xfb\
\xfa\xd4\xf7\xcd2\x10u\xae\x1e\xf5\xe8\xfeT\x84>\xd9\
N\xfd\xd0j\x12\xa2\xec\xfb\xa9\x1f\x96\xfb\x11\xb5\xad.\
\xf5[r<\xa2N\x9f\xa0~\xbbhC\xd4\xd4\xb6\xd4\
\x1f?\x8dFhU\x1a\xf5\xf7\xab\x0b\x10\x15\x95\xa7B\
\xd7\xb4\x08\xf9\xcf\xaaT\x9d\x0b\x10\xf5\xfe>\x95\xe9q\
\x1dD\xe9o\xaa\xca\xbf>\x1dQ7\xdfSU\xfc\xf8\
:B_\xecWU\xfc\xe4$B\xe3\xfeTU\x8a]\
\x04\xbf\xbbT\x95g}\x81\xa8I\xddT\xcf<,\x86\
\xfd\xde\x5cU\xedRU\xe0\xa7\x99\xaa\xda\xa3~D\xd4\
W\x9f\xa9\x1a\x1c?\x85\xa8\xd8\x8a\xaa&5\xaf\xc2x\
)U\xd3\xc5u\x80\x8f\xaf\xaaZ\xad\xa9\x0b\xe3)\xaf\
\x8ays\x14B\xfd\xba\xaa\xda\x1c\x05\xf9\xf9E3U\
\xfb\xf6\xd3\x10\xb5\xfb\xa8\xaa\xc3\x07\xcf\x22\xe4\xee\xac\xea\
l\x85\xfe\xb5\xbc\xa7\xea\xfcQ/\x90W\xd7U]&\
\xea\x10\x95\x5c_\xd5\xe5\x16\xf4c\xc9XU\xb78\x18\
o\xc2hU\xf7C\x7f!\xea\xb9\xefU\xbd\xce\xdeC\
TC\x8d*v\x1d\xc8\xc3\xb7\xf3U}\x8e\x0cGT\
\xd6_\xaa\x01[n\xc0\xfe\x9a\xac\x1aX\x0e\xe63\xba\
\xb9jP6\xc8\xff&\xd7U\xf1\x8f\xb6\x22\xea\xc2t\
\xd5sv\xe8g\xe6\x13\xd5\xb8]A\x84:\xacRM\
\xb4\xc2|\x0e\xac\xa1r\xad\xfc\x08\xa1)\x0fU\x19\xad\
\x9a#\xaa\xc7b\xd5K5A\x7fT_\xa6\x9a\xd1\x0e\
\xe4\x8f\xe3C\xd5\xbc\xe0\x14\x84\xbeNU-\xae?\x1f\
Q\x8b\xee\xa9VW\xd8\x09\xf2!N\xb5\xae\xcb\x10\x84\
\x16\xb5U\xad;\xb6\x13Q\x1d_Tmhq\x1aQ\
\xcf\xceRmz\x11\xc6\xf7\xde$\xd5\x96\x0fa\x7f\x9f\
\xf4\xa9\xf6\xc1\xdeF\xadV\xab^]\x0f\xfc\xd0e\x83\
\xea\xd0\x05\xe8G\xcfG\xaa\xc3\xaf\x83^\xea\xd1Ru\
f\x0f\xc8\x8d\x17\xbfP]\x5c\x0c\xfc\x9d4J\xf5\xc6\
\xbd\xaf\x11\x8ao\xa1zk\x0c\xbcW\xeb\x9e\xea\xf2j\
X\x87\x03\x89\xaa\xf7\xac \xb7\xe3sTW\xdb\x83\x1c\
\xf9\xee\x81\xea\x8b\xef`_6l\xad\xfa\xf2<\xf0K\
\xe9$\xd5W\xcbr\x11\xd5\xf4E\xd5Ww/ j\
a{\xd5\xed\x0f\xf7 \xaa\xd7<\xd5\xfd\x1f@\x8f%\
\x84TE\x1b`\xdc\x03\x8e\xa9\x8a\xde\xff\x18\xf8\xc4\xa8\
zT\xa9<\xd0\xdd\xa5\xfa\xe56<7z\xb2\xea\xd7\
\xf1\xd1\x88\x1a\xf5\xbd\xea\xcf\xe5 \xb7,7U\x7f\xcf\
\x0b\xc1>\xec\xa3\xfa\xfb\x16\x8c\xf3\xe0\xee(\xeac\x90\
\x13\xee#Qj\x8b\x0e\xa1?nD\x95s\x9c@T\
F\x87\xa8\xf2\xb5>\x82v\xde\x8f*\x7fl.\xe8\xd7\
o\xa2*#\xf8\xbe\xda\x86\xa8\xcao\xc2>\xb9\xdb&\
\xea\x99\x86\x8d\x10U\xb5GT\xf5\x97\xa6\x02?dG\
U?\x02\xeb\xf4I\x9d\xa8\xdaod!j\xe9\xdd(\
\xfb\x9f1\x08]\xe8\x1e\xd5\xa2\xf7\xeb \x07\xdaE\xb5\
\xe9\x0e\xf2\x7f\xf9KQm6\x83\xfe\xea\xd0$\xaa]\
\xfeXD\xdd\x9f\x1e\xd5\xee\x01\xf0\xfb\x83\xec\xa8.\x03\
\x1f \xea\xd1\xdc\xa8.W\x80\x1f\x93NDu_\x05\
\xf3\xbe\xe0\xd7\xa8\x9e\xdb`?.8\x13\xd5\xaf\x13\xec\
\xff\xde\x03\xa2\x86\xbc\x7f\x08\xf4\xd6\xa3\xa8a;A\x1e\
\xdfZ\x105\xec8\x8c\xff\xf8\xcfQ\xa3\xbf\x8dB\xd4\
\xe5!Q\xcf\x15\x02\xdf\xbd\xf7w\xd4\xb87a_\xbe\
\xdf&j\xc2\x8a\xc6\xa0\xff\xfe\x88Jn\x09\xf2\xa5\xf7\
\xad\xa8\xe4\xcd\xf7\x10\x1at.*5?\x0e\xa1\xcc\xdf\
\xa22\x96\xedF\xe8\x8c3*s\xce+\x88\xba\xd40\
\xea\xa5<\x98\x87Pl\xd4\xf4\x10\xc8\xe9\xd6\xe9Q3\
j\x82<\x9e\x18\x155\xa3{cD\x8d,\x1f\xf5\xf2\
\xc7\x9f\x02\xbfl\x8b\x9a\xb3\x1d\xf4\xf7\xf1\x86QsO\
\x15!\xd4\xfeF\xd4\xe2/\xdfD(yP\xd4\x92\x81\
c\x10\xd2U\x8bZ6\x1c\xf4\xe2\x13\xd8\xa1S\xe6\xc2\
>\xde\x10\xb5\xe3$\xac\x8b\xabz\xd4\x9e\x0a\xc0\xbfu\
;D\xbd\x9a\x0b|~\xe5D\xd4E\xd7PD\xa5%\
F\xfd\xa7A*\xf0\x8b/\xea\xadG\xb5\x10z\xf6j\
\xd4\xa7\xb9\x80k:\x0e\x8c\xfat\xd5,D}?)\
\xea\x8bN4\x9fi\xa3nV\x87v\x8f\x8c\x8f\xfa\xd2\
\xfa\x19\xeco\x7f\xd4\xedz\xb0\xce\xdf=\x1bu\xe7 \
\xf4\xfb\xd5\xaaQw\xff\x04}\xf7B\xe5\xa8\xd0L@\
N\xe9\x9a\xa8\x92\x150O\x15?\x8e\xfa\xe6.\xf0\xe3\
\xc9\xe6Q\xdf<\xe9\x84\xd0_\xd5\xa2~x\x03\xf8\xf2\
\xb9\x11Q\x8f\xdf\xbc\x8e\xa8/fE\xfd\x12\xdd\x10\xe4\
\xd1\x94\xa8'\xc9\xaf\x22\xf4\xa0k\xd4\x93L\xc0X\xdf\
m\x88\xfa{\x1f\xec\xfbor\xa2\xfe\x19\xb2\x03Q\xea\
\x11Q\xff\xec\x80\xf1m]\xa1Fc\xbe\x04>\xbd\xaa\
\xd6\x5c\x01y<\xa9\xa3Z\x1b\x038\xe8\xc9<\xb5\xed\
cX\xb75K\xd4\xe5>\x01\xbd\x90WC]\xeek\
\xe8_\xcfY\xea\x8a\xeeh\x84\x16d\xa8\xab\xf4\x01=\
\xf8\xce]u\x95\xafv\x83|\xdc\xa0~fDOX\
\xf7\xbe\xeag>\x80\xfd8s\xb2\xba\xeaJ\xd0\xdbu\
~U\xd7S\x81\x1c9\x1a\x07\x9f\xb0N\xa1\x8b\xea&\
\xb7A\x7fl\xcaUw\xee\xf0+\xe8\x97\xfb\xea\xee\x13\
\x00gl\x19\xac\xee\xbd\x08pN\xaf-\xea~\xf3A\
n9\x1f\xab\x07t\xdf\x0f\xeb\x7fJ=R\xd5\x19Q\
\xaf\xefP\x8f\xbd\xb8\x05Q\xfb/\xa9\x1d\xf4\xa7\x7f\xbf\
\xda\xf1\x1d\xe8\xb3>u\xd4\xa9\x9dj#\xd4\xfc\xbc\xda\
S\xad\x0d\xa2\x8e\x8dR{g\xc1x\xad\x93\xd4\xfe\x9b\
\x1b@H\xa7\xaa\xa7\xf6\x00y\xf5\xf1X\xf5\xb4\xfd\xd0\
\xef\x17\x7fS\xcf~\xe0@\xd4\xe4\x81\xea\x9c\x077a\
>m\xea\x05\x93@\x1e\xcd\x89U\xaft\x00\x9dQ\xfb\
\xd5\xab\xd2\xbd\x08y\x0b\xd4\x1b\xcf\xc3\xbeB\xdb\xd4{\
=\xc7\x01g\x9a\xd5\x07\xea\x81\x9e\xe9\xb2O}\xb0\x05\
\xf4\xb7R\x13\xf5\x11\xb4\x0e\xf4sy\xf5\xd1,xn\
\x90U}l\x01\xf4\xb3\xc5D\xf5\xb1\x7f\xbeBT\xdb\
8\xf5\xdb0=\xe8\xf1P\xf5e\x15\xbc_\xf5M\xf5\
\xe5y/\xc2<\xff\xa9\xbe|\x06\xd6\xaf\xd6\x14\xf5\xe5\
/a^\x87\x8fP\x7f4\x04\xe4\xfa\x9a\x91\xea\x8fR\
F \xd4\xf6\xbc\xfaS5\xe0\xa9yN\xf5\x8df\x80\
;j\x9dP\xdf\xac\x0bx\xb4\xe5\x15\xf5\x97\xf5@\x0f\
O}M\xfdm\x1a\xec\x87\x0a\xb3\xd5\x0f\xd7\x9fFH\
\xb5W\xfd\xf8\xc7\x00\xa2>{S\xfd$\x1e\xc6\xb7n\
\xa1\xfaw\xcf\x9f\x08\xbd\xecR\xff\xd3\x13p\x96v\xa4\
\x06\xfd\xf9\x0b\xc8O\xaf\x86r\xdb\x10\xfa\xa8\x82F\xbd\
,\x80\xd0\x7f<\x1a\xf5\xd7\xc0\xc7\xb3u\x1ac\xfb\xcb\
\xc0\xbf\x8f5\xe6^-A>5\xd4\x94\x1f~\x1eQ\
\xb6\x15\x9a\x0aU\x80\xaf5\xa75\x15\x17\xc2z\xb4\x0a\
i\xaaV\xa7\xf5^\x1bM\xd5\xdd@gJcM\xd5\
=\xd5\x10\xda7_S\xf5H\x1a\xec\xcf\x1f4Uo\
\xba\x80_\xcc\x9a\xba\x1f\x8c\x079_[S\xf7'\xd0\
K\xbbr4\x0d\x87\x02}ueM\xc3\xa3\xb0\xdfW\
\xa6h\x1a\xaf\x82\xfe\xb7\xbe\xa5i\xf6\xc2\x13D\xf5W\
k\x9a\xcd.FhW\x8c\xa6\xc5\x0a\x90\x97\x97{h\
\xa2\xb3G!\xea\x9b\x9b\x9aV\xbd\xb7!4m\xab\xa6\
MG\xd8'\x07~\xd3\xb4\xdf\x0cr\xd7sV\xd3\xe3\
\xa3\xd6\x08\xbd4Y\xd3\xf3\x0e\xc8\xa1g\x9biz\xbd\
\x00|<{\xa0&\xf6G\xe8\x8f3A\xd3\xefhW\
\xd0\xdb\xbfh\xfaW\x83\xf9\x88\x8b\xd1\xf4O\x00\xfe^\
\xb9O\x13\xf7(\x17\xa1\x1d;4\x83~\x06<\xf6\xc1\
\x04\xcds\xe7`]z,\xd6\xb8F\xc1g\xff8\x8d\
\xbb\xfc\x1aD\xad,\xa7\xc9\xf2\xa4\x03\xde\x1b\xafYJ\
\xdb\x11\x83\xbf\xd7,\xbd\xba\x1a\xec\x83>\x9a\xdc10\
\x9e\xa1\x0f5\xcb\xfb\xc1\xef\xc6f\x9a\xd53@/\x9b\
*j\xb6\x9f\xfe\x0a\xf0\xf9\x07\x9a\x1d\xef\xd7FT\xb9\
\x85\x9a\xdd)`o<W\xa8\xd9\xbf\x08\xf0F\xdc=\
MA\xbc\x1dQ\x0d\xc6h\x0a\xae<F\xa8Y\xb2\xe6\
p_\xc0w\xfb\xdbh\x0e\x1f8\x0f\xfc\xd8Os\xf8\
\xef\xed \xef.h\x8e\xdd\x00\xbe\xeb\x99\xa39^\x13\
\x9e\x1b\xbfCs\xfaK\xf8\xbc\xfaXs\xa9\x14\xfa1\
\xe3[\xcd\x7f\xfe\x02\x1c\xfd\xca\xf7\x9a\xf7^\x07|\xf0\
\xee=\xcd\x07\x93@\xdf^7j>\xfe\x1c\xf8\xe7\xdb\
\x0f5\x1f\xff\xeeB(\xf5\x8a\xe6\x93\xb7\xbc\x88j=\
Rs\xf3r;\x84:}\xa5\xf9\xb26\xf0\xf5\x0b{\
5w~9\x83\xa8\xc6\xbb5w\x0b\x86 \xaa\xfc9\
M0\xa62\xe8\xe9\xcf4!\x1b\xe8\xbbFvMq\
\x00\xf4\xd9`\x9f\xa6\xf8\x11\xec\xab\x1b\xbd5\x0f&6\
\x019\xf9\xba\xe6\xfb\xe3\xb0\xdf\xee\x96\xd3<\xfc\xa9/\
\xe0\xcdu\x9aG\x1b\xb2\x01\x8f}\xa9y\x92\x09\xebR\
\x1a\xd2\xfc\xe5\xc8\x03<\xfa\x8eV}\x14\xf0\xa2\xb6\xa5\
V\xffE9D}\xf2Dk3\x02\xaeZ\xd1J[\
\xb1\x1c\xc8\xb7!\xafi+\xf6\x00\x1c\x9e{Q[K\
\x05\xb8gs\xaa\xd6\xdeg\x18\xa2\xf2^\xd56\xb8\x07\
\xfai\xd9:m\xb3\x7f\xc0N\xf9-W\x1b\xd3\x0ep\
\xb2g\xa4\xb6]K\xc0\xa5\x17ni;\xe7V@\xd4\
\x09\x9d\xb6\xc7\xb0\x12\x90\x1b\xd7\xb5\xbd\xef\x1eG\x94y\
\x986!\x15\xe4\x9b7N\x9b0\x07\xe4\xd5O\x9b\xb5\
\xa3\x10\xe0\x85\xe7\x96j_x\x03pj`\x99\xf6\xa5\
\xfa\xb0\xaf\xafT\xd6\xcexf>\xd87k\xe1\x13\xf6\
\xed\xa4\xd5\xda\xac$\x90\x97\xa3gi\xe7\x0c\x84\xf9\xd5\
\x05\xb4s.\x81\x1e\xc8?\xa7\xcd\x99\xe6AT\xfdl\
\xed\x82\xd8\x04\x90\xc7\x15\xb4\x0bG\x03?\xa6|\xaf]\
z\x1b\xd6\xe9\xb3\xdb\xda\xd5]A\xaf\x17\xec\xd4\xae?\
\x04r\xae\xf3J\xed\x96\x91\xc0\x07\xcf\xc7k\xb7\x8c\x03\
\xfd\xb0\xeek\xed\x8e\x09\xd0~\xfaD\xed\x01\x04r\xeb\
\xea\x06\xed\xc1\xf1\x80S\xbf\xfdQ{p#\xb4\xdf~\
\xbb\xf6\xc8|\xb032\xc7h\x8f\x9c\x06\x9cu)A\
{\xf4\x11\xe8\xdd\x0f\xa2\xb4\x97{\x81~\xd0W\xd2^\
\x1e\xf6\x0e\xac\xe7\x18\xed\xe5?\xe6 T\xee\x03\xed\xd5\
\x1b ?\x9f]\xa5\xfd`\x05\xf0\xcf\xbd(\xedG>\
=B\x7f\xcf\xd3~\x9a\x00vOH\xab\xfdl\x1e\xd8\
\xc3\xcf\x87\xb47\x97A\xbfV\x9d\xd2~\x19\x0b\xfb\xfc\
\xc3\x12\xed\xd7\xef\xf7\x07;C\xaf\xfd\xfa\x11\xf0\x87\xf5\
\xac\xf6v:\xf0\xc5\xec\x5c\xed\xedb+\xf0\x7f\xb2\xf6\
\xfe\x0e\x90\x1b\xeb\xbf\xd7\x06\x8f5\x01\xfdqO\x1b\xbc\
\x0a\xf6H\xf7\xd5\xda\xe0\x17\xa07\x87\xf7\xd6\x86\xae\x83\
\x9c\xcexG[\xb2\x18\xf6[\xb7?\xb4\xdf\xdc\xbf\x0a\
\xb6\xf8O\xda\xefW\x01_\x5c\xca\xd4>\xf4\xc7\x02\x18\
.\xd6>\xfa\xf4sX\xbf\xb1\xda\x9ff\xae\x00<\xe3\
\xd5>\xae\x02\xf3\xf5NO\xed\xcf}\xde\x06\xf9a\xd3\
\xfe\x9c\x08\xfd\xca\xffM\xfbs&\xe8\xc33\x87\xb4\xbf\
\xed7\x82\x9d\xf1\xb3\xf6\xf7\x98J\x085\xee\xa3\xfd\xfd\
\x22\xc8\x99\xba\x9fi\xffH\x06\x1c\xb2\xaf\xaf\xf6\xef-\
\xb0\x9f\xd7\x98\xb4\xffl\x03\x1cbM\xd5\x19^\x04\xfc\
_pDg\xd8\x0e8\xe0\xfeI\x9d\xe1He\x90\x0f\
\xf3uF\x1f\xcc\xe7o#t\xa6\xbb ?\xfb\xdf\xd0\
\x99\x8fu@\xe8\xf71\xba\xca\xb1 \xe7\xbf\x9d\xa1\xab\
Z\x17\xe4M\xf1;\xba\x1a\xe9\xc0\x07\xdf\xef\xd3\xd5\xaa\
\x05v\xd6\xde4]\xfd\x1d`\x7f\xce\xffCW\xff\x1a\
\xc8\x95_\xab\xe9\x1a,\x06y\x5c\xe1\xaa\xaea_\xd0\
G\xfa!\xba\x86\xdf\xc2\xfa\xb4\xfdE\xd7\xac\xc2\xef\xa0\
\xdf\x1a\xeb\x9a\xcd\xce\x03\xbe\xed\xa4k\x91\x09x\xa0J\
y]\x97\x00\xc8\xf9~!]\xd7\x17/B{[u\
\xdd^\xfb\x09\xecy\x87\xae\xfb\x95\x9a\x08\xdd\x98\xa3\xeb\
9\xa1\x05\xa2\xe2+\xea\xfa5\xe8\x87\xa8\xae-t\xfd\
\xd5\xb0\x8e\xb7T\xba\xfe\xc3\xc1.\x99\x94\xaa\x1b\xb4\x1a\
p\xcd\xeb\x93uC\xe7\xa4\x80<y\xa2\x8b\x7f!\x05\
Q\xef\x8c\xd1\x0d\xef\x0e8\xe9\xeaW\xba\x91\x1b\x01\x07\
\x9e\x1e\xaa\x1b?\x04\xe67\xb7\xb6\xce\xf3\xfa\x7f\x105\
o\xad\xce\xdb\x15\xec\xeen\xd9:\xdfC\xe0\xa7\xb5\xd7\
t\xd9\xc3A\x1e\x1f\xbc\xa7\xcb\xf9\x1a\xf8\xe7\xd5\xad\xba\
\x05\x97@/?\xba\xa5[\xfa!\xe8\xa3~'u\xcb\
\xac\x80G\x0fg\xea\xf2\xfa\xbd\x0e\xfb\xf1%\xdd\xc6\xb7\
@\x1e\x0d\x0f\xea6i\xc1>w\xbc\xab\xdbS\x19\xec\
\xdb\xeaMu\xf9\xbf\x02\x0e\xb1}\xaa;U\x11\xd6\xf9\
\xb9\x12\xdd\xeb\x8bo j\xe2\xf7\xba\xb7\xe3\x00'\xd5\
\x1b\xa8\xbb\xf2\x19\xacS\xb3u\xba\xf7\xf6\xb8\x11jz\
R\xf7\xfe\x7f\xde\x03\x1c}F\xf7\xe1\x13\xc0\xeb\xe7\xff\
\xd1}|\x1bpT\xecu\xdd\xa7\xbf\x02\xbe\xd6\xfe\xa1\
\xbb\xb1\x18\xf6g\x8d\xc5\xba\x1b[n#\xf4\xda\xe7\xba\
\xcf?\xa6\xd7\xe5\xbe\xee\x8b\xd5\xc0\xa7[\xeb\xeb\xber\
<\x038&Qw\xeb+\xd0+\x8d;\xebn=\x04\
\xfe\xc9\x8c\xd2\xdd\xd9e\x87q\x7f\xa8\xbb\xf3\xc99\x84\
\xd6~\xac\xbb[\x0e\xe4p\x8cOWZc\x06\xd8\x09\
;t\xa5\xd1[\x11\xba\xb6N\xf7\xe0\x1f0\xc2Z\xbe\
\xa2{l\x04\xbe\xcd\xce\xd2\xfd\xda\x00\xec\xca+\x0ft\
\xbfn\x02\xbd4\xf0\x8e^\xb7\x18\xf8#\xeb{\xbd\xa9\
\x00\xe4\xe4\x87f\xbd\xe5[\xd8\xb7Cj\xe8+<l\
\x8d\xa8\x0a\xe5\xf4\x15} \x97j\xfd\xa1\x7f\xe6\x0f\xe0\
3u\x13}\xf5\xf20\xdf\xe7\xc6\xea\xeb\xbb+\x82]\
`\xd57|\x0f\xf8\xe9\xf8y}\xa3\x09 \xb7\xab_\
\xd37Z=\x02Q\xdb\x8d\xfa&C@\x8e\x1a\xa7\xe9\
\x9b\x8c\x9d\x89P\xb5?\xf4\xcd\xeeVE\xd4\xbe&\xfa\
\xe6\xb6e\xf0\xfe\x16}\xcb\x89`G\x7f\xdb]\xdf2\
\x17\xf0\xd8\xf1\xee\xfa\xb6\x87\xfeFT\xf7\x0d\xfa\xf6w\
\xd6#t\xec\x17}\x87-\xa07z\x0c\xd2w\xb8\xf0\
!\x8c\xaf\xaf\xbec/h\xb7 I\xdf\x05p4\x95\
\xb1@\xdfe\x07\xd8-\xa3\x0f\xea\xbb\x15}\x0f\xe3M\
\xd1\xf7l}\x10\x9e\xcb\xd3\xf7\xf4\x83\x9d\x92\xf7D\x1f\
\x1b\x07|\x9a\xd8H\xdf\xef}\xe0\x97*\x87\xf4\xfd\xf7\
_B\x94O\xa3\x1f\xe8\x00:\xcbz\xe8\x87\xa6ND\
h\xe9H}\xfcr\x13B\x85\xd3\xf5#\x0c\xa0\x7f\xfb\
X\xf4c2\x01\xcfvv\xe9\xc7\xcf\xfd\x0b\xf4\xc2\x1c\
\xfd\xf8\x87\xa0W/\x9b\xf5\xfeK\x80\x13[\xdc\xd7O\
\x1f\x05\xfb\xe3?c\xf43k~\x03\xeb\xfd\x81\xfe\x95\
J0\xee\xee\xd7\xf4\xafl\x06\xfe)\x97\xa0\x9f\x95\x09\
v\xc8[U\xf5\xb3\xde\xf3\x01\x8e[\xa8\x9f\x97\xbb\x1c\
\xec\x8d/\xf5\x8b\x8d\x17\xc0^9\xac_\xafm\x8b\xd0\
\x91\x17\xf5\x07V\x02\xee\xaevY\x7fb\x03\xd87\xed\
\xdf\xd2\x9fn]\x8a\xd0\xc0f\xfa\xb3\xdb\x81o|\xb1\
\xfa\xf3K/\xc3\xef\xb7\xf4\x17\xac\xa0\xdf\xa6\xbe\xa8\xbf\
j\xb1\x80\x9e\xfbT\xffI\xd3_\x10\xf5\xbcV\xff\xc9\
\xd6\x0f`\x1e\x9e\xe8o\x9e\x1e\x0avm?\xfdW3\
@?>\xf8Y\x7f\xeb\x1a\xccK\xec\x06\xfd\xed\x07\xcf\
\x22j\x87_\x1fz\x0cxA?V_:\x06\xe6a\
nK}\xe9?\xbd\xc1\x1e\x9a\xa2\xff&\x1f\xf6\xd3\xb4\
\x0f\xf5\xdf\xed\x04|\xe1\x9b\xaf\x7fT\x0b\x9e\xaf<T\
\xff\xe3\x0e\x98\xdf\xec\xf5\xfa\x1f\xefC{\xcf/\xd5\xff\
\x9a\x0ev\xc0d\x8f\xfe7\x13\xack\xebK\xfa\xdf\x1e\
N\x00\xb9\xd2\xd6\x80\xec]\xc0\xee\xce1P\xd9\xf9 \
\x17\xd7\x1bT?\x01\xbf\xad\xfc\xd1\xa0>\xbf\x06\xf6\xfd\
\x0e\x83v9\xec\xf3!\x8b\x0d\xfa;\x80\xcb?*0\
\x98V\x01?w\xe9k0\xbd\xb6\x11\xa1\xeb\x0d\x0cU\
\xff\x80\xf5\x8a\xaei\xa86\xbc\x1a\xa2\xc662T\xcb\
k\x8a\xa8~\xb3\x0cu\x86\xc3\xbe\xae\xf1\xa6\xa1\xcew\
0\xae\x8d3\x0c\xf6a\xcf!\xaa\xf7UC\xcbk\x1a\
\xb0\xcbG\x19\xda^\x00\xb9\xf8\xf9\x12C\xdb\xe2)\xf0\
\xde?\x86v\x0d`}F\x5c7\xb4\xeb\x04v\xcdn\
\xca\xd0~E!\xfc\xbd\xaa\xa1s+\xc0w\x83/\x19\
:\xff\x08x\xf0\xef\xf7\x0d]i\xfb\xa9\xcfmC\xef\
\xc3\x80#\xbfZk\x88\xa5`\x9c/\xffj\x88\xfd\xe3\
1\xd8kn\xc3\xb3\x0f\xe0\xf7A\x9f\x1a\x06\xd8@\x8e\
\xde\x1ah\x18p\x1f\xec%\xd7\x1f\x86\x84\xdf`~\xf2\
\x87\x19F}\x05t.\x8e2\x8c\xad\xd3\x00\xec\xbe\xa9\
\x86\xc4\xd5\xb0\xdfm\x13\x0d)G\x81\xdf\xbe\xdcgH\
{\x16\xd6\x7fd\x81!s\x15\xe0\xa0\xbca\x06\x7f\xc7\
\x81\x08\xb5\xcb6\xcc\xcb\x02\xfeH~\xdb\xb0\xb4\x15\xc8\
\xa7>O\x0cK\xfd\x9f\x80\x1c{\xc7\x90{\x0a\xe8\xd4\
\xaciX\x9b\x0a\xf2\xe5\x9b\xeb\x86\x8d\x1bh\x1cj6\
l\xfa\x08\xf4H\xad*\x86\xdd\x85\xa0_\xe2\x0e\x1a\xce\
&\x83\x1c\x9d\xdc\xd3\xf0\x96\x09\xf4\xdc\xf8\xb7\x0do\xc5\
\x83<\x18\xb6\xce\xf0\xf6Q\x98\xa7U_\x19\xde]\x02\
\xf4\x0f\xb56\xbc\xef\xb9\x0d8,\xdf\xf0\xc1 \xb0\xe3\
\x87~d\xf8p\x15\xd8\xd5\xc3\xd7\x19\xae\xb5\xb5!*\
\xe5\x8a\xe1#+\xac\xe3\xb7+\x0d\xd7[\xbe\x07\xf6\xac\
\xc3p\xdd\x03r\xb6\xf4\xac\xe1\x8b\xda\xb4\xfe\x1fc\xb8\
}\xe5.\xa2f\xf43\x14?\x07r\xdd\xf4\x9c\xa1t\
{U\xd8'\x94\xa1\xf4\x02\xd8O\x85\x0f\x0c\x0fz\xbf\
\x0d\xf6\xf1\x12\xc3\xf7\xe6V\x80\xaf\xa6\x18\x1e\xb5:\x8a\
\xd0\xbb\x97\x0c?X\xc0n9R\xdb\xf0\xd8\x01zv\
\xf9C\xc3\xcf7\x01wG\x9f0\xfc\x1a\x03t\xab\x1a\
\x0d\xbfN\xfc\x02\xf6{\x89\xe1\xd7c\x03\xa0\xbd\xd9\x86\
\xdf\xae\x01\xdds\xb5\xe0\x13\xfa?9d\xf8\xdd\x0az\
\xf5\xf4j\xc3_+\xaf!\xf4Po\xc4|\x15hf\
T?\x1c\x0b\xf6\xd0\x1e\xa3\xb6\x12\xd8q+\x1a\x19\xb5\
\x1d\x00?=(1j7_\x05\xdcs\xcf\xa8\xbb\xdb\
\x0b\xa1\xf9u\x8c\xa6\xf2\xb0\xcfG,7\x9a\x1c\x93\xc0\
\xae8k4\xcf\x81\xf1\xbe\xd8\xcdh\x99\x0bz;\xa7\
\xb9\xb1\xf2C\x90\xdbW\xb2\x8dU\x12@\xcf\x94\xee1\
V\x7f\x08\xf2\xb0nkc\xcdk\xd0\xef\x1f\xd2\x8c\xb5\
F\x03\xbe\x89\x1db\xac\xb3\x1c\xf4\xa6a\x84\xb1.z\
\x08\xef\xa5\x1b\x1b\x5c\x039\xbc\xe6sc\xa3\xa1\xb0\xaf\
J\x06\x1b\x9bV\x83\xf6\xde\xeadl\xd9\x1a\xe4\xd8\x8c\
;\xc6V\xba\x13\x88\xfah\x8a\xb1\xd5A\xd8\xa7\x83;\
\x1a\xdbd\x01\x9f\x9e\xdbbl\xb7\x11\xec\xd5k_\x18\
\xdb\xfd\x04\xfc\x9eS`l\xdf\x1a\xf0\xed\x22\xa7\xb1\xeb\
u\xb0\xe3?\xe9l\xec\xdd\xedgD\xb5\xa9b\xec_\
\x1f\xf6aV-c\xdc&\xc0y\xf9U\x8c\x03c\xd6\
\x22tj\x9fq\xe8\xf3\x80+\xf7\xa7\x1a\x87\xce\x84\xf5\
\xff\xb1\xa3qX\x14\xc8\xcb\x1f~1\xc67\x8b\x01\xfc\
\xb7\xd38\xfaw\xc0\x8b\xaf[\x8dcv$\x22jc\
\x0f\xe3\x8b\x8do!j\xd8ac\xe2r\x90\xe3\xf5\x8d\
F_\x05X\xd7\x06m\x8dS\x7f\x07\xbb\xfaK\x9b1\
\xcb\x0f|U~\x84q\xce\xd0\xba\xf0\xbe\xd9\xb8-\x05\
p\xcd\xc2z\xc6=\xcb@\x8e=lm|\xb5)\xd8\
\x01'^3\xbe\xda\x1e\xe4\xed\x9e4\xe3\x81qA\xb0\
\x9b\xaa\x19\x8f~\x09v\xe6\xa4\xff\x18\x8f\x9fy\x1f\xec\
\xa7\x07\xc6S\x93`_\xd7=e<\xb7\xd4\x8fP\xc5\
_\x8do\xbct\x0eQ[\x06\x1b/W\xf7!\xea\x95\
\xaa\xc6\xcb_\x82\xdd\xde\xea\x86\xf1\xaa\x1a\xf0\xe3\xac\x01\
\xc6\x0f\x1b\xc3~\xfcu\xbc\xf1\x93\x18\xc0\x87\xeb5\xc6\
O\xcf\x01\xfe\xda\xf1\xad\xf1\xfa`\xf8,\x8e3\xdex\
\x048al\xbe\xf1+K<B\x9f\x1a\x8d_{k\
\x22\xca\xd3\xd5\xf8\xf5\x0f\xbf#\xea\xe2\xd7\xc6\xdbG`\
\x1fn}\xc1x\xe7\x03\xc0\x1d\x9db\x8c\xf7\x8f\x83\x1d\
2\xa0\xbd1\xd8\x03\xfa\xd1\xd2a\xfc\xae\x1e\xcc\xf3\x86\
#\xc6\xef.\x00\x9d\x0d\x99\xc6\x1f\xb2\xe6!\xa4\xc95\
\xfe\xde\xaa;\xb4\x17k\xfcc\x93\x1a\xa1\x09>\xe3_\
\xaf\x02N\xac\x1b0\xa1\xfb\x80g\x96ZLQo\x83\
\xdd2y\x8f\xc9\xe0\x81\xfdT\xad\xbb\xc9\xb6\x0b\xec\xfe\
\x165M\x15\x86\xd18\xa6\x9b\xa9b\x02\xc8\x83\xdb[\
M\xd5\x83 G\x9b57\xd5\x9a\x00\xb8t\xcad\x93\
}\xfc\x7f\xc0\x1e\x9di\xaa\x9b\x00\xfd\xecY\xdeT\x7f\
?\xe8\xa9\xaf\xf5\xa6\x98\xf1\xd0n\xc9iS\xcc\xb7\xb0\
\xef\x8c\xaf\x99\xdaN\x05\xb9\xa9\xa9mj\x9b\xbf\x17\xe6\
\xe7\x96\xa9]\xd6\x06\x98\xdf\x9e\xa6\xf6_\x83]\xb0\xb5\
\xb1\xa9C\xf7\xed\x08\x9d\xfd\xcd\xd4\xf9-\x90OM\x0f\
\x99\xbaT\x07\x1c\xd2\xf4[S\xb7z\x80Sn\xf75\
us\xc3x\xb6\xee0u\xd7\x80\xbdY\xcbg\xeaU\
\xb1\x0f\xfc^d\xea\xeb\x06=g\xdei\x1a4\x18\xf8\
C\xbb\xc84l\x0f\xc8\xf3\xb7;\x99\x86\x1f\x9d\x8a\xd0\
\xa2\xcfM\xc3\xaf\x03\x9e\xfe\xc7`r\xd6\x06y\xba\xb6\
\xa3)u2\xd8\x87/\xf8L\xee/\x0f\x22*g\x88\
\xe9\xa5<\x18o\xdf+&\xdfL\x18\xff\x98\xdfM\xd3\
\xb7\xd1\xfbt\xaai\xc6\x87\xa0\x1f\xe6U1\xe54\x87\
\xfd:\xae\xb3i\xb5\x09\xf6\x7f\xdf=\xa6\x1d\x07@\x9e\
\xeb\xde3\xedL/\x05;\xe7]\xd3\xdew\xc1N\x1c\
\xf8\x9ai\x7f\xc8\x81\xd0\xc7\x9bM\xe7\x07\xb6\x01C\x1d\
\x99^\xaf\x04vi\xd7\xba\xa67{\xc2\xef\x7f\xde2\
\xbd\x97\x04\xf8\xfb9\xcatU\x05\xf6\xdd\xdc\x93\xa6\x8f\
w\x80<\xbcw\xd2\xf4\xc9\xa1\x7f\x10\xb5\x1b\x99>\x9b\
\x10\x07\xfbAo\xfa|\x22\xe8\xb1\xf9)\xa6\x9b\x0d:\
\x80|9f\xfa\xfa\x12\xec\x83\x1b\x8fLw\xba\xceD\
\xd4\xe2I\xa6\xbb\xb3a\x9fN\xdeb\xbaw\x09\xf6\xc9\
\x07\x8fM\xf7\xdb\x80\xdds\xa7\xbd\xa9(\xeb\x22\xa2\x96\
\xc7\x9a\x8a~\x00\xfd:#\xdd\x14\xfc\x18\xf4\xd6\x99a\
\xa6\xe2\xa1`\xffo\x1bkz\xd0\x1a\xf8v\xca\x09\xd3\
\xe3w\x80\x1fS\xbb\x9b~n\xfd7\xf0\xfd\x13\xd3\x93\
y\xa9\x80+\x0bMO\xb6C\xbb\xcd\xbf1=\xf9|\
3\xec\xf7{\xa6?\xab\x03\xfe\x189\xd6\xac\xfa\xe9]\
\xe0\xbf\x03\xe6\xa8\xe7\x9b\x01\xddSf\xd3\x07\x9d`\xbe\
\x83f\xdb\xbcV\x88\xfa\xfa/s\x85\xef\xee\xc2\xfe\x9f\
m\xae\xf2\x12\xe0\x80\xf2zs\x95<\xa0\xbb>\xd6\x5c\
u\x1b\xe8\xc5;\xef\x99k\xfc\x05\xfc\x1aE\x99\xeb\xfc\
\x03\xf2\xc6l57\x5c|\x18\xe6-\xc9\xdc\xf0(\xe0\
\x9f\xf6\x15\xcdMV|\x82(\xcb\x22s\xd3\xfck\x88\
\x9a>\xc1\xdc\xf4#=\xf4c\x9f9\xfa<\xd8{%\
U\xcd\xad/\x19\x11\xb5\xfa\x92\xb9M\xe3\x22\xe0\xbb\x90\
\xb9\xc31X\xaf;s\xcc][\x83~\x99\xdf\xd4\xdc\
\xad\x1a\xc8\xb3\xceU\xcd\xddj\xc0~\xeex\xc7\xdc\xbd\
\xce\x15\xb0+\xeb\x9b\xfb\xd8@N,\xbeg\xee\x97\x00\
\xb8\xe1aOs\xff\xa5\x80?\xda~k\x1eD\xfd\x00\
\xed\xec7\x0f~\xd8\x18\xf4X\x8ey\xdc\x00\xd8\x07\xf5\
\xbf2?_\xbb\x1eB\x13\x8f\x9b\x93;\x01\x1f<\xb3\
\xce\x9c<3\x09p\xfc,\xf3\xe4a ?\x86[\xcc\
Sn\x02\xde\x8f\xdfe\x9e1\xe6$\xa26\xad5/\
)\x05\x1c\xedz\xcb\xbc\xec\xadX\x84\xe6\xac5\xaf\x98\
\xdd\x02\xa1\xc7\xcb\xcd\xab\xdf\x03\xfei\xbb\xd8\xbc\xf1\xd1\
(\x84^\xfa\xd9\xbc\xa3+\xf0}\xed\xcf\xcc\x87\xba\x81\
\x1d\x93\xd8\xdb|\xb2<\xe0\xcd\xc9\x06\xf3\x1b\x9eC\x80\
\xcf\xbe6\xbf\xbb\x1d\xfa\xef<`\xfe\xe8\x15\xb0#'\
\xc6\x9a\xaf\xcf\x05\xbb\xa9{\x07\xf3\x8dm`\x17\xbcV\
\xc1\xfc\xc5\x97U\x10*^g\xbe}\x0d\xf0\xc4\x81\xfa\
\xe6;}\xc6\x22*X\xdb|\xef3\xc0\xc7\x15\xdb\x98\
\xef\xff\x0dx\xa9\xc5\xd7\xe6\xe0\x16\x90\x037\x9f7\x87\
t\x80S\x1b\xdf3\x97\xcc\x82\xfd\xbb\xb3\xab\xf9\x9b\xee\
m\x105\xe1\xbe\xf9\x9b\x83 \xbf\xaa\x0e5\xff\x8a`\
\xfe\xfaU7\xff:\xaa\x12\xa2.\x5c5\xff\xe6[\x01\
z\xa2\x9b\x85Z\x0br`\xac\xd7\xa2\x19\x0f\xfax\xe7\
|\x8b>q\x04Bo\xaf\xb0\x98\x87\xbe\x08\xf8\xf4\x17\
\x8b\xf5(\xe8\x85\xeb\xafX*\xf6z\x1eQ\xfe\xda\x96\
\xcaGa\x1cWOY\xaa\xec\x05\x1c\xb3\xfbSK\x95\
\xd7\xeb\xc3:\xf6\xb7T\xed\x0f\xf6\xcb\xf57,\xd5\xb2\
\x7fC\xd4\xb4tK\x8d\xe1 \x87\xa7|b\xa9e\x02\
\xb9\xf4|\x86\xa5V+\xc0\x9b\xaa\x1d\x96Z\xe3\x00\xdf\
}Q\xd3\xd2p0\xd8\xfb7\xbaZ\x1a\x15\xc0\xdf\xdb\
\xdd\xb44\xfa\x07\xec\x10k=K\x93\x1f\x00\xd7\xefy\
\xdd\xd2\xc2\x07\xfc\xee\x8a\xb3D\xd7\x85\xf9\xf8\xe2\x89%\
\xe6]\xd0\x8b{^\xb0\xb4\xfb\x11\xf4`\xeenK\xa7\
\x1e w\xb6]\xb5t\xea\x0dr}\xd7`K\xe7\x97\
`\xff\x8f;b\xe9q\x0e\xe6\xa3gSK\xdf7\xe0\
\xb9\xc27,\x03Z\x01\x1e\x0a\xae\xb2\xc4\xd9\xea\x22\xea\
\xfdxK\xdc\x07\x1e\x84^\xdek\x19\xbc\x12\xe4K\x9a\
\xda2r\x12\xd8\xedo\xfddy>\x15p\xbb\xef\x0f\
\xcb\x0b_\xc0~\xed\xf0\x93e\xc2s\x80\x07\x1b\xac\xb2\
$\x1e\x83\xdf_\xf4ZR6j\xc1~\xef`I+\
\x0f\xf3\xba\xf1;\x8b\xebs\x90\x7f\xb5\xbd\x96\x97\x10\xad\
\xc7\x8e[|!\xb0cB\x9b-S?\x05|\x92t\
\xc32\xad*\xd8W\xc9\xf7-\xb3R\x81\xff\x8eN\xb6\
\xcc+\x02\x9c\xd3k\x98e\x11\x8dWR\x80\xf3\xe3;\
\x02?\x5c\xb7,\x1f\x03\xfc_\xa7\x8de\x9d\x01\xe6\xbf\
wU\xcb\xba\xcb\x95\x115\xdba\xd9\xb3\x07\xf4\xb8\xfb\
\x96e\xdf=\xc0y\xeb\x17X^=\x09\xf6\xc77m\
,\xf97\xe1\xfb\x0dC,\xc7\x9a\x02\x1e\x1f\xf1\xc8r\
\xe2\x01\x1d\xaf\xaal9;\x16\xf4\xb2\xe59K\xe1\xab\
\x80\x1b\x13r,o^\xff\x1a\xe8\x1e\xb7\xbc\xf9\x0f\xe0\
\xf9\x17/Y\xde\x9a\xf8\x02\xd0\x9fn\xb9b\x019^\
\xf3S\xcb{\xabZ\x22\x14s\xc0\xf2a<\xc8\x99%\
+-\xd7\x1e\x80]\xf1\xf9z\xcbG\x7f\xfe\x0az)\
\xda\xf2\xf1\xec\x07 \x9f\xda[ndA\x7f6\x0f\xb2\
|q\x0f\xe868h\xf9\xaa\x1a\xc8\xb53\xdfX\xee\
\xe6\xf7\x00\xf9\x80,\xf7&\x80<J\x88\xb1\x84\xc6t\
\x04\xb9\xd4\xdfR\xaa\x86\xef\xbbn\xb5\x94\xae\x00\xf9\xf0\
\xf0\xa8\xe5\x9bv\xc0\xafG\x0d\x96o\xed\xb4\x9f\xf0\x1b\
\xcbc\x1b\xe0\xf7;\xd9\x96\xc7\xd5W\x83\x9c|\xdb\xf2\
\xe7\x88\xab`\xdf\x5c\xb6\xfcU\x0b\xf8\xfd`\xb1\xe5\x9f\
' ?6\xaf\xb1\xa2\x97`>\xc7O\xb0j\xe8\xb8\
C\xd6Y\xabf\x00\xe8\x95J\xa3\xac\x96\x03\xa0\xe7\xfd\
\x7fYm\x7f\x83|\xbb=\xd9Z\xb3.\xe8\xff\x0b\x01\
k\xedo\xc0n\x7fm\xa5\xb5\x81~\x1d\xa2\x0e\xac\xb6\
6\x18\x01\xfbq\xe1Dk\xc3r\xa0W:7\xb06\
\x9c\x01z!1\xc7\xda\xf4F\x02\xec\xef_\xad\xcd\x01\
FQ\x0f\x8eYc2Ao\x1f\xbe`m\x7f\x1e\xda\
y\xf9\x05k\xe7\xc54\x0e\xb8a\xed\xb6\x11\xf40\xfa\
\xd9\x1a\xfb\xe9\xc7\xf0\x91m\xed\xb3l8\xa2&\xfd`\
\xed\x1f\x0d\xfb\xa2\x92\xcd:@\x0d\xf8yh%k\xdc\
\x15\xd8\x07_>\xb1\x0eJ\x82u(\xecj\x1dt\x18\
\xf8-~\x84ul,\xc8\xdb\xaf\xce[\x9f[\x01\xf2\
\xb2\xd9L\xeb\xb8\x99`?/\x9bo}1\x03\xf8\xe5\
\x8d\x09Vwk\xe0gj\xa1\xd5\xd7\x0f\xe4\xca\xeb\x8f\
\xad\xbe\xd0o`g\xbfa\x0dt\x84\xfdw\xf3sk\
\xd6x\x15\xe8y\x9fu\xe6L\xe0\x9f\x97VY\xe7d\
\x83\xddD}`\xcd\xb9\x00\xbf\xdb=\xd6\x9cOG#\
\xea3\xa7u\xc1D\x98\x8f\xbc\x1a\xd6%\xef>\x0b\xeb\
\xbf\xc9\xba\x22\x1a\xe4@FS\xeb\xca\xb6\x80\xdfN\xd5\
\xb1\xaeK\x059\xa8\xbeb]O\x81\xbe\xa9l\xb4n\
\xc8\xea\x0c\xf3\xb2\xc5\xba+\x1f\xe6k\xf8?\xd6=A\
\xb0\xcf;4\xb6\x16\xb4\x04}}\xf9mk\xe1\x18\x98\
\x98\xedu\xad\x17\x9c\xc0\xe7\xf7~\xb5\xbe\x1d\x0d\xe3\x0b\
\x8c\xb6^\xdb\x0f|W-\xdb\xfa\xf94\xb0c^:\
d\xfd\xf20\xackn\xc0z\xebo\x98\xd7\xfb\xd7\xac\
\xb7{\xa5\x81\xbd\xf9\x8c\xf5N&\xe0\x93\xe5\x1a\xeb\x9d\
\x97\x00\xff/\xef\x06\x9f\x9f\xc3\xe7e\xeb];\xc8\xe9\
\x15\x97\xacw\xe3\xfb\x03\x8e<d\xbd\xb7\x03\xf0\xe9\x96\
\x8d\xd6{?\x81]\xbc5\xd9Z4\xb1\x1c\xe8\xab\xa6\
\xd6\xa2\xc7\xb4\x7f\xb5\xab5\xd8\x03>w}l-\xb6\
\xde@h\xdf5k\xe9ph/\xff\xaa\xb5\xd4\x0f\xdf\
\xef=l-=t\x0b\xa1\xca3\xad\xdf\xd4\xeb\x0d\xf6\
r\x8e\xf5\x9b\x89\xc0W\xff$X\xbf9\xf0)B\xe7\
\xdf\xb4~s\x07\x9e?\xbb\xca\xfa\xad\x0d\xf0\x9a-\xd1\
\xfa\xc3\xf7=\x11U\xee\xba\xf5\xa7<7\xe8\xab\x05\xd6\
\xc7\x89\xa0\xef\x9e\xe9l}\xe2\x9b\x00z\xccd}\xf2\
1\xac\xc7\xc5&\xd6\xdf\xb7R\x80/\xf7X\x7f?z\
\x0fpq\x86\xf5\xcf\xd1`7\x0c\x9dl\xfdkb\x06\
B\xef\x1c\xb5\xfe\x95\x0f\xf6\x7f\xffI\xd6\xbf.\x82}\
^\x7f\xa4\xf5\x9f\x89 w\x9a\xbflCQ g\xaf\
V\xb2\xa1\xddj\xb0Ct6\xf4\x1d\xf0U\xf3\xe16\
j%\xf4\xcf\xff\x9b\x8d\xda\x09\x9f\x81\x1fm\xd4O`\
/\xb69eS\xf5^\x00z\xc9nSe\xa6#\xca\
{\xc3\xa6\xba\x0az\xa0a\xbaM\xed\x07\x9c\xb8s\xb6\
M\xbd\xeb-\xd0\xbb}l\xea\xc7\xb3\xc1~M\xb4i\
\xeb\xdb\x11\xf5l\x9cM;\x14~\xf7g\xd9t\x13A\
O]\xedm3\x5c\x82y\xcfQ\xd9\x8c}`\xbdG\
\x1c\xb0\x19\xef6\x049<\xc2f\xca\x07\xbd\xfd\xc1m\
\x9b\xe9\x08|~\x18g3G\x8d\x03\x5c\xf9\x9b\xcd\xd2\
\xaf\x0e\xc8\xad\x9d6K\x16\xecw\xd3Z\x9be\xc3\x11\
\x903\xbbl\x96\x8d \x175\x0fl\xd6\xf7\x80\x1fL\
\xef\xd9l\x1e\xd8\xcfSbm\xe5z\x83\xde\x9e\xb2\xdb\
V.\x16\xe4\xcf\xd4Y\xb6\x0a#`\x1c7w\xd9*\
\x96\x87\xf5\x0d-\xb3U\x5c\xbe\x0dQc|\xb6J\xad\
a\xbeKM\xb6J\xde\xc7\x80\xff\x16\xd9*\x1d\x82y\
\x99\xe9\xb0=\x939\x03\xf4\xc1y[\xb5W\xc0\x1e\xf8\
t\xaa\xadZ>\xe0\x81\xd51\xb6\x1a\xef\x00.\xb7\xe5\
\xdbj6,\x0fx\xf5\xb1\xad\xe65xn\xfa\x0f\xb6\
\x9a\x9f\xcc\x03{\xa2\x8a\xad\xd6\x0f_#\xd4h\x93\xad\
vo\x90\x8b)\xdbl\xb53\xb7\x80\x9d\xde\xcbVg\
\x13\xe8\xab\x89Gm\xf6\xc6\x80\xbf6>\xb6\xd9/\x14\
\x00\x9f\xbeg\xb3\xbf\x098\xa9\xb86|\x82|+\xde\
l\xab\x1b;\x10Q\xe9\xedmu\xfb\xb4CT\xc6U\
[=?\xc8\xff\x99\x9f\xd8\xea\xed\x82\xf9\xcf\x1ao\xab\
O\x01\xddI\x97m\xf5\x97\x00n)\x7f\xcfV\x7f\xeb\
\x00\xf8>\xd7\xd6\xe0o\xf8\xcc\xbcbk\x18\x0f\xe3\x9a\
\xb9\xd3\xd6pU=\xf8\xecdk4\x17p\xd5\xbc\xc9\
\xb6F;\x00\xff\xd5\xbehk\xf6\x02\xe8\xf1\xcbKm\
\xcd\xde\x8c\x01\xbd}\xcb\xd6\xfc\xe2\xe7\xa0_\xcf\xd9Z\
$\xd2\xf6z\xb6\xad\xe5\xb6\xc9\x80S\xf6\xd8\xa2\xe7\x02\
\x9d\x92'\xb6V\xbb\x00\xaf\xcd\xff\xc0\xd6f\xd8e\x18\
\xff\x1a[\xdb\xa9\x80\xc7\xa3t\xb6v^\xe8\xcf\xe2\xdf\
l\xed\xee\xf6\x079\xdc\xcc\xd6\xfe\x08|.\xeel\xeb\
8\xe4\x02BY\xcf\xd9:\xbe\x02|\xb6,\xd1\xd6q\
>\xf4\xeb\xdb\xb7l\x9d\xd4\xb0\x9e\x9f7\xb7u\x9e\xdb\
\x1d\xe4~\x92\xadK3\xe0\xef\xf3q\xb6.=A\x8e\
\xb7)\xb1u\x19\x0av\xd8\xae\x8fl]RA?\x98\
\xcb\xd9\xba\x80:\xa2v\xcf\xb6u\xf9\x04\xe6g[\x9a\
\xadW\x02\xd8#\x8fN\xd8z\xf7\xa2\xe3&\x97lq\
\xad@\x7f^\x19i\x8b;j\x02\xfdX\xdf\x16\xf7!\
\xcc\xdf\xb5\x03\xb6a\xff\x01y2\xb6\xbbm\x5c6\xc8\
\xad\xf3\xadl/|\x0c\xfacA\x15[\xe2~\x90\x1f\
\xc5\xcf\xda\xd2\xe8\xb8\xc4\x80R\xdb\xd4\x1e\x15\x10\xf5\xc2\
R\xdb\x8c\xdb\xa0O~ji[\xdf\x14\xf0\xcf\x84\x8e\
\xb6\xf5\xfd\xf6!\xea\xc3y\xb6\x8dM\x80^\x87\x80\xed\
\xf8(\xc0\xd1\xcd\x9b\xd9N\xf7\x01\xb9\xf6(\xd6\xf6\x86\
\x1a\xe4\xec\xab\xbdlo=>\x89\xd0R\x9b\xed\x9dv\
\x1a\x84\x96\xdc\xb0]\xd9\x01v\xa2\xf9\x94\x8d\xc1A>\
\xdb\xad\x8b\xd7a\xff\xffe\xbb\xf5\xd7\xab\x08\xb5;f\
\xbb=\x0f\xf0\xc2\xc9\x0fl\xc5/\xa7\x22\xea\xee4\xdb\
\xf7+\x80\x9f\x17o\xb3=\xb2\x01\x9f\xd6\x8e\xb5\xfdL\
\xdb\xa3\xa3;\xda~\xa9\xd9\x13\xe4S\x1b\xdb\x93\x06\xd0\
\xaf\xa2\xa9\xb6?\xc6\x82\x1c\xbf\xd7\xc6\xf6\xe7\xb0\x1b\x80\
+rl\x7fN\x82u\xeb\xf4\xaa\xed\xcf#-\x11\x95\
\xd4\xce\xf6\xcf\x9c_\x10\xba;\xcd\x85\xa8\x1f\xda\x032\
D/ #\x8aCI\xc8\x83\xdc\xc8\x8e\x02\xf0\xaf\x03\
M\x81\xff\x5c(\x1d\xfeM\x84\x7f\x9d(\x1a\xfe\xd2\x07\
~r\xc1s\x93\xe1\xe7\x11\xf0]\x0a\xf2\xc2\xbf>\x94\
\x06\xbf\xfb\xe1m\xfa_/\x9a\x0e\x9f\x0e\x94\x8a\xdfw\
\xa3h=m*\x00\x9e@M\x8c\xc1M\x17B\xdb\x17\
\x846\x1f()(\x0c\xe6\xad}xni\xf1\x9c3\
\xc1\x05\x85\xc1\x85\xa7Bk\x0f\x97.\xc8-)Xs\
\x7f\xd6\x1c\x1d\xfdB\xef\xbe\xb1\x83\x1d\x89\x14\xdd\xbdF\
@\xf0\x14\xfc\xd7\x9f\xed\x92\x13%\xa3.\xf0{\x16t\
@\xf8&\x9bo\xa8\xb2\xfd\x8dS\xf6\xe0\xee#%\xc7\
\xf7<<\xb71+\xc5\xe1Jw&g\xcb\xa9v\xc0\
\xddt\xc3\x9bv\xe8\xba\x1f\x06\xe1\x84\xce\xfb\xe0\xb7&\
@\x99\x9e\x0cz\x22\xfc(\x9b\x1d\x9c\x1f\x9eNGM\
\xf9V\xca\xd9\x8b\x0f-\xb2g%y\x02n\x7f\xb6=\
\x98wX\xde@\x05\xd4\x1a^M\x06\xb2S\xf0\xac\xc1\
L\xf1/kZ\x93\xde\xa8\x8dz\xa3\xbe(6\xdc\x1a\
\xf0o[\xe0\x1d{\xd1\xe9\xdc`^A\xf1\xea\xfdr\
*9<\x15\x17\x1eN\xa4\xf5\xa4\x07\xcd\xac'3\x01\
\xf4\x94d\xc2\xff\x98uv\xc0\xb7.\x96+\xb8\xa9\xf2\
\xe1i\xe2F\xd4\x82\x7f\x93~\xc6+\xe6\x09\xbe\xb7\x1d\
\xe9\xde\x06\xcf\xaf\x0a.\xca\xe5\xfb\x0cK_Rp*\
\xb4kVh\xdb\x9e\xe2\xfdK\x82g\xf3\x82+\x97\x86\
6\xe7\x06\x17\xef\x08._\xc6\xf0\x83r\xc1\xb8q\xf9\
\xa1\x85\x0c\xe8\xa5\x07\xdar\xc0\x7f\xf4\xb8\xa6\x979k\
\xe5\xe8~\x846\xce\x09;q\xc2\xf4g\xb0\xcc\xeb\xc7\
\x03\xa3\x87\x9e$\x22d\xa4\x09\x15\x17\x1e\x0f-\xde-\
'1\x87%1\x18\xb7nG-\xd9]\xe3\x81\x19\xa1\
\x09\xa6b\xf6J\xc1?;\xf0,\xcf\xc0\xf3I3\xb3\
\x0f\xb3\x98\x1fF\xe1\x03\xa6k\x81\xbf\x93\xb2!3\xb3\
.X\x87\x00~\x9b\xfb\x86~\xc6\xcbp\x98\x88A{\
3\xfd\xb2\xb7\xb4\xf7I\xf7\xf8\x5c\xeeT{\x93\x14\x97\
\xdb\x91\xee\x9a\xe1\xf4\xda\xb3|~\x87?\xe0\xcbn\xc1\
s\xb0\xd7\xe9s%\x07\x1c\xe9\xf4\x0f\x9e\x807\xc9\xe9\
k*\x1f\xdd\xb8\xa7\x1a\xdd\xff\xac\xd7-\x95\xbd\xfe\x17\
=lTf\x0f\xa3\xe9\xff\xf1\xadU\x94\xb7\x16\x1d\x1d\
-\xa7\xd9\x09h\xc6\xa3Ax?\xb9\xd9UJ\xc7\xe3\
HQ\x08\xa4)\xf8o\x01\xf8\xa6\xb5H \xd5\xec\x1d\
?\xc8\xeer\xc3\x94\xa7\xa7\xdb\x19q\xd4\xc5\x9e5\xc5\
\x91\x1ep\xb6V\xc8\xa5\x16|s2r\x8a\x0e@\xb3\
|\x13U\xe8&8\x92\x5c[\xced\x12\x8b\x0bcI\
\xc1;(C\xd8\xe7\x22\x16\x07rE\x17w\x84f\x17\
\xc8IT\x07\x12I\xf8\x05Z\x08\xf8\xf1\xc6c\x89\xf1\
\xaf\xdbz'\xf9]S\x5c\xfe\xe9ah4`ip\
\x0c\x91\xc0n\x04\x03,\x16\xadB\xd2Qs\x14\xc3S\
\xab\x00\xd4\xe8eO\x00\xce5\xf4\xf1{\xd3\x9b\xc7\xc8\
\x096\x91\x11\xf4\xb1\x04i~\x14\x91\x14\xf1Y%\x96\
\xa8\x0f\x88\xda\x9b0T\x9b\x92\xd6\x82\x16{^\x98\x1c\
\x17\x16\x7f\xe25\xc9\x96\x8awA\xff\xf4v'{=\
\xaedv=\xb2K\xf2/\x04w/ \xcd\x81\x94\xb6\
XU\xd8\x19\x01\xc6\xd3|\x86\xa3\xc9\x10\x0b\xe6o-\
=\xb04\x98\xaf\x10@v\x05UZ`\xfb\xf1z\xd1\
\xec/\xa8 \xab\x88b\xf1\xf9|9\xa1J\x98\x10\xbd\
\xb8t\xa7\x9cx7\xfbD\xfc\xe1\x9enwNq\xba\
\xfd>\xf9\x8b\xe5\xe0EZ\x85\xd8\xd1P\x18A\x86h\
^\xf4\xbd33\xedC\x1d\x19N\xf9+\xf5\xf8W|\
h*f\xaa$\x8c)H-\x97\xa7\x89\xf8\xa6\xba\xfc\
Iia:`d\xa9\x81N\x10\xf4-\xbc\x95>]\
\xfed\x7f\xe1I\x91\x06\xa4',\x1d\xebE?\xde\xd9\
v,\xaf\xd3\xf1\xdf2\xb1\xb4\xce\xc0\x9a\xd5\xc7\xeaF\
\xa1o\xf5q+v\x7f\x9a\xd3\xees\xa6;\x93\xfc\xce\
d{\x0a\xecv{\xa6\xd3\x9b\xe1\xf2\xf9\x5c\x1e\xb7\xa2\
\xb7\x03D}\xe0d(=\xfa\x0c\xa0\x9dL\x14\x02\xd2\
\xefb\xe0;\xa9Lk\x80{AK\xce\xa4\xb4\x0cO\
\xb2 \x15\xd8\x9fb\xb2\x09BN\x0fB\xd3AC\x01\
\x9e\x8c:\xd6\x914Y\xb9R\xecc<\xe2\x13\xe6&\
\x1d\xcf\x8a_X)\x9a\x80\xdd\xefa\xa6 \xdd\xe5\xf3\
+Y%\x16\x8f\x83U\xb0\x22q\xa6\x8fu\xa4;\xdc\
IJ\x01V\x09^\xf1`4F\x0bu\x07\xde3^\
\x81-c=\x1e\x7f\xba\xc7\x91\xec\xf4\xca_\xec\x06/\
\xd2\x9bb*^_\x01\xcfd\xe0\x9fh\xbc\xeaTl\
Anl\xc2\x0a\xd7\x8e\xf5z\xa6\xfa\x9cv\x87;\xd9\
\x9e\xe1p;R\x9d\xf6d\xe7\x14W\x92\x13\x0f\xd2\xa7\
\x84\x80}@\xdc\x8e\xc2\xd0\xc4\xc74\x22\xc0\x91>\xf1\
\xa3\xecE\xe7/\x02\x10\x09\xcd\x9d\x1f\xcc9\xa1\x9c\x1d\
\xeee\xb9x5\xe2W\x89\x92\xd5\xce\xbf\xe4\xc0\xca5\
\x0do''+\x1c\xbdb\x14C\x13\x09m=\x19\xda\
:/|\xcb\xec$K_*9\xbe\xad\xe4\xfcy\xf9\
K]$\xe6A_v\x13\xf9\xd9\xc9\xe6\xcc\x01\x8em\
\x18c\x83\x9e`\xd8N<\xf9Z}\xd2]\xc03}\
a\xf3\xf8a\x92S\x1d.7\xcd@I\x1ew\x8a\xcb\
\x9b!o\xb1\x87\xa4\xc52\xda`\x17\x97\xe9\x93T\xd9\
\xd5aZ\x957\x07+\x0b\xdd\x80=\xab\x140\x1c\xa4\
\x10fSC\xe3\x07\xa7RW\xf2Ob\xe1\xe1e\xd9\
\xcb\x89\xa6\x0a`\x1e\xbfi\xcf\xf4\x02\x1f9\xa7\xca)\
DK(p\x22\xca\x85\xd965\x02\xd5g\x18\xaa\xb4\
(re\xd0l\x1a\x86~'\x22}\xa2\x98\x83\xef\xa7\
\xe2\xf9M\xa6\xb7\x91\x00n\x84\x96Db\xce>\xd5\xe5\
N\xf6L%m\x08\x0f\xc6\xee\x1cs\x08\xbce\xe8\xe3\
\xc9\xc8\xa4\x17>Y\x89\xfc\xfb\xc8\x96\xd2\x07\x8bK\x0f\
\xdb\x89;\x96\x86\x05B\xf8\x05\xae\xd1\x87]Q_\x92\
\xd7\xe9t\xfb\xd2<\xfe\xb0\x8bk\xc6me\xe2\xe9\x14\
\xfa\xa6\xed\xe3\xc9t);\xa6g\x1f\x16\x14\x8d\x1a\x1e\
\x9c\xae\x94\x9a\xecc\xd0\xc78~\xe9\xc4`\xa7\x8f \
5i\x02\xf68z\xcd\x18\xac\xd3GN\xed\x05\x115\
\x07\xbbG\x93X\xdc#Hc\xce\x1eg\x164\x09o\
~/\xabM\x95r\xce\x03oIEi4\xee\x87\xc3\
\x9e\xeeI\x02\x94\x84E8l\x0dz\x95\x93\x02^/\
\xe8]^\xf0y\xd2\x09\xe2\xb6\x97\xa8\x93bn\xe5v\
&\xbdo3\x01\xa2{\xb0\x9cJ\x96\x01\xb5>\x22\xa0\
f\xc7\x1da\x98\x98\xde\x9c\xe9\xae\xccD\x8f\xc3\x9b\xcc\
\x82\xb6>M\x95Z]hZ\xa9\xcb]\xac\xf5\xe8#\
\xcc\x11\xc3\x99\x01\xfc\x840\x13\xf5q\x07x\x85\xee\xf2\
;3|\xfc\x5c\x00\xcb\x06\xfc\xca\xe1\x0f\x85>\xd0\xb3\
\xed\xe0\x05\xa0d\x96Y\x99\x1e~}\xb85\x95sr\
\xe3>^\xa7\x83\x16\x8d\xec\xb4\xdbi\x89%Z\x13z\
\xb5H\x5c=V\xd1\x1f7\xc6W\xf4x\x19\x08/p\
\xce\x7f\xd7\xb3\x16\x5c\xcf\xdcvgF& \x7f\xcc2\
O\xd9=\xbb\xa4{\xc9\x11L\xa9rL3\xc9a\xcd\
\xa76@J\xda\xe3L\x16\xb10,\x18\xc9N\xab\xd6\
\x87\xedg& \x17\xe0\xb7\xf0FZkE+d\x89\
\xc4\x88K'\x9a\xc6\xb7Q\x95kC$\x8b@T:\
\xa7\xc9\x9b\xa8\xaahb\x06F>\x82\xb64s\xa4f\
x<\x0a\xe5\xa8\xc5\xaf\x0bh,\xaaO@\x81\xbf\xac\
XM\xd3Vl\x00fCxV\xd7\xd7\x99\xe2\x08\xa4\
\xfb\x95\xb2Q\xa4\xd6\x05\xd9\xc8\xa8k\xa5\xee\x93b\x00\
\x91\xf7N\xd0}\xac\xa6\xef\x8fmb\xa5\xd8\x94RH\
PN\xb1 6YJ\x09\xfc\xac\x96E\xcd\xf7\x14\xd4\
|a\xa9I\x11ND\x8eeh\x85\xe7\xd8&\x22R\
\x9c\x05 G\xfdR\x84_\x09\x93\xa4\x11>G\x93\x80\
\xe8\xab`\xb2>\x96\xa8r\xc3\x9a\xfa:}@\x83\xb8\
\x1f\x87\xe2w\x05\x05!u\xaa\xb9\xb0\xf4\xe6\xc4\x86\x07\
\x8b3A|xX\xf4 8\x0f\x05\xf8\xdc\xb8/\xa3\
3\x1cS`\xc1\x1d\x89\xaet\xdaE\x90\xe2\xf12\xc2\
\xc2\x03\xf8\x01wG\x81\xa3k\xca\xfa\xe3\x81\xf6Rp\
/\xdc\x22F\xb4\xb2\xd4=))\xe9.\xb7\x82!\x93\
#\x11A]Y\xbf\x14\x03\x1a\xdd\xac\xce\xb0\xb3\xc3K\
\xc2\x0c\xe2\x11\xd9\x0e\x82\xcb\x98\xec\x04h#\xedLW\
\xbb\xd7\x09\xb8\xd2\x0d:\xc4\x0e\xe3MJ\xf3x\xb0\x19\
\xe1\x01\xf1\xe8eU\xa9R\xc8\xf4\xc5\x80\x87\xe9\x8a\x87\
u\xadsv\x0f\xc7*)\x84}U\xb5\xaf\x0b\x9a\xf3\
{\xbc\xd3\xed\xb45DsJ\x0aq\x8b\x19Q?N\
\x07\x08P\xb6\x1f-\xbfIOz\xb1\x05\xe5\x15=\xe9\
\xf5z\xbcJ\xa9\xd2\x0fM\xc3\x9d\x0eH\xe4\x84\xae\xdf\
4gR@)(jJ\x9f\xe77:\x0d\x10\x84-\
ie\xdf\xa6w\xb8+\x93 \x9aH\xf2EK\x16,\
\x83%\xa1\x04\x0e\x070\x0a(\x99\x85\xd4\x1c\x1b\xfb1\
\x12\xf4\x89X=\xdcFo\xc44FC\x03\xd0Q\xc9\
\x80\xb8i\x86\xf6\xbb\x9c>\xcc\xe2\xe1\xb6?)\xae\x11\
F\x92\xf4/\xc3uX\x0e\x93\xa2\xb7|\x22c$\x0b\
\xf6t\x7f\x87\xcf\x9f\xe8Q\xca\xb1\x0e\xf0\x8a\x93u\xb8\
\x08\xee\x87H\x0aT*\x8aj\xf4w\xfa\x93\xd2\xb0\xb3\
A\xaa;\x89>\x86\xfe\xcc8\x05\xb4\xdc\x1f\x06\xa4T\
\x1c\xfdyaBsF&fy\xaf\x04\x93Y\xe8\x17\
\xed\xfd\xa6e\xa6{\xbcJ\xf4\xd5:<\x05\xd6'\x1c\
n\x8a\xabJ\xe8\xda[F\x10\xdaB\x13NE\x13\x22\
W\xbe \xb41i'G\x9a\xf1\xbf+\x85\xb6@\xd6\
\x87\xf9\x11\x1b\xf1\x82\xd0\xc6D|N\x877)M\xa9\
\xe0\xfa\x8b\xd0?\xdd)\x7fX\xf3\xb0<\xa6\xe3wN\
\xf3\x873\x0c\x07\xf0\xd4\xdc\x8c\x1b\x8f7\xa8\xfd\xac\x99\
\xedc\xf1\xcd\x146\x92\x91\xcc\xcaI\x07\x16\xfe\x0c\xe2\
\xf6\x8a&\xa0\x01\xdd\xa6\xdb\x91A\xa3f\xb7\x1flm\
\x1f\x00\x1f\x98^W2\x88C\x87\xd7\x01\xe8\xda\xebS\
\xc2\x18\xba\x1b\x22\x18\xd3\xdf\xe5'\xaf\x85\x9f\xdf\xc8c\
\x04+Ubd\xb5\x16\xaf\x85\x9f\xde\xa7c\xb0\x91\xca\
\xd8Y\xad\x95\xce_)Y\x91\xf1+3WZ\x8b\xcc\
\x95*,i\xc6\xfee\x8d\x94\xd6M\xc9L\xee'\xa8\
\xfa\x86b&\xf7\xf3\x0c\xd8\x90$\xf1\x94f\x9b\xb6?\
\xd1\x1c\x1b*~\x18\x1a\xfd\xdfZ\xd3\xc6Ls\xf6\x7f\
\xbb\xacV\xdc\x1f/\xcc$6\xff\x04\x1d\xd1\xdf\xe3\x9d\
\x0a\xc6\x9dR\xb2=\x0bo\x8c%\xf9\xc2\x9e\xed?6\
\x8c/l\x00\xbc\xe4\xc4s\x1cY\xa2=} \xa7\xc1\
\xb3N\xbf\x5c\xd0\x95\x19\xd01B7\xbc8\xda\x95)\
h\xceg\xbd\x9e@\xa62:\x13\x87\xe21\xbeH\xc6\
.|'v\xbfta#\x9d\xc2&(\x17\x17o\x0f\
n>\x1c\xdc2\xabK\xf1k\x05\xc1\xbc]JI\x1b\
\x07\x04$\x926.Y)i\xdb\xc1c\xa9\x18\xcbx\
#\xc6~\x93\xf0\xea\xfb0\xde\x11\xd6\xbez\x5c\xaa\x1b\
D\x99\xdd\x91\x99\x99\xeeb\xec:{\x92\xd7\xe1KS\
\xfaA;<eC~\xec+p\xe2\xc9\x12;\xfdk\
\x10\x9a\xf2\xbb2\x9c\x9e\x80\xd2\xfd/\x1f\x94\x8f\x85\x16\
^\x1e\xb3\xd2\xa2\x91\x86\x80\x99\x04\x84\xca\x0d\xca\x07`\
\xc3K\xa3S\xe7\xb4$g&\x11\x94V\x15\xf9r\x98\
}$\xf7\x1a\x99\xb1\x1b\x07\xf6\x05\xc9wT]\xf2z\
2\xe6T\x86\x0b\x85\xdeX\x18\x02\xc9N\xd8W\xe9\x8a\
\x0e\xc4K(p!\xaf\x16\x124.\xfeVpy{\
0~La\xba+\xcc\xbb\x90\xaa\xc1\xb4K\xc7\xc6Z\
0\xd8\x9c\xf9\x11\xbb\xbd=\xc9\xae\x14\x17\x8ds\x5c\xca\
HN\x7f\xe8\x12-E2y\xfc\x9c\x84\x17\x9bu>\
\x13\xc2\x5c$\xbbY\x14Q\x89s\xfb2i\xcc\x9c\xe4\
\xc8\xf4\x07\xbc\xd0*\xebu\x12,3\x82\x0e\x8d\x93\xc5\
iq\xccS\xd0\xa1ql$\xb6w\xfc \xd2\x9aJ\
\xa5\x9f<\x88e\x8ec\x85\x1b)\x90U\x93\xf0z\x00\
^O\x94\xc8h+O\x22\x90\x91\xa8\x94\xd5\xf5\x14D\
\x84\xe5t\xcbzS\x9e#\x85\x17\xc9M\xe8R\x134\
\x08\xde\x9c.q\xb5\xa5\xb0\xee7r\x84\xad\xd2 \xe7\
t\xc6\xc3\x06\x96Kf\x98 [4\x90u\xb1\xd3;\
\x04\xef\xa1\xc9\xb8\x19\x9a\xcbRX5a\xc7\xffJM\
\x86g\x06\xb9`\xe6\x87x\xdc\x93\x9d\xd3\xed\x8e\x14\xd0\
\x0dv'\xc9\x88\xb0\x03H\x97\xda9\x12 co$\
D\x87\x07\xb3\x16\x0e\x0bd\xee\xcd\xda\xab\x9cQ91\
\x99\x80\x17\x91\xab\xc8\x91\xe3\xc49\x81^\x15Lo*\
\xee\xa4\x83M\x12I\x12YP\xa6\xc1\xa0\xf9\x07;\xfc\
Nw\xd2t\xe5\xc4\x0d\x81w&\xb1\xb6\x04\x93\xaf\xe2\
\xc2\xa1\x0bA\x0c\x92V\xe5\x99!\x8eI\x1eZ\xd1N\
q\xa52\x02\x90\xbc0V\xa0\xcfx\xf0\x12\xc0|\x14\
\xb8^7\xc4\xe5\xb6'\xf4\x1d\xa4\xf4\x0c\xd2\xcb\x97\xc8\
rX<^\xb2\x14\xdc\x07\xc6s\x95\x8cE\x87\x17\x8b\
K\xac\x85\xe0\xb7T\xfcW\xce\xc8/Ki\xb6\x18\xe2\
\x01K\xdf\x19\xef\xf4\xa6\xd8\x9d\xeedgr\x0b\xb0\x8f\
2=^\xbf=\xd5\xe9\xa6-\xfeH\xcas\xfc\x7f\xd1\
=7\xeb|Ka\xd3P\x92Y\xd8\x10\xa9\x93\xad\xc2\
v\x12Lt\xb0\xdf\x02 \xf9\x5c\xee\xf0\xfd|\xfai\
\xf41\xce6,\x08\x95\xd6\xbd\xa2\xef\x91\xa7\xd1\x17H\
\xf7\xdb\x93yc\x9f\xef\xab\xbc{\xcb\xc3vo\x1a\xeb\
\x11Of\x11\xae\x1fG\xde\x93\xb0\x8ap\x12\xe0iW\
\xc5t\xd3*\x88\xeez\x22\xef=N\x92\xc5x\xba(\
c\xd6\xfc\xb0\x06\x88\x875\xcdE;\xca\xa6\xba\xfci\
\xa04\x93\x9d\xfclw\xe5\x16#\xc31\xdd\x9eH\xbb\
\x95\x93\xd8XQ\x17>\xa8-\x1f\xf2\xbc0CN\x91\
\x98\xfe\xc2\x90\xb9\xa9(k\xf0n\xdeY L\xc1T\
\x0c\x8f\x08\x1b\x83\x1ff\xach\x98\x0c`d\x86I\x0f\
Y>V\xb7\x87\x1b\xeeT\x87O\xd8$\xf2\x01&\x86\
\x19 \x93\xf5\xc78\xfe\xd2\xd9|\xab\x00\xf6iq\x19\
P\xd2L\xce\x04\xcc~\x99\x12?\x08\x93\xc7)\x98\xf9\
1\xa2\xee\xbb|`\xbc\xd2R\xdc\x1bp\xbb\xe9\x94)\
;\x13?M\xf0{2\x19\xe7\x87\xdf;=Z\x89\xe0\
\x87Ha\x87\xe0\x9b\x18\xc2\x22\x0a%\xbe\x91j\x16A\
,r\x11\xca$\xf6wqt\xc9\xcf\x86\xc2\x5cJc\
F\xc07\xac\x02\xc2\x22\x94\x0e[&\xc1'\x13`\x02\
d@\x8f\x905a\xfe7\xbb\xd4%\xa2\xb1\x17\xb9K\
]\xc2\xdb\x81\xf9\xff\xb2K\x0cs\x04p\x18\x95Yp\
E\xa7\xb0\xac\xe2$Q\x0c|\xd7\x1a\xbe\xeb*2\x16\
\xe9Y\x0d\xf0\xcaT\xd8C~\xecE\xf2\xb1\xb2\xcd\x87\
\xd9\xc8\x05,\x1a\xe0\x95\x9b\xc0Rc\xc2\x0c\x18\xb8+\
\x90A\xf3\x11?\xe2\x16X\xae\xc5\xb4n\xdd\xb0+\xb6\
1]\xee\x00\xad\xa0\xf1\xfe\xf1\xa7\xc1b%\xbb|~\
\xaf+1@\xabE\x82\x1f\x5c:?>\x0c6\x05^\
0\xb1\xfd\xf09I\xe9r\xd2w\xe9\xf1y\xf1\xbc\xf8\
%\xd6\x95\x8d\xa5\xe1O\xf3z\xfc~\x92\xa1%\xa5\xa3\
L\xea!\xac\x94`\x93\xb0\xd4\xf9D\x1ea\xb2\x94I\
e\xf2\xc1\xfay;\x92\xf1\x0a\x893t*\xb2\x84\x83\
\xcb\x96\x04\x17o\x0a\x9dXRR\xb0FN\xb1\x99\x8c\
\x22\xb3\xbc\x1csH$\x8b\xe0\x03\xe1\xe8\xe2\xa4_:\
\xdf\xfb\xe2\xf2\x92\x1dK\xcbZ\x19y\xf7,,\x19r\
\xc7\x86\x02\xac\xb7\x93)\xf0\xddT\x0a>A\xd8\xb9X\
=\xeb\xc2Y\xdfB\xab\xd1\x92VC\x87v\x057\xef\
g\xfa\xcf$-\x07\xe7/\x0c\xce\xde\x1c:\xb4\x93\xdc\
\xad\xea\x84\x15\x90\xbb\x02\xb9yg\xc8\x16/>\x19\x9a\
5\x9bL'2&\x84\x09\x8a\x80\x04kb\x0aS\xca\
\x08OY\x87x\xa6D\x08N\xe9\x15\x06\x90\x9ad\xf8\
\x18\xb9\xc7P\x17\xc1\xc7A?\xd8E\x99&\xc4?I\
\xd8\x08F\x90\xb0\x0e\xbc\xcd\x22a\x86Z\x982\xdfg\
c\xbc\xc3\x9f\x16\x1e\x08L)\xa3\xc5\x91\xb0N\x99d\
\x94\x02\x7f\xe5RS\xe5\x7fm\x13\xb1\xb7mE\xbd\xed\
*\xeb\xed\xc8\xe9\x99\x22\xd8b\xa4\xb3Z\xb9_\xdbH\
\xc7\xd2V1\x96\xdf\xff\xff\x8c\x05\xff\x95\x94\x12$\x7f\
\xb6\x1d~v\x18\xa8\x04\x06\x06\xc9\xff\xde\x1e\xfe\xdeE\
\xf2M\x07\xfc\x86\x0c\x1b(\xde\xeb(\x9a\xcf\xec\xff\xc1\
|\x1a\xe3\x85\x14%\xee\xdbv\xd9\xc6aS\x01cq\
\xbf\xb7\xcf\xee\xc2\xfc\xd0!\xdb\xc8A\x13\xeeo\x1d\xb3\
\x95\xb6\xe5\xd0\xa7\xb6\xe1\xca\x0f-\xcbz+\x07\xd4\x9c\
\xd8\xb2\x94\x87J\xf4C\x9dS\xed\xa4pI%\xd1+\
J\x7f\xb0\x11\xbfF\xf4\x09\x0f\xe0_\xfc_\xf3\xf0\xd3\
\x8d\xfd[Wp\x05E7\x04\x11b\xe0\x08vQ\x9a\
\xd1C\xf9\x10\x079\xf5\xa2\x09\x1a\x81\x17%\x0d~\x13\
\xdc\xf3\xcf\x0c\xa5c\x1e\xa2\xdc\x8b&#\x5c\xa9i\xfe\
\xa6\xca\x10\xe1P\x8c\x8d\xc8\x10[j\xc71\xbaFy\
\xc4\xc6\x0e\x9b\x91\x86\xd2\x02\xe6i4\xd4c\x17!i\
\xd6~\x03\x04\xc3\x06\xc4\xd3\x9d\xf6\xe9N\x7f4i\x8a\
<a\xe2\xcc\x06 I\x0e\x1f7P\xbe\xa5\xcc\x88\x12\
\xdc(<\x1d>\xd5I\xe9\xc5\x1d\xca\xa6\xfc2\xbe\xd5\
T\xd6\xad\xedf\x83\xa6r\x9f\xba\xdc\x82\xad\x01M\xa4\
x\xbc\xceT/6\xa7y\xff9\xc9`\x8df\xdb\x22\
\xafm\xf8C>\xcf@\x1b\xa2\xd5\xe5\xe7U\xe9\x16c\
\xe8\x8bY;\xb2+\xb2\x12Pfx9\x82\xef\xb1\x93\
\xd8\xe1\xc7\xe6\x18\xd8E\xa9\xcae7S\x93q\x0a\xda\
=)8t\xef\x8c\xd8\x9c\x1eD--\xee\x85\xac\x0e\
\xf5\xb0L\xa7[\xc9\x09\xecc\x82\x5ca\x1dl\xa4L\
\xae\x0a4\x09,j\xec\x83\xc3\xe4kU\x17\x11\xe4v\
\x05s\xca@\x08\xccX0\x19\x9a\xcf\x9d~\xbfG\x89\
\x88\xc3R`\x8f\x11:X\x86e=~\x12\xa9V]\
B\xdb\xee\x07\xd1\xe2\xb4\xd3\xce?\xa5\x94\xab\x22jh\
\x84\xb0m\x05\xf8\x8fI\x8d\xc0;1\xd2\xbc\x89\xf3\xdc\
#\xcd\x1b\x93\xec\x1ef\xdebE\x04\xb9\x04\xbbt\xd6\
W\xc0\xe0\xd62\xe5\x0d\xdf\x5c]\xdc\x1c\x9d]\x97\xee\
\xf0;}~\xa5`Q\x064\x95\xadgba\xce\xd9\
\x8b\xa4D\xd0*|;\x99\x0e\x1c\xf7\x22'|\xb6\xe6\
\x89\x0b\x0e\xdb0\xa4e)\x04U\xe9\x06\xb0\x03WL\
\x9f\x90?PO\xd1D\x047.G4\x82\x1b\x97\x06\
*l\x12\x8f\x00Z\x87\xd1\x099Jo\xf40l\xc3\
2\xc9\xa1\x11s4\x86\x05\xfc\x99\x01\x7f\xa4h \x8f\
\x8eD\x8d\xd2\xf8C\xe9\xc9\x8d\x17\x8bT\xc1\x93\x1b\xcf\
\x08Ne'\xe3e\x22\x98\xe6\xf7\x97\xb0\xa1\xee\x95\xc8\
\xfar,\x05`\xfb\x97\x02./)6\x15_&_\
X\xe2#\xb1\x03\x03'}\x92\x04 M\xbc\xc3\xa7L\
\xff\x89\x15\x9ed=\x13\x89\x18f\xfa\xc3\xbb\x96Ei\
\xbcM$\x87\x07\xeb\xe2\x16\xec\xbe@b\x86\xcb/\xf1\
+\xe3\xb4\xdd&\xca\x03\x83\xb5E\xadG2\x93l\x98\
r$;\x89\x85\xcf\x82$\xa6\x91'yZ0\xca\x16\
O\x0b@T\xa5\xdc\xe2\xb6?wFOz\x08\xd5D\
ot\x8f7\x83>%\xa3\xdc\xe8\xc4w\xcb\xc8}\xa9\
\x22\xa2\x18!\xf3\xa5\x05\xd1\x14\x10\xa7O\x912\xd2\xaa\
\x08\xc0\x9b\xc9\x8e\x22\xe7\xa3\xb5\x0eC<\x00[/\x99\
\xcf^&\xa6\xbc\x89\x1a\x08d&\xd3\xa9\xc8\xe4&\xaa\
\x90M\x19\xc9\xc4\x86;\xac\xd5\x22\x8c\x19T\xf6\xc4\xf2\
\xe7\x22\xc2Ol\xbd\xb0\xc4\x95\x99w\xe5\xc5$\x89Y\
x\xbd\xc2R\x13\xcfe\xf2S\xe4\xb5\xd9\xc5m1S\
\x9b\x1c1\xa3\x8d\x1e\x08\x13\x06HC\xad\xb8\xac\xe5p\
&Q\xbc\xcb\x9d\x94\xd6\x8a\xce`\x0ec\x12M\x04j\
\xe9\x98\xb7|l\xb6\x95\x9b\x8f/r\xe9\x12\x1c\x02e\
\xfc\xf1-\xf0S\xd1\xac\xc7'\x06u\x06\x037\x1a>\
;\x00<\xa3?\xa3\xb1O\xb3\x0b\x18\xa3\xf8\x7f|_\
Z\xc7\xa7;\x1d>\xa7\x1dz\x01\x00,.\x1e\x87\xbb\
i?|\x0b\xbb3:5\xda\x1e\xd3\xb9MtL\x87\
N\xd11\xd11\xad\xbb\xb4\x87\xff\x93wu\xc4\xff\xb0\
\xab\xcfC\xa7\xba@\xe7^$t\xaei\x19\x9d{\xbe\
K\x97\x98\x17\x89\xbd\xea\x14\xa1W\x0e\x02p\xe7\xcc0\
AC\xd7\x94\xb4\xed\xe0\x91;m\x99)\xb4\xb4\xbb\x8c\
\xe6\xc4\x88\x9b\x94\xee\xf2\xdf\xae^GY'\x19\xacN\
OTr2\xe0!\xdf\xd3.\xe2\x8c\x7f\xd1\x7f\xa5^\
\x12~\x17\xfc\xe2\xd2\x03\x15LR\x82\x07#\xdad,\
7\x1d\x18\xcd\x88'\xbc;q,\xbc.\xc3\x9f\xd8\xff\
\xcd\x9e\xafp\xa4\xa7{\xa6\xc2\xae\xf4:\xdc\xa9\xca\x15\
\xf1F\x18\x91<T\xf7\xbf\xbd\xa7:KF\xc2E\xed\
\xfe\xdb\xcd%\x84\x1c\x03,^N\xe4\x8f\xd7\xb8%\x86\
W\x22\x1e\xcfT\xd6\xcc\xa2{,\x8c\xa9\x03\xeec[\
\xc9\xe6\xc2\xc1\xc5\x00\xa0\xe8D\xfap\x8d\x9b\xb1\xc1\x12\
\x9d\xfe\xa9`z\xd9cpg;\xb4o\xdf\xb6=I\
\xcc\x86\xeb\xd5\xbf\xeb\x83]\xd2\x87\xa7h\x9a\xc6\x87\xa4\
\xdcN]<9\xa3\xb3\xb5\xf4\xf9\x7f\x91\xf6V\x95\xa5\
Xf\xaa\xdb`E\x13~\xd6\x07\x9f\xc4+\x9c\xae\x98\
\x93\x92\xf1\xde\xe0p\xbc8f\xc4yO\x04\xd5\xde\x88\
k\xde\xef\x0d\xb8\x93h\xf5\xd3\xd5\xeeLv\xe1\x03\x10\
L\xf4\x87\xb6\xf0\x93\x95\xb5 \xa4\x9d\x09c4\x08&\
\x03\xdb\x8c\xd8jP\x9a\xad\x02M\x0f^\xee\xf0\xee\xa7\
\xc1\xf8l\x8d\xd8\xf9T\x1d\xb7\xe0\x09\xf8$\x0e\xa8\xc1\
\xce\x14\xa5\xff\xa9\x12nH\x96\x84.x\xf5\xe2\xf9\xdc\
rr\x0f\x95\xd9\xeb<\x86\x88\xb8\xd2\xd5\x05\xc2\x0c\xac\
\xe8\x12!\x03\x9a\xd4P$\xe2\x95\x04\xe2]\x22\x02i\
\xda\xd0M\x17\x01\xe9@z\xba\xd2%\xc6>Fp\x95\
\x1a\xe8\x17\x88\xbe\xd2\xda\xfc[e\xa1\xfd\x00]=#\
l'\x1b\xf1t\x9e\xee\xc0NE\x9a^\x19\xe7u\x98\
\x81\xfb$\x16D\xc0\x97F\x1e8Ssi\x00\x9ez\
\xc9\xc0}i\xf6\x01No\x98\x813\x19\x9ce\x0c\xdc\
\x97\x16a\xe0V4\x9c\xad\xb1\xe1\x92\x9c\x19\xd1\x0d\x0f\
8\xe8\xc3<\xcaA\x8d`\xcc\x02aP#\x00\xfd+\
\xcd\x22\xf61\xf11\x14\xfa\xc1\xe9J\x07\xf9\x08\xf6\x90\
\xce\x14<x\xe1y\xfd\x08g\x92g\x8a\xd3;]\xd9\
\xe7\x11\xc4\xbaD\xba\x11\xce\x14\x00\x06i\xca\xbc\x0a\xe6\
\xf9\x80\xa8\xaa\x0d\xe3\x96\xf2\xf0\xee\x13\xf1\x91V!\xfc\
\x1d\xc0\x12\xc0\x81]Y\x22wv\x84\xf9\x8e\x81>\x04\
p\x95\x1b\xbf\x87>\xff\xe4f\x0f\xba\xe2\xd8v\xc0\xed\
s\xa40(+\xfc~\xe9\x85{\xcby\x18\xff''\
~\xed#\x9c\xb4\xc7\xf1\xe9\xcf\xf8V\xc1Mg`\x81\
\xc7\xf9\x92\xc4\x16\xb0i\x843\xc3\xe3\xa7\xfdFJC\
\xb8\x17\xff\xee\x14\xc9\xc9s\xe5\x81]i\xc7\xf9\xe3\xbb\
\xe2ng\xc0\xbaK\xabn\xb0\xfd\xc6gu\x95\x89\xf3\
#\x84S\x0dB\xe2\xfc\x08')}\xb2\x93\xf8\xe10\
\x98\xaf%\xea\x11!XY\x93!,\x82o-{\x84\
\x8dU\x0ed}\x94~>}\x99\x9b\x18\x0fN\xa5H\
\xe5+G=}U\x92\x86#\x9c>?\x9d\xd3L\xcf\
\x90\xc7\xebJ\xa5\x8b@\x95Y\x97\xa4\x89\xd8[\x8a\x13\
Y\x19\xbd\xd6;\xac\xeb\xbd\x12\xe3D\xb5\x0f\x05\xa5\xd6\
;\x9c\xdf\xbd\x0d&\xcb\xa4\x03\xbb\x15G\xb0\xdd|L\
\x87\xc4\xa0\xd5F8\xfd\x01\xaf\x9b;{\xed\xa6#9\
d\xce\xec\x12\xb1\x95L\x85\x0a'\xb5VK\xdaZ&\
\xa7\xba\xc9-2L\xc5\xc8$\xbf\x98\xa9@\x22\xf9I\
RQz>K=\x82p6\x8b\x16\x5c\xa4\xf4\x0a\xdd\
\x08&\xf1J\xf9|\x02\x8e\x8c8\xf12\x09\x0c\xa0K\
p\xc0\xfe\xe8M\x086J\x9e\x17yO\x8d\xec\x1b\x04\
\xa7i3\xd1KO\x8b\x1f+cre\x81\xc7\x01\x22\
\xca\xdcRq@\x91KS\xe7\xd8\xe3\xe9N\xee7\xc0\
\xed\xd2\xabG\xc3E:e\x9df\x992\x8e\xee\xd7\x94\
t\xc3\xc3\x9e\xf4\x95\x87\xdd\xac\x0ci\x8f\xbd/1\xf6\
&\x10\x89\x98{A\x13I\x8e\xe0GI B\xcb\xd1\
\x84\x88Hy\xe1\xe0\xb3}41\x10\xd2$\x0c5\xb1\
\x18\x91\xca\xefJ\x22\x9a\x8c\xb8 \x08\xf2Fa\xc8f\
\xb0\x07\x1a\x18O\x93C\x80B\x22\xa2\x19N\xbf#\xd9\
\xe1w(\x83\x7f\xa2\x13\xa0\xff\x82\xcf\x9ea\xce\x86\x96\
\xc9im\x14\xf4]x\x93q\xf8(b\x8d\x00\xae\x0d\
\x97\xdbEC\xa5\xf0\xad4\x93\xb5\xe2\x11\x85\x10\xc2\x9d\
\xcb\xab\xccR\xf7\xe0(B\xb8\xb3y\x15\x802\x7f6\
P\x065\x0d\x09\xf8p \x01`v\xc1o\xa5\xf3'\
3$g\xffqj\x14\xc7\xf6\x8ac\xc7\x82PL\xc0\
\x1a\xd6\xce\x16\x08\xb0\xe3]\xc0\x1f6&\xb1\x9c\xb8E\
.\xf6(\xd4\xde\x90C\xdeJ,}\x1a\xbc\xe3\x22\x1b\
$\x08\xdcWF\x96\x1c3\x93\xaa\xaf\xf0C\xaa\xc76\
)\x0a\x9f\xb1\x8a,\xec\xb8z\xc8:\xe0P\xc0\x14f\
t\x89\x92\x8aS\xcajRu\xd8\xa6\x1d\x1c^\x81\x01\
'2\x05\xa6\x88\xe5\xa4f\x12\xda\xf5\x8bT&C\xbf\
\x85\x04\x9f\xb6\xe0\xcf\xb0\xfb\x22p#\xd3\xdfL\x99\xf1\
\xce\xa4\xc81\xa7\xdc\xc5\xee\xa9\x9e|\xbf\xb1@\xa5\xfb\
\xda\x82\x01\xae-\xe8\xc3\xed>\x09\x0f\xc3\x98X6\x06\
8fO\x03\xe3$ZYWR>.7\xee\xa1\x9b\
?\x9d/\x9f\xdfD\xcc\xbb\x1cF\x12\xe6Y8\x14/\
\x9f\xeb\x96\x5c\x9f\xddv\x8f\x9b>\x91\xcf\xcdy\xa2\x93\
\xceI`\xe6\x1d\x1f\x94\x7f\x9a\x99\x17'\xbaJ\xe1\xa9\
\xd8\xd5'\xef\xb3\x03\xaf\x037\xd7\xe2\x08\xcd\xd3\x16P\
\xe0f\x9eI{eA.\xe3\x03\xe4\x86\xe3\xf0\xe2)\
gb9e\x17VH\xc0}e\x0ciF\x8ff\xb0\
N*\xa1UsB\x9a\x13,\xea\xe0\x8a\xf3E\x85\x8a\
\x8a\x83~\x11\x89\x16\x98\xcd\xa6\xb3\xf1\xb4\x0ce\xf5A\
\xfc\x84\x907\x9f\x22>\x04\xca/\x1e\xe7#sb\x8f\
\x1a\x13\x1f\xf7\xf0S\xe7\x91\x9c\x90k\x8f\xbbv\x7f\xd6\
\xec\xe2c\x85\xc5\x85\xdb\x98Z\x86\xf4\xaf\xf8\x5cd\xc9\
\xf9\x83\xc1\xbc\x15ti\xd9\xfd;BK\xb6\x057\xec\
\x0f\x9e\xda\x13\x9c\x7fJ\x19\xe8O\xc0\x8ak\xaa\x22\xb7\
\x87Kw\x12\xc7,*$\xa4y\xa6r\xc9;tb\
\x932hQ]B0\x80\xb9\x82\xb6\xd1\xc4\x05\x18-\
\x0c\x99\x80\xdb\x9e\xeeI%\xa4v\xb0\xd9z\x02F\xa4\
3\xdb\x94\xb83\x01[Q\x1e\x89\xe6\xd6&d\x00\x9e\
LS\x86\xaf\x12\xb0N\xf6\xfe+\xadZ%\xc1\x0fC\
,S\xa9\xa6I\x88g\x86\x09@&\xe1\xf5\xe36\x12\
\x17\xde#e\x90\x0b\xd5\xdbR1\x8eW&\x5c\xb4c\
:\x96)\x0a[&y\xd2\xe9\xfdA\x07\x01\x85\xf4p\
\x5c\xcf-5\xe0%\xa6d4\x12u\x9bc\xc0\x0c\x91\
Ba\x07\x22\xc2/t\xa3\xb4\xa0\xc8\xc0\x0a\x83n]\
i\x18\x0bi\xc6\xa4X\xa5\x09\x1f\x95 \x87'\x9b\x91\
\xdf-\x03_\x0b\xf4\x229g\xc5'=\xb8`\x04W\
\xca\xd5\xf9\xef\x16Mp\xce2\xc7>\xe8 \x04]\xf3\
\xd5\x19f9H\xb6\x07\xd3\x99L\x99u\xa3\xa7\x09f\
\x12\xcc\x9b\xb1\xf2W\xc8+%\x12 \xd2\xe38\xdc;\
\xe2\xa3;R\xec\xd4\x82kZ\xb4\xb6\xd8\xff\xce\x9e\xc1\
\xa1\xff\xc2\x9c\xcc!\xc0+z'\xf2\x92O\xb4\x13\xa7\
\xfb\xfc\xce\x0c\x12\xb4\x17\x8bI\xe5\xe1\x0dQ\x88\x94!\
a\xe7\x0fK\xf8\x94\xce\xe2\x91\x98\x83S\xd9\xe3\xee\xd2\
\x93\x7f\xc6\x91\x0eo\xaa\xd3O:\xfc7\x1e^$\xa9\
*\xaf\xc8zfL\x18\x07\xeb\xf6\x92&\x83f\x12\x83\
\xf5\x19\xec\xf9)ab[\x8d\x14\x14\x94\x17\x9b\xd5`\
\xf6\x80&\xe6\xb2C\x05?\x04}\xbcX\x09\x10F\x88\
\xfa\xe9\xc1\xe93\xd2\x94:\x97\xec v\x00[\xf3\xc2\
1\x85D~\x8c\xdc\xd9.a36\xc5}\xf3Lu\
\xb3\xe9v.\xf6\xccv =\x19\x9f;I\xa4{N\
\x9f\xd0\x22d\x12\x8c\x94\x1c\xeeaO\xca\x08\xdb|$\
st\x87>\xb9\xa2T\xbc\xd2w\xe3\x88\xe7\x94\xac,\
\x858\xf2i$\xbb\x8cH\xf8\xd3E\xe5F\x96q\x8a\
\xa8*&\x15\x88Px\xd7<\xd2\x13\x08[s\x97\xee\
\x89\x97\x8d#'\xf2\xe7\xaeId\xca\x8d\xf4:\x92&\
'\xd2\xe7\xaf\xc9\xa4\xf4\x5c\x12\xbb\xa0\xf8\xe8\x0co\xf9\
c\x87\xd9\x9a\x90n\x09\x1a\x1e\x05\xbc\x1f\xab`gN\
\x1eH\xea\xd3\x8b\x90\xb14\xc4\xeb\x0e\x13\x98V\x06E\
\x85\xdc\x09\x07\xab\xc4\xbc,J\xf4)\xb0\xa1\xb0\x19\x06\
\x8eJ\x88e\xcb8\x97\x5c\xdc\x1aZ\xb6'\xb8|\x99\
\xf8\x1e\x84\x87\xe76\x85\xd6m/>{\x91-\xf5\xbc\
\xe3\xb5`\xce\x06;_\xf2!\x98\xb7\x98\x017\x84\x9b\
\x12Z\xc0\x04\xb8E\xf9\xc7\x0c\xd4\x14\x9c\xc3d\xa3\xb3\
\xca(7N=\x06\xd8\x88\x1d\xc0aK\x91\x92\x88\x0b\
>\xf1\xb0V\xb9@\x1e{\xb8\xc3\xe9\xa7\x1eD\xfa\x99\
\xac\xbcv\xb0X\xbf\xec\xd2\xa7u\x84\xf6`$tR\
a\xe4\x12\xa8M\xc2\xb4\xcb\x85\x97\xf8\x16\x05+U\xd4\
\x02\x1dj\xc2\xe4\x95V*\x89\xac\x90%\xa5\xacI\x12\
\xc9\x89[Oh\x12\xa7O\xf1EH\xc2{p\xbb\x95\
\xd1\x01\xb1\xe3'|\xa8\xb1\xb6\xaca\xc6\x11\x146\xfc\
\xd8\xab\xccF\xc5eh\x225l\x977\xccT\x9a\x09\
\xdftM\xdc\xb4\xab\x8c\x04M\xeb(\xb7+Bzf\
m \xe2cu\xa0\x87\xcf6Ob\xaf)\x10zg\
\x1b\x05F\xba\xd7C\xa7\x98'%9}>\x12SE\
\xa0\x83\x03\xc4\xb4\x95!*H/\xa3ho\xe2\x0b4\
U\xbaxG\xb3\xd7\x94HQ\x98n\xb4\xd3\xeb#\xc0\
,=\xe7,\x14\x84\xe9h\xc2\x16\xb0\xa21x\x83)\
<\xcdc\x1c^\x92\xa7\xd9\x08\xcf3\xf5TD\xd9\x9d\
c\xbc.evg\xbc\xf0\xe4S\xb8u\x13e\xc5\xc5\
\x09\x86\xb4p`\x16\xb7\xa7\xf0\xee&\xb2E\xc7\x05\x93\
X\x89\xbd\xc6\xb1\xf2=E\xe4\x8fj\x02\xc8;\x1a\xec\
-\xda?\x22,J\x85q wCk\x17\x14\x15\x9e\
\xb47i\x16=\xc3\x95\xd9T\xc9v\xe3\xf8\x0c7Z\
\x8b\x8b+Nu\x17\xd8n\x1c\x9d\xe1\x16\xe7fjM\
uW\xb2\x9d@\x84I5\x16\x93i)\xb0\x1d&3\
,\xe0g\xe8\xb4T\xeaa\x81\x0e\xe3\x8b\x10\xd7\xa9\xea\
.\xbe\xbe\x06Sr\xb9\xd9\x0aU\xdd\x9b\x92\xa6\x89#\
\xe5a\xddDbb-E\xc4\xcacb\x9e\x80\x9f\xa5\
\xd6\xb2\xa9\xd2\xe5*.j/=\x83_V\x02b5\
\xa6\x8e={l>R\xe6a\x03|\xc9\x08\x1d\x0aH\
\xc3\x12\x871\xa2\xbcl\x1a\xb4\xbcLG\x85\xe4@F\
f\x9a\xd3\x01\xa6\x93\xd7\xf9R\x80T\xad\xa3\xba\x82\xe0\
\x04\x8e\xa0`\xc7sd&\xd0d\x94[EY\x04E\
C,yR\x95P\x98\x08\xfb\x0c\x04\x08\xc6\x17#J\
\xf7\xa4*\x9d\xc2\xe1Gj\x08;\xc0*e\x5c\x04b\
r\xb9\xb15G\xb2\xe1\xacX[\xb9\xd9\xb0\x8b(\xde\
\x94\xe1r\x07\xfcNB\xe05C8\x1a+XH\x19\
\xf80\xac\x92x&9\xfb=\x93\x9c\xfd^\x13\xaf\x91\
\x07\xe3\xc1\x09\xac\xafe\x82\x22\xa4a\xcdL\xf3\xb8\x9d\
\x13`\xfa&\x90\x82\x19\x15p\xf8~\x0a&!\x7f\xd5\
\xe0sLq\x12\xdf\xb2\xb25\xa6<2\xb7\x99\xceG\
\x97\xfcL\xf6\x91Zqb\xa9Hs;\xce[\x13\xb5\
\xe2\xf4\xba\x1c\xe9\xee@\x86\xb2\x15Iu,\xa1\x15\xb6\
\x10\x96\xf2\xf9\xa9d\x99>\x95,\xd3[\xc0\xfeKd\
\xb3\x11\x93q\x5c;\xc2\xfd$\x02v\xccJ\xf4\x82\x85\
\x9cm\x97\xdeO\xa2L\x0a\x95\xdf\x0a$\xb9\x17K\xe1\
\xed=\xc5\xde\x88$M\x06\xc8&&\x088\xd8x\x82\
`\x01\x0bK\xd0Ct?\x17\x0b\xa77\xef\x07hM\
\xdf\x10\x96\xc5e\x0b\xe0\xbf\x06O\x1d-\x9d\xb5\xa8\xe8\
\xf4\xd9\xd0\xaa\xdc\xa2\xf3\x9b\x8b7\xe5\x87\xb6/P\xba\
 \xb2p\xc7\xc5\xaetf\xa3\xd2\x87XG\x11/\xda\
b\xc0\x88,\xb7\x0d\xf8\xcb\xcbfd\xe2\xb7\xf9\x0e7\
\xcfJv2\xfes\xd8p\xd9F\xd1\x85Y\x1b\xb3\xb8\
D\xb7\x09\x80\x87|\xf0We\x80'K2\xad\x13\xf0\
\xbaec\xb9--v\xcbL\xa3\x803\x05I^+\
\x8bQ\x9a\x13\x5c\xc9\xd9\x0f\xcf-,\xde[\x08\xb3U\
tncI\xc1\x96\x87\xe7\x16)O\x04\x96\x15\x08\x11\
d;3#\xf4\xd3\x22\xc9\x9e\x95\xeeHt\xa6g\x97\
n\x9eU\xb2w6\xcc\x7fh\xc9\xabd\x06\xaa\x02\x14\
\xdc<\x03x\x15|h\xccrg\xdb\x99\x0b\xc4\x948\
X~\xb7\x96QR\x09\x98[ \xe9\xc41BQ\xe8\
j\x1d\xee\xc6,#\xd3A\xbc \xecT\x81\x88$T\
\x08\xcf\xe2\x81\x0d\xf96\xafp'1kd\xd1@\x06\
f\x7f)\xc3\x93\x91\xee\x98\x1b\xf9/\xcf\x80\xdb\xd1\xcb\
l\x11\x04n6\x08g\xc1\x85R\x08\xfc\x19\xeb\xe2#\
\x85\xc1\xadK\xe81\xb3\x89+\xf6\x97\xedL\xdd\x02\xfe\
\xbb6\xd9\xca\xb0\x0e\xe9\xf2\x9a\x97\x89W\xd8H-\x03\
\x1f;a\xd2#\xea\xc4\xb0\x8ep\xbb\xcd\xcb\xc2\x057\
\xac\xb1\xe0k\xc1\x9f\x03'\x87u:\x11z\xd8\x04\x9f\
ku\xb0.\x81d\xe246\x15\xb1\x05\xd7~\x13X\
\xad\xd0\xb2\x85\xa1-sE\xd3D\xa8\xfb\xa9l\x91\x89\
\x9e\x08\xc5!-<\xcd4g:\xa1H$\xe94\x14\
g\x14\x8b,\x14\xe1\xe8\x13m\x9e\xfa\x94\x8e\xef\x7fW\
\x85\xa4\xe2S\x94\x1fiC\xa0\xa9\x5ci\xf2\xd9\xadj\
<}~\x15\xc3\x9c\xd9\xea\xcbFy\xe5\xa5v\x98\xc3\
\xb6\xa4\x15U\xac\x9f\xc8\x1d\xd3\x8ek7\x98\xbb=T\
\xb0\x1a\x84\x1e\xd7>\x08<z\x13\xe6\xae):\x9f\x0b\
\x8a\xa1x\xc3\x85\xe0\xc2\x1cx\x84\xe0xy\x9ae\xb5\
r\x0d\x95\x14\x1c\x0f\xad_F\x12SR\x12]\x08\xf9\
\xf9\xb4\xc2k\x8dZ\x85\xcd6\xe3\xf9\x11\x98\x10\x182\
\x98\xbf4\xb4p\xb9\xbdu\xab\xf0\x09gO\xdb\xaa|\
\x0e[\x85\x15\x1b\x8d\x88}\xe0z\xd0*\x9c\xb8('\
\xcf\xad\x16@Q\xd1\xe9\xc5E\xa7g\x15\x9d>\xa0\xc4\
\xcc\xa3\xd8\xd2\xcbR\x9f\x86\xc8mI\xbf{n;c\
\xc3\x91\xa2\x10S\xb1\x1ew2\x07\xa3\x04T\x0a\xaf\x85\
\x0aW\x90\xca\xa1`\x99.\xee\xdb\x12r\xdf\xc6\xf1N\
k!\xad-|\xf8+\x9d\xbd\xb7\x8e\x8b\x1ar>T\
\xf9\xa5p\xd2\x18bch=tpG\xe9\x82\x05\xa5\
\x9br\x82\x87sB\xeb/\x14\xef>\x1b\x9c\xbf\xbft\
\xee~FO\x85\xd6\xed\x09^\x5c\xa7\x8c\x18\x88\x07\xce\
:\xd5\xc5\x83_B\x18|\x03\xd8yR\xef\xbbP2\
\x9f\x8f\xdf\x8a'~I\xc9\xf9\xf3\xc1\xf3k\x82G\xf2\
H\x05\xfd\xe5\xa4\x88kG\x93 \xaf]\x152\xde\x12\
/L\x98{>{\xe0l\x10\x9f\xc8K%w\x17\x07\
\xf0h<\xe4\x08\xb5\x10v\x83\x16\x98\x0833\xd5\xa5\
\xdb\x8e\x95\xeeT\xcc\xdaUI\x5c\xd4\x81\x07\xcc\xc4\xc2\
]l\x95\xb9\x7f\x17+M\xe1c\xe1\x5c\xc6,W\xbc\
#Y\x1a'\xc5'-||\xc8o*\x7fM+\x99\
.S\xa9\xd0\xc7;\xc5\x852rL\xc8\x8d\x96\x02\x82\
\xd4\x1cWtzYh\xd6\xbe\x92\xb9\xe7Y\xde[\xbe\
4\xb4\xeedpyAp1}\xb9k\xe8(}\xaf\
\x19\xf3'\xf8\xbet\xcd\xc5\x87\xe76\x15\x17\xae\x0am\
\xd9\x16Z\xb8\x96\xa9\x9f\xc4\xff\x15\xb6O\xf0\xccI\xe6\
K\x82l5\xe2\xaa\xf68\xca!\xe6\x8c=\xa5\x0br\
KWo()( %\xbb3(\xc2#\xbafU\
i\xdb\x02\x87\x1c\x801\x04\x97\xaeU\x9e9\xcc\xe2C\
\xa3\x1e\x16w\x0aH\x96\xcb\x06f\xea\x01N\xc6\xa9o\
\x99\x92[\x84\xcb\xcac\x16X<\x1a\x14\x8b=\x8bN\
\x10\x06\xbd\xe7\xc0\xa1R\x10\x9b\x9b\x8a.n)^\xb3\
!8\xffdQ\xe1Z\x06\x05\x92aqm\x5cM\x94\
\xf1\xf4\x10j\x89\x8a\x87Z\x18,8W\xb2\xf0\x80\xd2\
cTF=R\xf1\x9c\x17\x02J'\x93\xd1\xa3\x01X\
g8\xc5B\xa4\xb0t\xc7\x09\xa5\x10\xe9'*P\x17\
\xa6L\x9c\xa8\xcd\xb3K`\xef\x83\xde\x0d\x9e\x9eK\xba\
h\x82\x0f0\x89\x0eT\xb3/\x85\xd6\x1c\x06\x05\xa4\x84\
|\xfd\x9e\xa2@\x9e\xb8\x90\xa0<\xacW\x9d%_\xb0\
\xba\xe8\xc2\x92\xe0\xf2\x85%\xf9;\xe8E$E\xf9F\
\xff\xeb\xc6<\xac}\x96\xc6\xd6U\xe1\x8a&K\xde\x15\
\x12\x5c\x89]a\x80J\xd1\x19Z/\xc1\xcf\xca\x1a\xcd\
O\xd3\xa9d,\xfe\xb8\x00\xeaS\xcf\x07]\xec\xed\x02\
4\x7f\x988\x1fUpq\xda$l':\xb1E\x8a\
w\x88x\xe5V\x84\x0arCk\x16\x86\xb6n\x96\xbf\
\xfc\xb2\xe8e\xaf\xa4\xb2\x81OV\xf4\xdf\x87{\x19\x83\
\x8f*\x8e\xe4\x13J\xa4\x89I\x01\xd6\x04f\x8cV\x1f\
\x16\x89\x8c\x9b\x83sB\x8b\xcb\xdb\x08\x82\xaf\x87\xb8\x8b\
\x8c\xdd\xca^#\xe0\xb3\xc7\xc4\xd0x\x11\x17\xbdc\xd2\
\x91\x98\xeb\x1d\x83\xf9[K\x16\x1d-\x99\xbb4\xb4A\
!\xab6+t\x91\xf4\x22nyn\x8c\xf4\xfc\xa6\x93\
XyG(\xe7$\xd7\x15\x91\x0f\x85\x04X\xdb\x9as\
\xc6\x08>\xba\xceE\x85\xf3\x81\xb1X\x0f\x0a3\xc0\xd5\
\xfbC\x0bO\x81\xd0\x86\x1fJ.\xac\x0a\xce\xdf\x13\x5c\
:?\xb8<7Xp&xvu\xf1\xc6y\xf4\xbf\
J\xdd[\x85?\xbf\xe3eo^\x97\xb6d\x80\x96h\
\xc8\xb0\xf0\xa4Rk\xcb\x8fF03\xe4c}\xbc\x8c\
\xa7\xda!Z\xc0\x00\xeb\xff\x95\x9e\x0e\xabQT\xb8\x0c\
FQT\xc8\xe2\x8a\xd0\xec\x9d\xc1\xdd\xb9\xe4\xde.f\
CJ\xd2r\xe2\xff\xbb+\xc4\xf5\xfci5Fk\xe8\
\x7fh\xd1,^%\x04sO\x03F\xfa\x17K0R\
t?^2vB2\xe5\xf2\x99\x8a\xb1I\x02\xca\xfc\
\xaf\xbaWW\xde=\x98\xdb\x85'K\x0a\x16\x87\xd6\x1e\
\x22c\xd1&\x12\x80\xe4bAN\x80G\xc4|v\xb9\
\x08x\x15\xee\x01\x8c\x0b\xb82\xb4\x7fG\xf0\x5c\x1e\x03\
;\x94\xb8a$v\xb0M\x96 \xca\xc2\xc2\xe0b\x10\
\x92\x87\x82\x17\xe7\x92\x92!\x9d\x92L\x16R\xf1F3\
\xe3\x0d#WmT\x92 9MY\x12d\x95\x1e\x1d\
\x89D\x04\xb7Qe1Q\x063\x84\x96\xbcJ\xba\xd1\
:\x80\xf9\x94K\x0a\x0e`.\xe6\x12\x1a\x86\xc3.\xe3\
+ \x8bh\x9f\xdf\x5c2k~huAh\xe9\xec\
\xa2\xb3K\x8b\x0b\x8f\x17o\x9fM\xba\xc6YL\xbb\x09\
f3\x0eC\xd1\xbbG\x14Xc(\x82\xb5\x0d\x18\x1d\
\xbaJp.\x1eUdxL\xc1\xdc*dyp\xf9\
\x18\xc2\x91zf\xb2h$\x91\xca\x9e\x95Je\x85\x0c\
9+7\x5c\x0eH\xb8l\x0e9ei\x86\x88\xa0%\
\x12\x18\xc9o\xc7\xa9\x1eL\x92\x07 \xdc\xf9\xb3K\xf2\
O3\x0b\x04\xe6%l\xd0\x92\xc3s\xe9\x1a\xa3\xac\xd7\
\x08\xcc\xe4\xb5\xcc>f\xf3?\xf0_\x99\xac\x0f\x02.\
\x1e/s\xber\xd0\x81\x19O\x06/&\xe5\x9ev\xe9\
\xb9FN1\xa4a:\x93\xf1=\x01\xd3$;\xba\x03\
\xab\xc5v\xe7\xd2,\xb5#\x87a,\x1a\xb4\xe7\x1d\xa6\
\xc1\xfc\xee\x8d\xbcs=\xb4h_\xc9\x8e\xa5\x8c\x07]\
\xde\xddt>\x22NN\x8f\xf6\xc9\xb8>QT[N\
\x88\x063\xaa<\x9c\xc5\x94\xc9\xddQ\xc5w\xbe-\xdb\
y\xa6\x12\xad\xc8`\x01hZ\x5c\xb8\x22\x98\xbf\x91^\
\x06fI\xf0\xfe!Lt%4\x8c\xed\x91\x83\xadJ\
$>?`fZ(^}\x22td\xbb\xd2\x90\x90\
\x0fZ\x12\xa7\x08sCi\xd99\xe4\x0e<=SD\
[\xb4%\xd3\x8d\xd2\x1d'\x05\xd3\x7f{\x1e-\xe8\x96\
\x5c\x80\x15\x83QF\x0al\xe8\xb9\xd3\x1f\x22\xf8~q\
K\xf0\xd0zRb3wL$\x5c!43\xf3j\
\xd1\xf9\x5c\xc2\xbd\xf2\xe2\xe3U\x91\x9c\x07\x98\x04\xd9y\
PED\x22\x93\xdd|N\x09\x8a\xc4/\x97\xee\xa4\x17\
\x96\xe4\xf9\xf0\xb3\x15\xeb\x1d\xd8\xb0\x9f,\x91\xcc\x17\xb7\
\x80\x88\x0b\xae\xde]\x9a\xb3\x92|\xbbG\x0a\xe6EA\
\xf4\xc8\x17\xc2\xc6\x5cF\x14\xcc[\x0cZ\x0a\xb6\xb9\x9c\
J&\x88\xb54\xbe\xe6\x87t\xa1\xc5\xc7q\xa4\x992\
)\x92C\x1c\xb2\xe2\x81\xb2\x147\xc9\x94\x8a6r\xb3\
\xa2\x8b\xf9\xa1\xd5gB\x0b\x0f\x047]\xb8?k6\
3\xbb\xc5\x87\x16\x95\x16\xae/\xc9\xdf\x1di\xd5\xc4\x19\
\xcdC\x08A\x5c\x0bc\xbd\xb3\x17{\xfc\xdb|h3\
\xf3vp\xf7\x91\x92\xe3{\x94\xb9\x9f\xc2\xcb\xe2\xd1\xdb\
q\xf4\x99+j\xc0\x094q\x86B\x02\x96\x17t\x09\
\x86\xe6\x92\xf3\xa0\x82\x16j\xca6|$/xfM\
\xe9\x9a\xcd\xc1\xb9y\xa0\x91p\x0aCB\x9a+\xc5\xdf\
\x9c9\x03JPN\x13E\xbd\xe2\xe6>\x89p\x93\xb6\
\x1cqs'\x18\x1a\x13\x0e\x8fH$\xa0\xb0jl\x1f\
i\xfdq\xact\xdd!F\x94\x05\x17o\x03Q&\x93\
]JV\x13:\xc9`\xbap\xce\x1fn\x08\x823C\
\x5c 0U\x92E\xc9\xd8\xec\x99\xd8\xe56\x9d\x95Y\
r\xbfd7\xb6\xd3\x8c\xd8\xc5\xb0\x8f\x11\xbb\xa0\xe5\x18\
\xdf\x06\xc8\xdf\xd2-;\x8bN/\xa3\xc3&\xd8kI\
\x8b(\x22@\xac)\x1aF\x04\x91\xc15I\x12\x19\x9d\
\x08\xb9\xef\xd2\xe2\xe0\xf62\x8a\x91\xd7g\x8b~\x8b\xea\
\x81C\x87\xed\x11K\x94\xc7\x12ZM\x8apop\xa4\
\xe1\xd5\x95\xb6\xbf\x89i\x9f\xe1\x5c\xb2\xc1TA\xd2\xba\
t4\xe6H%\xcck\x8b^\x8c\x94\xfao\x16\xfb\xf1\
\x94\xd7o(\xb3\xf5\xb9\x04\x86d>\xa5\x88\xb3\xd09\
\xcd\xe8\xc3\xc9_^l\xa3\x0b5\x88\x19\x90\xca\x85}\
}|\x19\x99\xa9\xf8\x19q\x1en\x12[\xe8\xc8\x8d\xdf\
\x10\x9dX\x13w\xb5\xe4\xe4\xfc\xd0\xba\x93\xb4\x97\x8d1\
\x06\x0as\x83y\xeb\x8a7\xad(\xde\xb2\x8b)\xf1\x0e\
\x221xa~\xe8\xf4\xfc\xe2\xe59L\xf4\x22\x12K\
*\xc4\x90b\x82\xb0`!]\xbe,\xb2\xfc\x05\xc5\xcb\
\xd8\xd4\xcas!rG\x01)\x13\x02\x1b\xc4B\xdd\x1e\
\x86\x14o\x0cD\xb0\xca\xe5\xc41)\xc9@hB\xc4\
\x97\xede\xf5LN\x861\x0f\x95\xe1\x92\xff3O\x88\
d\x13\xfd;\x7fE9V[{9\xd0/x*\x82\
\xf3\xe7\x03\xe8\x03\x84\xa5, \x22\x05\xe6r\x00.$\
\x8d\xd3\xe3R\x9e\x99\x13\xebr\xa1\xba\x86\xd8\x1f-,\
q\xe7\xe0\xfc\x85\xe2\xbc\x09\xda\x01\x95\x93\xcb\xe0pf\
D\xfc\xd98\xda\xba\xb8\xb8\xb9x\xff\x122>\xa7\xaf\
\x1e\x8ddtk\x19\x8b\x9b\x84\xa7\xa4) \xe2\xda=\
\xf4K\x84\xb5n&{\xa9\x15;K\xbe\x08\xa4*0\
\xa4\xec\xad\xec\xf0C\xd1\xe9\x5c\x02Y-\x18\xa0\x8a\xd6\
\xe7\x12\xd6\xb47;N\xf9\x8613/\x90Y\xa1\x12\
\xffZ:{\xb2!]\xf9*\x88\x8e\xe2\xb3\xfb\xfe\xbb\
W\xcf\xee\x0b.|M9\xa6a\xb4\xa3T\xb8\x00\x15\
P\x80\xd2\xd3\xd1\x9b5\x97\xfc\xe2\xb1\x1f+:\xbb\xac\
\xec\x9dN_\x0d\xdaG\xc8\xa3a@\x86}h\xff>\
\xa4\x0b\xdd\xa5\xaf\xd2>\xd7\x96\xf4\xa9n!]\x90}\
}\x8c\xab\xbfK\xf9~\x1f\x11@\x22\x83\x1d3\xf3>\
\x19\xce4 H)7\x9b\xfb\xa0\xdc\x19,\xa9\xe0b\
0\xcd\x0a\x95i\xea\xe2\xbe\x08\x00\x8e3%\xd3\xa5\xa6\
\x05{\x07\xa6\x93`\xec\xd4`\x9b\x01x\x96\xb76t\
rap\xe1\xa6`\xe1Y\xb2\xedQO\xd6j&\xab\
?\x1cXP\xa5J\x0a:T`\xe9bV,\xce\xdf\
\x01\xaaHY\xeaKL.\x1c\xd2\x0c7\xd5U\x95p\
\x92<\xed\x8d\x14\xd3.>ugWTx`'>\
\xb4\xe6p(7_\xb9\x86\xe2>\x0bG\x10\x22N\x02\
\xe3\xa8%O\x82tN9\x94K\x1e2G\x0e\xa3L\
\xf2`\xeb)\x06\x1b\xcbf8\xf8\x15\xa7l\xd9\x81\x96\
\xac\xdaR\xbch\x83\xd2\xd16\x92/?\xc3$\xdfE\
\xb8\xf9R\xdeC\xd6\x89\x87\xc1\xdd\xd3T\xad\xd62\x91\
Bev\xc40QH\x92x\xa8\x8by\x91\x89\xe0(\
\xf3u\x87\xb0\x1aH\xec\xef\xd0\x06s\xe6\x13\x1c\x03\x0d\
\xc4\x0f\x0b\xf7\xf4\x86I+63D\xc8\xf7\xf6\xd6\xc4\
WV2g\x0f\xd3\xb1\xdb\x8ft\xe4\x81&\x11\xda~\
\xbax\xd1\xc2\xd0\xe6\x83J1'>v\xc0\xa7\xa9\x88\
\x94w\xce\x06\x1a\x02\xcc:\xa7\x8c\x8e\x91\x0e,p7\
\x9a\x8a/M\x95\xa7\xc7J\x8e\xba\x8b\xe4\x03n)\xb4\
tA0\x7f\xa38K\x96`e7\x91\xb4\x1d\xe1 \
\xbd\x88_0u\xf1\xe1w\xa5\x94x\x9a\x9b:\x1dl\
\x0e\x80<U\xbdJp\xc1\xd9\xd2\xd5\x1b\xe8#j8\
z\x1f\xc6\xc2o\xc4\xe6\x93\xf8\xd9\x03\x84\xdc\xc13\x17\
[\x10SQ\xe7$\xb8pA(\x17\xcc\xbf\xb3\xc1\x85\
\xebJv\xec/\xd9\x97\x13\xdct\xe1\xe9\xa8\xba\xd8T\
\xeb\x88T7]\x08m_@\xa6\x1aM\xa4\x9a\xc5\xae\
5\x13\xd8\xb7\x0b\xbf\x89\xa6\x02S\x0f.<\x9c\xe5O\
sf8\xb3\xe9\x00\xf7\xce\xf5\xa4\xa3\xbd$\xf2\xa4\xfc\
W\x81\xe4\xbdY\x9b\xd9\x5c\xd8{\xb3\xb6\x90\xea\x8d\x90\
f\x97\xad\xd3\xc0\xde\xb1+T\x09\xe3b\xb9\xf2]W\
\x99o.\xb4\xff\x00\x1d=Y{&\xb8|\x852\x11\
\x8d\xd4\x1a\x17\x22\xf0\xf26\xd7\xd3\xb6U\xfc\xda\xda\xb0\
m\xf5\x95\xb5%/\x99*\xac5\xa7\xa3\x15<%\xbe\
&\x9am\x13/>\xed\x9a\x8e\xc0[\xe3\xf0\x81W\xda\
\x97\x9f.*\xcb\x1b\xeeH\xb3\x18\x98\x0a\x95\xb4\x05O\
-\xe3\x96f\xfb&\x84\xe7\x99\xfe\x84\x0e\xedfzB\
[\x19\x18\xea\x85\xb6\xcc-\xdd\xb0\x9c\x1c\xa1\xa9-\x9b\
\x92\xc9\xd2\xeb{\x05?#C\x9c\x0d\x18\x1c[\xa3D\
\xb9\x83\xf9\xa9\x92\x22i3\xf4\x06\xb65\x19\x1cG\x8b\
^\xf3\xf2%\xcd|\xa2p29\x19\xaa\x02K4/\
\x17\x96\x99\xc9\x8aR\xa2`\x814!\xd9\x8b!@N\
\xf6j\x22z5b\xf9\x10y\x7f\xc4u@\x22\x11\x8d\
X\xb5DA4\x82\xb8m \x22J\xbf\xceU\xd8a\
\xeaa\xa5\xe1\xc0\x9aO\xbc\x884\xc1\xb0\x8bh\x06t\
\xc3\xe1N\xb1\x8b\x00\x83L%\xe4\x10=,aL\x0e\
j\x92\xbc\xe5\x95\x19b4\x93b\xacI\x86\xae\xd5e\
\xb4\x89~\xf7H\xd8\xd7\x8cs\xee\xd9\x84R\xf1H\xb6\
\x97n\xd8\xad\xcc\x9b\x11=\xac\xf0BI\x5c\x8e\xffU\
\x90\xba1\xd3\xac8N\xcd\x04\xe4hg\xe4\xea\x938\
-\x8d\xe4\x89\x0cWJT\xcb\x9c\xdc\x96?>M\xfa\
8t\x879\x9c\x15`\x92\xe9\xf0\x81A\xbf$\xff\x93\
\xab\x15#V\xcd\xe1<\x87\xd2\xccI\xa1~\x998\x0e\
\xd9\x81\xe9\x18NM_Y\xba~\x1b\xed\x1e8\x9c\x13\
\xdc\xbc\x9f\x83\xfd\xdb\xe9\x14M\xec\xe2\x02\x15\xcf\xb8\x0d\
\x08\x11\xb0\x01\x8a\x81\x08\xb9\x17bo\x85\x9f\x05\x7f\x82\
\xf8\xe4\xea;'\xc9\xac\xb3\x96l\xc70\xcb1\xd2\x11\
L\xa8\xd2\x05\xb9t<t\xf3\x81\x92\x82B0\xa7\xe8\
\x05\xc1\xb2\x5c)#\xe5\xfd!\xaf\xb3\x99i%\x5c\xee\
\xdcH\xdeD\xe2\xcaS\xa7\xf2ZML\x04\x1bG\xc1\
\x859\xc5G\x0a\x95\x813\xf6jq\x11/\xe0I%\
\xdf\x19.>\x86/\xdf<\xf85\xf2\xe6\xc9Q8Y\
|\xa2\x5c\x17AQ\x8b\x8b\x80p\xde2\xee\xec\xa6O\
\xa4U\xb8ua\xee<\xf6\x89\x8a\xa3D\x8a\xc9\x8a\xca\
P1AE\xfa\xb4\xd4\xa23\xa5\x0b\xf2\xc4\xa1E\xda\
\xc3\x7f:\x97\xd5\xc4\xc0w\x8bV\x05\xcf\xcd*#P\
\x91\xc6\x86\xfa\xb9\x9be\x9d\xa2\xbb<\x85[f\xd3d\
w\x17)w\xbb\xf2\x00%\x93\xcf\x9a\xc4n\x9eh\x11\
\xff\xe1\x11\x00\xd3\x97\xce^@\x83\x94M\xa7\x81\x17\x83\
\xe7\xe6\x04O\x9f.*\xcc-.\xdcW\x5cx\x88q\
\x8f\x13\xf6\xc3\x0b$\xa7W\xc4\x92e>~\xd5\x94\xe5\
\xbd\xc2\x1d^k\xc6\xf4\x11\xa4Th\xf3\x22\xe6\xdc\x1a\
;\x89\xe77\x97qP-\xdc\xddAZ\xc6\xe9)\x7f\
|\x8e\xb4\xfeH\xa4K!p)\xf1\xf07\x22\x84\xcf\
t\x12\x8ag\x08\x055\x04Jb\x91\x85\xbb\x18\xda~\
.x./\xb4n{h\xcdB\xc6+\xcf*\xc9\xcd\
\x8b\xe0\x1b\xd6w\x0b\x22k\xe9\x22{?7\xa1\x8c\xe7\
`\xc5mH\x5cW\xba\xb2n8.\x84\x9c\xc8\x22\xe9\
\xc9\x12\xd7,\xe7\xae\x93\xc6\xb5\xea2\x0d\xd3\xc9\xcck\
6\x14\xbfzV\x9coOV\x19\xc9`'&\xa3I\
\xfc\xd5\x00~\xd1\xb5\x85\xccm\x9c\xcc\xf1\x9d\x0c\xf6P\
<#\x87\xd2A\x8cve\xb3\x18\xedl\xc5>\xeeJ\
['_\xa7\x8d\xbf\x5c^\xb8f<\x98{,\xb4\xee\
d\xc9\xe1\xb9\xa15\xc7C\x87v\x01\x9a\x0a\xee\xde\x17\
<\x9cG\x17\x15Y\xb6\xbf$w\xb9=&\xc6\x9e\xe9\
g\x0e\x97\xd1luh]0\xef\x14\x13\xf5\xc6\x09\xf3\
\xeb\x95\xe9b\xd2\x010gx=\xd8$vH\x8e%\
\xfc\x8b\xc1\x89 \xb2\xa8\xc3t\xdc%\xff<3\x8ft\
\xcf\xa1o\xb8\xf3\xca\xc8\x96\x22-O\xc4\xe18\x1f\x8e\
\x5c\xbcD\x9e\xc9\xf74!\x14L\xae\xec\x10Jub\
\x03\xf20\x0aC\x8cH\xa0\xc1\xd3\xf4PN\x8a\x1cJ\
1\xe3*\x11L6\xac\xd8I\xb4lNpM\x8eR\
T\x0c`u\x80\xd4\xcfc\x0e.\xcb\x09\xe6\x1d-\xc9\
?\x1c<\xaf\xc0\xa5+\xf1\xf9\x8d\x00\xeb$k\x89\xe3\
n.\xbet\x03)sE\x10\x04\x1e\xf6\x82\x0ea\xd7\
9Xh\xc9\xd9\x9a>Y^\x938\xb2\xe7\x95\x00[\
\x91\xe0\x14\x85D\xf2\x96\x06\x17\x14\xb2>\xb4\xe5\xb9\xc5\
\xfb\xe84%\xd8\xac\xc5\x1b\xce\x07w\xcfc\xd6\x91N\
\x7f\xc0\xfe\xdaHRtg\x84Q\x86\xab\xf9YV\xdf\
i\x15\xdc\x95O\xb6e~\xf7\xe1\xf9\x08\xb0\xd7\x1f\xba\
E\xf5Q\x85\xea:\xca\xb6\xa4\x85\x10\x87\x8aG\x0d(\
\x8e\x19&m\x04+\x86Io\xfe\xbccE\x17\xf6\x81\
\xf0,]\x99\xcfh\xe8\x92\x82=\x5c\xea \xa9Bb\
U\xd1\x9dNL\xbc\x86\xbd\xd7I\xc4/yKCK\
\x17\x14\x9f{5\xb4\x9a`>\x8c\x90\xd9\x92^\x1cl\
\x92\xe2,\xc6v\xdc7/\xb8p\x83\xb2}9\x01\xd6\
\x0cT\xbcN4\xf5\xccXa\xbbe%\xbe\x0d\xf0$\
\x18\x9bEg\xcf\x92\x930\xb9\x14\x1f\x0e<eb.\
`\xd2\x8aSYx\x12\x90\xdc\xc0P\x15(\x96\x02k\
-_\xc1\x9c\x1f\x0b.\xde\x1fZ\xb4$\xb8\xf8\x22\xa9\
\x04q\xb8\x06\xb8\x1agO\xd3\xc8\x92H\x8d\xb4\x8b\xd0\
\x88\x97\xbf\x1c\xb7\xecf\x80[\xfe\xdb\xb1\xa4\xb3\x97\xa0\
<E#\xa7\xf6Fj\xa4\xa6\xa8\x11\xa6\xde+\x8d\xa5\
\x93\x98\xcb\xfb\xc4L\x80\xc9\x9d\xb9\x18Zy(\x12\x09\
E\xc1=\x91\x8d\x8fI\xd0{cu>\xd91\xde,\
\x12!\xfe\xa47\xcdk\xa2\xa3\xeeJ\xb2\xf4\xc1\xeed\
g6\xb9\xba\xb3[\x5c\x1aG>>P\x8e\x04\xa7w\
\x03\xd1\x8b>\xd1\xf1>\xf2\xccs\xe3\x8c0\xe7\xe5$\
=qH4\x19~\x99)[F\xae\xcf\xec\x96\x5cG\
!\x8f\xd4\xcb\x9d\xe7\xe1\x97\xb46\xd3\x14\x83\xfe\xe8\x94\
\x1b\xce\x87N^d\xdac\xc2G\xf1D\xba\x0fKA\
R\x04M\x1c\xf2\x13RP\xb2\x088\x9d\xad\xa7 r\
7b\xa2L\x16\x89=\x8b\xaf\xb2K\xd7NP\xca\xaf\
\xbee\xc4\xb7\xcdl\xfc\x90\x180\x9f\x81\xa3\x5c\x82\xfe\
\x13\x1bzJ\xdf$c,q\xa15.\xa7\xeb\x7fj\
\xf4uVj\x12\xc6@\xe1s\xba\x9e\xd6\xdcKTL\
\xbb\x90\xd8+\xc5\xec\x8c\xbf\x84q*(\x0dZy\xdd\
VRfb\x0c\xdb\xeb\xcd\x07C\x07w\x00zgB\
N\xa1m{J\x0av2\xa6*\xf4\x919@\x10&\
\xb6QU\xd6[\xbeO\xf2\xa5+Yv\x0a~\x90\xbf\
>Iv\xe2\xc5\xcf\xe6\x8f\x8a\xa3\x9f\xf2\xa1IS\xec\
\xe4\xc9\xda\xe2\x84#;{\xb1\x15\xd6\x19\x22\xffV\xde\
\x01&)\x8cq\xa72\x03e\x8c\x15&\x1b\xa9\xf8\x00\
\xe0\xfe]J\x09\xc9\xdf\xc3#\x024\xec4\x8b\xd5f\
\x01\xf9\xc8\xc58E\x99l1\xa3\xca\xed\xe1\xff.\xd1\
\xb9\x19\xdd\xfa\xe6\xb0\x89\xce\x91\xf0\xdcRY\xf72\xd8\
d[\x17{\xd4]\xde\xc5h\x5cF^\x9a%(\xdb\
\x1d\x84\x9cI\x17{\x84J~_\x8b\x8c\xb6x_\x15\
\x04wo\x84\xbe\xdf\x9f5G\x96_\xc8\x9e5\xc1\xde\
\x086\x93}\xd96f\xd0\xc4\x93\xb2\xcak\x94\xe8\xc5\
\x22'\xfc\x10\xeera\xfd\xd4\x19\x0aS\x00\x9f\xa3&\
\x07~\xeb\x11\xc9p\xf6\x84\xd4\xfd\xc0\x11:\xb4>8\
g?)KXPZ<>\x11\xcb\xf0c\x84S\xe9\
\x15dEP[\x8a\xca\xa5\x99\x983\x91\x0f\xcfml\
\xd9\x92\xec\xfe\x13\x17O\x15\x0e9\x8aK\xa7\x96\xe7i\
d\xf9\xe9\x22\xaa\xca\xda\xa9=X&Q\xc6W\x95g\
\xbd#\xe5SVd\x0eQ3\x8b\x1fF\x18\xcdb\xcf\
6\xbb0\xc0`\x8eC\xa6cw\x81\xbc\xbc)WA\
\xdb-\xb1o#\xd4t\x22\xecI\xc2QH\x91\x07m\
\xf92\xbanR\xfe\xc6\xd0\xe6m\xbc\x9b\x999\xec\x22\
V\xd3d\xe7\xebI\x14K8f\xc9U_\xf7`\xac\
\x22\xf8\xcd\xbc<O\x09\x85\x12\xa4\xc9\xa5\xf4V}\x0e\
\xbf\xc7\xa5\xf10\xb4<\x92\x1b\xcf]\xbci\xc5\xb8}\
\xc5g\xe2\xc5\x89\xa3vQ\x0drq\x1d\x0ca\xd3&\
1\xa3/91/tv9\x9dA\x0a\x12i\xd6\xac\
\xe0\x82\xb3\xb0-y\x7f:}\xb4iA.L\x0c\xa3\
\x15\xe9\x10\x0bv%\x0bzg7>G\x89\xf7<\x93\
\xf9\x013\xc7dF\x13\xb6\xf7@\xec\xa5\x13{\x07z\
\x037\x0c\x92\x152T\x06,#EB\xec\x80\xbc%\
\xc7\xf5\xf2\x17\x95\xec\x9ao\xef\x1d?\xc8N\x8e\xc4\xa9\
\xe9\x9b\xa0D\xd9h\xcb\xf7\x92sc\xb9\xf3|\xbd\xf9\
\x0a\xe3\xd2\x1b\xe3l\xac\xce\xedMW\x0d'\xdc\x1cG\
\x07\x0b\x1d\xec\xd5\x91i\x04O\x0a~\x9b\xecI\x19\xf7\
T\x95\xe8\x99\xba\x09\x99\xa2;\xfc\x844\xb04Q\xbd\
\x06F|O\xc7{X\xec\x08\xc4\x1d\xe0O\x14\x85\xb6\
\x9f\xa2s\xd97]\xa0\x03\x19\x0bsB[\x97\x93\xae\
7\x12z\x15\x1e\x17K\xa6\x8bw!\xc4\xb1\xcf\xb9%\
)\xe9\xb8\x0f\x22d\xcc\xce\xa5\x1d\xcc~{\x9c\xdb\xef\
t\xfb\x95s3Bz\x1d\x01\xef\xf3\xe2\xc0%w\xdd\
\x874\x08E>6 @0\xb1Bk\xcb\xf4\x8b+\
\x0c\xb1\x8cv\xdfb\x99\xc6'^\xb1nSZ\xd1m\
(]@\x8a8\x99\xb1oX\x99\x1b\xbd\xbc\x80\x98\x99\
\xd9ORtV\x9e\xd2\x88_\x22\xa74J_\xa4\x8f\
\xc6\xc6\xa3VtyP\xd1\xd1\x16\xe6\xf5\x91}\xe2[\
\xc5\xc5+\xc1\xa1\x94\x02)%\x92y\x9f\x94\x12YO\
\xf6v\xe4|FL\x87\x9c\xcf\xd8DF\xe8i\x1c\x9b\
\x0c\xb92\x1d\x9b\x95\x14}\x94o\xc4\xb0\x99\xe1\xb5#\
\xf7JN\x84\xec\xccl #RV\xf2!C\x8a\x98\
|h\x97\x91\x8a\x94\xda\x87\xc9\x90S\xfb\xc6\xca\xc8\xfc\
_\xe4\xa93\xcd?}\x9ez\xdf0}\x92\xb7\x1c.\
%\x81\x960}E\x96\xad\xa8}\xda\x98\xe3\xf2\x13\xec\
q}\x95\xfc1\x869D\xc7\x9f\x08\x14\x1f\xb860\
G\xe9JW\xcfV\xa6\x19=\x8b\xf1a&\xd6\xcbI\
|p\x83u\xd2\x89b\xc7\x91\x12\x09+\x80\xc8\x0d\x9e\
\xdf\x19:}4\xb4m\x159\x9d\x90\x1e\x1a\x97E\x14\
\x88X2\xc8\xc6f\x0eq\xf1g\x92oAy\x1d\x8c\
\x96\x91\xfa\xf2\x87w\x8b\x1f\x16\xa1\x18\xe9\xa5\x14\xdc\xe6\
,K\xd2r\xd5y\xa2E\xf7\xbf\x89e\xb8\xd8\xe0'\
S\xe0\xc2GbsF|@\x86Q]\x9bY\xb1\xcd\
d\xfb\xd1i\x7f\xab\xb7\x01\x98yxn\x13+\xc27\
o+]w\x9c\xb6)\xb6\xed)\xde\xbc\x84\x91\xe8\x04\
\xf9=It\x01NYwz&\xb3W\xc5\xd1\xfdW\
bP\xc1'\xe3P\xe8Fiy\xdc\x0e\xd0{\xf1\xf9\
~\xa6\xc7L\x00\x03\xbea\x94\x8e\x18\xec\x94\x14\xec\x0d\
\xcd\x9d\xaf\xbc.]\x98\xe0\xb2\xaf#%0\xe7\xff\xe1\
\x10\x98I\x17\xa7\xad\x10Y\xbe\xafh\xf6\xfd\xa2{\x1d\
2q\xdc\xce%\x8b\x8eKc\xea\xca\xa4\xe4\xda4:\
\xc5\xb9\xc8\xb4S\x1b\xcfb\xc9\xbe\xbd\xa1\x15\xa7\xc9g\
E{\xa0a<\xe8N\x08s\x5cU\x9e9Gvb\
pi*E\xa7\x0b\x19\x7f\x05\x8b\xa3\xf1\x01V\x9aC\
\xb7n&T\x18\x8a\x17\xb5\x1fN\x0c\x8e\x02\x184\xf8\
_\x83\xe5\x86\xd0#Y\xce\x10\x1b<\xe1!\xd8\xa8\x11\
\x83I\xf5v\xdc\x92l\x1e\xce\x0c\xe1\x82\xa5\xff\xae\x17\
\x0d\x94\xbd`\xda\x070\x15\xca?A\xf6\x0d\x8f\x90\xe9\
\x07ey\x83\xde\xc05\xb1\x04~P&>\xcb#/\
u\xe8\x0e\xe1\xfcf&\xdb\x8eU\xc1\xb8\x86\x81\x1d\xfa\
\xa0\xd4\x9f\xca\x05bZ\x1f\x8c{\xc8\xdd\x0b0\x89w\
\xd4\xa41\xb5\xa5x\xc6\x99\xceZ\x88\xd2+\xf6\xbc\xa2\
s\xbd\xd0\xa3\x13y%\xfb\x16\x067\xec\xa7\xf7\x0d^\
%;\xd3\x07{\xe9\x8e3\xc5\x9b\xf2\xc9\xe5\xa9\xcc\xf8\
\xac?\x9b\xc3!\x12\xf18\xfbBi\xe9\xc8k\xbaz\
\x08/W`K\x0eG(\xe3ZU\x84\xfb\xc5\x02C\
\x8c\xfeh\x03s5#\x1b\x94\x86\xa10\xa1\xdc\x9d\x80\
^\xb68\xb7\x83\xbd\xc3\xc2-\xbb\x00W<\xbd\xa4\xeb\
okc\x1f\x1b=Q\xf0\xff }\x98)d\xae\x80\
\x03\x91\xa4Di\x03\xf8\x8a\xeb\x5c\xc9t\xa6Y?{\
pS\x5c\xbe\xcd\x16\xdc\x9e\x13\xbc\xf8Z\xf1\xfc}\xa0\
LJ7\xae\x96SKQ\xe4\x98\x88%\xd7\x14\x9e\x13\
\x98\x94-\x9c?\x02\xdftDmX^\x09\xe0(!\
\xa7\xf3\xda\xa1\xb6\xf0\x97\xd6\xac\xe7\x94\xafW.\xc9\x06\
\xc2\x97\xac\xd0\x09\x13k\x8e\xe3\xbaa\x9b:\xb6\xb1\x07\
\x0f\xe7\xe1\xeatg\xed\xed\xda\xb6im\x07\xb3\xaet\
\xe56\x82\xae\xeb\x85}\xfbI\x18PH\xebu\xc9n\
\xf3\xc0\xe7\xd3\x85\xbb0\xd8\xdaG\xa2\xf3\xe8U\x83\xbb\
\x0e\x87\xd6/c\xd2\x83qm\x14\x1a\x89\x10\x8e\x9f[\
y\xf7\x89\xacl%S\xd9H\x19\xb0\x92<\xfe\x94\x06\
\x02&U\xb6\x81`/\x8b\xb8\x88\x89\x99\xbaKD\x9c\
_\x9d'\xc3\xd5mR2%K\x80\xe1H9\x81\xf5\
\xd8\xbb\xcb\xdc\x14\xc3\xa5\xa92\xae\xb8\xa9\xac\xf3\xdd'\
\x01\xe7>\xec\xe9t\xb1p\x89Y\xa0h\xb6\x1e\x9e4\
MNl*{y\xe7\xc1\x14\xfe\xfa\x0a\x0f1\xf5,\
\x9a}O`\xb3g\x83\xbb7\x16\x9d>@{zV\
\xe7\x07\x0f\xad\xc3\xa9\x8f9\xc1\xbcS4km\x5c\x0d\
\x5cG\xef\xaf\xd3\xdc\x01%\xa6\x04\xc6\xc2\xc3v\xbe\xec\
\x7ft\xba'\x95\xc0\x80\xff!\x8c\x5c\x8aS\xd8b\xf6\
O9\x03\xe2{Z\xb9\x11'aW\x9aK2f\xe1\
$\xbd\xf8\xcaDi\xe1\x8a\xa7-;)\xcc\xd2 f\
\x96X\x88v\xaa xa\x9er\xa2d(\x95\xa92\
E\xe7\xf1aT\xc00\x08a\xa6.\x10f\x8a\x91\x86\
\xdc\xc5,\xce\xa7\x9c#!\xcb[\x08\xcbp\x95\x18\xa5\
\x14\x19\xf7\x9c\x97}Z\x98\x0f&\x9d\x22\x9d-6\xea\
f\xab300>\x99\xd8/a\x8e\x86\xb3stq\
S\xf1\xfe%\x046\xa2M\xc6\xd7\x82\x87\x963\x0f\xe0\
\xd3\xeet\xe2/]\xc1\x91\xf9f\xf5\x05Z+\x1d<\
Xtz\x16Hy\xa2\x03\xa6?\xa1R\x87\x96\x5c\xa3\
\xa3\x12[t\xdc\xc3\xd6\xce\xa6m:\xf1\x89\xb1C\xeb\
\x8a\xce\xafRn\xf8\x91\xa2\xaa\x82\xe1\x02\x068T\x10\
\x9aUX\xba\x80P\x07&\xae\x8ct+\xec\xcc\x0cw\
\xe4}0\xafJ\x06\xe3\x8e\xe3\x1c`\x91\xdb'\x7f+\
\xcc\x9b}\xb0'5\xc9\xe1W\xa6\xda\x13\xdf\xc6\xe1\x87\
\xf0\x17\x99T\x95\xd0\xb4\xb7\x0c{\x8fIk\xc5)D\
\xa1\xc0\x814\x09< C>\x95i?\x81\xa2@\x9f\
\xb2\x1c\x06\xf1\xbc\xff\xbfh\xa7\x86\xac\x9d\xe2\xbd\xb3\xc3\
\xba\x81\x06\xf0>G\x0e\x190\xa7-H\xb5l\xe5Z\
\x89\x5c\xed\xbf\x16\xb4\xceh\x11\xa6\xe4?\x1b2\xa1/\
b\xf1M\xf7\x91|\x89\xd3\x14\xa8U\x1b,8\x17\x5c\
pV\xc9\x17\xa2\x87\x09\x19\xa0f\xe6\xb5pe\x95\x87\
F(\xa0\xaa%\x97Nm#\x8bJ\x8a\x0b\xcc\x8aS\
\xbdI\xb9n\xb5`Ss\xe5cA`\x96\x91\x15<\
^r\xb5=\xe9T\x01\x13Hb\xc2\x09b{I\xd0\
\x80B\xf8Zq\xf3\xb4\xc8\x8a=\x9c\xc32\xc7\xa1M\
L\x96\xb5\xac\xc4\x0b[k\xe8\xf4Y\xc6Z!\x87\x1a\
\xba\x89\xba\x1b\x16\xafH\xa6\x88\x94X\xdf\x80.\x8b\x8d\
yE|\xd8\x80\xef\x009\xe1~<\x8e\xa4&\xf2W\
w\x95a\x9b\xf1p\xd4S\x86\xe9\x94!+\xac't\
\x8e-!\xbd \x97v\x9e/<\xcc\xd8SLyC\
\xe5=\x1f\xbd#\x15\x07\x97\x1c(Id\xbb\x92&+\
\xf1]\xe3_\x14\x0b\xef\x0b\xaa@|\xd0\x8a\x99k\xae\
\xfaW\xba\xe4H\xd6\xff\xeb\xed\xdb\x9e\xa3<\xae}\x95\
\xb3wQ6\xa5c{k\xdb\x1c\x02\x1cjL(n\
%\xb0\x92\xb8\xbc\x13p96\xc6\xb7\xf8\x86\xc1$\xd9\
.oo\x0f\xd2\x00\x8a%\x8d23\xc2\xc1\x84]\xe2\
\x22\x10\xa0\x1bD\x5c,\x84A\x84\x9b1\x08ac]\
\x01\xbd\xec?\xe1<\x9e\xa7D3\xa3y\xf2\xeby<\
_\xf7Z\xdd\xbd\xba{\xf57#\xec\xa4v\xd5.G\
\xcc\xd7\xbd\xbe\xfe\xfa\xb2z\xad\xdf\xfa\xfd\xca\xebv-\
\x15=G\x9f|\xd0\xaa\xcd\x8a^\x99O\x14\xfe\x9a\xed\
\xdc\xf5n\xf8\xeeU\xfa\x0e\x1c\xfe\x8ce\x02\xf4\xe6\x98\
P\xec\xffv\xf6\xd0\x09\xbe\xfa\x85\x228|\x1c\x86\xda\
\xad(\x99\x8f\x87\xf4\xb0\x0c@\x1cF\xffT\xe9\xfc%\
\xc0j\x88\xcf\xce.\x84gE\xceM6\xe5'\xda9\
r\x11;Q\x1b}\xea\x81\xc2\xe0\x8d\xe8\x0d\x8b=#\
\x1a\x0d\xc0\x8f\xf6\x07\xd8S\xb0U\xe9\xfbp\xca\x9b\xf6\
\x17\x81m=\xc3\x16K\xad\xa4\xf6h\xd6\x12\x01\xf0\x97\
\xb9cY\xb7\xc9US\xad\x08\xd8\x16\xbam\xd4@?\
q\xaa2\x1c`b^~\xe4Nq\xea\x86\xffS\xd4\
\xe3&D\xd3\x8f\xe6G&\xf3\xb7\xc7\x19\x96\xe9j\x1a\
\xf9\x22M\xb3\x15\xfdK\xac0\x19\xbc`\x0b\xdev)\
\x08\x03\xb8\x9en\x1f\xceO^\xf5cL[\xe3y\xa4\
\xf4eX,\xd8\x0c\x01\xf9X\x01a\xe2\xa9\x10b)\
\xa1\xe1\xa00)\xfe\xe5ok<'\x9bk?O\x86\
\xb4C\xf3$\x96\xa3x\xab\xd5\xb7\xba\xac\xa3\xf4\xac!\
\x8e$\xac\xa981[\x1d\xbf\xf2\xe7\xd4\x98\xbf)X\
\xa6\x10\x8a\x97@H\x11y\xec\xeb\x92\xbe\xb1\xc8\xc5\xf3\
\xf8\x99\x86r\xaf.m\xb5\xd7E9\xcb\x15h#'\
\xdbi\xb2\x8a\x81l\x8bq\xc3\x068\xe9x\x0f\xd8]\
\xe8\xb9\xc6\x10\x81%\xd0\xa5Q]\x8e!\xda\xa5Q\x1e\
\xf8\x14\xa4\xfa/\xf9;\xa7D\xa0L\xa8c\xe5\x1as\
M)Fc\xcan+m\xe5,\x92\xf2DN\x95!\
\x92_\x08\xbdD\x0b\xbd\xd0?:\xfb\xedX\x90\x9b~\
s\x85\x9d\x99\x98*\x1dmC\xb1\xa7\x93\x0bd\x0f\xb2\
M(\xdc\xba\x8c\x07\xc2\xc0\xa1\xd9\xdbW\x8bS\x87\xf9\
\xc0\xfaB\x12X\xa7k\x8c\xfa\x87\xb2e\xbel\x82>\
N\xb9q\xbd\xc7\xa3M+\xba\x96qY^:\x1e\xc0\
\xce\x0e\xfeE} i\x8c\xcd\x0d\x14/\x5c)\xf7-\
sZ\xae\x84o\x16\xfc\x88\xa4\xe5\xc0<N;(\x5c\
\xec\xf5S\xc0\xbf\x95C\xf4\x89U/\xe4\x97/<\x9e\
\x1f\xbb\x12\xad\xb1|\xd7$@d\xe2\x05K\x10UN\
6V\x09\x1e\xf7\xcb\x88\xb7\x928\x8d\xc5\xe7\x93X\xe2\
\xde\xd2\x12\xff\xdb\xba\xf7\xfb\xb2E\xca\xe1\x5cGX\x0e\
\xc7\xbe\xa6\x5c\xa3\x82\xc4\x01ot\x7fm?/\xae\xdc\
\xf2\x1en\x04\x8dD\xf0\x07I\xb9\x0e\xf8`k\xfbN\
\xd6@\x8e\x99h\x03f\xefq\x8b4g\xd7\x1e\x82[\
\xd9\xe9?\xdd\xd1Q\x98\x1a\xf2\x13]\xbf\xd5>\xcd\xa7\
xoOxJu\x1b\xf4\xa6\x9cF\x9fr\x17nq\
\x9f\xe1Ve\x10h\xe0\xf1\xec\xd6\xe93C\xe3\xed^\
\xa3~)\xad\x92\x5c7Gn\x08 M\xf7\xa5\xe8t\
\x91\x95)\xb7\x059E\xdf\x89\xc2\xd4\x80\xf8\xbb\xccx\
\x09D\xd5\xa9\xbb\xbcw\xbaT\x17\xd6\xfa:E\xf4\xf2\
]#z\x945\xb6\xc1k\xf7\xaa\xf8\xa6\x98 \xe9\x12\
\xbfQ\xf3\x91\xfd\x92\xc4\x0a\x9b\x97c\xae\x0ei\x0a\xd2\
\xd6\x1bYb\x85\xd1\xaf\x8a3A\x90J\x03\xa2T&\
\xb4!\xe1\xf9\xd7\xf6\xab>\x22\xdb6\xad\xfcZ\xd9\xc0\
\xde\x8a*]5\xb4\xd8\xd9[5\xb2\xb2\xf8Ve\xab\
\xe6\x05/\x05\x13\x8f9\x0e9\x8bO\x0b\xa3$\x80\x98\
\xe6i\xe2.\xd35\x16,\x9cY\xb1l\xc5\xc1*\x97\
{\x8ea\xbe\xb3\x95v\x96\xea\xb6(9\x9d\xaab;\
\xe0{\x82n\xddk(GM\xb1\xf5\xf5\xc1W1\xdd\
\x03\xbc\x1dj\xa25\x90\x9e\xd3di\x09\xeda,x\
\xeb\xf7\xd18\xda\xb1&\x13\x8bjT\xe6\xe0kp(\
O\xa5%mS\xd6\xb2\xb5\xcbFCAX3\xf4\x95\
\x00\xd7\x00\x0f\x82Z,\x02\x9f,\xc1\xd6\xc5{\xa7g\
\x1f\x9c\x00\xe8\x0d3\xcaK\x9c\xd0#\x9fBy\x5c\xaa\
\x9f\x85c\x90\x1f\xcbH\xbbanh\x08\x0a#fb\
\xb7\x0b\xc0\xa9S\xf0\xaf\xdc4\xc8&\xf1+W\x87\x8d\
n\x12\x91\xcf\xa3\xd6\x1aLx\xbdk\xc0E\x8c\xd9/\
6\xca;\xa0+\x11\xa7\xd3\x96V\x08\x82\x87\x17\xae#\
\xbe\x98\xb2M\x00\xde\x01\xfcP\x09Dp\x19{|\xa5\
\xd8\xe9\xf7\x94\xe8\xe3^{4\x03\xe9q\xe3\x87]_\
\x8e\x91\xdc\xaa\x97\x05m\x96 \x96\xd3\xfe\xa4\xb8,\xc5\
p\xe2>\xa2\xf2\xb4\xd6\xb2\x80\xcc*W0\xd4(\x0f\
^\x07\xc4m?{\xfa\x16\xf3\xec\x87\x96\xbe)\xcd\xe2\
P\x82\x82\x0d^\xb5\xaa\xcbM\x0f\xc7y\xbdM\xcd`\
-\xa2\xc2\xe0Q*\xab+\x80\xcd\xf7\x0f\xd3{w\xdc\
\x0e\xba\x05C\xe7Y\xabDV\xf9\x1cI+#\xce'\
\x8f\x1c\xd3,~\x91\xc8\xb8\xf1\x0eQ\xa2/\xbd\x06\x0d\
`\x8aN\x16\x81\xb1\x96\xdf'\x9af\xb0\xda\xfd]\xec\
]\xaa\x97k\x0d9H\xe2\xfaA\xdc\x97\x83\x08Y\xc3\
\x5c\x0d[n\xd6U\xee\x10\xb8\xf9\xdbc\x85;\x07\xe2\
&O\x8d\x13vq\xa7\x02DO8\x19Z[\xda\xd6\
>-\xc3\xd3k\x89n3\xa1\x84n\xc3\x00\x86e\xbe\
qA\xfc\xca\xe3\xbaa>(\xf3\x84\x15\x0f\xb7\xb3O\
2\x19\xed\xdf\x0d\xeab\x93\xce\xa0\xa2[\x97`nT\
\x95\xab\xf2\xd6\x94\x17\xe3]\xc6l\xd1\xa1\xe6\xfeU5\
\xa7vc\xc6\xb8\xdfK,J\xaa\x9c\x02\x8c\xde\xfe\x0d\
W\xb0\x1dD\xa0\xd4\x11\xe5j\xbb\xeat\xbe\x1f\x04>\
\x0c\xabp\xefm\xa1\xba\x03\x88s\xa0\x11f\x83\x0d\x0b\
\xaa\xde\x93\xba\x5c\x8a\x0b\xc0\xbd\xe8U\xe7\xc7\xc7%\xee\
\x98\xab2\x7f\xac\xea5\x82\x8e\xa4\xe5\x9b\xe3\xe3\xb3\xd7\
\x0e\xf9\xce\xd4F\xb7lT\xbe\xe8\x0a\x1b0Oz\x7f\
\x02\x8aFg\xc6{\x02\xf8xA!\xdcj\x01*\xd8\
\x93{\x19\xfcL\xf7\x96\x941\xe6t\x00\xa2*\x9b\x88\
\xfa\x84\xb3\x87\xd1\x1b\xac\xc1\xe68\xda\xc1j\xf58G\
6\xf8\xa4~\x90\xd0\xfb\xb8\x8f\x02\x17\x8f\xef\xc20\x8f\
\xe2mc=Y\xac\xa4\x09&\xd0\xa9T]\x1a\x88\xa3\
\xd2*o\x87\xcdrf\xed\xf1\xa8\x0dj\x03%\xabI\
\xab\xa0Z\xf3\xdda\xbb\xf5\x96\x06\xd3\xcf\x95U#\xa0\
I\x08D\x06\x7fk\xdf\x0fW\x07\xd0f\xca\x9f\xec*\
\xf5\x0f\x17\xcf\x9d-\x1e\xbaZ<0\xe1\xdf\xc6|\xcb\
\x99\xa8\x95\xb4\xb7\x95\x08\xe3Q\x19\x84\xa4w\xaf]\xa3\
-\x83\x90\x96\xb0I+\x1d\xdc\x9e\x98\xbd}\xbe0t\
\x18\xb8MBs\xca0{\x99\x8a]\x97\x96\x13\xe7\x14\
^\xa3X\x15\xcc\x8cn\xce\xf6\x87\xe1\x0b\xd0J\xb5Z\
/\xec\x0a\x84\x92&(i\xbf\xb3+\x17\xe6/\xf2:\
4\xaf\xab#z\x7f(d\x13\x84\x1b\x10\xc1\x84\xa37\
Z\x0dR\x13\x8c\xdf\x08\x16\xf0\xc6{3\x9be3\xda\
\xfd\xd0lF\xea\x06a\xe2\x16\xe5\xf9\x8c4\xef\x19\x89\
m\x10\xe3B<F\x10\xd2\xd0<F\xc0|\xe6\xa3\xea\
\xf8oh\xa5h\xbdI!\xdb\x9c\x9d>R\x98\xba\xec\
\x0b\xda\xc5M\x8a\xb8IP\xcbf\x15jC\xba\x19\xcc\
R\xb1\xa7\x8d\x99,\xff\xa6\xcd\x06gQ\x84\xe3%\xc2\
\x17\xa4<\xf4\x0cB\x91\x0d=s8\x10%\xfbn\xde\
f\xd6\xd5\xc1sI?\xa1[p\x0b2\xd4|\x93l\
2>\xfe\x0f\x1eS1\xb0\x10\x96\xe1\x0f\xe4`\xe4\xe9\
|\x17B7\x98\xae\x9e\xfe\xaa\xd0=\xc6\xb3L\xbeo\
y\xf8\xfc\x86J\xc4\xeb<\xd1\x01\x8e\x86\x8c\x16\xb7\x81\
\x19\xe0\xbb\xabZ~\x84\x01\xb2\xbaw\x1f\xeb!pC\
\xc6\x14\x1bF\xe7\x84\xde\xd3\xe6x[|\xce\xb2M\xa2\
\xbd\xc4\xd6*\x89\xdb \xe8\x0e\x04\x87pm\x84[$\
sy\xdc\x18\xf8f\x8dX\x14nj3,\xd5/\x96\
LZ}\xb5\xebC\x85\xe3\x17@\x07\xacpj\x84\xe1\
\x966\xbb\x1aOw^\x1d\xc7\xf6\xbe\x9c\x7f8\xa0R\
XC\x9b\xe2\xbf\xd9\x22k\x08\xf8\x09\x89\x16\xf1\x93\xd0\
\xbc\x0e\x9fdQ\x0f\xb3U\x16M\xfaa\x8a6\xf1g\
\x02\x0d,\xe7*\xd2S_\x1f\x13\x04\xfe\x19\x9a$7\
G\x98(TA\xbdpfT\xd4\xbb\x88\x9dz \x14\
$~6`\xb8\xf1\xae\xe3\x0cHX\x06\x8c}\x0d\xc9\
\xe6\x98\xee\xder\xe8\xd7R\x15\x0a\x0a\xc7k\xf6\xae\xce\
OM\xce\x0e\x0f\x0bH \x11\xef\x05\x166A\x9f-\
K\xdeY\x09\xdf\x7f\x16\x97\x12R\xff\xebG\x1f*+\
\xaa\x94\xc1\x98@Q\xe51\xc9\x83\x9e\xd4\xbe\x90\x8d\xc2\
\xdd\xe0%)\xccu\xa6\xd24\xc5.,:\xdf\xa9\x0b\
\xe5i,+\xa1c$f2\xbf\x0e\x16\x8b\xa3\xfa\xd4\
4\xc4\x14\xec\xcc\xc59\xd4S\x90e\xdf\xa1\x14\x86\x1f\
t\xfaQU\xc5\x01[U\x93\xae\xa4\x1aS\x1aE\x9e\
\x90s\x8fc\x01\xdd.\xc3\x82iRAO)S\x00\
\xc8\x9a\xf2@aa\xaf'%\x07*G\x16\xa5\x222\
3\x16\xf8IXe\x81]\xeb\x0f\x0b\xdcl\xed\x8db\
\x88\xaf\x1d\x17\x05?\xf7\x06\x0a\x17\xc7\x05\xc8\xefvo\
t\x09\x85\xf0\x11\xe5\xe9u\xa2\xd0\xa2\xe8^z=B\
\xfdZ\x84|F!\xdf\x91\xef\xc3\xb3K\xc4x{G\
\x82Y\x84W\xad\xda\xec\xb9\xa9\xcc\x19\xff\xd1\xe0\xf8\x97\
\xe1\x9b0\xbar\x92\xac\x92A\xf4\x7fh\x99\xc0\xe17\
\x98\x12\xad9\xd7\x0e-E\xc3\x80\x1b\x86\xd6\xfd\xb3\xc8\
\x94\xa5\xf1F\x91\x9d^7\xeb+\x04\x0d\x90F\xd4\xbb\
\xec\xc6\x12O@\xc6q\xcc?\xfc\x22\xa8\xd5\xe3\xd0\xa2\
\xb1+Y\xb6\xe4\xd6\x05\xb0*\xccw3\xae\xf1\x8c\x95\
\x93\xfa\x15\xbc\x80\x988\xb0\xa8\xe5\xec\xd3\xf3K&\xa5\
\x06\xa2M[\x93$c\xde\xa0\xf7@t\xd2\xb3\x92\xa1\
v\xb1\xbf\xab\xbe\x06\xbd\xb1\xeak\xbb\xbd1w\xb3\x80\
>\xe2o\x03K\xeb\xa4\xa2@j\x08\x5cT\xa0\x15s\
%\xb7\x17i\x1c. \xf9\x9a\x1a\x1a\xa1b\xa9\x8a<\
\xf4pG~xB,V\x19i\xe5\xb0A\xe6M\xe2\
\x95\xe4d\x9f|\xe0\xd3\x9e\x84q\x00#h\x84\x05\x18\
\x09w\x83_V6\x0b\x93=>\x86\xf1\xbc\xc1\x82\xee\
s{\x02\xe1B \x8e41)\x9a\x5c@\x90\x0e\xcb\
\x84\x87\xfa-\x97\x98\x0c\xbb\x90$\x81z\xa1\x0d\x8a\xab\
\x82\xbe\xb2\xf0{\xf3\x97\x0f1\x0ec-\xdb\x94\xa2j\
u*cH0Z6\x09_ZW\xaa\xf8\xf8\xd8W\
uN\x04\xf0\x7f\xbb0\x5c\xf3\xa9\xce5\xa4dF1\
\xad+AV\xc9\x95\xac\xb2\x8dm\x1a\xef\x95\xc3\xf0\x90\
)\xfa^M\x02=2\xa9\x82\x12\xbbC7\x85\x0c\xd0\
\xbd\xd3\xc5\x8b\xfb\xf3\x9f_\x07\xedhA\xbf\xd1~Q\
\xf0\xadt\x0f\x95\x86\xa6\x99\x9d\xf5I\xcbV\x0c\xc8\xd3\
!4i\x1b\x9f\xc0\x9dy\xd4\xb9\xfbg\x19V\x8f\x1f\
\x8e\x09\xe09j\x1e0\xa4\x0b\xa2\x1dB\xfcQ\x11=\
\xc0\xc7\x81\x17\xf9\xe1\x0d^I\x0d\x9e\x83\x85K\x82C\
M\xc3\xb15Q\xebb\xf7\x85\xe1`\x1b\x82Z\xcaz\
\xbd\xeb\xa9\xc2\x1dJ\xfb\x1952rp\xf6\xe8\xd7\xfe\
\x8e\xe5\xe6\xa2\xc3\xf45rg\x0c\xd1\xd7\xfc\xe8\xb3h\
\xf1\x95w\xd49\xf0=u\xdb\x1dN*\x0c\xc2$\x89\
\xa8S\x0e\xf7\x06\xed\xe2G>\xdd|'$\xa32\xe5\
\x94?\x09\x8e\xceZ\x1d\x9d\xa5\x1f\xdc\xd8\xdd\x80'\x8a\
X\x98\xf0;\xb5\x8d\xa8\xa5\xdc \x0f\xf1\x1dZ\xa5X\
)1\x98\x0a\xdd\x94\xc4\x98\xc1\xaeO\x82\x0d\xd2\xce\xf9\
\x1e9\xb6\xf2?\xf9\xf1\xca\x92k\xe0\x1e\xfe\x8aC\x0e\
\xf5kX=Nn8p\xb1\x11%\x9d\x8a\xccKQ\
\xe3\xdd\x96\xb7\x9d\xe8(\x9f\x8f\xd1\xa6\x99)\xe1\x86B\
\xd2\x10\xf2\x9a\xd0\x90(\xb5\x1a?\x08;O\xf4d\xf1\
\xe6\xd5\xa8\xd1\xd2\xa5C\x85AQ\x1b:\x7f>\xdc\xac\
\xe0*\x15\xf9\x9f\xa5\xa1\x09\xe8Z\xb61\x0d\x06\xcc>\
x \xea\xfa\xb0Gw\x16\xde\xf8;\xcc\x1d\xb7\x9d\x0d\
(^\xef\x8e}3\xa1\x1e\x86\xdc\xd3.\xf4\xd7\xed\xca\
\xd6z\x87\x8b\xe8\xed\x98\xb1.~\x1e\xbd\xed\xe1\x99\x89\
\xe3j\xd0\x85\x03AF\x89\xfedf\xbc=\xfao?\
\x8b\xf9~\x19=eu;J;\x09\xf6\xa7\xa8\xbe]\
0\xd9\xbeE\xb6\xdfHj\x86\xd5LT5\xba\xbe>\
\xbd\xed\x89\x85IE\x9eV\xae\xe2\x0d\x91,\x9f\xfe\x1c\
\xf2j@\xec\x17*yx\xc9\x11\x1a\x8a\x0b\x8a\xb8\x09\
L\xde\xf1WV\x8c\x1c\x86\xc8\x19\xcdc\xf2V,\xe0\
q9\xe4\xe0$\xd0\x19\xdf\x89\xb5\xf3\xc1|L2-\
U\xf1x\x02H\x97!\x22L\xe3\xc5)\xfd\xadE\xe5\
iE\xcf\x05\xc9~A\xa5\xa8\xa2\x99HT\xc7F\xc6\
v\xfc\xe0\xd6\xc7\xeb\x12\xae\xa4:\xd9tf\x08kc\
\xec\xdc\x5c&\xb9_\x8e\xec/<i\x7f\x8a\x16\x0d\x1e\
e\x92\xff\x0e\xb5\x1fp:\xfa\xa9\x5c\xc5\xa2\xe2\xba\xac\
\xd0\xb2\x0c\x8a\xf8\x15_vX\xdb\xad\x0f\xf4\xc5\xb3\xb9\
\xe1\x5cL\xbb\xd0$\x9a\xfc,\xff\xbfLQ\x89)\x95\
p\xcbm\xb8\xe2\x17\xa6\xd4\x05\xa3\x22\xee\xc5\xbd\x0c\xc3\
\xa9s\xb9u\xb9\x82y\xba\xf98~Cs\x12\xee\xc0\
\x11\xf9zH\xdc\xda\xe4\xf7\xd2$\xa2\xb3\xb7\xc7\xc0\xbd\
v\x18U\x9dj\x1c\xc0e\x16\x8e\x7f)\x02\x5c\xdd\xdf\
\x88\x18\x97Mj\xc8\x12#\xc0\xe0\x96\x9f\x87\xb4\xf6\x81\
\x03\xa3\xac\xb4^\xa0r\x9a\xc9\xe7\xd1\x82l\x85\xd51\
|5\xcc\xd3\xb4w\x87\xa1\x95\x8fy\xbc\x83\xfd\xb6>\
\x04\x163\xce\x12k\x1c@\x05\x1e\x00M\x0e\xb3\xb1\x9f\
/\x0a\x1d\xa0\xdc\xc4\xa7@\x11\xb5\x04\xe3\xf2E\x8bi\
\x98@\xce\x0c\x11\x22\xe1\xabf\xb6;K\xbc\xbe\x82\x9d\
6\xa9\x03\x86~\xfd[\x9c]k\x9c\xf0\x05\xddKE\
\xcd\x0c\x14\xc2}{\xa8p\xd1K\xd5|\xa1\x07\xccV\
\xe1\x8e\xf7\x02\x1a\xf5\xc1\xa0\xb1cr\xcf\xd8\xea]\xb8\
\xdcv8\xf1\x88$Vb(_\x9f\xab\xa6\xdc\x88\xaf\
(\x119t\xa3\xd3H5\xe1l\xc9\xeb\x12\xfc+\xa5\
%\xe5\x05\x08\x179\xe5\x8e\x1c%T5V\x86\xb1Q\
\xc3\x15V\x03&>\xa2\xa2\xccHFA.ur\x0d\
A%\x05\x10>\xf8\xb7\xc3\xf7B\xc9S+\xe1\x14\x93\
2}\xb6\xea\x0dLAg\xf4\x17\x80\xc5\xa0\xa8\xb8\x18\
\xf5(b\xe3\xf4\xfd\xe2\xa9+\xf9\xe1\xa3B\x06]\x86\
H8L0\xed\xa0^\xceJ\xd4d\xa36\xca\x86\xee\
~Y\x98<\xe8G\x7f\xec&\xd4\xb5\x9coJ\xd9\x04\
\xa9i\xb6\xc1\xa5N\x839\x99\xe0L!\xd18\xcd\x8c\
\xcb\xa6\x0ag.\xe6\xff,\x5c\xba\x87m\x07\xdfnv\
\xb4\xa3pf\xd4\x0fHm\x0e8q\xa0)\xd4\x88\x14\
\x10\x8e\xc3\x00N\x5c\xf1\xdc\x89B\xcf5_\xa7#\xd4\
d<\xe6\x00\x1b\xe5\x81\x04a;cc\x98\xd4\xd9\xe4\
\x85\x03\x15\xc7\x05!\x96*\xec\xbf\x94\xbf\xdc\xcd\xf3\xb0\
\xeb\x9f\x13&fJ\xf6S\x0d\x0f\xf3\x94?M^\x13\
\x84c\x8d\xb8\x1a\xcd\xda\xf1\xf0\x08<\x9c*E\x0d\xcb\
\x8bY\x81k\xc1$`k\xfb\x9b\xd8e\x05jM`\
\x7f$\x05H\xfed\x17 \xf9\xf8\xfa\xb6\x84gs\x83\
t\xab\x92\x0a?`\xa6>\xf4S\x9a:;;|\x99\
_\xefBF\xa3\x0d#A)G&k\x9e\x88\x17\x1e\
\xbb\xe0\xe7Z_v\x80O?D\xcee\xa1@\xb3\xf4\
\x9e.\x9fmy\x92\xa3\xcb\xa36\xdf`tl\xd7x\
6\xaf(;\xfb\x1f\x87\xa6\x82H\x9aUA\xde>\x1b\
\x13\xd4\xe0\xb6\xa8\x91\xfc\xbe\xc0\x1f\xdf\x22\x8f*\x82\xbf\
'5\xb8\x80y\x17'\x08\xab\x18\x00\xc8\xd9\xef`\x88\
\x14\x16A\xbc\xaf8\xfb\x8f]\xc9\x9f8\x06Z\x9f\xae\
\xb1\xff\xe5\x0d\xa9\xf1\xf1}\x16\x00:5j=sS\
\xacV\xa6\xbd\x8fT\xfa\x0a\x08\x98\x83\xed~b\x14\x85\
J\xe5\x8bp\x5c\xfa\xccx\x93\xad\x83p(\xfa\xbe\xcf\
\xd6\xb2t\x17\xbb\xf4iN#\x80\xca\xa9\x8c\xcb\xf7f\
\x83\xa8\xbbp\xd6Y\x01\x1a\xec4\xdaF\xba\xa4\x84\x0f\
L\x92\xbc\x82_}\xbc}\xf6\xc8]\x8a\xb9\x13HQ\
\x99s\x03\x87\x99\x81\x0e.\x22Lz\xea\x10\x80\x9d.\
M\xe6:\xb0\x09nNev\xa4r\xb9\xb4\xdbF\x8b\
Coh_\xca\xe2.yn\xfd\x85M\xc5\xe8\xd6t\
\xb85\xedk\x91\xa2O:xb,\x1e\xb4#pk\
\xe8[Z\x8c\xc1\xdf\x94\x1a\x88\xd5~\xf5H\x8b&\xe3\
\x09[K/\xeb\x8d\xbc\xd4%\x99\xda\xc0\x9b\xa9\xec\x13\
\x99\x0d0Q\xea\xb4\xc4U\x8d\xac \x86f\xc2\xa8w\
rT@W1\x98\xf5\x1a\xd2$\xb8\xed\x9f\x90\x95\x22\
\x1f/\xfd\xf9\x01S]1\x0f\x98\x8d\xc8\x1e-o>\
~\xfb\x8a\x00i\xab\xfc\x96\x96\xec\x0f<\x92\xd8\xba+\
\xd5\xd4\xe4Wh\xab\x07C\xe9\x18\xdd\xa0\x86\xb1\x80\xbf\
B\xea8\xa0\x03CQ*{J\x00\x93#W{\x01\
\xe9\x02\xf7\xe6\xf9h\xe1\xe8W\x85^\xa1\xb3\xc2\x1d\xb4\
\xd63\xa4\xee\xacZ?\xc5\x14\x91\xfdI?h\xde\xef\
\xbd\xe8\x8d\x13:mh\xeeEmr\xefHkQ\x01\
\xca\x16\xda\x809\x8b&9\xe1\x9aI\xbc\xb2\x05Iw\
\x92\x9a-\xb2Eys\xda\xc4g\xd0\xc4\xc9\xae\xe2\xd4\
\xdd\xe2\xc5\xfd\x85\xfe\xdb\x85\xae\xfd\x8a+T\xec\x14\xd1\
\x9a\xea=\x11\x9d\x19\xd1\xbf\x17\x8e]\xf6\xbdE\xf3\x16\
\xf5\x15\x17\xc1<\x05\xbd\x96)\x85\x01ND\xa5\xef\xcb\
\x0b^V\x83\x04/\xd4\x19\xfa\x17\x8a`\x03Z>\x82\
TG\xd0\xa6\x84\x06\x84\xdb\xdc\xff\xb1\x9aK:Q\xea\
6B\xc7\x90b6\x08\x8e\xc3I\xc5\xbe\xd6!\x91\x9a\
b\x14R\xca\x16\x1a[\x8e\xb0\xbf\x94&>\xb0GV\
E\xe6\x0c1\x84\xbaw*y\x9e\xac\x95\x952<\xe8\
&J\x96\xa2b\xc64&\x06\x85\xc1\x02\xff@6P\
\xa1\xa8:x3?8\x22\xc52\x00\xc6\x1e\xdd\x9fJ\
\x83\xed:\xb4\x86\xdc\x12gFA\x1e\x0b\x96 \xef\xeb\
\xeb\xd3\x1f\x1d8\xb7\xae\xe0q8\xe7\x85\xe7\xc2V\xc1\
\xd7:\x0a\xcai\x0c\x9d\xb8\x95Cr\xa6\x92\xbd\xb1k\
\xbf\xd09\x96s\x91\x9f\x82\xbf\x97\xc1\x0b\x88\x085\x07\
d\xd7s\x15\xc5\x96\xd4r\xb4a\x93\xdb\xf1\x9eAS\
\x0b?\x07\xb3|\x08\x8a\xc6\x9f\xc0\x22\xa5XJ\x8e\x9d\
%Gd<B8\xf5J\xb0C\xb0\xacw\xc8\xc2\x90\
6\xf6<\xfbI\xa1\xeb(\x18Z\xea\x10\x9c\xd8\x96\xa0\
X\x82\x07\xfa\xbcj\x11\xb9\xabBG7VJ\xc7;\
\xad\xe9p\xb9P\xd0\xf2\xc8\x06\x1c&D\x1cJ\xb2A\
\x15 \xe5\xe7M\x02Y\xf8i\xae\xd1b\xad%\xfbL\
O\xe7\xccd'p\xd3\xfa\x14a\xb4\x19\x7f\xa1g0\
+\xd1\x88\x0e\x1dK\x8fkPj\xd0\x15\x16\xf3\x88\xb8\
\x1d\xa8\x87\x8c\xf2\x9d/\x89\xeb\xdc\xb2?z>\xa4\x98\
\xfb\x9e\x8c\xc0\xb6\xd9e\x95\x85\x9e\x93\xa5\xb3\x17\x983\
\xef\x05\xfa{\x09\xf8\xadCb\x9d\xad8k\xe8\xdf\x08\
\x93&\xfc\xdd\xe0p\xa1\x87\xef\xee\x0d\xd4\x09\xd2\x1dY\
k/\xd4\x0e\xf5\x1f$\xdd\xa6\xf8_\xfe\xfcv-\xd8\
\x8bQd\xf8\xcb>\xc6\x9e\xbdrpTv\x88\xb3l\
\xaf\xbcm\xab\xbf\x18\xd8\xf2\xf3\xda\xce\xbd\x7fhK\xb5\
\xa5\x1a\xf6\xb9\xe6\xee\xcd\xa6Dz\x88\xda\xbcwG\xb2\
\xb1)\xe5k!>\xe9P,\xbeT\xf5N\xd5\x16#\
\xd7R\xe8\xed\x8b\x96}\xe2\xa5w\xb6p$\xe6\xf4\xc1\
$[s\xb0\x16\xc3\xa6k1\x1d\xd3*\xffj\x02\x91\
\xfcek1t\x8bP~\x15\x07\x0b\xdd\xae\xcapD\
B[\xfc\x8a\x03)\xda\xa4\xcc\xa1\xef\x22\x9ec\xdf`\
\xf1\xee%\xee\x1e\xa7\x7f\xcc0\x0cT\xc3c|\x12v\
\xbd\xf30\xd9j\x19Af\xbe\xd0j1\xed@\x8b)\
\xf3\x97\xa7\xa5\xa8\xd1\x9bF5\x90\xf0J<y\xb9\xd4\
\xdf\xce\xaf\xc4eN#\xf1[\x124\xc4\xee\x0a\xaf\xc6\
[\xf3\x10\x9b\x92\xec\xac\xd2M\xe9\x91\xc8\x81\x91\xf2\x8d\
\xe4\x13\x9f\xbc\xc5H#\xb7W\xbd\xef]\xfb2\xb1\xb7\
\xe1z\xc4\xfc\xec\xd4\xd5\xbf\xef\x91\xf4Q\xa5)\xa7\xa4\
\xacrl$\xc3\xf9+z\xed\xd2_Y\x80&\xfa'\
\xf2\xbdg\xe1&\x0d\x99\x83\x8a\xb8@\x12\xce\x9b\xadw\
\xd1\x0a\xba\xe7E\xb6<\xf5@L\x91\xb5b\x01,\xe3\
\x5c\x92\xe8\x9b\xdd\xb4f&\xf0\xb1~\xe68\xf6\x93J\
\x95\x162\xd9D\xfb\x01\xb9\x0fD\x986\xc9P\xec:\
o\xfc\xed\xa2&\x18[\x10\xbd\x14\xb5*\xa7'XQ\
\x10\x96 \xe3\xdd\xc0{0\xb4e\xca\xb5\xe5h\xcb\x96\
X\x1f2t\xa5\xa9\x8e\x0b/\xd4\xc55\xa19\xe9\xb8\
\xb9\xb1\x986+\x99\xe9\xc2\x93\xe3\xf9\x0azyG#\
\x9bBS\xe6\xc7n\x8f\xc19\xf3\x8b\x98\xfe\xf8\xa2\xbc\
&@\xd4\xb9\xd3\x13\xc3\xc2R\x05\x14\x08j\xfd\xed,\
\xfe\xd5V1j\xa6\xbe\x01\xab\xc9vf\xdde:\xd1\
\xa3\x96\x160 \xda\x17\xd8\xb9\x04\x14\xe5;qm\xb8\
ZrYS\xc0\xe7}\xcd\xe9#\xc5\xeb\xc7\xa1\x00\xab\
p\xeb2\x94\xe9\xf1$;J\xad*\xa4%\x81\xd3\x8e\
\x17\x92X.\x93\x00\xad\x16C\xacZ\x9am(~E\
\xea\xef`\x10\x84}\xed\x1d\x1c\x8cX\x09j\x88\xa2\x22\
7<\xd2?\x9a\x1fy\xc0\xb8\x8a\xcb\x9d{i*\x9e\
\x81\x11\xee\x8c1\x0c\x8c\x0b\xab^\xd7j\xa2\xa1\xb5,\
\xdb\x08Q\x10\x9a\xc7\x03e{\xf88[\xb6W\xcb\xbc\
M\x054\x84\xd0$OC\xf8\x02\xd3\xe4CQ\x11\xd2\
N\x18*\xc2_8\x14-\x09\x0c\xda\xf8R\xe4m8\
\xa5]\xca\xf0\x85\x10r\xd7W\xaa\xedm;3\xa9\xd6\
t&\xe7\x93\xc5\xfe\xc6\xab\x12\x9d\xc7\xd7\x84\xce7j\
\x0b\xe4\xa7lm\xc0\x22\xfdS\x85\xaam\xc28{\x86\
\x0c\x82|T\x8b\xdfT\xd2]5<\xc3\x97\x9d\x0a\x96\
~Um\xb9\x22\x80\x06x\x1cX\xbc\xc5\x91\xc5&\xb6\
6\x926\xa8T\xe9\xaa\xaa5\x91\xfb\x92\x93\xff\xb2\xba\
jC\xf4\x7f\x8a\x1c\xcd\xfd\x95\xd9\xb7VP\xc6\xf0\xc4\
\xaa5\xebr\x7f\xcc\xad\xde\xb0!r&\x056G\xfd\
u\xb5_\xb0\xc0\xd1)\x19\xd5#\x0e\x86B/\xdd\x95\
&\xfb~\x02\x8cL\x9aMN''D@1\xc1s\
\xf4<\x17\xb0\xad\xd2>k\xa0O\x9a\x0d\xf1]\x01\xbe\
\x0b.\x8eP\x0d\xcd\xf1\x0d=\xc95\xe4=\xca\xbe\xa6\
 \xc7\x07\xf7\x8a\xa3i\xaf\x16e\x0dS\x01:\xf6\x85\
\xd1\xe9\x93\x91\xdeY\x8b\x85\x22'T\xcc\x91_\x94\xef\
;\xc10\x94\xbcZ\xb5\xcdQFL\xb3dj\x94\xf2\
p\xbdO\xc4f\xd4\xae\x04\x97\xc37\xa7T\xbd.\x18\
\xac\x0bx\x7f\xba\xcfG\xf3r\xfd+\x8a\x8f\xb9\x10\xbe\
\xad#\xa1\x1ei\x83K\xfbH\x88\xdc\x18w\xf0\x17e\
\x0cqkA\xd0U!\xdd.\xa6\xddR6}\xa6\xb7\
\xe7\xca\xf4\x96\xe4J\xc7\xe3\xfb\x82\x13\x89\xe9kWE\
}e1H\xac\xcagC\xc0LC\x87\x9b\xc1\x0b3\
^\x94(\x81\xa0o\x1d\x5c\x8f\x0a\x7fi\x17\x08<p\
\xe7\x14\xad\x07c\xf2G\xac\xc9q\xb5D\x06\x22\xb8N\
\xde\xac\x5c\xe3\x12\x9a\xb5 C\x0c]\x83\x86\x12\xb9d\
@\x08\x82\xb9\xc5\xeba\xf2\x91\x0f+6Q]j\x14\
\xff\xdfC\x1b\x88\x08h\xc9\x01X\xde\xc0'\xa4\xda.\
Q\xb1#\x07\xa8\x14\x9f\xe3v\xa0tp\x1b}4z\
\x88\xdf\xf4\x1eQDu\xb4\x03.\xb6\xf3;\xfc!\x95\
|t\x95\xc5i\x80\x8d\x0e\x94\xabh\x1e\x9cxf\x88\
D\xd9e\xdfa\x15o\xc3\xdb\xb9\xb8\x91K\xbc\x1f\x8f\
\xbf\xec$\xa4{\x01\xae\x0d\x8c\x1a\xba~\x92a\x0e\xc9\
\x90o\xde\xa4\x93onf;\xb6\xf4\x93\xea=\xc5\xc8\
B\x0b\xa8\x22\xa0\x8ea\xeavbP\xadx\xebhq\
\xf2\x9aHu\x93\xc2Q\x96\xa7\xf3-mg#^\xfb\
\x9ad\xc0\xa7\x91\x9c=5Z\x94Ddi\x86\xba\x22\
O\xcd\xf7\xe2UC;0\xcf\x02l!\x9f\xc9&W\
I\xb4\x88qR\x9e\xc4\xf2\xc9[g\xf2\xbdc\xd1\xe5\
\xaa5\xc7\x5c\xa9\x96\xe9&SV4q\x07\xa3\xbb\x84\
\x16\x82\xf6\x0c\xaf\xc1\xb4\x8e|X\xda\xa0\x09\xed\xf2\x8c\
\x14\x8b\xb0\xe9\xc8c\x91\xad\xc7pQ$\xc8h\xaa\xaf\
\x1e\xa0\x22\xc2\xcf\x14}\xa3\xce\xaf@\x04\xc6m\xac_\
7V\x1f \xdd4\xeb\xc4\xdf|*\xdb\xcaypq\
%\x1b\xfc/\xe1\x05\x94\x86\xb9\xdc=\xc9:\xa3\xdb<\
x;\xc1]\xaa\xb6\xcc{\x06\x08E\xad\xfe%\xff7\
S\x9fz\xbaL\xdbJM\xb9\x01\xa5\x8fi-^J\
\xd6\x13\xef\xf9AF\xd2\xae\x83\xa5\x11-\xf2\x16\x85C\
\xbd\xf9\xcb\xa7A\xb2-~\x14\x85+(\xd7\xb5\x0fv\
+?\x96\x1e\x13\x0e\xb5\x81\xaf\xa3\x99W\xf5\xef\xd6I\
\xf0O\x85\xb3\xb7}\xef\xc9P\xf772\xdc\xbf!a\
m\x9aa\x80\xedMq\x02S]m\xffNlz\xdb\
\xa1y\x0bx\x81\xec\xacv\x89}\xa4\x9f\xeas\xfc\x1a\
(d\x17\xa7.\x88\x9a<6\x5c\xfb>\xe9\xd3\xcd\x80\
fp\xbdg\xf0~Nw+\xaa\xcecr,m\xce\
%s9Z\x82\xc5p\xd1\xa9~\x82\x8a\xef\xcc^;\
\x94\xef\xfc|.&\xedpd\x81\xbe\xa7I\xa2\xac\xa3\
\x12\x93\x9e\xb7$\x1c\xe0\xdcT\xf1\x94t\xc5\xe1V\xfc\
.F\x7f\x22&\xfa\xfa\x8e#\xa5Mp\xb7^\xc0\xd9\
\xbf2\xaa\xb4\x81\x96_p_\x1f\xc9\xc6N\xdc\x17\xd9\
\x9d/'Kg\xeeb~\x83E\xd5\xfe\xceR\x96\x0e\
uJ\x8f\x07\x83\xc2\xa1\xc8\xfb\xdd\xe8l\xf8\xc9\xb3\x95\
\xd4,<\xe7{\x8f\x15\xceEf]\x89\xf6\x06\xcdB\
\x11\xb7@m\xee\xe0V\xf9WE/\x15\xd6\xaa_\x8a\
=\xdf\x8d|+A\x8a-\xa8\xbc&\xfb\x82\x02\xf6u\
\xa4C\x97$,\x1e\x7f\xbb\x10\xd5\xd0$U\x18BR\
\xd9%\xb9\x14o\xdb\xad\x90J\xd2\x08\x0e\x8f\x07\x02\x1b\
\xbc\xf7%\x93`ZO\xecl\x91\xf3\xe7S\x94\xe4\x00\
\xc8\x8eJ\x14\xc5\xed#\xca\xe2\xfb'\x8aSB\x88\xa2\
t\xa4\x17\xb6\x928\x85\x13\xa3<nG\x9b\x94\x828\
C\xca\xf9\xba\xa5\xafB\xa5\xeay\x9dN\x1b!\xc9\xa3\
\x22\xa0;-\xd8m\x97o\x81\x1cf\xdc\x22\xe7\xcf\xc3\
O\xe4\xa7n\xc19\xae\xb6FG\xe7\x86v\x9d?\xdc\
Q\xb88^<\xda\xc9\x88s\xd3/\xe4*\x9b\xd1w\
N\xeb2 ?j\xbb\xd8\xeaL\x12\x82\xe4?\x0fp\
\xaf\xfd\xce\xdaQ\xf6 !u\xb3\xdc:Sx\x80f\
t\xc9=\x8d\x9f+J\xbc=eF\xfdij\x0dD\
\xd5\xc5\x82\xfaf*\x9a5\xc5\xa3\x13\x85\xf6k\xbe\xa7\
\x0ew\xb3]8\xff\xd2\xb8\x92\xf6XQ\xa2\x9a\xc2\xc0\
\x01\x91\x9c\xef9\x9c\xef\xfd\x9a\xdf.\x97j\xb1\xb4x\
Em\xd5T\x8c\xaev\x1d{\x03vch9\xacq\
\xdcT\xb5Q7\xbe@6>\x0aw[d\xd1f\x94\
\xd0WHPR\x86\x0dB\xd4sUH\xd16\x98\xbf\
<\x80\xc3\xca\xde\xef\xc0\x99S\xe9a&\x07D\x16\xe2\
\xb9\xbb\x85\xfe\x09>\xb3\xb5,\xb2\x0c\xa4\x09\x9a\xa5f\
's\xe1#V\x0d\xb6\xcf\xdc\xef\xa173\x1f\xc7\x00\
%a\xb6\xc4\x03\xbdO\x0f\xb6\xcfN\x9f\xf0w\x93w\
P\x80\xd1h\xdb\xb8y\x97\xc1\x1b\xf9\x8e\x8eh+\xf5\
\x07\xa2\x8c\x94\x1d\x09_\xdbjt>\x1d\x1d_\xcc\xe9\
\x0b<\xc2}~\x17\xa9]\xe61\xf0>k\x9b\xfd\xf5\
]&\x22U\x90\xb9\x8e@\xe4\x22\x9b\xa5h9d\xe9\
A\xdfwn\xacg\x7f\x92\x09\x916\x94\x1bn\xc1\x91\
6\xfa\xe4!8\x1c\xf2\xb69(\xfed,f\xc1T\
P\xc0\xad\x8b\xc8\xc1Do\x22K\xb1\x0c\xd8\xcf\x0a\xa8\
\x09a3\x8b\xea&r\x9a\x82a\xb5\x15l9w\xb8\
\xaeX|\xfa8\x00\xeesz\x02\xfaNN%\x95\xb1\
OA\xea\xb8\x8c.\xeb\xc2P/\xd64\xe7\x17\xaa\xd9\
\xeeZc\xb5\xd7\x1f\xd7-\xf0`\xa1\xe7<\xba\x07{\
\x0c[\xcaX\xf8\x94i\x9f\x006\xfd\xcb\xb0ZJ>\
\xd4\xa6\x12\xdby\xac\xcdr\xf6\xab\x97o-\x94\xe2x\
\xcb\x976%\xbb&\xd1.\xf5\xb7\xb9\xcd\xb1\x18\xa2y\
\xbc\xfd\xefh\xe8I-\x83\xd2V\x0et\x1b\xfaB\xf4\
\xdf\xdcC\xc3\xdeU\x97+h\xc8~T\xa19\xd9\x95\
\xef\x1e\x9f\xbd\x7f\x1f\xb7\x07v\x224\x10\x1c\x8c\x89b\
\xba\x99~\xc5\x8a\x9e\xd5{\x06\x87\x8d\x09\xe1_\x08S\
8\x98\x08\xe7o\xe4\x8c\xe5'\xaf\x0as\xe5\xf9\xae\x81\
0\x14\xf0\xe2\xbbj\xc6\x5c\x0a\xf8o\xb1\x00P\xe5\x94\
z\xd0\x0cG\xaf'\xda\x81 )\x8a\x9a\xc1Pi\xcf\
\x8e\xda1\xc6\x8c,\xa9\x91rQ\xd8~)\xdc\x06f\
\x1c\xc1\xec=\x81\xd2\xf7$\xd2\x9dfi9\x10e\xc9\
\xc7\x97\x9a\x18\xc5\xd2jp\x1bd\xe5\x978/:e\
\xe5M_\x0f\xc4=\xf9Z\xb0\xcf\xac\xf7\x82-&L\
\xcdh\x0f\xbc%\xc5\xe3\x14\xf5\xd7\x92qR\xb5\xad\x09\
\x8c\x90\x87>\x0e\x14v!\xe1\xe7~\xfc2RSJ\
\x97\xf4\xf3\xb5\xb0\xfd\xdeK\xf8<\xd5\xfeT\xe5\x00^\
\x1b\x02\xf8uz\xe1U*\x95M:\xb2n<er\
\x99\xd3\xaf\xf7\x0a}=,>\xb0\x19\xadQ\x16\xaf\xeb\
(\x8d\xa7\x8a\xd8\x01\x08\xdc\xb0\xe0\x99\x931q\x0a\xca\
\xaa\x03\x1fk%_\xaf\xc5,\xfc\x0d\xba%z/K\
i\xa1\xf6\x94E\x9f\xc4G?~\x05ol\xa2\x1f\x83\
7\xa3\x99H\x91A\x12\xe2/\xfeIOO\xe4\xf6\x96\
\x8c\x93>\xbe\xc0|_;\x9fX\x89\xc4\xbc]{\xb0\
\x18m#\x8a\xe1\xa0\x09\xca\xdc\xa3^$\xfd\xc6'\xeb\
\x03\x8b\x86\x5c\x15I\xafxWe#\x02\x1f\x91.C\
\xc8NuM\xfc>\x98\x82\xb5!\x83\xc4G+\x0b7\
\xf8\x80X\x09Sj\xads\x95MHR\xe8mV\x9a\
vne\xd5\xab}\x0b\x85\xe3+\xef\xf3\x02o\xf1\xf2\
\xe6m\x89\xd9\xbb\x17\xa2\xd3\xce'\xa7\xa2'\x5c\x9c\xb7\
NK\xe6\xcd\x86\xf0\x92\xb7U\xcc\xcd\xf2:\xc6r\xf0\
{\xa5\xbf\x0e\xc5\xf3B\xa2&@.\x18\xb9\xde\xb4r\
\xc4/\x9aj\xc65\xd0 \xa7E\x92\xa4z\xa0cR\
\xb6\xd4q\xb0pj\xa4\xd0=\xec\xbb\xa4\xa6\x0b\xebT\
\x22\x8e\x10\xf0+\xb1\xc7\xc6\xf2\xc0\xe30\xd0M\x10\xc1\
&\x17H\xd2T\xe4\x223\xc7\xfco\x9c%n\x16V\
\x1b\xf2u\xd8\xaa\x1cvX\x83B\x01v\xe3\x16\xb7\x93\
\x9b\xef\xf85\xa2\xd9=(X\xa4K\xa7\xa6E\xdd\x9f\
\x0c[\xe4'\xbe\xc9\x9f?R~F5cM*\x84\
/h\x80\xcd\xdd\x8a~8\xd2Me\xbdG\xb7\xa97\
0\xb1q\xde:\x0b\x91;\x9f\x1c\x94\xe6\x7fx$T\
\xadW\xfe\xdb\x10(\x12\xa6\x8cT\x9e.\x0c\xdaIx\
x4\xaf\x14\x0e\xfd\xc4(\x961\xb3\xba0\xf3\x0d\xd4\
\x9d8\xd5,\xe5Q\xad\x85\x8aw\xb9\x90a7\xda\x8d\
Gb\x86\x5ccdcp\xce\x14z\xfbf\x1e\x9cc\
\xb0\xa0\xab\xac\xb6\xed\xb9\xa6\x0eB; V\x03\xed\xc2\
T*\x0cv3\xd1\xa6\xb7\xacFCS\xe1e\xe7E\
6\xdb/\x12\xfde[\xd5\x96\xaa7\xac;@\xd4\xb1\
)\xff}9-\x85\xaf\x12\x9b3\xe9\xdd\x8d\x0d\xa9L\
b\xdb\x967\xfc\x12\xf6\xdfh\xf5\x9c$VW\x9bY\
\xdb\x80l\x90Y\x8f\xd3\xc0\x0f\x8b\xa9\xa7>\xb5\x91\x1a\
\x81\xb0\xe1\xca\xc2\xc5\xa1\xd2\x0d\xacU\x8e\xf6\xa8\xfc\xf9\
\xf6hB \x13\x99\x84t\xf0\xe7\xcd\x8b\x1e`A1\
.P\x1e\xb6$\xf1\xc9\x1b\x020\xb4\xe5\x85\x8b\x13\xd1\
v\xa8\x85\x9d\x85V\xa0Dx\xc5\xdd\x9dkd\xc5|\
N/\x19;@\xf5\x97\xf6\xc2\xb7\xc7\x19`\xf0\xc6\xc8\
h[nD!-\x1a\x919\xb9\x99P\xc8)\xfcd\
3\x0e\xa0[\xa6#\xc5Gf\xc6\xdb\x0b\xe7\x87\x04\x14\
\xb9sD\xc4[/\x88\xbc\x82\x1f\xda\xf3\xfbU\xa7\x88\
\x1f#\x84v\xefw3\xb9\xa0'\xaa^!\xcdX\x0c\
\xbb\xf0\x18\x83?]\xc4t^\xefU4\xcb\xa7\x0b\xe7\
\xaf0a\xbd-s\x18\xb5z}ON;E\xf4\xbc\
\xd98\x8a\xdax\x18H\xde\x8e\x85\x8c\x1d[\xab\xde\xae\
\xda\xea\xbe\x06\xff\x11jd\xf5\xbaX9Y$U\xa1\
H\xe1\xeb7\x18N\xb9E\xc8\x90lR\x9e~J\xb3\
\x1a\xd2\x98|\xear\xa1\xd7\x80\x1f\xdc\x80\xc7e\xfe\x93\
\xe7a\xb7!J\xa4\xa6\xd6H\x1b\xa2v\xacD,`\
\x09,\xc7\x19`\xb5E8\x03\x1e\xa7\xcf3\xb4\x01\xcb\
\x19;\xc2\xd2\x045\xb45\x9e\xaco\x15\xd3 \x83/\
 &>E\x1b\x05d\x01c\xe8c\xd1f\xdd$\xef\
\xe7n\xb6\x0e\x9e\x96z!\xbeog=$\x81;p\
\xe9O!\x91/Oz\xf9c\xda\xe8\xde\xa6\xe4\xf6T\
\xd3>`|\xf3\xbf\xa3\xdb\x03\xdfb\x0dm\x91oj\
=I6\x98]\xd6W\xc7\x89\xc3\x1f\xfdDI\x0d\x0b\
\x85AZ\xd1\x1d\x03DZ\xa6\xe5\xca\xcd \xd9\x02\xe5\
+\xc8\xd5\x0a\xda\xb7\xb1\xb2\xcc\xe7Z\xe75\x1a\x139\
\x22\x1d,\xa5\x1d8\x11$\xa6\x9b\x0f\x09\x82z\xb7\x05\
\xe4\xb0<\xaa\xc4\x0a\xae*\x8a\xe6/\x10P\xa9\xd8\x9b\
\x1b-\x8f\xf0\xa7h\x14IkD\xb6\x88\xb2\x12\x91\x03\
\xbd9\x04\xff\x10WK\xb5\xc9bA2S\x85\x8b]\
\xad\x93\x8e\x08\x04<\xb2x\xde'-\x88\x1d~\x05\x1d\
|Bhg\xfb\xe7>\x96\xf7%\x9dO\x87\xd4\x08\x17\
\x95`82\xa5\x11\xbf\x85n\x89\xb3\xddH\x9c\x91\x1d\
Dm{\x1dq\x9e\xc14 \xad$\x14\x10h\xe6\xad\
\xa3\xf9\x07\x1d@k\xc5d\x1c\xc2\x8c)\xd5\xaa]A\
\xae\xc0\x81\x07\xac\xc7\xca\xd1\xa4\x92C\x8a4[\x86\xfe\
t\x13\xd3\x0b\xc7QRY\xcf+i\xcfs a]\
\xa7CQf\x8f\xe0\xc2\xd7nl\x18\x17\x16\xa2t:\
\xae\x1bvZ\x16\x00\xf2\x9c\x5c\xbf\xa2\xdc\xd7H{\xc0\
\x1c\x98\xdb\xc0^\xb8R8\xfa\xa0\xcc+\xd1+\x93\x89\
\x83UVx\x0b\xff?\x96\xb6\x9b\xec.\xcf\xa1UR\
\x90\xc6g\xedf\xe5\x90\x98]\xe7\xbf\x22\x8f^I\xee\
\xec\xb1\xdc\xca\xac\x96\xc7)o\xbcXb\xff.\xcdN\
\x10\xce\x1b\xc5\x8f\xd8\xe4Q^\xa7\x81\xb1\x90\xca\xf7\xd1\
\xd7q\xcc\x860\xa7\xa8+\x1e\xed\x04\x1e((3f\
V]\x8d;\xfe\xbe\xff\x00\xe0Bf(\x8e\x91{\xd6\
\xdc\xbe\x1d\xbf\xc3\xd8\xeaav\x10\xce\x1f\x9c\x14\x85\xf2\
\x93$(\xc0R\xb8\xb2j\x7f\x1b\x12\xb5\xd9r\x94\xe0\
\xf7\xfeBx\xcd\x82\x89\x95\x8br\xc9#\x8d\x0c\xe0\xd3\
\xd4\x18?\x93\xcc\x0ci\x9dL\xef'\x19\xb1*6w\
L\xfa\xc2E\xe7g\x7f\x99^^\x9f[/\x15\x9cJ\
kB\xbd\xfbc\xee\xdf\xde\xb60\xd2L4\xf2\xec\x96\
\xef<\x13,)ZN\xcd\x80P\xb3vT\x9e\x09\xd5\
\x15\xfd\x0c\xb9\xc1\xcc\xce>V\xb9\x1a\x00EA95\
\xd5\xfc\x86\xd7\xe2\xe9\xdb\x8b>A\x8a/c\xf0\xcbl\
eU\x93\x03\xc1\xcfb2S\x05,v\xa1\x02\xdd\x1e\
\x13\xa93\xe2\xb0`)\xf8\xd8\xdf\xdd;W\xfa\xea,\
\x84\xe0f\xc6E\xb6nf\xfcR\xfe\xdeAS\x01%\
\x19\x19\xb8\xc3\xe14Qx0\x9a\x11\x8aQ*\xcb2\
\xac\xdb\x1c\xcd\x5cYD9N\xf6F]\xb9\xec&]\
\x009f\xf6\xc5\x8f5\x8f\xba \x90\xba\xba?\xba\xc9\
\xcf\x8c\xdf(^\xff&?<\xa05\x0b\xc0\x09\x8f\xb6\
C\xc3\xc4>r\x18\x04\xcbf\xa7\xfb\xf3\xe7\xbe\xc8O\
\x8c\x0a\xa7\x0f\x88\x88\xce_*\x9c\x9f\x86`\x1a\xb3\x83\
\xee\xd0\x0a\xe9XP\x8d`\x93\x9c\x84J\xaa\x1a\x8e\xa4\
\xde\xd9\xb2\x01\xc0\x07\xdc#\x0c\xd0J\x95i\xef\xf4\xea\
|n\xf7\x82\xcef\xe1\xe2\x98\x88\xaa\xc8zm\xb1\xe5\
K\x14K\xf4\x99\x0b\xa7\xee\xf2bj\xf3\xa3\x83\xbdQ\
J5R6\xd4o;\x18\x01\x9f:Yi:\x87#\
\x8d\x9c\x1a\xf1d\x16]\x15\xcb4\x8atA\x0a\x09\xcb\
\xd2\x18\xb31\xdel.(dB\xf9,\x5cR\x8fF\
\x9cp.e\xc7/\x1d\xab\x05?\x98<9\x01h2\
3\xde\x9d\xef\x9a(ut\xfb\xdc\x1d\xbe\x93\x16\x1a9\
\xb8\xbc\xd9\x7f\xdbG\xae\xc2\xca\x02q_kM\xd6\x7f\
\x92\xdc\xe9\x17\xad\xf79\xad\xbbJ|\x1c\xa9\x89\xcd\xdf\
e\xaa\xc8`\x91\xed&\xee\xcc\xf7a\xeez\x1e\xed\x97\
J~,\xd7\x09\x94\x22\xccL]A\xa7E\x8e/\xd0\
|\xf9\xf8\x0f\xf3\x9a\xe4\x83\x92+\x01\xd0\x8f\xb2(\xa0\
\x96\xe8L\xc9H79\xab9\x99\x81\xd6*\xab\x05\x96\
x\x84\x03\xad\x96\xb6#]1\x8cl\xe4\xfe#\x8b\xc5\
\x05[\xf3\xbd\x8b\x22\xf4zR\xa1\x1e\x1c\xf1?\xb6(\
}\xb3e\xb5\xbb!R\xcbh\xd9\x8d\xfdVVp\x9e\
\x1cR\xd2.t\xf9e\xe7\x02\xca\x006\xb2y\xe0G\
\xa2\x0b\x8f\x18\xf4O\xc861v\x87\xd9&j\xa5\xee\
T\x03S\xd8\xc0\xd4\x0e\x90\x80\xc8\xd8Tt\xcb\x87\xe2\
\x05>F\xb6B7\x1c[\x8e\xe06I\xcb\x0e\xfcX\
\xc7\xcb\x04J\x10\x7fc\xaa\x86\x8a@\xfe\x084\x0d\xb5\
\x94m\xa8\x06\x1a\x8a\xbbn\xcd7v\x91\xe1f\x85 \
\xffd\xbd\x82\xe0W0\x84\xc1\x0d\x8eN\xbc\x01\xbb\xa7\
,\xfe\xbb\x0d\x1e\xa4\x97/\x01\xaa\xb7h\x10S\x16\xea\
@\x1a'\x84\x11\xeeE\x13\xe8\xebh\x9e#\xaa\x9d\x08\
[:\xf0p\xac\x1a\x9a\xbaV\x9cb\x89=\xcc[\x05\
\xa0N\xf6\x88~9\x19\x07eZj5\x18\x07\xdc\x95\
M\xf1x\xc0\xd0g)}~\xd9\x87\x5c\xdb/\xa0\x0a\
\xb2\xed\xa4q\x0d<\x8c\xf0\x146Y\xfc\x82\xd5P\xbc\
S\x1e\xf7b\x0b\xb1+\xe2\x88\x87\xd0\xc9\xf6H\xc5Q\
]\xa3\xfdq\x84\xd7O:K\xcc\x1e\x80jl\x80}\
\xf5\xe7\x91\xb2>\xa5+B+\xd6\x8f\xb7\xca+\xa0\x8b\
\xb2\x0a\xf2\xb51\x9bAx\x5cq\x08\x90m\x99\x1d\xd1\
?qC`e\xf7\x92X\xc9\xf1\xf7\xccc\xd7\xa1\xa1\
\xe1<6|\x05\x91\x94\x8f\xd6\xf0\xad\xb3>\xb9\xde\xdb\
\xc8\x18\x93\xb6h\x99\xa7ND>\xb2_]\xf62\x02\
\xc1>)\xafU\xab\x1d\x0f\x83\x8f\x8e\xdfB\xd7\x16\x0f\
L\xe4\x8fL\xd1\x02e\xe9U\xf0\x9c\xa6\xaem\xff]\
\xb5\x0dO\xa4-\x8e\xb2\xd4v\xf9_\x14\xca\x95bl\
i\xd4^H\x9a\xaft\x8d\xfe\xd7\x1bR\xc0\xac\x85E\
\xc9+I&\x13m\xaee\xf4N\x15{J#\x92[\
\xdb\xc5i\xc6\xf9o\x80\xb1\xc0X\x82\x04S\x16\xce\x88\
\x8a\x10\xd0\x96*t\x1d-\x9d\x1c\x06Pwt\xc7\x9b\
=~ef\xaa\x1by\x01H\x00\x1b\xe3C\x83\xd7\xa1\
4mf\xfcV\xf4\x88P\x91\x8f\xc6\x8d\xb96<\x86\
!/7\xaf1\x8f/\xc2\xb9n\xff\x1co\xb2\xf4/\
\x8a4\xd3\x90\x85g\x91OX\x8c\xda\xfc\xd80\xa3\xed\
\xb2)\x8ej*s@\x99\x8e\xe9\x81\x18.#\xfb\x0d\
\xbcHt\xfbMe\xb2\x8d\xe9\x16`\xdf\xbc\xd7^\x98\
\xec+\x0dMDN\xe6|;\x88\x09^\x9d\xd6B\xd0\
PC\xd4\x15\x18\xbb\x12\xfdO&\x11P\xe7\x0d\x8c\x81\
\xf5\xb7\xc9\xff\x0e\xa9\xc8\xd5\x80\x81\x02\xb3?x\x03\xc0\
\x14\x1c\x1b\xa6_\xb3;\x8f\xaf\xd3]A\x7f\x8c\xf7\x12\
\x83\x7f\x82b|\xcaZ\xfa\xa4\x82\x98\x0c\xecmJ\xd7\
'\x9b\x1a?c\xd8H\x17z\x8d\xbe!+\xa3\x09\xb1\
\x94nF\xd6G~\xed;\x02\xaf\x11y\x94\x1c\xea\xb5\
\x84H\xa4\x9e(\xf6_(t\xf6%6\x86\xc8\xa3\x9a\
*\xb8\x99C\xc8\x04\x8e\xeb6yG\xff\xbe\xf7\xf3\xb5\
`V\xfe\xe2\xe1\xfc\xf4W\xc5\x8eks\xbb\xa2?\x82\
\xdb\x15\xf19$]\xc3\x98\x1f\xb8\xc5\x1frd\xa6\xf0\
\x08\x8f\xb1x\x0c\xa9\xc7s.\xfa\x07\x8eK\x7f\xd2n\
t\xce\xdd\x15\x18x-'\x22\xf5\x144( \xb81\
jR+\xbc\xf6\xe3\xc3\x0b\xd5\xd8*\x1b[\x98\x1f\xdd\
\xa2\xb0D\xd5~\xaf\xc9>\x7f\xb6n\x96\x1eN\x0b\x9e\
\x9f\xe2\xe3o\xb7\x1e\x14=\x09\x9d\xaf\xde\xb1\xe2\xc5\xfd\
\xbe\xe3\xe4\x9a\xbd\xd7qP\xf6\xd1\x89\xfam\xe9Ho\
b\xef\xf6d.\x97\xca\xec\xd9\xe7\x7f\x92m\xd1T\xd5\
\x8c\x18\xc4\x82S]\xa5\xf3\x97@\xf2\xc7\xb7\xc0z(\
\x9eFC7\x14C\xa3Q-\xf3\x94\xcd\xb0\xfa\xc8\xf0\
\x9d\x1b/\x0cN\xfa\xc3\xf76\xc5\xcf\x18d\x0d1^\
\xe25\xf8\x0bfM4|\x8dX\xf1\x00+\x9d0P\
E\xc3]\xec9\xc20P-\xabz\xdd\x13GoE\
\x1f\x11g\x0c\xe9^\x8a\x9c\x0b\xb0\xa1\xbf\x13s\x0d\x19\
\x95u'\xfbH\xd5\xd2\xdd\x86\xfe9:\xc3\xde$c\
54\x9c\x1f\x1e\xe0\xe0\x0b*zBM\x14?\x9f\x1d\
\xbe\xec\xa7\xc4\xb6\x04\xd4\xd0m\x88*x\x0c\x16JN\
\xee\x05;\xf4\xc6UO\xbbe\xd6R\x02\x0c\x00\xae\x88\
\xe8\xfc\x87\x8a\x1cI\xb0\xc6#\xeb\x16`\xca\x9d\x96N\
XR\xb6\xc5\xab\xfb\x05\x97\x15\xbb\xf1,b\x1en\x93\
\xc3\x9dv\x1b(]\xf8\xa6t\xe9\x84?\x8e\xefRA\
@2\x8eR\x9f\xafB\x17\xb6xm\x8aqaA<\
\xa0\x19\xa1\x04N8\x83\x98wmJ\xdc\xabd\xe0\x82\
\xcb#\x04\x9b(\x17\xbe\xa0\x0d\xf3\xe1\x0b\xd7B\xab9\
\xd7B\x80\x1f\xf9\x97\x1e\xbb\x89\x0aC+\xd0d\x5ch\
\xe5#\xa7\xe1\xd0\xb5\xe5!\xd9/L\xe2\x1cL\xd1\x18\
\xccJ\xe9/*\xb5\xef!\xa90\x82\xf6U\xca\x85\xf1\
\x88\xe7*\xcd\xe3=\xa4E\x92\xd8\xf1S\x19\xd6\xa1A\
\xca\xb4\xb5\x08%\xee=:kKC\xa3>\xcab3\
\xbeS\xc6I\xe1\xcd+~u\x9a\xc1t-\xd5\x0f\xc4\
\xcf\x92\xea\xb8\xf9\xf1\xdfl\x81\xac\xad\xd5\x1aD\x08\xe9\
\xd7\xb4\xaf\x01{\xb1\xa4@\x9c:\xfb<\xf2\x9dF\xad\
\xb3\x16G\xb7#\x9e\x06\x07\x93\xc2\xae4\x9f\xad<O\
\xfdm\xf3\xbd\xe2\xcd\xe8\xae\xd0\xd8\xd2\x90\xfa#I\xf4\
\xc15\x0bQ\xcf^\xf9\x9b!\xe9\x91X\x0fqY\x18\
9\x18\xdd\xd2@K\xc1\x1d\xaf\x91\x0a\x0b\x8a+)\x8d\
.7j\xae\xa7\x1b\x862\x98\xdb\x0a\xa5+\xcaY^\
\xe4;1c\x03\xf9\x12\x9a\x01\xa7\x9ab:\xfd!b\
\x15!\x0e\xa8ce'\xd2\x5c\x91\x18\x95\x0e\x93G\xc3\
g\x12\x1fe_\x99\xc5!\xf0/\xd8\xa3\xcb\xdes\x16\
K\xb5)\x19\xa4\xf90n\xd5T\xf6:o8\xf5\xaf\
\x8d\x96\xd0\x93\xff]7\xf2/9x\x03)\x98d\x22\
\x86~\xd4|G'.\x81\xd0\xb7\xac<\x11h\x04r\
\xe2^+>aXi\x22\x90\x7fQ\xc8\x0aSy\xe8\
9d\x04Wi\xac\x8b\x8b\xa7\x0a)\xd0\xd4\x00`\x22\
\xae\xb8Z\xe4r]\xfe\x88y<g\x84\xa2;V\xab\
\x1c\xa8\xbf$J]?\xfa?\xa1\x162\xf1Vzg\
}2\xe7_\xcc_\x0di\x0di\xc5S\xcb\xfas\xa6\
\xe6\xef\xceT\xfe\x8b\xe3\xbe#\xf9\xb6\x95x\xf3o\xb0\
\x908c\x1d\xc9\x85\xce\xc3;|\x22fx\x9cO\xb4\
=\x12-1\xdb\xe0y\xbc\x91\x22\xa4\xa2\x0bR\xc8\x8f\
e\xe9\x09\x87}\xa6\xd5+\x15\x88\x87BCA\xf1\xd0\
?:-Z\xaatXI\xe4\x07\xaei\xdc\xb0\x96!\
*2\xc5\xb8\x16t\x9f\xad2z\x0e\x0b\xb6\xa4\xc2\x9d\
\xd0\xcd\x84\xb8\xb7\xcc\xd8\x8a\xc2aIb$2\xe5\x1a\
\xe7\xcf2\xa9|\xf4\xbd_\xc4\x98m\xbf\x8e\xed\x82\xac\
\x891W\x04\xba\xa5\xb9\xbc\x89\x0b\x1d\x13\xfd\xb1\xa8\xc6\
\xc6\xd9j\xaa\x05\xce\xe3\xfet\x86\x87\xd9\xe9\xec>\x0c\
\xc2Z\xde\xc3\x22\xb6\xdb?\xec\x17\x88n*+\x95`\
k\xc0\x1b\x22n\xdai\x1c\xf7\xc6\xd3h\x00\x10o(\
\x0c\x0dlN||q\x8d\xf3J\xf6%\x15\xb8\xc8\xb3\
\xd1\xff\xae'1\x8a\x85\xb4\xa4K\x04\xfb;\xbeI\xac\
\xca\xee\xae_=\xd7\xf1z\x14\x1ab\x06k\x89\xf3\xa4\
%\x8a\xec\x8e7H\x22\xfbo\xb6\xc9RR\xf6y\x9f\
\x98\xaaL\xda _\x95\xf9\x84\xacb\x01\x1d\x836\x8b\
\x8c\x7f^q\xf2f~\xf2\xaa\xcft\xf12\xa2%!\
\x84\x05\x11\xa0U\x8e\xd3\xf3Lt\xec\xb9E\xb6\xab5\
\xa6\xf2%&\xc3\xb5\xa28u(\xda3\xbf\xbb\xd7\x09\
\x9e\xd83\xebT\xed\xecw\xf7D\xa5\xbc,\xa5M\xb7\
\xf8\xf6\xbf\xaf\xf9:Z,U\x89y\xc5\xa9\xce\xe8j\
\xc0\x95\xed\xa4\xb1\xdc\xc1\x7f\xe5\xa9^\xe6\x95\x9f\xa8z\
S\xb3\xf9l\x8e\x1c\x98MF\xe9\x0a\xb80\x13\x9b\xdf\
\xd8\xe4\xa3\x0b7q\xc9%\x9d\xd0i\x95\xdf\xd1T6\
1\x18T\x03\xa3\x86n\x22\x87\xa6p\xfcht\xce\xeb\
\xa5\xc0g\x9e\x9e\x95\xaeu\x83\xae\xdc\x9e\x9b\x0az\x0d\
t\x16\xa7\x85\xfe\xa23\xe8\xb9\xd8\xbb\xad[6N\x07\
p!t\xa6\xef\xadP\xfc\x9d\xf0\x87s\x01y'\xd2\
\x1cY;\xd0\x10K\x06\xf7!\x06\xb6(\xbdI\x06\x8f\
\x7f\x9f\x94\xc3\xc6\xdf\x84t\xb4\x15\xef\x02\xc1\xc7Aj\
Z\x5c\xc1\x8e]\x8c^\xe7\xaf\xed\x834e\xfd\xd7\xf6\
\xf3B\xc6\xf7\xfc%&\xf8\xbe\xc820!o\x1a9\
 #\xb5\xdf\xf0\x8bA1TG&\xb9\xd8\xba\xc1d\
\xd0\x90\xa6\x04J0!\xcdj\xb9\x8e\x1b\xe4\x14\xb0~\
/\xa2\x8d\xcc\xef\x9f\x8c\xa6>\xd4\xe7\x89\x14\xe6g\xf2\
\x98\xa2\xbe\x09K\x5c\xb8\x5c\x0a\x06P/ \x8e\xa2\xb0\
\x1a\xc9\x09YZ\xc2\x9a\xc8\x97U\xc2\xdd\x9f\x82\xc2\xbd\
y\x10\x10\x94\x85\xeeK\x8ct\xefB9\xb69T\x1f\
P\x12\x8d\x96^\x1dx\xcf\x9c^\xddr\x04b\xc7\xde\
x\xcd\xd2\xf1/\x9a~\x83\x15(}\x19O\x0d\x1b\x0c\
A\x1a\x97j\xf3X\xa8\x86g\x18\x81e\xf8\xf0\xda\xf7\
*\xbe\xcc\x9a\xfb[\x92\x89m\xecvr\x8d\xf1\xd7\xdf\
J)\x17\x9e\xc7\x1b-\xa5\xb3\xb0+'\xf0B\xa8\x88\
d s\xc9\x8f[\xdf\x0f~\x9b\x0fq0\x97g]\
\xb6\xaf\xbb\xcf\xb1\x17w\x86\xb8:\x9e\xb2\xfa\xc3\xb2/\
X\xf9k\x85\x03\x10+\xcb\x1a\x1b\x22\xd4~\x8d\x95\xdb\
\x8aO\xc0\xd5\xd0r\x06\xfe\xbb\xfe\x97n\xb8\x92@\xd5\
J\xbd\x91\xd3\x81HZ\xbfi\x22wv\xbb\x1e\xbeI\
\xb3\xc9\xfb\xe4\xe9\xcf\x87*/\xb4l\xbd\xc8\xc9N\x8c\
*\x05\x8e\x118\xc8y\x1d\xdcU\xcc\x06V\x06\xfbG\
\xbb\xe7}\x84Gd\x1a\xad\xa5\xaa\xcdl\xe1\xb3\xbd\x83\
\xf9\xeeS\xfe\xc1\x0b\x11\x9bV\x22\xb8\xb3\x99\xa4\x9e\xe6\
\xcf^\xfbK\xe1\x8b>Nkz~4u\x90?\x96\
\xf4r\xedj\xe1\xc4\xb8\x9f\x17\xfb\xad<\x93[H4\
\xb4\xc5\x16\x98&\x9b\xe2\xad\xab\xf9\x13\xc7\xf2\xbd\xc7f\
\xa6\xaeD{\x80\x8fe{\x13\x05\xa3]\x99q#V\
\x9d\x90+b\x97\xa6\x146$1f\x14W\xcc\x0e\x7f\
\xa9D\xc4g\xa6\xcf\x0bm5QK;:3uZ\
\x11\xbcD\xb7\xe7\x09_ny\x9b\x96\xc0R0\xd9&\
9\x0ajon\xd6\x22\x1a\x8dr\x1b\xe5H\x8ex\xde\
\x9a\xac\xdc\xe5w\x00\x0d4\xad\xeb\x8bL\x05\x9b\xf2'\
\xbbf\x87\xae\x8b\x94\xeb\x89\xceb\xcfH\xbe\xfbX\xa9\
\xbd\xb7p\xb6\xa7p\xbeo\xf6.\x83\x9f2C\xa5z\
n\x96Y\xbb\x0c\xda\xe3\xda1\x97\x01\x5c\x13YU:\
5\x98?\xd8\x8b\xe3U\xf9 \x1ep\xbcg;\xe0\xb6\
\xde\x8b#\xc2\xc91\x16\x80\xfc\xac\xc2\xa2\x1a\xf1\xfc>\
y\x0f\x19\xf3\xe2\x9c[\xa3\x1e\xdfD\x85\xdd\x86h;\
0Y\xf4M(#\x88\xb1\xb9\xc87\xd2QvYx\
\xa3\xb1;\xab\xf6\xd6\xa7\x1bR\xfbV\x8b\xbf\xe6\x92\x99\
\x9d\xa9\x5cb\xeb\xa67\x13{\xb3\x0d\x9f\xec\xe3\xafs\
\xf4b\xba\x22\xc4\xdcB&>\x1e{=\xbc<\xd3\x02\
g\xd0\x5co\xa2:n\xeb\x5c\xea<\xec\xf0\x08\xbb\x8d\
@\xa5\x8b\x1fY\xddf\xe5\x1c)\x87\xd5n}\xf4\xa4\
I\x8e\xd8=\x19\x81uQb+%`\xd8h\x06f\
\x90'(\x1b,\x12\x08\x8d\xdbF4Y\x02\xd1\xa2\xab\
$\x9e\x9d\x92\x9eMH\xbbK\x9dx\xa0_\xcd\xdf\xbf\
#d\x83\x09\xb8\x8f\x1f\xeaE\xceh\x89\x0e\xdd\xec\xb0\
\x1a\xa9\xc1\xebL\x8ex\x89\xd3\x80\xc5\xc9\xe27!x\
T|z\xdcM\x0e\xe5,8\xd9;P\x96\xd4\x9b8\
\x80\x0f+|\xbb\x9f\x93V\xb3\xdf\x86d\xbb\xd9\x92Q\
p\xde\x9b\x90:[\x11'\x19\x88\xa9\xa5\xd9D\x9c\x1b\
\xb4\xe3kH\x9cGc>3\xd5-\x88\xf1\x80=J\
\x02B5AcP\x98\xea\x83Xs7\xa0\xb4 \xad\
V\xf6+\xda\xca\x99\xfa\xaco*@\xcdM\xa5\x9a\xa8\
\xee\x92\x16\x07\xe9y\x7f_v\x5c\xb7 \xeb\x05\xa5\xdd\
\xd9.\xe3<\x86j_\xc11b\x88-\xa8\xbc\x90o\
\xb8\xc9\x12(\xa7\x91BZ\xcbM\xab\x18\xea]\xdd\x15\
\xbfHv8-e\xbc\x97U\x85B.B\x16<-\
\xb1\xde9\xf6\xa2\x90\xb8\x99\x99^\xf4u%O\xa6\xc0\
\xa8\x8ayv\xee\xae\xf8\x8f\xf8\xe9\xe5/MnS\xa9\
\x8e\xa3\xf0^\xc6\x06\x7f\xf8{}\x0du\xd3\xf8\xdb\xfd\
2oco\xc0\xadO\x11Wg<\xbb.\x1e\x99\xbd\
}\xd8\x0f\x13l\xe2\x85\x7f\xf1\xa1\xab\x07f\xafu~\
\xcf\x93!D\x0e\x1f\xb3\x14\xbc&XX\x8d{\xbcy\
\xd47\xf80\xcb\xeb\xebn\xd8\x84s\xce\xfd\x12Z\x16\
\xbct\xe6.\xc7\x15\xc1\x83\x0e\xe7\xf1(\xc3\xc7\xf0\x81\
Dt3\xd9L\xa8\x85\xe6\xc3\xcf\x13\xafm\xde\xca\x11\
,\xd9\xc5\xdf\xbb=)\xd2G\xe1q\xa6\xbe\xe0\x01\xc1\
|\xed\xc4o\xc4\xa3MkQf\xaa^:\x80\xe6\x08\
\x86\xb0\xf6\xa7\x8a\xf3\xd3\x22ze\xef\x1dx\xf9\xa5\x0a\
\xb0\xe5\x99E\xb3l\xbe\x85h\x8a\xe1\x1b*4\xab\x00\
=\xcb\x13[\xb0\xd9\xf4\x0f\x0bhb\xe4\x07\x91\xa5\xf3\
\xdd\xbds\xc8Ezf\x14\x08GU\xbe\xe8\x00\x17\x8e\
w\xf3<\x9aV\xcc\xda\xde\x84\x05\x8aH\x8cc\xff\x82\
O\xeb\xa7\xb4\x1c6.\xdcF\x0d\xbb\x11lj\x84\xb9\
\x02\xfa\xd2\xf9,\xa0\xeb\xca\x9f\xefc\xaa\x0c\x97\xe9~\
\xdd\xc2\x14\x15\x5c\xb3\xa7t\xd4\x10@W\xf9\x94IB\
7\x17\x10@r\x07$(y\xd4\xcaN=S\x82\x0c\
\x83m\x8b\xcc\xed&$\x93m(1\x98vRo.\
\xa7\xb2\x96\xb9#\xf7mi\x19\x94&\xcf\x0e\x0f\xe5;\
O\x8asO.dq\xdc\x81D5Pg\x82P\xdc\
x\x0f\x84S\x99\xd9\xb1\xc0[\x7f6;\x16\xae=&\
\xcd\xb3\x5c\x02\x0d\xdd\xc4+\xe4\xb8\xb8\x13Df_K\
\xedGKC\x13\xfcN\xed\x8b\x84\xcc\xe3ylC?\
\x8f\xfa\xb8Z\x9c:\xcc\xbb\xfc\xcb\xb0,`\xbb46\
U\xe6\xd2-\x1b\x0a^\xba\x9f@64\xf1\xddmb\
\xbb\xc8\xe2[\xb3\xd7=\xef5\xa7\xf1&M\xf6\x83\xde\
\xae\x007\xb5Op\xf7Ha\x94[\x15\xf0\x1b\xd0\xa9\
]\xda\xe2\x12L\xd8\x01\xd1\x95`\x14\xaep)b\x0e\
HT\xf4\x0d\xfaz\x04\x98\xfeT\xa7\x1f\xb9\xda${\
\xa9\x97\x97w\xbak\xae\xb2\xbe\xb2\xd8\xafW\x93Ux\
\xfbnt\x07\x17\xb9-\xa9\x86\xc8`\xa0\xb7;\xcc\x04\
bc\x06\xc7\xa3I\xf3\xd3\xa6\x02l\x05\x15\xea=\x90\
{\xf9\xed\xb1\x99)\x04y\xcc\x8c\xb7\x1b\xb0\x89\xc7\xa2\
\xe1\x9a\x99at%y\xeaHE\x95`\x1b\xfc\x10\xbe\
\xad!CGp\x8fTe\xd6\xa4\x92\xf4\xae&\x5c\xbd\
\xc3\xddq\xce\xedg?\xa8\xfd;\x03$-\xf1\xc3\xff\
\xcb\x0a\xdf\xa3|\xcc\xfe\x05\x07CG5>\xc3\x18:\
\x80eg)\xb5\x17X\x84E{\xb0\x02d\x94\x92\xd7\
\x8e\xa7\x03\x95d\x0b\xc6\xed\xe6k\xb0\xf9\x18\x95\x8eM\
\xcew\xd9\xab\xed\xddG\x9bt\x0e\x8f\xbd\x96on\x22\
6OC\x87R\xb6\xe3VboK\xb29\xb5\x0f\xc6\
toRf\x91\xf7q \x9a\xb0^\xaa\xe9\x9f\xa8\x1b\
\xeb>`\x11E\xb7\xc1\xe0=\xf0\x03\xa7u~1\xdb\
s\x8b\xd2\x9ef\x10C\x9c#\x17\xb2\x9c\x0c\xd1\x99t\
\xf7Z\xc7\x1e\xbd\xa8\xa3\xb7\x86\x08\xc7\xec\xf4`\xf1\xfa\
\xf1B\xcf\xb5|\xe7(\xc7\xc8\xc8\xd3\xafr\xef\xfe\x14\
\xed+\xf8\xd6?s\xda4)\x15_\xd0'0#Q\
2D\xe6\x17\xf8\x89\xf3\xbe\xd7\xc9.\xbc\x1c0*\x1e\
z\xc7\xdc\x89\x91\xd9\x9c\xa5k\xb3[\xb2]Y)]\
j\xc6\xec\xd5\xfd\x00\x9a\x15\x04\xea'/\x97\xfa\xdbE\
\xf6I\xca\x810o\xbf\xa6,\xd5Lp\xa1\xc4\xa1\xef\
NW\xde,\xc6\xcfrZd\x90K\xc2\x19\x9d\x22[\
J\xd8\x16%4*\x22\xe5\x8a\xe4_\xf7_A\xd4\x83\
\x92\xc0#U\x09\x06\xd1\x90h\x91\xe6\xa7\x0f\xd2\xbaz\
\x86kwD\xa6\xd7\xd2\xc4U\xe1\x0fC\xe3P\x1a\xf0\
\xa6\x9d\x8c\xc3\x95\x83.\xa6\x0ah\xd7\xea\xa9\x90\xf5\x06\
\xd8\x8e\x14\xdb\xf8\x007\x8c\xeb\xe3\x02\x1a\xc5\x90D\xef\
*\x03\xdd\x1a\xc2\x14\xf9|\xd1[F^Aqh\x98\
\xaa\xee`(l\xe0\x10\xaca\x11w\xea<\x0d\x15\xb3\
\xfa\x86.\xeafae\xa0\xe8\xa4\xf8'f\x0e\xfe\xae\
\xec\x98\xf9cdS&\x05\xca\x92\xed39z7I\
kD\x8b\x83\x9dw\xa3\x1b\x92k\xe5\x17\xdf\xf3Ln\
\x0c)\x08\xe2\x0d)\xe3\xed\xad\xf5\x1e\xe5\xa9\x1b\x5c\xe2\
\x93z\xf2]KC\xa3\xa5\x83\xd7cNoq\xe1\xf0\
\xa8P\xfd\xe9\xfc\x8f~i\xdf\xd9\x9a\x03:\x88L\xe7\
\x8d\x15\x0e\x03u\xc6(\x98\x88\x99\xa7\x1f1\x9b\xf8\xc3\
\xbe4%\xf0\xca8\xb7\xe1\x95\x8c\xe9\xf6\x87\xe3\xc3y\
#\x7f_\xfbd\xfc\xe4\xa5\x8a\x98Q\xfc\xe8\xfbv\xfd\
q\x0d\x85[\xfc\xc7\xe2\xde8\xda\xa3\x05s\xd2\xe0Q\
\xf8F\x10\x95\xe7\x15\xab\xfb\x82\x83A\x92 \x7f\x97E\
\xca\x9f\xe9D\xab\x9a\xbe\xac\x0a\x83\xf6\xd2\xb7\x86\x5c\x8c\
~\xf7\x99\xe9\xe1B\xffD\xf0\x08\xff\xd3?\xe8M3\
V\xf4\x1b\xa9p\xed\xeb\xc2\x5c\xde\x0a\xa2\xdd\xcc\xfb\x1c\
\xf8\x07\xbd\x8f\xe1I\xb0\x19\xa5\xe9\xb7ze\xaeo\x05\
\xe4\xbe\x94\xf7\x80y\xc3\x9b?\xf8Bm\xe6\xaa\x05\xe4\
\x82UT\xd3)\xb2o\xe7,\xb9\xedfd\xea\xc8\xb2\
@C3\x16\xffQv,bF\x01V.RW\xcb\
\x92g\x9aR{(\xa7@e_\xb2\x1a\x89\x90+C\
|\x97\xb6\xae\x22u\x02\xa5\xe496\x901\x86\xab\x88\
vox\x8f`\x8dL\x08\xfd\x01\xd3\xc09\x8d#\x8d\
\x13\xe6\xab\x16\x9d\xde9\xc0\xcb\xf3\x1d\xe3YD\xe5w\
|\x15\xdd\xbem\xd1\xdc\xd9\x18\xab\x9e\x02P\x03@B\
\xa8_s\x85|\xb0Y\xefAf\x11{t\xcdW\x7f\
U\x13hG\x1f\x09\x86%\xb1m\xeb\xc6\x84\xd2\xca\x18\
\xc5r&\xe5\xfaE\xfec\xbec\xff\xec\xf08\xfcJ\
\x16\xf1\xb1\xac\x90\xe5\xaf\xe8\x06N\x12\xba\xf3\xda\xf7l\
\x86|\xc6\xba\x22\xd1\x9b}\xe4\x0b\xd0{\xa1F\xa81\
\xa6.+\x7f-\xa6\xf1\xc71\xeaJr\xd2\x061\xf7\
\x22\xeb\xeaZ\xde%]\xc7\xb4\x16\xe3\x18s\xad\x13\x8f\
\x98\x93\xc8.w\x87K\xc7\x12q\xb9+n\x8d\xeew\
\xcek\xed\xffU\xb8e&5\xc5\xaa}\x1bR!\xc8\
6\xc4tz\xd5\x1cX\xeb\xf9G\x0d\xf9\xa5$\xe6s\
\xd90iB\xc0\xa6\xcd\xd5\xd2\xd0\x0f\xe5#\xedp\x06\
\x0f\x97\x9b \xd6\xb14_\xc5\xd1z\xb8\x1bv`\xed\
/\xf9[\xae\xf0{{.\xe0\xcd6\xc6\x8fz\xc2\xa6\
\x1f&\x8c\xca\xd5\x10\x87\x8d\xaeP\x0c\x85\xf2\x93\xfa1\
>/\x08!\x5c?/\xf8:y\xae\xb2*\xderT\
_\x0b\xb1/\x02o\xe4\xa3\x86\x1f\x91\xae\x1b\x02E\x11\
\xea\xd3\xee\x88)\xf7\xa3\xdb\x96\x22\x0f\xcd\x91\xc4\xcc\xcf\
C\xd4\x5c\xe2\x12\xdd\x85e\x81\x82\x1bS\x16+B\xad\
\xa0\x9f\x96\x98\xdb0\xf1\x18R\xfeZ\x1d\x849\xd3\x0b\
\xca\x94\x03r\x16p\x98\xb2#\xbc\x89\xb1\xda\xd7\xb6\xf6\
i\xf4\xadD\x0b\x0dmJ+\xba\x8e\xe4\x87\x07(\x8d\
>\xcb\xa2cz\xf6U\xb4\xfc\xb6k\xa0m(L\xe2\
\x9b<\x8d\x92\x07M\xc1\x98\x8db!U\x8aJ\xe5\xb2\
@\x1b0\xcb\xb4\x07\x01\x18\x09T\xd6Sp2_\xe8\
\xca@\x1e?\x95C\x95#\x10\xd6\x8f\xa3\xb3W\xd0(\
\xf5\x5c\x9b\x99\x1a\x15E\x88\xa7\x8f\xe4o\x9d\x91\xccv\
wg\xee\xff\xb9p\xbb\x7f\xe6\x81\xd8\x05\xd8\x84R\xb4\
q Ps\xfc`\xfeN{i\xa07?|??\
y\x159\xa0e\xcb<\x00\x03\xbc\x8c\xf8\x1c\x9dt\x0a\
\x829\xba\xe5\x1a\x9dW\xc9\x97\xaa\x9e\x1d\xbb\x10\x99\xc7\
\x17\x9d\x9e\x8d\xa6\xd2n2\x8dZ\x15$U;\xd7\xad\
\xf2\x0c\xd8\x85\xfb\xffK\xce\xd2_k\xe5#t\xe5\x9a\
\xae3W\xc1\xc8\x16\xed`\xc37\xcaJ\xacB\x92\xd0\
t\xd9\xc9\xe1u$\x109v;\xff\xe0\x90\xd8\xdb\xf7\
O\xe7;\xba\x85\xcc\xea\xc5{\x22\x16\x89l\xdb\xf7\x85\
\xcf\x8c~uw\xf1\xda\x08\xd4\xc7E#\x97\xef\x9a\xcc\
w\x1e\x0e\xa6\x87k$ \x1e\xd6\xfbvG\xf7\xea\xd1\
\xd9\xfbQ\xcb\x13\xc5\xbe\x83\xfe:q\xe9\x0e\x5c\x198\
[\xf4\xad\x06\x921Z\xeb\x8d\x91x{\x8e\xcd\xfe4\
H\xa4sV\xcee8\xfd\xac\xaaWr\xcc,\xc2.\
\x92\x0d\xdb\x13\xd9]\xa9\xa6\xa6\x04\x14\xb02\x87\xce\xe8\
\x1ct\xe2\x93\xa4NK\x95|\xd1\xa7sD\xec\x5c\xe4\
678R\xbb6!@\xa8\x15S\xc8^\x89\x0e\xc9\
\xdb\x16\x1fet\x8d\xea:\x9ax%\x1a\xd8LB1\
\x07\x9cCjY\xfao\xa8\xea[V\xb6\xa4\xce\x1b\x9d\
\xedr\xbb\x12\x1f\xa3^\xeb\xfbpE\x8f\xff\x8avM\
L\x17N\xde\x0aT8\xbej\xb5\xce\x87\xa8[\xe6p\
l/F\xfcF\xe7i\xcbOg\xcf\x95V\xef\xcd|\
\x15@WM\x10,l\xd3;\x8dQ\xeb\xe3\x11\xbf\xbb\
\xd01L;u0`\xa5\x94\x0c\x04\xfc+\x84\xc2\xc1\
\xa9\xa5\xea~\x18z\x94\x82\xe3\xee\x0b\x1c\xaa\xe0\x05x\
.\x96\xbf\xc7K=O_\x0a7\xeb\x87~\xb5\xa5\x12\
\x02\xcf\xe0u\x9c\x12\xcbj\x8d\xd7a\xca*_\x0c6\
\xa2 \xe9>\xb6\x89\xcf?.\xd6\xddXu\xf9\x81l\
\xe3[\x9a\xde\xb41\xd4?9\xd6T\xcb\x90Z\xf0\xa3\
\x05\xee7n\xd0E\x0d\x10\xd4\xfa\x04\xb7\xd7\xb7t\x9b\
\x0b\xb0\xcd\xb1;\xf9;\x07J\x7f~\x10\x8dr\xb4\xc5\
\xbeUn\xfe\xb7\xe0\x80\xc0\xc5\xc4\x9d&\xb5\x16\xa9}\
#\x03\x00k@\xecc\xc6\xa9\x9f@W\x86l\xcek\
\xc0\xc0\xd2\x81\xe1\xe2\xf0\x9d\xbf\xb5\xef\x17\x9a\x9a\xb7\xf7\
\x17/\xee\x17\xd9 Y>\x11\xb9\x1d\x85\xc1\x9b\xccf\
\xbd\xa8\xea]\x033\x0dT\x86W\x03\xd0\x94\xaf\x09_\
\x80\xba$\x22\xb9\xa5\xc0\x82\xb4\xce\xfd1T\x1d\xd9\xd4\
\xd6\xdc\x9a\xdd\x93\xf5\xb1H\x96\xac\x099\x1c\xe5cL\
no\x89\xee\x90Q\x16 6\x03\x9eK\xf2\xfcsE\
R\x15\xe1\xc7\xc8]\x1dq\x9e\x16\x1e\xccm\xf7\xd7\xd8\
\xae\xd1'\x0ee\x96W\x95\xc9*\x1b8\xd0r\x8d0\
\x85h\xd5w\xf7:\x9d\xc42K\x92\xb8\x8d\x81\xacV\
\x1b\xb0\xea\xa9i\xbf\xf2\xf5\xa52\xd9\xda\xea82\xf3\
G$\xd3d=\xe5\xe2\x076\x1a\xff\x83\xbf&\xcf\xf4\
\xed\xce\xcf\x1f\x87\x9fG\x9e\xe8\xccx{i\x88\x11\xe0\
\xc4\x0e\xb4W\xe0\xa6\x17\xabQ\x14\x85]\xf7/b]\
\x5c\x9b\xac\x1bs\xbd\xf80\xaf\x97\xdf\xcdb\xec\xc6&\
\xcf\xe2{MxF\x87Z\xad\xc1V\xe7\xd4\x98\xaa\x93\
\xc14\xb6;\x12<B\xfb7\x84\xd0xS@\xd49\
\xcb\x86\xda`\x9a6\xeb\xd0=_{\xbbfv\xfa\x5c\
\xb4\x19a\xeez\xe8[\x08MCTI\xecG\x97\x07\
\x82\xe1\xa5%d\xab\xb7\x89\x00l\xe8\xb8\xac\xdb\x0f\x0d\
\xd2f\x87A +\x9d\x9aVU\x8f\xef5#\x01\xc3\
\xfe\x02\xdab`4tJ\x0f2\x8c\x01k\xe8\x8f\x99\
\xe0_\x96\xa1<\xae\x81\xa6 \xf2\xc7cmk\x9df\
\x91A\x04\x8f\xda\x9dxuu\x81\xf5O!rG\xf2\
\xb0\x88\xd3\xf5\xe8\xf1\xfc\xb1\xe90Mc\x1cL\xa8:\
\x0e\x05\xb4#\xae\x09\xdc\xce\x80\x807\xa3\xd1\x98<L\
\xb1\xb2p\xc7ZjL\xbe\xf7\xc6\xec\xc1\xfb\x8a\xd2Z\
L-Q\xc8\x11\x03\x85y\xff\xa1\x19h*\xc1S=\
Mm\xab\x88{fw\x99\xd1\x0b)^*\xe9Zu\
\xf5q\xd3\xf6\x90\x80\xa9\xd7\xa9\xc1\xd0*\xad\xa3\x16\xeb\
\xb3V\x84#A9\xb7\xafG\xc4\x22%2\x81\x1f\xd0\
\x9f9/@]3H\xc6\xb4\x11$\x81=\xf9\x17B\
\xe7\xe8\xb5\x9c\xbd\x10-e~\x94\x1e\xb3\xf3\x13t!\
r5D\x1fx\xe9\x8c\xdd\x12bm20\xa6N\xd5\
v\xeb\xa1\xf4\xd7NdX\x99V\xdd\xf5*\xe8Z\xe6\
U\xc4\x11,\xddsIF+\xc26\xa0\x01 s\xaa\
\xfe\xbe\xfb\xbe>}\xa0\xa0%\x94T\xa4\x02\x17\x1cU\
n\x0b\xab<\xbe\xd8\x14lI\x09_\x0cW\xdc\xe9\xcd\
O\x9c*\x07\xcdT+\xa0\x0d\xd9\x85\x0d\x1d\xaf]\xe3\
\x00=<\xe8\xe0)\x81\x0f\xcf\xa5U\xac\xabU%\xc5\
\xa6\xf8.F\xd0\x8e\x0d\x96\x1aQ\x5c\x90\xd66\x17\xe6\
\x17Q\xb1TN-m\xb5\x14\xc5\x95%\x1fT\x1aW\
\xc8\x9a\x96U\xc5\xdb\xe8\xcd/\x93\xb73H\xbaX\x01\
RC\xd3\x83\xc6\xdd\xbc\x09\xfbW\x19\x05\xd2%^\xd7\
\x5c\xa3\xd5q\xb0\xd9_{M\xd8N\x90K\xc5\xd3P\
A\xcd)N:C\xc9\x13S\x82ZM\x93Gf)\
\xf3\x02%\xcf:\x89g\xb76\xbf\x9e\x94\xc8\x03\xfe\x85\
*\xbb\xff/hT\x15\xe4\xe7\xefM\x8a\x0b\xb4/\x0c\
\xb5\xcc\xe9e/^\xc3D\xf8>\xed\xf2\xa3C\x9b{\
\xeb\x93\xb9\xd4\xce4\xc3\x8f\xde\x17\xc8P\xc6\xbaM2\
\xa2\xe5\xa6\xa8l\x07\x22\x8bg?\xad\xbco\xd4\xf1\x9d\
F\x0cD$\xbd\xc8\x16\x91B\xa2IL\xc7\x07\x83\xe4\
\x94V@\x02\x87\x04\x8b\xef{.\xf03\xa9\xc1\x196\
\x0a\x99l\xc2\xf7U\xc7g\xab\xb4\xb1Y^\xd5\xf6\xa0\
RBN\xce\xbc\x96\xa0\xcbi\xc7\xbd\xea\x94\xf5S\x02\
T+\xb5C\xf2'\xbb\x00\xaf\x8d\x04.*wY\xba\
4\xc8|\xe5\xe7\xbd\x14\xaa\x1f\x06\xccz@\x0f\xd7C\
_\x8a\x110\x85X\x14\xb9\x16\x12\xed\xf3\xb7X\xbbS\
\xbc\xef\xc8Z\xc2DtR\xbd\x119\xaa\x9a\x14\xd2\x9d\
\xb8\x22\xa58u?\xf1\xc1\x1b\x9b\x13<;\xe4\xaa\xd8\
\xd6Yz7\xda2\x7f\x95\x7f1\xf8Y\xd9\x842\xe6\
O\xc9j1\x07\xbc\x9f_\x16Q\xf2;Sn\x97o\
\x05\xba\xfc\x9e\x19n\xab\xfb\xeeS\x94\x85@\xcf\x95P\
2\xdf\x07\xbc\xa8Zy\x93\xb9\xf0\xbb\x5clu\x09\xda\
*]\x93<\xf1\xc1f\xa7\x8fOu\x91\x9a\xc9\x5c$\
5\xf99\x0f\xbb\xe4\xc3\x14+\x11\xe9K\x10\x94\x10\xa9\
\x10+\x1b\xe2\x84\xec\x97_\xe7m]\x19\xeb@H\xc8\
\xe9\xba\xde\xab\xa2\xfd1\xf6\xd7y\x1a\xd3\x03ol^\
\xcf\x97\xd4\xae\xf1\x90\x03\x14\x17\xc0o[5>n\xd9\
\x0f_\xd9C\xc9\xcd\xfc\xc7\xb1\x19\x90\x14\xbc<Q\xee\
s4)\xf5Q\xa4\xfcL\x22\x1b\x99=\x07+\xc9\x8a\
\xadU%\x09B\xbb\xf4o\xed\xfbA\x9dP\x8c\x96\xcc\
\x96%~\xdb\xd8\xd2\x90\xfe4\x1b\xc8\x96~\x1cX\x1b\
 \xa8\xe1\x16\xc2m`\xf4\x9a\x5c\xa0\xb2\x93M1\xb9\
p\xbc\xa9H\xf9\x0d\xb3@d\xd5[(7\xf90_\
\xa2\x1a\xfba\xe7\xe0\x22g\x86\xb0\xfeM\xdc\x15o\xb8\
\x0cR\xc6\xf6\xee\x8dj\xaf\x11\xad\xac\x8d\xbf\xee\x11\xfd\
&\x13\xe6g\xd9s\x03Y\xfdFL\x1f$-)\x9e\
\xff\xa0/\x15\x8d\xaf$\xba\xe8\xc9\x8f]\x9dyp\xad\
x\xee\xae\xc0wIU_\x98\xc0\x821\x96\x5c\xdd\xb4\
\xbc\x13R\x11\x9f\xec\xd2\xf2N\xf9\x8e1&#\xb9B\
\xf2YC\xba\x1b\x0e\xc2=\xc8\x15\x04.U\x0a\x92\xa8\
d\xc8\x0f^\x8f\xf6n\xa1\x15t\xec\x82\x1f\xfc\xdd,\
\xc3\xdb\x99\xe0\xf7\xea\x10\x8an\xfc\xf7\xcaTT\x01L\
\xa9\xe2\x0cu\x08\x07x\xb6\xaf\xef\xf1\xf1\xdc:(\xf7\
\x86\x1a`\x91P\x91\xd9;\xf4\x82\x14)\x1c\xdd@\xfd\
4\xde\xd6\xa0\xa1e\x08\x95\xa1\xd3 \xa1\xf22\xa6\xe5\
F[!\x8a\x8c\xafl\x0b\x94\x9b8\xc1\xca\xd08i\
h\x93eV\xf4\xb6\x22\xac\xc9\x22\x90V\x04Zk\x08\
\x08\xedVC{|\xb0yY\xa01VD\x17?\x03\
+\xa2\xbb4\xd0\x10\xe8\xedx\xd6@\xb5\xb7\x9f\x1b\x0f\
\xbd\x9a\xd9<\xd6\xfb\xc40\xc4i\xc3\xc6\xc1\x9f\x1eP\
\xa4/n?[\xa4tQ\xab\x0e\xda\xa9\xe4\xb8\x1d\xaf\
\x84\x09k\x84\xe6 \x93h\xaa\x9d\xf9h\xe6R\xb4A\
\xc64g\xbf=T\x98\xec\xcbw_\x14\x1b6\x1b\xdf\
\xfcLFo(\xcaUy\x906n\xc95FU\xd4\
7\xa1\xd6\xe5\x1e\x0b\x04h\x1cC\xd7c\xe36\x87\x9f\
\x97\x8e\x1c+\xf4?\xb0@\x88\xe3\x93\x85[\x97U\x01\
\x98\xb8\xa3\x0b/[\xc4\xa2F\xe0\x9d\xf88\xedv\xd9\
/\xbdS\xca\x13\x8bKU1\x82\x86\x86f\xc3\xe8\x0b\
\xf2\xf1R\xec\x07#\xb0\xcd\x98\xa3\xb3\x96\xb6h\x00r\
\x9a\xf9{\xbd\xe5\x0dp\x84\x89\xe8I\xeb\xfbh\xb6\x09\
\x95ra\xd6\xa0j\x12\x81\x89\xb9M\xaf\x7fx-'\
\xba\x08*\x12gZ\xe4\xbc\x06\x7fl\xc8\xb6\xe2\xf0\xde\
M\x08\x99\x88\xd5d!\xde9H{\x03\xf0\xdd\xce\xdc\
\xf8\xb7E\xc5a\xa9\xfa\x08\xd5}\x19\xd9M\x9f\xedr\
)\xf68r^\xe4\xed\xa1\xdf\x98\xdc\xce\xfa`\xa7F\
\xa7\x97P6\xcc\xadK\x9e\x05\xe2-\xfc\xe8\x0a\x03k\
\x97u\xa8\x80\xa9:\xd3x$\x84?\xdb\x9e\x01#\x0a\
G\xbf*\xf4\xf6\xca \xa9X\x0d\x80a\xd0\x10EY\
\xac\xc1G|_t\xac\xf2)\xa0b\xc3k\xd6]\x88\
X\xa2i\xa7D\x9c/>\xd26\xdfH\xfcZ\x1bJ\
\x10\xcf\x98\xad\x9c`\x05\x9a\x89#X\x99\xaf\xf9;\xf7\
X\xbd3\xc4\xa8\xcb\xcdO\x83\xf3\xc6\xde\x06\x9cy\xe1\
\x9f\xca\xb4Av\xe2y\xcd\xc5L\xb0-\xb2\xeaE\xa9\
/\xd2\x90v\x1a\xe9I[4\xbf\xb3\xa2\xc5\xa8\xb3\xd0\
Zm\xf2DQ5\xc8\x94\x86\xff'\xa5\xfe\xfd\xf9\xe1\
\x01\x88n\x17NO\xe4\xfbN|w\xaf\xb3.\x9al\
\x93\x00\xd9c\x92\xe2\xf3\xab^Q\x5c\x95dh\xfb?\
\x9f\xbd\xcd\xf0\x1b\xbeBh-c@\x94\xf0x\x10D\
\xf9\xa4d\xdaVU\xf9\x1e\x07\x15<]8v%\x7f\
\xe2\x98\xbfO\xbe)\xf3}\xdb\xe5w\xcd \xdeY,\
Pz^\xf4\x0f\x17\xcf\x9d-NO\xcd\xde\xbf\xe9\x97\
\xee\xf8t\x9d\xf1y\x86O\x919\x05\x22\x12\x8d\x88\xa9\
\xa5\x14\x9f\xf6\xf5v9\xf0u\x16\x06/D\x0e(\x84\
\x0ci\xd2!\xdf\x7f\xb9t\xf8\xa4\x8f\x88t\xe5N\x09\
\xa1\xb8\x92 \x1d\xf0\xf1\xef\xef\xe9\x9c\x92p\xc5\xea\xc8\
\xa1-\xf3G\xd13u\xfeW\xb4\x1f\xdaK\x12ST\
7\xf6_t\x13{\xff\xd0\x96jcDc?\x96\x89\
\xe9fM\xed\xbb\xcb\x95\xe3\xc4\x9c\x8e!oS;i\
6\xa6<\xbe\xdeDXH\xc8\xe0\xf3\xbe\xe8Z\x17\xaa\
u\x17\xc0\xe1\xc1\xf6\xfceQV\xc0\x00[\xea\xa2E\
\x97D<r\xb3\x93\x94\xcb\xca\x95\xadvo\xe4W \
\x11\xbb\x81\xe8Cb\x09C\xbe\xe7x\xfe\xd89`R\
\xe0|\x18\xdaE\x16\xee\x8cdN\xca\x86\x8a\xd7\xba\xf3\
\xb7\xfa\x1e\xb6\xf0\xa6\xa64\xd8>{u\x7f\xdcm_\
d\x13`\x8a\xb6X\x1b\xf5\xf9\xcfKSg\xfdp\xe9\
\xfb\xdaIm%,\xd6Y\x84\x93\xa6\x15\x7f\x06\xb1@\
\xd2\xef\x0bi<AA+\x12j\x9c6\xabX\x16\xbf\
\xd7\xaf\xb3K\x8e\x09\xf5c\xa4.\xf3\xcc\xf8\x14\x03h\
9\xa99\x8d\x0c\xef\x19\xe7\xd7\xfd\xa7\x03\xd2T\x1c\x18\
\xca\x09o\x96\xf7\x83\x9c\xae\x5cIZ\x9e\x09\xcc\xca\xdd\
\xa8\x98\x1c#\xcan\xe1\xa1\xff\xadtI\xc4G\x13\xd9\
TS\xaa>\x97j\xf8\xcf\xd6d\xfd'\xc9\x9d\xa9l\
\x22?\xddQ\x1a\x9a*\x9c\x8d\x1c\xbd\xa3\x85S(\xbf\
\x11dG\x5c \x87\xc8\xbc\x9b\x0b/\xad\x86~\x00S\
\xedcY\xed\x87\xe9K\xfb\x1c\x9d\xee0(\xc0\xbfy\
\xa9U\xd8\xd9\xad3\x85\xe1o\x0d3\xa7y#\x89\x91\
c\xde\xa2!\xf0\xa5L\x97*L\x94\xc4\xb5.\xbe\xc1\
\xaf\xa3\x09\xfan\xd5;\xf2\x1bl'\x93$\x89H\xc6\
\x1c\xde\xf6\xc0\x11^G\xfc\x16if\xe1\xe2\xc4\xec\xb1\
\x03\x22\xa1\xac\xecK\xfcz\xeb\xbb\xef$D8\xe5\xce\
\x10c\xe5/\x02V\xda\xb6e\xb5\x04\xbc_f\xbb\x18\
{\xfezH\xd4*\x89/\xfbU\x90\xafe\xa1\xf3q\
R\xde\xd1\x8a\xdf\x96?`\x1f\xb3\x1e\xa7'\x80|\x88\
9\x01\x1e\xa9z\xddY]\xf3JWO3\xeb\xca\xd7\
\xbeI\x97E8\xd6\x80\xeaM\x08\xe7\xd8\x19\xfd\xf7\xff\
\xf8\xd1\x8f\xfe?\xe9\xbf\x07\xfe\
\x00\x00\x8e\xa3\
\x00\
\x01{\xafx\xda\xb4\xbd\x07@TG\xd77>w{\
_l\x88\xd8\xd6\x8e\xa8\x14\xbb\xd8\xbbD]\xaa\xa2\x01\
D\xcaR\x14X\x84\x05\x0b\xc1\x8a\x0a\x02\x02\x8a\xbd\x12\
5\x96(\xf6\x8a-&&\xc6h\xecFc\xec\xec\x02\
\x9a\xa81Fc,\xfc\xcf\xdc\xbb\xe5\xde\xbdw1\xcf\
\xf7\xff\xbe\xf7y\x9fg\x05f\xce\xcc\x9c9\xe5w\xce\
\x9c\x99\xeds$\xc6\xe5\xfc\xf3\xb5\xcb.\xb6hrj\
b\xe9\x89\xbb[\x11B\xc2\x19\xf1\x11\x83\xb5\x83\x10j\
\xeb\x8f\xd0g\xdf!\xa4\xda\x88\xd0h\x01B\x0d\x1a\x22\
\xf4\x8c\x8f\xd0\xe4`\xf8\xfc\x0a\xa1\xf9}\x10z\xe1\x89\
\xd0\x9d\x18\x84\xfe\x1c\x80P\xd9\x04\xc4\x8b}\x86\x90S\
\x17$X\xb8\x06!\xf1.$\xf8j:B\xf2t$\
\xb8\xdc\x06\xa1z\x99H\xf0\x0e>\x1bn@\xc2\x11\xdd\
\x10ju\x05\x09cO\x22\xd4~+\x12\xc6oC\xc8\
\xa3!\x12~\xd1\x11\xa1\xee3\xe1s%B=\xc6#\
a\x9e\x01\xa1\x9e\xceH\xb8\x1c\xc6\xe8}\x04\x09K\x85\
\x08\x0d\xba\x8a\x84\xa7u\x08\x0d\xbf\x86\x84\x97~@h\
d\x06\x12\x7fy\x1e\xa1/\x86 \xf1\xf1\xf3\x88\x10u\
@\x92]N0\xdf^H\xfa\xc7_\x88\x10& Y\
\xe4>D\x0c<\x83d\x9b\xaa\x10\xfa\xc9\x80\x1ay?\
@\xe8\x82+ruz\x87\x08\xe5e\xa4\x99\xd0\x0f\xa1\
\xb4SH\x933\x18!\x97\xe1\xa8\xc3\xaf\x12\x84\x8c\xd3\
P\xc7\xc7\xbe\xd0\xfe)\xea\xfc\x0cx\x80\x9e\xa1^K\
\xc6\x22\xf4\x8d\x16\x0dN\xae\x8bP\x87H4bj/\
\x84D\xa7\x91\xaf\xe8,B\xf9\xc0\xae\xee\xcb\x10\x92\xa9\
\xd1H\xcdB\x84Vj\xd0\xa8\xe1G\x11\xaa\xb3\x1e\x8d\
Z\x15\x05\x9f\xa7\x91v\xf9iX\x7f?\xa4\xfd~\x09\
\x22\x02\xcbP\xf0\x17{\x11\xba{\x02\x05\xcf[\x04\xfc\
x\x85\xc6.\xda\x82P\xa7\x00\xf8<\x06\xfc\xf0Ac\
\xcb\xce \xd4\xb1\x1b\x1a[\x81?W\xa3q\x87\x81^\
\xcf^(\xb4\xef\x14D\xf4\xabF\x13\x8a\xa0\xfd\xc8S\
h\xc2\xf3\x97\xd0\xaf)\x8a)k\x8f\xd0\xfe>H'\
\x95\x22\xc4\xeb\x8c&\xd7\x1f\x86\xd0\xdb\x8f(\x11\x8f\xaf\
\xed\x87\x92z\x03\xbf\xea/F)\xf5\x7fA\xa8\xe4:\
J\x0d\x87\xf5\x0e\xec\x8e\xa6_:\x8c\xd0\xf2eh\xfa\
]%\x22\xda\xfd\x89\xb2\x0c\x93\x11\xe1\xe2\x86fF\xbe\
BD\xdd\x104\xe7\x1a\x8c'Y\x8a\xe6\x1e.\x83\xfd\
T\xa1]\x8b\x8e#\xf4]\x18:\x104\x12\xa1\xef5\
\xa8\x5c\xbf\x09\xe8\xb6B\xdf#)\xf0\xfb=\xba2\xed\
 B\xae\x1d\xd1\xadTX\xdf\x91\xcb\xe8\xd6\xfa\xdd\x08\
e\xf5@\xb7{\xc0x\xf5\xbfGw\x22o!\xb4\xf6\
\x1a\xbaw%\x12>?\xa0\x07N;\x10\xe1\xb7\x18=\
\xfcz+\x22<\x8f\xa2GI\x0a\x84\x8e\x07\xa3\xc7m\
J\x101@\x80*\x8eB\xbf\x85\xcd\x90\xf1p_\x84\
\x92r\x90\xf1\x03\xec\xbfQ\x89\xaa\xca\xf6!\x14\xfd\x04\
U\x1f\x01\xfe\x14\xd4A\xd5\xa7\x81\xee\x86\xbd\xe8\xa97\
|nLG\xbf\x1b\xb2\x10RoA\x7f\xbdLA\xe8\
\xcb}\xe8\x9d\xeasD4\x9b\x87>\xae\x19\x81\xd0\x84\
\x1b\xa8ft=\x84<\xc7\x13hA\x10l\xde\x0f\x04\
\x11\x88\xdb\xfdF\xf0\x92\x86\x22\xe4;\x89\x10>Z\x8e\
\xd0\xab%\x84\xa8\x7f\x17\x84\x22.\x13rY\x00BS\
T\x84\xaa\xff\x1b\x84\xa2\xae\x12\xeaz w\xa1\x0b\x88\
z\x9bF\xc1|\x1e\x13\x0d\xb2\xbeFh\xe6J\xc2%\
\xe2w\xf8\xf4\x22\x5c\x0bA..\x7fN4\xbe\xf4\x16\
\xf4\xe6<\xd1\xf4<\xee?\x8ahi\xd0#\xb4\xe9\x17\
\xa2]\x16\xd0\xdfQF\xb4o\x1e\x86\x88\x9e_\x11\x1d\
\xe2`\x1d7\xea\x10\x9d\xbdw!\xf4c\x0a\xd1\xf9 \
\xc8\xe9\xeb\x1bD\x97$\xd0\xb7\xad\x02\xa2[\xc0E\x84\
\xa4\xd3\x89\x9e]sA\x1c\x1f\x11}6\x00_\xa7{\
\x12\x03\x0e\xd4A\xe8y\x1dbp\x0e\x0f\x11mo\x12\
\xbe\x03\x80\xff\x9b\xfb\x13\xbe\xd1C\x10Z|\x90\x18\xf3\
\xf2G\x84>.'B\xa7\xb7BH2\x91H\xf8\x15\
\xe4]\xdc\x99H\xdc\x03z\xe8\xf4\x8c\x98}\x18\xe4g\
\xceM\x22\xb7{2B\x87\xb6\x12\x853\xe1\xf7#\x1f\
\x13\xc5\xc4~\x84\x06\x88\x88bo\x90\x03\xfe`b\xe5\
\x0f\xad\x81\x9fS\x88\xd5\xe4g_b\xe3(\x90c\xaf\
\xe5\xc4W\x07f\x22\xa2\xfbTb\xe7\x00\x02\xe4\xb8\x09\
\xb1\xf3\x87\xa6\x08U}C\xec:8\x1e\xa1\x89\xb7\x89\
\xfdg\x16 \xd4\xb8%qp7\xccc\xf4\x0d\xe2\x1b\
\xefi\x08-\x9dE\x9c\x19\x1d\x82\xd0\xb7\xc9\xc4\x99 \
\xd0\x9b\xe1\x1d\x89\x0be\xeb\xc0\xde$\x11\x173a\xdd\
[\x82\x89\x9fOoG\x84\x8f\x1fq3\xa6\x1b\x22\x5c\
7\x10w:\xff\x81\xd0\xae\xd6\xc4\xbd\xa4{\x08\xe5\xed\
'\xee\xed\x069N\xdfE\xdc{\x01|\xfeNB\xdc\
\xbf\xd6\x13\x11\xa3\xa2\x88\xc72\x1fD\xd4\xafOT\x0d\
\x07\xa5\x5c\x1cO<\xcd\x00\xfe\xdf\xfa\x83x\xe6\x9e\x84\
\x08\xef\x03\xc4\x8b\xc7S\x11Z\xf1\x05\xf1\xa7\xe7$\x84\
\xce\xdf\x22\xfe,2 \xa2\xf9V\xe2m\x8c?\xc8\xdf\
|\xe2\xed)5\x22\x04\x9b\x88w\x7f\x81\xbe'n&\
>n\x07}>|\x97\x87.\x8b\x10\x1a\xe7\xc4\xe3\xf5\
\xda\x8d\x88\xbe\xe3y\xf2W\xcd\x11*\x9f\xc0\xab\xf3\xcd\
tD\x0c\xbd\xcd\xabw\xf5\x06Bkf\xf3\xea];\
\x84\xd0\xe0\xf3\xbc\xfa\x83`\x9f\xd6\x04\xf0\x1a\xcc\xbe\x8d\
\xd0\xbb\x9b\xbc\x86\xcf+A\xdf#y\x8dN\xbb\x80<\
-\xe15\x1b\xf3\x12\x11\xc3G\xf3Z\x1f\x00\xfd{8\
\x90\xe7\xd6\xe4\x02\xac\xb7\x0e\xaf\xfd\x22\xa0\xbb\xd1\x8d\xe7\
\xb9\xac\x05\x22F>\xe5y\x7f;\x06\xa1\xae|^\xe7\
}`?\xd7\xb4\xe4u\xeb6\x0d\x11\xadby\xdd\x7f\
\x1e\x8eP\xa0\x1f\xaf\x97\x0a\xe6w\xed5\xaf\xd7\x15\xb0\
\xc3\x17|y>\x13\xc5\x08\xfd#\xe4\xf9\xdc\x83y\xc4\
\xbe\xe7\xf5\xf1\x85\xf5\xf6;\xc2\xeb\xbb\xeb\x03\xd8\xec\x9d\
\xbc\x01\xc7\x1e!t\xf1\x1ao\xd0\x8a*\x90\xbbT\xde\
\xe0\xbd\x01\xa0\xdf\x1dx#\xd6\xdd\x04\xfd\xf2\xe3}\xe6\
\x04\xfc\xbc\xde\x8672\x0b\xec\x7f\xb3\xde<\xff\x17\xeb\
\x11\xd1\xa5!o\xbc\xe60\x22\xd0h\xde\xe7\x9b\x8c\x08\
\xb9U\xf3&\xaa\x92\x102\x05\xf1\x12\x96\x5cAh\xfc\
\x0a^\x92g\x07\x84\xee=\xe3Mi\x02\xfe\xa3\xdez\
\xde\x8c\xae`\x7f^\xf7\xe6e\x1b3\x10Z\xdf\x97\xb7\
\xa8\xd5|D\xd4\xe9\xc7+\xa9\xfb%B\x8d\xde\xf1V\
\xf8\x8cFHW\xc0[\xb1\x1f~\xfe5\x81\xb7\xaa\xe3\
\x11\x84*\x0e\xf1\xd6\x84\xc3\xfaz_\xe7\xad\xbb\x04\xfa\
\x9d\xdd\x86\xb7\xf5\xdb\xc7 W\x13y\xdbWnG\xe8\
\xb7\xc9\xbc]'\x81_\xf7/\xf3\xf6|\x03~\xc9\xe3\
.\xef\xe8\x16\xf0\x5c\x7f\xe5\xf2N-\x02\xf9\xf6\xdd\xc2\
;\xf3\xe8.B}&\xf0\xce\x86@?g\x0f\xde\xb9\
\x12\xd8\x87L\x13\xef'\x15\xd8\xed>\xdbx\x17\xba\x81\
\x1d\xd9\xe1\xc1\xbb\xfd\x07\xc8E\xe3D\xde\x9d\x13 /\
~gx\xbf-.\x00}\xdd\xcf\xfb\xed\xe1ID8\
5\xe2\xdd\xbf\x04\xf6\xf5AK\xde\xe3?\xc1\x8f\xf5o\
\xc6\xabX\x05\xeb\xee^\xca\xab\xb8x\x15\xe4\xa45\xef\
E}\xd0\xbb/\x1a\xf0^\xdf\x87v\xcf\x1a\xf2\xfe\x99\
\xe0\x81\xd0\x1f'y\xef\x8bJ\x10:\x99\xc1\xfb\x98m\
\x02=$x\x1f\xef\xc1:\xb3f\xf0\x89\xab`'>\
\xde\xe6\x0b\x94\xb0?\xfb>\xf2\x9d\x22AO?\x5c\xe6\
\xd7i\x0a\xfc{\x10\xca\xaf\xb3\x7f\x1e\xd8\x89U\xfc\x06\
\x08~\x7f\xf6O~\x83oAOJe\xfc\x86m\xda\
\xc2\xcfN|\xd7)SA\xbe\xbb\xf0]\xf7\xc2>\xad\
\xf0\xe47;\x93\x89\x88zc\xf8\x9a\xf7\xde\x08\xe5\xe6\
\xf2;\x0e\xfc\x06\xe6\xb1\x98\xdf\xb9/\xd8\xffI:~\
\xe7\xb5\xe0\xbfn\x1f\xe2w-\x1b\x07r4\x8f\xdf\xf5\
\xc9$D\xf8O\xe5\xfb|\xf6\x04\x11\xc1\xfb\xf9>\xe7\
A\x1e\xdfl\xe1\xf7]z\x04\x11\xea'\xfc\xfe\x1bB\
\xe0\xb3\x9c?\xb4'\xe8\xbfwK\xfe\xe8\x8b`\x87\xea\
N\xe4\xfb}\xa9@\xc4\x88H\xbe\xdf\x01X\xff\xbcN\
\xfc\xb1\xbf\xf3\x11\xd1+\x93?\xbe|!\x22\xfa\xf4\xe1\
\x7f\xfe-\xe8\xe5\xd2\xd6\xfc\x88\xe2v\xe0\xffJ\xf91\
\x9d\xc0\xbex\xaf\xe6\xc7\xac\x059\xeb\xd5\x9a\x1fW\x06\
\xf3\x08>\xcaOZ\xbc\x19\xa1\x05M\xf9)sg!\
\xa2k\x7f\xfe\x94B\xe0\xc3\xe6s\xfc\xe9&\xb0\xd3\xad\
]\xf93\x9a\x80=\x1e\xae\xe7\xcf\xe8\x0bt~_\xc5\
\xff\xe2\xeau\x90\x175\x7f\xeeF\xf0\xdf\x1d\xb7\xf3\xe7\
\x1d\xae\x00\xb9K\xe6/\xba\xf3-\xd8\xeb\xde\xfc\xbc\xcf\
\xc0~\x08\xc7\xf0\x17\x07\x80_\xdc\xd3\x80_\x981\x0f\
\x11\x1a!\xbf\xf4\x10\xec\x8bV\xc1\xdfR\x17\xe4\xd7%\
\x87\xbf\xbd\x00\xe4\xbcw8\xffT\x82\x16\xa1\x7f\xcf\xf0\
\xbfk\x1d\x07\xf2\xd2\x8d\x7f\xf6\x05\xd8\xa9n&\xfe\xf5\
\x02\xc05\xed\xa3\xf8\xd7\x97\xceFDP?\xfe\xed\x9e\
X\xce\xea\xf3\x7fu\x85q;\xb4\xe4\xdfQ\xfd\x02\xfa\
\xbd\x91\x7f\xbf\xe5\x16\xf0\xdb\xb3\xf8\x0fv\xc2\xbc3]\
\xf9\x0f\xdf\x03\x9f_\x86\xf3M3A\xfe\xfc\xd3\xf9U\
\xc5\xe0\xb7\xce8\xf1\x9f>\x04?\xd6\xe9\x0f\xfe\xd37\
=\xc1\x1f\xdf\xe1\xffy\x06\xe4r\xd0z\xfe\xaboo\
 b\xc8\xbf\xfc\xd7\x1e\xa0\xc7\xb7;\xf2\xdf\xc4\xc08\
[/\xf1\xdf\xa4\x5cGh\xfb\xdf\xfc\x8f[A\xef\xb7\
m\xe4\xd7\x8c.\x05\xbf9\x89_S\x0a\xeb3\x04\x08\
P\xc8\x1d\x90\xd3\x9b\x02\xe1y\xb0\xc7\xda?\x04\x22o\
\xc0A{2\x04\xea\xab\xb0o\x8d\x1a\x0a\x9c\xae\x81_\
H\x98*p\xba\x0brx?GP/\x19\xe40f\
\xb4\xc0y0\xf8\xc1\xc2o\x05\xce\xbf\x01\xdf\xbf[*\
h\x18\xd8\x1f\xf6=[\xd0\xf0g\xd0\xc7\x09\xd1\x02\x97\
%\xe0\xb7\x1b\x9e\x11\xb4\xe4\x81\x1d\x99\x93\x0e\x9f\xb0O\
[Z\x08\xdc\xee\x83\xfc\xa5\xb6\x17\xf4\xea\xfe\x0f\xf8\x97\
\xaf\x05}#\x80nZ\xac``.\xd8\x05\xafe\x82\
\xa1\xf3\xc1_\xbc\x1d\x22\x18\xd1w\x1b\xec\xbfR\x10\xcc\
\xeb\x85\x88n\x1d\x04\xe3N\xadCD\x9b3\x82H\xfc\
\xc9\xfbN\x10\xf9\x07\xf8\xb3\x87\x1f\x04q=\x9b!\xa4\
\x19-\xd07\xea\x0c\xfb\xe8)H\x9d\x0d\xeb\x95U\x08\
\x0c\xbf\xae\x02\xbd\xab#\x98\xdaO\x0c~\xbe\xa7`\xda\
6\x98\xf70\xb9`\xce\x13\xc0\x05\xef\x17\x08\x16<\xf9\
\x15\xf0\xd6n\xc1\xc2Ig\x11\xa1P\x09\x96D\x02\x9d\
\x01\xc1\x82\xa5\x89\xa9\x08\x8d\xed+X}\x02\xf4\x0aE\
\x08\xbe\xd2\x1f\x00\x5c\xe2/\xd8\xd1\x12\xfcL\x87\xa7\x82\
\x9d\x1da\xbe\xaa*\xc1^\xb4\x02\xa1\xcf\xef\x0b\xf6e\
B\xbb\x9ee\x82\xfd\x0b\x01\xaf]}%\xd8_\xf3\x1b\
B\xbf\xec\x15|\x0f\xecAe3\x05\xe7x\xd0\xbfn\
o\xc1\xb9\xecp\x84\x9a\x08\x04\xe7\x8e\xc2~\x9e\x8b\x12\
\x9c\xbb\x03|\xed\xdbYpe4\xd8\xf5\xa4\x17\x82+\
\xb1\x81\x80\x8b\xab\x05\xd7\x05\x80\xa7\xa2\xba\x08n\xba\xc3\
\xfa\x9c\xc5\x82_[\x00\x1eiQ!\xb8\xd3\xb2\x0e\xf8\
\x8d7\x82\xdf\xe3A\x1f\x94\xeb\x04\xcfW\x82=#\xbe\
\x17\xbcz\x99\x8e\x88\xc17\x04o\xfca}\xfa\x99\x82\
\x7f\xf5\xef\x11\x0ao/\xa8\xe9?\x19\xa1\xa3\xc7\x84\xe8\
\xfdk\xb0\x9f\xfd\x84D\xb2\x1a\xa1e\xaf\x85\x82\xc5\xe9\
\x80gtB\xc1]\x90\xe3\x88\x1a\xa1\xac\xdb9\x90\xdf\
|\xa1b@'\xb0O\xb9\xc2:\x01'\x10:\x95'\
\xac\xeb\x0cx\xf6hGa\xbd\x1c\xd8\x8f\x1b\xb3\x85.\
\xae\xd8\xef\xf5\x13\xbal\x06:\xe3\xd5B\x97-\x8d\x10\
\x9a\xd1T\xe8\xb27\x1e\xf4\xf3\x84\xd0\xe5\xd7\x04\xc0u\
\xfb\x84-~\x9e\x00\xeb\xd1\x08[\xfcu\x1b\x11-\x17\
\x09\xdbh\xcf\x81\xbc\xf5\x16\xb6\xd9\x07\xfa>\xf9\xa3\xb0\
\xddR\x98\x7f\xeb\xd9B\xf70\xc09\x8f\x8f\x0b\xdd\xe7\
\x80\x9d\x98\xea+\xecX\x0c\xf6\xb2H$\xf4\xc8\x1a\x83\
\x88\x80\x0c\xa1\xe7\xc0\x0d\xc0\xdf\x05\xc2\xce=@O\xda\
\x85\x08\xbb\xad\x05\xbb\x1b\xb4\x5c\xd8\xef\x8a\x17BcZ\
\x08\xfb?\x00\xfd\xe8\x96*\x1c\x10\x06r<\xd1C8\
\xe8%\xccg\xa4P8t_o\xf0\xdb\xbf\x09\x875\
\x02~\xf4P\x0b\x87\x05\x81|'v\x12\xfa\xbe\x00\xfb\
\x9b\x11!\x1c\xf97\xe0\xb1\x12\xa1p\xfcq\xd8\x17O\
Wa\xc2\x18\xf8\xeczC\x98\x5cg\x19\x22\x9c\x0f\x09\
3\xf5\x89\x80\xb7\x8f\x09\xf3q\x1c\xd1\xebwa\xfe\x05\
\xb0\xb7\xbd\x97\x0a\x0bB\xc0\xcfV\xb7\x13\x16\x0d\x85\x9f\
\xc5\x97\x85%3\xc0n\x1f?(\xdcx\x04\xf6;?\
LXz\x11\xe4\xe7\xb4F\xb89\x16\xe2\x8dA\x7f\x0b\
\xb7\xe5\x02\xde\xe8\xb1C\xb8\xdb_\x03\xfe\xb0\xbfp\xf7\
\xf9W\x085\xf7\x17\xee\x19\x02\xeb\x9e\xb1Q\xb8g\x07\
\xf0yh\x96p\xcf\xc7\x8d`\xef\x1e\x09\xf7\xdf\x04\xb9\
\xf3\xfcYx\xa0\x09\xb4\x1b\xa6\x17\x1e\xb9\x03\x9fK\x9e\
\x08OW\xc3<\xc2z\x0a\xbf\xfb\x00~)b\x80\xf0\
\xa7o\x00\x1f\xf8|%\xfcy\xd2\x07D\x0cR\x09\xaf\
\xde\x02\xf9\xd9\x9e)\xbc\xfao\x02B\xa3\xde\x0b\xaf\x9d\
\x05:7\xce\x09\x7f=\xd7\x15!\xf7\x95\xc2;\xcd`\
^Ce\xc2\x07\xaf\xc1\x8e]Z.|\xb8\x1b\xe4\xf5\
\xb4Ih\xf4n\x80\xd0\xcf!B\x93\x1a\xe8\xfe\xbc@\
X\x99\x0e\xfe\xacW\xa9\xb0\xf2\xc5\x19\xa0{C\xf8d\
\xa2\x1b\xd8\xc9\xbf\x85\xcf\x0e\x80\xbe\xf9\xbe\x10>\xff\x0b\
\xf0\xde\xe5\x0e\xc2\x17\xab\xb2\x00\x8f\x95\x0b\xdf\xa4\xc0\xbe\
\xf8k\x84\x1f\x22\x0b\x01\x8fF\x88\x04\xfb\x00/\x0a\xf2\
D\x92\xdbN\x10\x0f\x8d\x11\xa9e\x80\xab\x9c\x07\x8a\xea\
9\x01\x8e\xaa\x0a\x15\xd5\xeb\x078\xbc\x9eQ\xd4\x94\x07\
\xb8'\xf5\xacH3\xd8\x0f\x11\x0d\xc6\x88Z?\xba\x02\
rU r\xaf\x818e\xef\x16\x91wW\xc0\xc9A\
>\xa2\xae\x9d\x00\x97\xe6\xfe.\xeaUP\x17\xec]\x0f\
Q??\x90\xc7\xd4p\xd1\xc0\x87\xb0_'\x92DA\
q`\xdf\xc6<\x14\x05\xcd\x05{\xb5\xeb\x1f\xd1\x18\x04\
x\xe1\xc5\x04Q\xd8\x19\xc0\xa9\xfc\x05\xa2)\xad@\xaf\
}n\x88f4\x9c\x0f\xf1\xcdi\xf8\x04\xbd\xf5\xfbL\
\x94\x19\x0d\xf6r\xc0M\xd1\xdc\xcf\x80\xbf\xc2\xad\xa2\xb9\
\xa7\xc1\x0f\xb4?)Z0\x0dp\xf3\x85r\xd1\xc2A\
A`\x8f\xc7\x8ar\xc6\x82<\x8e\xea#\xca\xbf\x0f\xfb\
\xb4\xba\xbf\xa8\xa47\xf8\xf5Y\x97E+w\xf5\x87\xb8\
\xf4\x82h]0\xc8\xc1\x10g\xd1\xba\xcf\x81\xaf\xfa\xc3\
\xa2\xd2\x08\x18\xff\xc3(\xd1\x0e\x84\xed\xd6:\xd1\xce\x09\
M\xc1\x9e\x0f\x13\xed\x5c\x0d\xe3\xbb\x0d\x10\xed\x9d\x0fq\
Fp+\xd1\xde#`\x9f\x17\xfd(\xda\xf7\xa2-\xe0\
\xbc\x15\xa2s\x03\xc0?\x88\xbcD\xe7\xfc~\x00\xbe\x07\
\x88\xce\xbd\x9b\x8b\x90b\xb5\xe8\xc2M\xb0\x9f\xddN\x88\
~.\xd6 \xe2\xb3\x5c\xd1\x954\x88\x1b\x0f\xec\x14]\
\x0f\xda\x8b\x88\xd1CD\xbfdC<<d\xb1\xe8\xd7\
\xc50\xaf\xc4\xbb\xa2;\x83@\xcf\x97\xb9\x8b\xee^\x04\
\x5c\xf4\xa5At\xf7\x05\xe0\xb1S\x12\xd1\xfdD\x90\x8b\
\x89\xe1\xa2\xfb\x95*\x90\x7f/\xd1\xe3R\xb0\x1b)_\
\x88\x8c\xfba\x7f\x0f\xf8\x8b\x8c\x17 \x1e\xf1\x98(2\
\xde\x9e\x85\xd0\x93\xa3\x22\xd3\x0d\xb0\xd3\x01\x7f\x8b\xaa\x16\
\x81\xbeu\xba!z\xfa\xf8\x02B;\x1b\x8b\x9e-\x05\
\xb9\xe8\x9a,zn\x18\x04\xf2\xe0)zq\xfd\x16\xec\
_\x13\xd1_3\x8b\x01\xcf\x8c\x10\xbdr\x06~\x15\x86\
\x8a\xfe\x1e\xfc=\x8c\xdbC\xf4w\x14\xe6\xd7P\xd1\xdf\
)q\x80\xe3\xbb\x89\xden\x93\x81?Z#\xfa\xd7\xbb\
>BM\xeb\x89\xfe=\x05|\xfdi\x93\xe8]\x0c\xe0\
\x90\xe9\xcfD\x1f\xd7\x81>'}#\xaa\xd9\x00x\xf2\
\xe4m\xb14\x1c\xf0\xbf{_\xb1t#\xe0\x80\x91\xfb\
\xc4\xd2\xbd \xafE\xdd\xc4\xb24\xe0\xe7\xde\x0c\xb1\xfc\
!\xd8\xcfn\xeeb\xc5\xfe\xee\x80w\x9a\x8b\x1b\x0c\x02\
;\x1fP%vi\x01\xf6L\xbbA\x0c\xd0\x0b\xfcm\
\x92\xb8i\xd3\xe5\x88h\x1d&nU\x0a\xf1\xa7j\xaf\
\xb8\xd5e\xb0+{\xbe\x15\xb7^\x04\xf6X\xf9@\xdc\
f\x08\xf8#Q\xb8\xb8\xcd\xef\xb0?\xed\x5c\xc4\xeeu\
\xff\x05\xff\xd6H\xec>\x07\xe4\xba\xcaE\xdc1\x05\xf0\
\x80S\xa4\xd8'\x1d\xf4\xa6k\x8e\xb8w\xf8)\x18O\
+\xee\xf3\xf5_\xe0\xff\xf9\xe2\xbe\xe7\x9b \xb4*Y\
\xdc?\xa2#\xd8\x87\xa7\xe2\xa1\xad\x81\x9f\xbf\x9d\x11\x0f\
\x13\xc0>\xae?.\x1e\x16\x00q\x89_=\xf1\xc8\x12\
\xc05\xdd\x08\xb1vn,\xe0Do\xb1\x7fX,\xe0\
\xe3\xa7\xe2\x80\xbe\x95 /\x17\xc4\xc1\xab\xc1\x9e\xcc\x0f\
\x13O\x18\x0d\xfc\xad\x97-\xd6\x7f\xf3\x1d\x22\x94\xcb\xc5\
\xa9\xbd!\xee\xee\x94.N{\x0e\xf2\xd4\xe8\xba8+\
\x00p\xbd[\xb6x\xc1]\x90\x9f\xb6)\xe2\x85\xa7\x01\
7\x8c\xe1\x89\xf3/\x81?\xea\x1a%^\xac\x02<:\
\xfb3q\xe1P\xc0k\x82\x9f\xc4\xab\xcf\x82=\xea\xbb\
]\xbcF\x04\xf1\xf9\x88\x15\xe2-\x0d\xc0\x9f|\x1f*\
.\xfb\x07\xf4\xe7\xd41\xf1\xe1z\xb0\xcf\x83]\xc5\xdf\
,\x02\xdc\xf7\xf7q\xf1\xf7\xbe\x80\x93\x1a\x8d\x10\x9f\xff\
\x05\xf6\xa9y\xa6\xf8\xa7-\x10\xb75\xbb.\xbe\xf8\xdd\
O\x80\xa3\xb7\x8a/\xbd\x01\xbc\xde\xf9[\xf1\xd5\xfb\x80\
\xa3\x1e\xfe(\xbe\xfe\x0f\xe0\xebc\xde\xe2\x9b\x8b@?\
\xebO\x14\xdf\x5cw\x1fp\xeb+\xf1\xad\xabx_\xb2\
\xc4\xb7K@N\xd3>\x88\x7f\x8bl\x088\xe6\xbc\xf8\
\xdeo\xd0\xeeR\x90\xf8\xdesp\x905'\xc4\x0f6\
\x81}\x9c\xff\x93\xf8\xc15\x88\xfb\xf5H\xfc\xd0\x09\xe2\
\xb5\x9b\x99\xe2\xea\xc63 N\x98'\xae\xf6X\x0fr\
\xbdA\xfc\xa4\x06\xfa_;!~%\x03\xb9\x0d\xaf\x16\
\xff\xd3\x1a\xfcR\xf1F\xf1?k| N8)\x11\
/\x02\xf9\x08\xfbM\x22\xdf\x0d\xf6\xacd\xb6D\xf9;\
\xc8\x97O=I\xdd\xe7\xe0/\xbeq\x95\xd4Ks\x02\
\xbf{V\xd2\xf0\x1d\xce_TH\x5c\xeb\x00\xbfs&\
HZ%\xc3z+\xa2$m~\x02y\x9a\xfbA\xd2\
6\x02\xecv\xbd\xcb\x92\xb6%\x81\x80\xf7&J\xdcF\
\x83\x1d\x95H$n\xe3f\xc2\xef\xbbH\xdc\x1f\xba\x80\
<]\x90tP/\x86\xfe\x05\x92N\x13\x1f\x80\xdc\x1d\
\x95t*\x00<6w\xbb\xa4\xcb\xae\x8f\x10\xa7\x8c\x96\
t{\xb0\x12~\x9e!\xe9\xbe\x0e\xfc\xc6\xbdS\x92\xee\
'/!\x94\xfc\xa5\xa4\xc7\x00\x18wV\xa9\xc4\x07\xe3\
\xe8\x8fR\x89O)\xc8\xf3\xb3a\x92>\x15\xc0\xa7\xeb\
\xc1\x92\xfe^;\xa1\xdd\x15I\x7f\x03\xc4)\x0dr%\
\x83|ANG\x5c\x97\x0c\xbd\x08r\xf3\xed%\xc9\xb0\
m\xa7\x11Al\x90|\x16\x09t\xe2_K\xb4q\x13\
\x11\x8a\xdb)\xf1/\x92#\xb4\xf0\x84$P\x0a\xfe\xb7\
s\x9a$$\x05\xf0\xac{\x8dd\xc2<\xb0\x03\xa3N\
K&<\x07\xbf\xdak\x94\xc4p\x1a\xfc\xc5\xb5H\xc9\
\xf41\xa0\x1f=\xf8\x92\x99M\x9e\xc2~\xaf\x96\xcc\xaa\
\x0f\xeb\xf6X,\x99\xb5\x16\xe4G\xd1_2;\x05\xe2\
\x90\x1e\xd3$\xb3\x7fJ\x03\x1c\x17#\xc9.(\x02<\
\x9d Y$;\x09\xf1\xde+\xc9JQ\x17\x90\xb3\xe7\
\x92\x1dK\x00\xff\xd5\x13H\x0e\xae\x02\xffz['9\
\xe2U\x0d~\xefw\xc9\xb1\x8d 7c\xbf\x93\x9c\xc8\
\x07\xff\xdf3GrR\x05~i\xfc\x0d\xc9\x05\xa5\x12\
p\x1eOr\xad=\xd8\xab?K$\xd7\xd6\xff\x0c|\
\x08\x97\xfcz\x04\xf0\xf3`\x9d\xe4\xb7\x19\xe0\x1f\xb7\xf5\
\x97\xdc\xbb\x0c|y\xb8Ar\xff\xc9pD\xb4\xe8(\
1\xbd\x82\xdf\x1f{-\xa9\x0e\x01\xbdQl\x92T\xd7\
\x0c\x84x(C\xf2\xb4\x0c\xf8\xf2\xf9A\xc9\x1f_\x02\
\xbe\x08!$/\x9a\x02\xde\xfcV\x22yY*E\x84\
\xd4M\xf2\xf21\x8c7d\x88\xe4\x9fD\x88\x03\xfc\xde\
J\xde\xca\x01g\xddt\x92\xbc}\x1e\x01v\xc5O\x8a\
4 ?!&)\x91U\x06v\xb1\x9f\x94\xf7\x17\xc8\
[b\x98Tp\x02\xe4\xd0\xe9\x84TT\x04z\xee\xf3\
\x85T\xf2\x00p\xf9\xf2\xd1R\xf9R\xd8\xa7\x0e_J\
\xe5_\xafFh\xe5L\xa9\xcb;\xd8\xaf\x96n\xd2F\
\x01\x80?\x9e\x0f\x906*\x04}}<A\xda<\x00\
p\xcd\x0f\xe3\xa5\xcd\xff\x80uMY$\xd5\xf8\x8d\x87\
\xf5\xd4\x95v\xba,D\xc4\xb0\xe7\xd2.'\xc1.\x0e\
\x09\x90v\xa9\x04\xbc\xfc\xfcOi\xd7\xd6\x10\x87?\xdd\
-\xed\xda\x13\xe2\x9a\xa9\x97\xa4\xdd\x8a\xcb\xe1\xef*i\
/O\xc0k\x95\x97\xa5\xbd^\x02\x1e<`\x94\xf6\xc6\
\xf1S\xe7w\xd2\x81{ \x0e\x18\xdeL:\x88\x80u\
J.H\x07\xbd{\x05vC%\x1d\xfe\x04\xe4\xaar\
\x94t\x84\x1a\xe2\xb9\x11\x9d\xa5#\x1eC\xbc\xa4\xfdV\
\x1a\xf4\x16\xf83\xf3\x07\xe9\x98\xdf\x80\xce\xa2\xa1\xd2q\
\xcd[C\xdc\xd7_\x1aU\x02\xf2/_)\x8d\xdd\x07\
\xf26l\x964~8\xec\x7f\xff-\xd2\x94\xa5\x80\x83\
\x12J\xa5\x86\x1e\x9f\x81]L\x90fg\x82||\x96\
#\xcd\xf7\x84\xf8\xfbQ\x924\xdfp\x0d\xec\x98TZ\
p\x18\xe8\xfc\xb0D\xba<\x0e\xec\xcb\xb6\xdb\xd2\xd5\xab\
0\x0eu\x97\xae\xb9\x02~\xa4\xc1L\xe9\xe6r\xb0\x87\
=\xbe\x90\x1e\x8b\x01;\xeawCzV\x0e\xed^\xf5\
\x93\x9e\xf5\x07}\xee}_\xfa\xfd>\xb0\x7f\x0d\xcfK\
\x7f\xcc\x03\xfaY\x8f\xa4\x17\xf5\xf7\xe1\xe7\xba\xd2\x9fG\
\x82]\xe9=Rzi)\xc4\xd5}\xd3\xa4\x97\xbb\x00\
\xee|{^zE\x05\xfb\xb8}\x94\xf4F'\xb0G\
\x93\xdbHo\xe8\xc1\xcenM\x94\xden\x86\xfd\xbf\xa7\
\xf4\xfe\xf9\x87\x88\x10}\x90V\x8e\x07\xbb.\xf9ZZ\
\xbd\xd1\x05\xf4\xe4\x07i\xf5I\x883\xbd\x17I\x9f\x0c\
\x04\xff\xb4\xef\x92\xf4\x99\xc2\x13\xf0U\xbe\xf4\x85\xe7>\
\xb0#\x12\xe9\x9fJ\xd8\x87\xd9\xa7\xa5\xaf\x22\xc1\xcfN\
\xfaA\xfa\xf7\xaf`'[~-\xfd\xc7\x1b\xe8~g\
\x92\xfe3\x11\xf48\xe7\xb8\xf4\x9f\xfd#`\xbc\xbe\xd2\
\xb7\x97\x81n\x8e'|\xc2>\xbf\x7f&\xfdW\x05~\
u\xfeZ\xe9\x87%\x97!\xfe\x7f$#\xe5j\x5c\x8c\
L\xf0|\x1c\xc4C\x052Q}\xc0\xfd\x93^\xcbD\
\xdd\x01?\xf9\xff,\x13\xad\xbd\x00\xb8\xe7\xb8L\xfcp\
\x00\xe0\xfdM2y\x1d\xd0\xf3~Md\xf2\xc8I\x08\
\x85\x86\xc9\x14sa\xbd\x7f\x89d\xcay\xe0\xb7\xa3\xc3\
e\x0d\x9e\xeb\x00\xa7\xb7\x979\x07u\x84\xb8\xe6O\x99\
\xebs\xe0\xdfO\x1aY\x93\xcb0\xef\x9d\x13dM\xc7\
\x02\xbe\xf1~(k^\xb4\x04\xa1\xf2=\xb2\x16\xe89\
\xf4\xcb\x97\xb5\xbe\x0cv8Y+k\xab\x05\xfd\xf9j\
\x94\xac}#\x18\xaf\xe0\x95\xac\x93\x17\xd81q\xb0\xcc\
S|\x10\x11\xfd\x8f\xcb<w\x82\x9e\xf6J\x93u\xce\
\x1c\x0f|z#\xeb\xba\x1a\xe2\xd5\xfe\x01\xb2\xae\x7f\x81\
\xbcG\x97\xcb\xbay5\x03?o\x94\xf5\xbe\x01q\xfc\
\x80\x8b\xb2\x81}\xfe\x06=\xfaM6\xac\xd5@\xa03\
O\xe6\xbb\x06\xe2\xd8\xf6Z\xd9g\xde\xcb\x11\xca6\xca\
\xb4\xa1\x87!^\xcb\x95ig\xc2\xfe\xef\xfc[\xe6\xc7\
\x07{\xb9\xf3{\x99\xbf\xbb7\xe0\xb8W\xb2\xb1\xff\x02\
^\xcc\xeb'\x0b)\x8dBD\x93Q\xb2\xf0v\xf7\xc0\
\x7f\xae\x97E\x15\x81\x1dotA\x96V\x17\xf6\xd5u\
\x9dl\xea\xbfZ\x90K\xa5,\xd3\x00r\xa5\xf8]6\
W\xdb\x02\xfa\xe7\xcb6\xc4\x02\xae\x89)\x93mY\x8c\
\xfd\xfc-\xd9\xf6\xf6\x10\x07\xcc\xdb/\xdb\xde\x0d\xe2\x8e\
Vgd;>7B\xdc4Z\xb6\xef\x0e\xc4\x99~\
\x06\xd9\x81\xa3\x17\x11!l+;<\x09\xf4\xda\xa5Z\
v<\xdf\x00q\xdc\x19\xd9\x99)\xc7\x11\xd1,Xv\
\xce5\x0d\x11\xb2\x8e\xb2sw noU$\xbb \
\x00\xfc(\xfbUv\xa9\x1d\xe8\xe3\x9e\x97\xb2k\xdez\
D\xb8^\x93]?\x0e\xf8\xab\x85Avc\x14|j\
\x07\xcan\xbe\x00\x9c\xf0\xfc\x88\xec7\xa5?B+\xbe\
\x93\xddM\x05<P3Pv\xf7\xcf\x7f\x01/\xc9e\
\xf7\xf7\x82\x1e6w\x95=\xf8\x19p\x87;_\xf6\xf8\
\x00\xd8\xc9\xee\xbdd\xc6~0\x8f\x16\x05\xb2?Z\x02\
\x9f\x1bW\xcb\xfe8Y\x08\x9f\xc7d\x7fff\x83\xdf\
\x96\xca\xfe\xf5\xec\x0b?\xf3d\xef\xd6\x08 \x1ex+\
\xfb\xb0\x1dp\xa2\xcbQ9z\x0cx\xa6\xee\x0d9\xff\
{\xc0\xc1\xfem\xe4R=\xe8\xd3\xd9\xfdr\xf5&\xc0\
\x95WO\xcb\xeb\xfa\x01\x8ei\xbbH^/\x08\xec\x81\
/\x92\xbb\x1a\xc1\x8e^\x19#o\x1a\x01\xb8TPG\
\xae\x99\xf0\x1d\xc4\xa32y\x8b \x98\xe7\xfd\xa1\xf2V\
\xdb\xc0O\xad3\xc9\xbd'\xc0\xb8_m\x94{\xff\x0e\
z'\xf1\x94w\x99\x0av\x93\xbfG\xde\xa5\xec+\xe0\
\xcfqy\xd7\xccU\xc0_\xbd\xbc\xdb]7\xf8\xf9\xa9\
\xbc{\xdf\x8d\xe0o\xfc\xe4\xbd\xce\x82}\xba\xfcF\xee\
\xe3\x0a\xf2w\xa5\xad\xbcOK\xc0)#.\xc8\xfb$\
\xc3z\x9a\xfb\xca\xfb\x0a\xe1\xef\x0d~\x90\x0f\xa87\x18\
~\x9e&\x1f\x92\x0c\xf2t\xe2+\xf9\xc8Q\xe0\xa7\x8f\
V\xcb\xfd\xb6`\x1c\xe4.\x0f\xd8\x07\xb8O\xf7L\x1e\
p\x03\xf0\xf4A\xb5\x5c\xd7\xac\x11\xe0\x9d4y\xdcd\
\xd0\xaf!\xf7\xe5\xc9wv\x02~3\xca\xa7\x14\xc2z\
\x1f\xfd.O\x9b\x09\xeb\x1fx@>}\x03\xd6\xd3)\
\xf2\x19\x97\xde\x00^\xea)_\xd0\x01\xdb\x01\xa3\xbcD\
\x0e\xfa\xdfe\x99\xbct\x07\xd8s\xe1_\xf2/\x13\xc1\
/]\x92\xcb\xbf\xfa\x11\xect\xcfp\xf96S$\xd8\
\xf3G\xf2\x13\x9fu\x86@\x1d\xc9\xbf\xa9\x0fqi\xc7\
\xf1\xf2o\xfb\xc3\xcf\xfbw\xca\x7f\x8a\x06\xfc=H'\
\xbf\xc0\x83\xf8.\xf2\xa4\xfcj)\xd8\xc3/\xbb\xcb\xaf\
\xed\xaa\x81\xb8\xf6\x9e\xfc\x97\x08_\xd0\x87\xd5\xf2[\x13\
_\xc3\xbcz\xca\x7fm\xdd\x1d\xf4&T~\xf74\xe8\
\xc1\xe0\x01\xf2\x07\xbdg\x22\xa2\xceZ\xf9\xc39\xa0\xa7\
\xefO\xc9\x1f\x9d\x06=\xe9\xd7Q\xfe\xb83\xc4=\xbe\
\xd1\xf2\x8a\xccS\xe0\xdf\xcf\xc8+\xfe\x04\xff\x1a\xfa\xab\
\xdcx\x15\xfc\x9c\xe7\x1by\xa5\x16\xe2\x7f\xc3U\xf9\x13\
/\x90\xdb\xf1I\xf2W8\xdf=j\xbe\xfco/\xc0\
\x15i\x9d\xe4o\xb2\xe3\x10\xda\x10$\x7f\xb3\x11\xfc\xe7\
\xd5b\xf9\x9b[k!\x0eU\xc8\xdf\xbb\x02\xfe\xe8\x1f\
\xab\xe0\xfd\x05x\xb3&[\xc1\x0fu\x07<$U\xc8\
\x7f\x86\xdf\x9f\xb8\xa1Pg{\xc2\xbe\xf0\x15u\xffx\
\x88\xd0\xe2^\x0a\xe7)\x80\x03N\xcfT8\x17\x02\xdd\
\x14\xa4p\xd9\x00x\xc7\xf7\x1bE\xe3\x0f\xb0\x0f\x87\xf3\
\x14\xcdk\x80\xaf'\xfa)\xda,\xda\x03\xf1\xe1AE\
\x9b}\x80\x7f\xda\xddU\xb8\x15\x83\xdd?\xd9W\xd1\xbe\
\xec2\xd8\xd91\x8a\xf6W\xc0^^\x0dWx\x9c\x80\
xO{K\xe1uZ\x86\x08\x97\x99\x8a\xce\xed\x00\x7f\
\x5c9\xa2\xe8\xbe\x1f\xe2\x1a\xdf%\x8a\xde^\xe0_T\
RE\x9fF`\xcf\xdc\xbfW\xf4i\x0c\xfa\xdc\xfe\xbc\
\xa2o\xf3\xf3\xb0/\x8f\x15\x83\xd5`'b\xd7*\x86\
\x06\x01n\xf8\xba\x8ebX\xfeU\x84n5Q\x8c$\
\xfe\x84q\xb2\x15\xa3\x9e\x03\xde\xd4F)>\x1f\x01z\
\xe0\x1a\xa5\x08m\xd6\x12\xa1\xe1\xaf\x151=A\x0e\xea\
D(bfF\x03\x8e\xcfQL\xf6\x03\xfb\xd1\xa7F\
\x91\xf1+\xc8\xef\x93 \xc5\x8c\x90C\x88h:@\x91\
W\x0d~Y\xbbB\xb1\xf8,\xf8\xaf\xc8\xba\x8a\xe29\
\x80\xd7\xcb\x8e(J~\x82u\xb6=\xa9X\xfd\x02\xfc\
\xef\x98\x0d\x8a\xd2\xde\xd0\xcf\xf9\xaebW\x1f\xf0\x13\xaf\
\x0b\x14\x87\xea\x00\xde\xf4\xdb\xae8\xa3\x07\xffy}\x97\
\xe2\xc7\x8d0\xff\x91\xfe\x8a+\xb3 \x8e\x1c\xbe^q\
c\x1e\xc4M\xf7d\x8a\x9b\x1b .\xf8\x22Yq\xfb\
\x8e3B[\x1e*\xee_\x06<\x91yX\xf1`\xf0\
8D\x8c\xda\xa1x\xf4\x0b\xe0^\x95\x87\xe2\xf1G\xc0\
K-\xea(\x8c\xeb\xc0\x0e\xacy\xac0\x89\x01\xa76\
]\xa0\xa8\x9a\xdd\x06\xec\xca.\xc5\xd3\xbe \x7f\x7f\xd7\
S<\xdd\x09\xf6\xabN\x85\xe2\x1f\x04\xf2\xfeX\xa3\xf8\
gL}Dt\xf1W\xbcM+\x06\x7fX\xa1$\x96\
\x83\x9d}\x9e\xad\x14N\x80x\xa1\xc5C\xa5$\x0ap\
\xcd\xe2j\xa5B\x1b\x0evw\x98R\xb5\x0f\xfc\xc2\xca\
\x8b\xcaz\x03B\x11\xc1\x8bU6\xd8\x07\xebXR\xae\
t\xfe\x0ap\xcc\xb4QJ\xe7o`\xfe'UJ\x97\
a`\x07V\xbeW6\xcaz\x0b\xf6q\xa5\xb2q\xc0\
=\xb0\x13:eS\xf9l\xc0g\x0f\x95M=O\x83\
<\x8cV6\xfd\xbc\x00\xf0\xc8>e\x9bQ`\xefV\
\xf5W\xb6\xdd\x0d\x7f\xbfu@\xd9\xb6\xa6-\xd0\xd9\xa1\
t\xfb\xb3\x0a\xec\xee;e\xc74\x90\xf7w\x03\x95\x1e\
-\x80\x1fkv+\xbd\x7f\x04\xbf8m\xbd\xb2\xebK\
\xf0\x83\xf1\xd9\xca\x9e\xfd\x9a\x00\xae\xee\xae\xec9\x10\xec\
z\xcb\x89\xca^S\x00\xbf\xfd9T\xd9\xef8\xf0\xc3\
s\x9er\xc8\x19h\xb7\xf0w\xe5\x08O\xc0\xab\xa3\xde\
(}\xd5- N\xd6(}\x7f\x86\xf8<|\x9cr\
\xd4\x12\xd0\x87\x7f\xa7)\x83'A\xdc\xde\xe3\x8d24\
\x0ep{H\x822\xec6\xe8k\xfbv\xca\x88\xf1@\
\xcf\xb5R\x19\xb5\x1f~\x1e\xfa\xa52v\xb5\x08\xe6{\
O\x19_\xa73\xf8\x99o\x94\x09\xb7\xc0\xfe9/P\
NA\xe0\xc7\x06\xb6U\xa6\x99\xdaA<}@9\xf5\
:\xe0\x13\xdf\x97\xcai.\x10W\xfc\x93\xab\x9c\x1d\x07\
\xf8\xb7\xc3\xd7\xca\xec\x0a\x90w\xafpe.\xc6+#\
W\xc1g\x0f\xb0\xbb~\xca\xa2\x10\xf0\xf3?\xaeV\xae\
\x90\x82<=(Q\xae8\xd7\x00\x11\xf2y\xca-[\
\xc0\x8f\x07\xfe\xac\xdc\xfa\x08p^co\xe5\xf6C^\
\x10\x1f8)\xcb~\x85\xdf\xa7\x9cU\xeeo\x0fx\xbc\
_\xbc\xf2\xe0\x13|^\xd5[yl\x1c\xf8eY\x17\
e\xf9v\x90\xcf\xdf\xdb*\xbf\xbd\x01\xf1\xd8y\x81\xf2\
\xdb\x1a\xc0\xf3C\x7fU\x9e\x9d\x18\x06\xf4o+\xcf+\
\xc1\x8e\x9f\xe3)\x7fZ\xda\x09\xa16]\x95\x97\xfc\xc1\
\xce\xd4\xcdQ^~\x02q\xc5\xea\xef\x95W\xde\xff\x03\
|\xfdGyu\xce\x13\xd8\x07\xa5\xf2f&\xcc\xa7\xe9\
\xd7\xca\xdb\x8f\x80\xee\xc5\x22\xe5o\x8d@\xae\x16\xe4*\
\x1f\x96\x01\x1e\xac\xa9\xab|\x14\x01\xf8\xf9\xe9\x1fJS\
H\x0f\xe0\xef\xf7\xcaj\x01\xfc\xfe\xaeLY]\x0c\xf6\
\xe1\xeb`\xe5\xd3\xae \xafsF*\x7f\xd7\xd4Ah\
\xe2\x1a\xe5+5\xe0\xf7\x8d\x1b\x94\xaf\x5cK\xc0N\x9a\
\x94\xef\x03/@|\xe3\xaf\xfc\xd0\x14\xe4=k\xbb\xb2\
\xe6\x0d\xd8\x8f\xa6\xf7Uh\x0a\xe8\xe9_\x7f\xaa\x84M\
\xaf\x00.x\xaf\x12\x8e\x00\xbf\xa2V\xaa\x94;\xc0\xcf\
\xf3\xd5*\xf5G\xb0o\x1b\xee\xa8\x9a\xb4\x00\xff\x9f\xbb\
_\xd5\xec)\xc4\xed\xed\x8e\xa8ZKV\xc0g}U\
\xeb@\xd0\xc7\x98*U\x1b'\xf0\x1bw\xb2Umf\
\x80=\xf2\xd5\xa8\xda\xdf\x0c\x02\xfd\xaePu\x00\x18E\
\xf8\x97\xaa\xbcS\xc0o\xbb\x7f\xaf\xeav\x02\xc6\x91\xc4\
\xa8z-\x02\x1c\x10\xdcG\xd5g5\xf8a\xf4\xb5j\
\xd0u\xb0\x1f\xbbG\xaa\x06/\x0e\x00\xfb;Z5\xcc\
\x03\xf8\x7f\xa6\xbfj\x84\x00\xf0\xb3\xcf\xcf*\xdf\xf3\xa0\
\x07\xeb\xda\xa9FF\xc3>,\xccU\x8d\xdc\x03\xfa\xff\
\xc4U5n\x10\xc8\xd7\xbaR\xd5\xf8b\xc0\x87W\xb2\
U\x9f\xcf\x84\xf89\xa1\x8d*<\x09\xe4\xa5\xdb\x8f\xaa\
d/\x9cw\xad\xafJ\x1b\x0av\xa5\x9bA\x95fz\
\x0b\xfeE\xa5J\xef\x01\xfa\xb7\xb6\x8f*s\x02\x0f\xec\
\xdb@\xd5\xcc\x99 ?h\xbfjn\x16\xc4M\xc4g\
\xaa\x05'a>\xe7\xb7\xaa\x16\x5c\x1f\x0b\xfe\xa1@\xb5\
p\x22\xf0\xa3\xfeSU\xde\x8f\x10\xaf\xc8\xa2U\xc5\x1e\
`\x07\x02\x12TK\xba,A\x84\xc7B\xd5\x8a8\xb0\
\x83\xfcX\xd5J\xa2\x06\xe6}N\xb5*\xb3\x17\xf8\xc7\
\x86\xaaMe0\xef\xa7\xcdU[\x8c\x10\x9f\xbbmQ\
\xed\xee\x04\xfe\xba(FU\x1e\x02\x8cI\x1f\xae:\xa9\
\x039\x1f\xd9L\xf5\xbd\x07\xb4\x1b\xb7Xuy\x1b\xac\
\xbb\xee\xb7\xaa[\xd3 \x8e\x19\x13\xae\xba\xb3\x07\xf65\
>Bu\xef#\xf0u\x93Hu\x7f@<\xe0\xc3,\
\xd5\x83\x14\xc0'\x93\x1a\xab\x1eL\x01\xfc?i\x00|\
B|>\xe9K\xd5C\x0d\xd8\xe9\xc9\x06\xd5C\xffa\
\xd0\xae\xbd\xeaQ)\xe0\xd3\xb4\xd5\xaaG\x7fA\x5cl\
\xe8\xa8\xaa\x98\x08q\xb5a\x97\xaa\xe2\x15\xce\xaf\xcaU\
\xc6~\xf09u\x87\xaaRu\x13\xa1\x19\xa3T\xd5\x01\
0\xde,\x8d\xaa\xda\x00\xbf\x9f\xbe@U\xbd\x0bp\x9e\
\xbaJ\xf5\xb4%\xc8\xdf\xdc[\xaa\xa7\x13A\xae\x0e\xfa\
\xa9\x9e\xee\xb8\x0e\xf2\xd0W\xf5\xf4\x01\xb4_\xf0V\xf5\
\xbb\x1a\xf4\xfaT\xac\xea\xcfg\xfd\xc1O\x8dW\xfdU\
\x08\xfc8\xfd\x8d\xeaU\x14\xf8\xbb\xefz\xa8\xde\xa4E\
\x00\x8e\xbd\xa4zs\x15\xf6c\x91F\xf5\xefz\x02\xf0\
e\x81\xea\xdf}\x80\xd7~\xf2S\xbd\x1f\x0bqCo\
\xb1\xea\xc3D\xc0\x03\x85\xebU\x1f\xca`\x9e\x8f\xffU\
}8\x05\xfe\xee\xc2rU\xcdD\xb0\x13W{\xaa\x11\
\x1f\xec\xec\x92Aj\xb4Y\x00q\xc7H5\xfa\xe38\
\xfc\xbe\x9e\x9aX\x02\xf3\x1b\xd7_M|\x89?\x9f\xa8\
\x89\xbf`\xbc_\xfa\xaay\x03\x17\xc2g\xbe\x9a\x97\x92\
\x08q\xf8\x0c5\xef\x02\xd8\xd1\xc6+\xd5\x02\x03\x8c\x9b\
\xf1X-\xd8t\x16\xfc\xf9A\xb5\xe0\xd5\x1c\x88\xf7f\
\xa8E\xad4\x08U\x14\xabE\xda9`\x877\xa8\xc5\
\x13\xc1O-\x89SKO\x03\xdf\xa3{\xaae\x83\x01\
\xaf?]\xa4\x96=\x04\xfc\xb6r\x9bZ^\x06~\xbb\
$T-\xdf\x8b?w\xab\x15\xfc\xcf\xe1\xf7\xe3\xd5\xca\
\xa1\xcd\xc1n\xedT+3A\xdf%&\xb5r\xd5^\
\xb03\xeb\xd4\xca\xd5`\x17\x05\x9f\xabU?\x81<H\
\x1b\xaa\xd5z\xd0g\xfe\xefj\xa7\x81{\xc0\x8e\x0fP\
;\x0d\x02\xfb#\xb8\xaa\xae\x1b\x08\xebX\xdbP]\xaf\
\x0e\xec\xef\xe6\xf7\xeazE\xb0\xdf\xcfN\xa8\xeb{\x01\
\xbf\xbf\xba\xaf\xae\x9f\xfa\x0a>3\xd5\xf5w\x01\x1e\x93\
nW7L\x99\x01\xfe\xe0\x17u\xa3Y\x10\x0f\x0c\x5c\
\xa7nT\x06\xf1\x87\x0b_\xdd\xf8\x07\xc0\xe5\xf2_\xd5\
M\xda\xd4\x01{\xea\xa2nr\x19\xda\x89\xf6\xab\x9b\x5c\
\xcb\x86\xcf[\xea\xa6\x7f\x82\xfdj2_\xddl \xd8\
\xc5\xb7[\xd4\xcdR \xae\xfbc\x94\xba\xf9\x1a\xf0W\
\x7f\xe7\xa85\xed\x00\x7fM\xb9\xaa\xd6\x9c\xdc\x0dj\xf1\
V\xad\xf9\x16p\x92\xb6\x09|\xce\x87\xcf\x19\xea\x16\x83\
 \xde\xfc\xd0N\xddb0\xc8\xd7\xc7\x9e\xea\x96\x06\xb0\
\xff\xd2\x0f\xea\x96\x9b ^\x17\xefS\xb7\x22\x80\xee{\
7u\xab<\xd8G\xe5 u\xab\xf5#\xe0\xf7\xbf\xa8\
[\x7f\x84O\xe4\xa6n\xe3\xbf\x01\xda\xdfR\xb7Y\xda\
\x12>\xb3\xd5m\xe7\x01\xaeRNQ\xb7-\x05\xfc\xf7\
\xe3@\xb5{\xd8.D\xf4:\xa2v\xff\x16\xe2\x90{\
_\xa8;\x9c\x029\x7f\x9c\xa3\xee\x18\x85\xe3\xf56\xea\
N\x1b&\x03N\x89S{\xcc\x03:~\x09j\xcfM\
\x80\xd7T\xf9\xea\xce~\xe7`\xfd\xe3\xd5]\xa6\x02\x1e\
\xe7\x11\xea\xae\xa90\x9f\xbaJu\xd7\x87\xc3\xe0\xb3\xb3\
\xba\xdb^\xf8\xac3U\xddc\xf4I\xc0]\xf3\xd5=\
f}\x04\xfd\x8eW\xf7\x98\x0f\xf3\x0al\xa1\xee)\x80\
\xfd\x5c=O\xddk^_\xb0\xfb\x99j\x1fw\x88G\
:\xc7\xa9}\xfa\xff\x02\xf2\x14\xa5\xf6\xd1B\x1c\xd6\xf2\
\xa8\xda'\x0e\xfc\x03D\xef>\xe0\x8e\x88V\x03\xd5>\
\xd7\x80?\xcd\x1f\xa8\x07\x04A<\x12|W=p\x00\
\xf8\x8b\x0a\x0f\xb5\xaf'\xf8\xcf\xde\x02\xb5\xef>9\x22\
\xfa\xbcS\xfb^\x02\xfe\xf5\xef\xa8\xf6\xfb\x0e\xec\xc9\xc0\
\xa7\xea\xcf\xb3\xc0n\xe5<U\x87]\x0dC\x84\xfas\
u\xd46\xb0\x1f[V\xa9\xe3\xf1\xb9D\xf7\x8b\xea\xa9\
\xfd@?^nT\xcf\xb8\x0f\xfed\xd7:\xf5\xca\xf6\
`\xff\x86\x9dU\xaf\x1c\xba\x15p\xeaL\xf5j7\xf0\
7\xb7\x9f\xab\x0f\x8c\x01\x1c\xdd\xfc7\xf5\x91\xc1`\xd7\
\xbe\xfeJ}F\x80\xeb@\xdc\xd4g_\x1dB(.\
K\xfdCW!|j\xd5\xe7K\x01\xd7K\xbfUS\
8h\xaf\xfa\xde)\xc0\x973\xa6\xa8\xef}\xd8\x0e\xb8\
q\x99\xfa~6\xc49\x1e\xe3\xd4\x95_\xc4\xc1\xbe\xf7\
Q?+\x06y\x8eMR\xbfP\x03\xbe<\xf7J\xfd\
7\xc4\xa3\xe8\x8f?\xd4\xaf\x9b\x80\xbe\xc7{\xa9\xdf\xb4\
\x86ym\x9a\xa2~7\x0e\xecf\xe9\xaf\xea\xf7~`\
O\xde\xa5\xa8\xdfO\x82}\xbb\xd3A\xfd~/\xfc\xfd\
Mwu\xcd\x5c\xc0\xc1\xa5\xfd\x12\x101\xa67 C\
\xd4\x04\xc9\xc6~\x8c\x17\xc7\xb9\xe7\xbd\x0b\xbaY\xa3H\
9\x1a\xf0.\xb0\x87nO\xf1\xc5\xbc\x1b^<\x09\x86\
\xfa\x80\x07\x90\x9b\xcc\xb8\xe6\xa4i\xe3B\xd3\xda\x1dU\
\xbb\xcb\x8d\x85\xcb\x9f\x1f\xcf\xaf\x9c{\xd4\xb8\xb0\xdc\x98\
s\xd8\xb4|O\xf5\xc2\x82\xaa\xdd\xcb\x1e\xcf\x9e+\xc6\
\x1d\x06\x0e\x194*2\x8a\xa0\xc8k\xd0a\xa4\x19\xef\
]\xd0\xa6\xc6\x15e\xa2X\x14\x89\x12P\x22\xd2\xa1\x18\
\x94e%\xdf@s\xe6\xb0\xc6\xb8yo\xd5\x81-\xcf\
\x8f\xaf\xce\x8c\x8dLH\xd4\xc5d\xd9\xd3rA\x9aL\
_\xa0\x97\x89\xa2\x91\x1e\xa5\xa3dd@YH\x13\xf4\
\xc2J\xc7IS\xb9+W\x93\x19\xadOO6di\
\x8c\x85{\xecI\x88\x90\x17\xa3\x83\xd0\x8b\xab\x95\x0a\x0d\
DC\xd0 \xa4\xd1*\x83\x9e\xa7\xbbY[+\xa1\x8d\
\xa6\xe2H\x81\xb1pwe\xc96\xfb^\xee\x96^\x11\
A\x81\xa3\xa9\x9e5\x8a\xbc7\xf1\xa7\xe3\x8c3\xe4\x13\
\x0a\x83\xf3\xe3\x94\x81\xa5\xc1*\xcc]+\xc5\x1e\x98\xa2\
\xf1\xc4Rcn\x81\x95.\xb0\xb6j\xf7a\xd3\xa6\xd9\
\xa6\x0d[*\xb7\xe5\x19\x8f\x15\x1a\x97\xe4\x9b\xd6\x16\x18\
\x17\x95\x1a\x8b\x16S\xfc\xb6\x1f\xdb\xc92v\xec\x5c\xbb\
9;\xe1\x11L\xab\xe7:\x9c\xb6\xc2\xd2u\xe6\xab\xa8\
\xcd\xd6n2\xdc\xad\xb2\xfc\x80i\xd1f\xfb\x0ec\xcd\
\x1dF\xc1VF\xc1vtB\x9a\xc9\xd1!n\x01i\
\xcb\xfe\xa8\x91\xe8\xba\x87\xf5K=4\x91 \xb7)\x0d\
6(\x12\xfe\x9b\x0e\xff\xca\xaaQ\xd8o\xdc\xca\xe9\x05\
C\x92\x8b\x22\xe6'\x0b\x0d\xa2\x1a\xa9u\xe8\x81\xd4X\
\x9aN\x9a\xc1\x89\xfa\xb4\x84\xe48\x8d[lBrd\
b\xc2\x0c]\xaa&3\xcd\x10iHO\xcb\xeah\xdd\
\xe5T]ZBLzd\x22\xfe\x87>=5Z\x97\
\xd6\xde~\xc6>\xb5\xcd\xf8?\xce\xaa\x13{V\xff\xc3\
\x0c\x9a8\x9e\x81\xa6\xadu\x8cz\xf6cxxx\xd8\
Sj\x09\x94\xfc\xd1H\xa4\x09\xcd\xcd9kU\xab\x0c\
\xa0\x9b\x08k\xd0\x81|\xdb\xd4\xaa\xc9@\xff\x91\x9a\x84\
d`Yb\xa2\x86R*\x1fMfFdb\xba\xce\
\x8b\xa5]\x9a\xf0\x97\x98$L\xce<\x80C\xb2\xce\x98\
\xac\x85\x8c\x85\xbe.\x86K\xb0HB~\x0f'\xeai\
\x82\x05\x9d+N\x95\x9a\xe6\xec\xb6\xef\xe0\x0c\x1d\xa2a\
\x13\x12`\xdc\x04\xf8\x9cn\xd7U=0\xda\x90\x90\x91\
`\x98\xee\xa8\x7f\xe8\xfa\xe5C\xc7\xb7\x0bS#)\x1a\
\x0c\xfdSa\xee\x1d\x90\xb7\xb5\x7f]\xe8\x8f\xb7)\x08\
$I:\xd8\x90\x9a\xd8\xc1\x9beb,$@.h\
$hrP\xdfL$\x0d\x88h\xdc(*\xed\xb96\
)\x19,\x5c*\x08V\x02|2y\x99\x95wr\xbc\
\xd8f\xfb\x06&\xc7\xa4\xea\x13b\xcc\x1c\xcd\xaa*;\
i\xdc\xbc\xd0\x9e\xa2\xab=EL#t\xfd\xea\xfcP\
\x9b\xce6\xb4P\xa2H\x18\xcb\xd6W\xef\xc87\x96\xb1\
\x14\xb8>\x9b\xd6\xacd+\x15\x15\x8dJ\xe5\x892\xfb\
\xce\x12\xed\xbbH\xb56O\xfb\x9a\xb6\xa3\xc9\xd35\xba\
\x0c]\xb2!\x8d\xd5xBI\xba[\xb0r\xba\xcd\xe0\
J\x06\xa6\xa4h\xb4\x91I:\x96\xb4\xe0\xa6\x81\xe2\xe8\
(\x06\xed:\xb8y\xda\xd4\x04Ct\xbc\x83!\x04\xb8\
\x9f\xcd\x9eC\xfb\xc4\xe9,\xeb\x88\xdbD\x0d(\x92\xea\
\x16j_\xc7\x0d^\xeeom\xdf\x8al\xaf1\xc4\xeb\
4i\xbaD]\xb4A\x17\xa3\x89\x05=\xd1\xa4\xe8R\
\x93\x12\xd2\xd2\x12\xf4\xc9\xac\x11\xfb`\xcd\xc5\x14a[\
\xa3Q<J\x026\xc6\xb0\xd5\x05~\xc3\xfc\x9d7\xca\
\xa2\xe9zkrdlG\xa2\xe3\x93\xf416}2\
\xff\xcb;\x8bC\xf9\x05\x85\xd7\xc7\xde\xb3\x92\x10\x0c\x8a\
\x8c\x9e\xcc\xe2#n\x82\xd7\x19\xd80'\xde\xc6G\xdc\
Tc\xd0S\x8bKLH3\xb0H\x87\x0c\xcf\x89\xb4\
m\xd3\xa0\xc8\xc4\xc8\xe4h\x0e\xa5\x8eh\x10\xfa>p\
ca\x16vi6\x11\x18\xa4\xd7\x1b\x12\xf5\x911\xba\
T\xfb\x0eu\x93\xfcr\xcfiU\x99\xa5\x06\x11\x16Y\
<3k\xb7f\x83R\xf5S\xd3t\x9a\xc8\xe4\x18M\
Rdrd\x9cN\x13\xa3\xcbH\x88\xd6\x91\xd3Lc\
;\xb9\xc1`P\xc6\x80U\x98\x95\xee6\xf1l\xc0A\
\x9b\x93\x1b\xec?FSq\xe2\x14\xb87\xd3\xbc\xf9\xc6\
\x05\x07\xd9\xb6\xc8\xd2\x95a\x8b\xc8n\x9c\xb6\xc4\xda!\
\xeeP\x5c6\xb3\x83i\xfd!\xd3\xfal\x87\x1d\x0a\x9a\
\x17f1;T\x1d\xd8Pu\xe2\x04\x8b1\x01\x05\x93\
[\x90pK\xb3<Fk\x9c\x96\x9cg\xd3\xe4\xa6\x83\
\x13\x13`\xbf\x86\x80H\x1a\x80=q\x91\x09\xc9x\xf3\
\xa2\xf5\xc9\xb1\x09\xa9I\x0e)QT0=+\xa5\xe6\
\x14%{\x12\xc0g \x0d\xd2\xcd\x12\x03\xec\x92l\xea\
\x84\xfd\x10KU%\xb8\xcd\xca\xec\xdcs6`D\xb6\
\xd3\xa4\xa4\xc2\xee\xe9\xa6\xb2X\x83\xdb\x8f\xfd\x98:\x9c\
\xd1\xa7!\xd5\x07\xab^B\x12\xde\xfa\xdazc\xa5\x9d\
\xb1\x22\xe8\xb1\xcd\xb5\xd9z\xd3TU35!9F\
\xcf\x22!\x02\xd7\x96\x1f\xe5d\xed,\x1d\xacOJ\xc1\
\xace\x8b\xb7\x85\x81Q\xeec?Z\xdb7\x1el\xe6\
ZZt\xaaN\x97\x9c\x16\xaf78f\xe0xe`\
wkO\xd1`}J\x02{\x18f#\x014b\xd9\
,g\xdc\x043\x8d\xe1\xcc\x06\xdb4\x1aw\xd2\xf8b\
\xceQ\xbel0\x0bs\x84\x89\xe2:\xc6\xf9`\x8d\xc3\
\xb4\x02\xbd0.\xc5:\x98\xf1,b\x8c\x95\x8e\x07I\
'R\x93\xa8\x8f\x06\xafF\x9a\x07\x10\x13\xcc\xd7\xe8\xf4\
\xd4T\xb0\xb8V\x95\xd4'r\xa8\xb7\xc62\xcd@\xaf\
\xc0I\x05]\xe3f1\x1c\xe7`\x9a\xe3\xd4\x90\x03Q\
[\x8d\x0511!%J\x1f\x99\x1acv\xa2\x83Y\
N\xb4~\x98\x08\xdb\xec\x95\xd33\x9eQ\xf3O\xef6\
\xa7\x8e\xcdr\x93\xe4\xacF;\xc1\xa0KJ\xb3\xce\x1c\
\xb67\xdd\xc0\x9el\xfd\x107\xcc\x03\xbf\xd1\xb3\x92\x03\
\x1bO\xf8\x97\xe4L/+\xc5v\x83Su\x91X\xdd\
\xccK\xd5`\x8d\xa1\xf1\x01s\x88k\xc7\xed\xa8\xce\x98\
\xc1\xb0q\x1d-T\x935\xba\xa4\x14\xc0.$\x8b\xff\
#i\x97\xf0\x97\x98d-X\xcc\x89\x22\x1f\xe3\x10\xd6\
\xb9\xe2\xb9aoU\x0bNl4\xd8<\x8f\x14\xf0\x12\
\xb0?\x8eA\xa2\x02S\xc3\xba1\xa10\xe8\x8d\xb5\xbf\
\x8b\xa5?M?@\x11u\xd38\xbb\xcfj\xaf\xeb7\
\xf9\xba_\x9e\xb5\xbb\xc2\xd2}\x86^\xcf2n\x82\xc0\
I\x816\xb0\xc4\x1f\x9c\xce\xf6\x5c\xebo\xd1L\xa7x\
\x88.62=\x91\xdd\x8aa\x16E\x94ieY6\
\xdc\x08\x83j\x9be3\xdb\xe0a$z\xe6l\xcf0\
\x15u\xcc\xed\x83\xac\x9c\xf8\xef}\xd2\x1c\xf6\xc1r\x00\
\xbdj\x93\x03\x8a\x86c9h\x82Q\x0b7\x11\x1a*\
\xa9O\x92\xc1\xa8\xc4B\x87\x03\x85H2\x9e\xc53\x8d\
\x88|\x88.\x0dzq\xca\xb0+69\x85\xf7\xa2\xb7\
\xe0\xb0P\xab\xc2\xca\x11s\xd1/\xac`H|\x1f\x9b\
\xea\x0d\xa1lLd\x06\xb092*!\x11\x83\xfcX\
}*\xa5,z\xb0\xf0$i6\xbe\xc4\xb4\xa7\x97\xcf\
<eC\xaffJ\xfa\xd8\xd8\xc4\x84d\xd6\x06\xb7\xc6\
\x1d\xc2_\xe2.86/\xbe\xa8\xdb\x83\xa7\x16\xe5\x5c\
$\x8d\xaa\x0e\xc8\xd0\xded@\xf3\xceLb\xbd!\xc0\
\x03\xff\x99\x0c\x16G\x03s\x8b\x8e\xd7\xebI\xf0\xa2\x07\
UN5\x9bI\x96\xc4c>a\xbc\xc4\x90*\x97!\
\x09@\xca\xa0O\x9d\xae\xc1\xa8\x09\xf3;\x96S\xc0x\
3f\xd8\x9c\xf1Pl?Xr\xbd\xacQ\xdesZ\
\x9b\xd4T=\xcb\xee\x09\xa2\xe2rF\xd94d\xe84\
]t:\x87\xf0\xe3Vs\x5c\xe3:\xda\x98in\x89\
\xa59!\x85\xadR\x8c5\x89\xb8U\xa4\xa5\xeeA\xe2\
\x0d\x9c[\xe2B\xc8\x19\xd9a\x13&\xb6\xb3\x92hK\
\x91\xc0f\x1c\xacZ\x0c \x02\xbc\xf5\x86\x04]\x1a)\
\x0c\x8eD\xdb\xf9\x13a\xb0\xd3\xb0O\x84\xbe\x8a\x88\xa7\
E\xcd\x83=\x03\xb7Mj\x11\xa1\xb6a\xe0a\x91i\
\x86(=[\x1b\xebbU\x9aw8\xe8\xa6\xc5\xb4\xd2\
\x14\xa8\xf10\x1d\xc4*$\xacg\xdaT.4\xcfp\
\x14\x82a0I\xfb&2\xdc\x04#\xe8\xb16,\xaf\
\xc4\x0d5C\xa7\xa5$\xeaS9\x1c\xb2\xad\x07\x95g\
p\xc8\x16\x17\x06\x1dM'\x87\xecQ\xd9Hb\x1d\xb6\
\x19\x0b\x92\x80\xceB\x80\xca\xcc\xb0\xa4*\xa6IVK\
\xc6B\xe5d\xb74]djt<k'pK\xdd\
\xc2\xb8\x8e\x0c\xa8X\x87\xeca\xd0M38\x02\x89u\
q\xbf`e\x900\xb8\x83\xee\x81nDhH&-\
\xd2\xc2\xbd\x93!\xe4\xc4\xe0\xd7\x0088\x0d\x9c\x13,\
\x15B\xdc\xe8\xf8\xc8\xd4H\xc0\x0f\xa9\xec\xb0\xb2\x887\
\xa1\xc4\xe6v\x86%\xb0\xa4\xc0\x19\xb7\xc0\x98\x94\x01\xd0\
\xbc\xe8\xdc1`I\x0e!!)\x85\xd1\xbcX\x86\xdd\
B\x84\x01\x9b\xbch\xb0\xc9\xd9L\x86B\xb6f\xb0\xe4\
\xd5\x9e\x93\x10\x87\x8a\xb5\xa1\x8b\x8d\xc1\xba\xc5mX\x10\
\xd9\x0e\x0c\x89\x86q\xc2=g\xaa\x19\x0e\xe99y\xdd\
\x8e\xea\xa6\xf9\x9f\xd9\x1d8\xba\xf0\x8e\xcdB\x0d\xd3\xa7\
N\x05h\xc8\x8e\xb1\x86\xa3ah\x9c}\x147|\xd8\
8\x07Q\x5cK\xba\x96~\xc2J\xb4\x1e\xae3\xd8+\
\xed'\x93f\x80P\xc3&\xcc\xfc\xcef\x7f\x87\xa7\xea\
\xd3S\xd8\x81\xab/\xc4\x86\x9a\x10\xaf\x90\x01\xc8g\xc6\
sZ\x18\xe3\xe4\xeb\xaf1\xae\xddc\x5c7\xdb\xa7\xf2\
\xeb\xdd\xc6\xc2M,\xc6\xcc\x98\xb1\xec\xa5\xcdF\xf8\xc6\
\xb0m\x84\x22\xe2C\xba\x0e/0\xbc}\xf2<kS\
W\xdf\xb8dPKMdJ\x0aD\x80\xa4\xfb\xd4D\
\xa7F\xa6\xc5\xb3\xe3j\x95\x85\x80\xeeA\xf0E\x9a\xd4\
7\xe6 aHH\xd2\xe9\xd3\xd9i\x18r\x12\xa1\xb9\
\x01\xf1\x11\xbc\x09=Y\x93H\x037\x92\x8a}\xban\
Z\xb4.\x85\xd3\x95\xcbp\x10\x11\xfe\x92\x11\x18)\xc8\
\xf0\x06\xe4\x88+\x86\x92\xe0\x0ey\xa6\x89gm\x12N\
5\x8f\xd1\x81\xd4%\xb2\x06h\x82\xdb\x87\xf9\x84\xfe\xe3\
E\x90B\xdc.L\x1d\x9c\xef\xf7L\xd7K\xf7z\xd9\
+\xdbA\x07E\x03g\xf7:R\xe8\x83\xfa'\x99\xa2\
\xd0\xc7$\xc4&`\xff\x94\xc0\xce_\xd5\x8f3N\x95\
\x87\xbf\x8c\x1e3\xefpF6F\x11\x0c\x88\xd7\xca7\
9-\x05\xe3\x86\xe8\xc8\x14Cz*\xd00GU6\
\xcc\xc7f)=\x1dk\xb3\x9e\xbe\xe6|\xee@\xff\x91\
,\x96`\xbd\xc4:I\xe3\xa0Y\xf5\xb8Rn\x12]\
\x8a\x7f\x1fFs\x95\xb5yzR\x14[\xfbe\x94\x95\
et\xa9c\xe9B2+\x99+\xb3\xb7\xcc#\xe3\xd6\
\xacw\x85\x89\x8c\xcc^\xfd\x91\xba\xe9T\xfc\x07\xd8*\
\xc5Ar\xcf%\xe0\xdfe\x8d\x82U3\xaf\xc5E\x00\
#F#=JF\x93Ao\xa7\xdb\xb2\x08#\x13\x80\
\x17\xa3\xf5\xc9\x93u\x10\xc5\xc6\x82m\xd1\xe8\xb8 \x90\
\x8a\x84\xbf\x80\xc3\xb0c\xa1\xf9\xeb\xba\xa3\xcc\xf8\xcb\xec\
X\x1e\xcd\xfe\x8a\x1b9C\xd7Z\x91s=\x0b!\x8b\
\xa9\xe0\xa0$\xf2\xd3Nx]x\xdf\xb6\x97\xa3\xc0\xa2\
\x8f\x82\xf0-9\x9a\x85\xeb\x14\xda\xde\xb9sB\xdf\xcf\
ugp\xad\xe1\xe8\xc8Izl^3\x12\xe2(\x85\
\xe4f\x9c\x22\x0e\xf9ia\xbeAh\x08Mv\xc4\xa3\
!\xee\x0c\x1a2\x92}>\x82Y\x1be>\x98\xf3\x87\
\xff\xa6\xa2X| \x80\x19_\xa3\x88\xda\x12\xfcY\xf8\
\xcb\xf4\xe6QN\xb5\x98\xcf\x8e\xa3\xf5\x80\xdbu\xfe\xba\
\xd4X\x8d\x0eb\xbf\x98\x8e\x80\xe1R\xf4\xa9\x06M\x9c\
.\x19\xe3\xf7\xda\xcc\xe8\x90\xda'\x10\xe7\x1e\xe2\xa65\
j\xe5\x18KG\xcd\x0c\xf4\xc2\x13\xaae*\x9e\x0e\xa7\
\x02P\x1d\x90d:\xe8rB\xb2\xe3\xd9t\xfc\xd4l\
\xf0\x1c\xe0\xdfk\x191\x10'\x03\xd2 \x12\xd5\xc4X\
\xc1\xbeu|\xfb!\x03\xb9\x87,B\x01\xffN#\xb4\
>l\xc9\xa3v%\xe8\xf9\xec\x0fZeh\xbe\xce`\
\xc7\x0eo\x1a;F\xd0'6-\x01\x07\x89S\x13\x0c\
\xf1`VctV\x1e\xf4\xb6\xb0()r\xba&\x0a\
'(\xa2\xcd92\x1fkB\x9a\x95\x08\xff\xdf'\x1d\
\xe7\x8e\xc5\x08O\xdd:\xbdA\xb4\xe9Q\xee\x96\x9a\x1e\
\x9e\xaa\xfd\x1c\x93\xf5\x96iN\x8dL\xb3\x09\x96\xfd\xc4\
\xbc\xb8'\xa6\xbd\x18\xe2Vx9g\x14\x8e\xfc,)\
S\xff\xb0\xc9Q\xb4sno\xdad\x12\xd2\x00\xd2b\
\xeb\x92\x9a\x9e\x9c\x8c\x0f\xe34T.5\xc8\xa0O\xa1\
B\x14C\xeatvp\xccr)\x92\xd1f\xbfa\xdf\
\xb4\x19\xdd\xa2\xc1\xf4@\xd1\x83&N\xbe\x1e,\xc9+\
e\x98X7\xb3y#U\x1d\xa7;\xa3\xe1\x93J\xa3\
\x81'\xc0\xf34\x03,\xfb\x01<\x1c\x0f\xc0V\x1f\x1a\
T\xac}@\x1f\xc7(2\xd0\xf1\x80\x5c\xf2\x80\xda\xd4\
(&d\xac\x98\x00\x7f\xf1\x86\x9f\xbd\xe0\xe7\xc6a\xa2\
h\xe9\xe4\x18\x9c\x1f\x9aY9\xf3\x0f\xda\xd6\x848\x98\
\x14\xecRz\x12\xde\x0f\xeb\xac:\x92z\xe6\xed\xe5\xd5\
\xa67\x89A\x13\x92\xd3\xb1a&\xa5\xca\x10\x0f\xec\x8a\
IH3\xa4&D\xa5c\x03\xea\xc1>\x85d\xaca\
ya\x9c\xcf\xf4\x8b\xa1\xb6##\xb9y\x1ei:\xf6\
\x8e\xda\xf5\xc5y\x8ee\xaf\x96\xdb\x10\x95\xda\xdc\xd7\x10\
\x9f\xaa7\x18\xd8P\xae%\xb3\xbf=\xbf0/m\xd8\
\xcaL\xcbzpdc\xc9'\xa6\x15\x94\x17\xb8&i\
d\xde\x0d\x9b\xef2\x932.\xce3.Zc:\x98\
W\xb5{\x19\xbb\xf8\x82A\x03\x83\xea8w\xacM\xb6\
H\xc5B\x85,g\xc0\x95\x22\xa7\x8a\xaaJ\xf3Y\xa1\
\x1a\x93\x10c\x22J3\x09\xee)\xb8\xb1{b\xd7l\
U\xe9\x11X\x99\x19\xf4<\x18\xf4L\xbb6\x19\xd7n\
\xa3fE\x15Y\x18\xe7\xe7\x18\xe7\xac5\xed\xfa\x92{\
@;\xbe\xe1\x81\x18\x01\xb0\x85o\x14\xc9\xcaE\x87L\
\xb3\xe7\xb0\xecA\xf2\x95\xc0m\x0c\x1f\x0e\x8b\xac\xc5s\
\xbb\x84\xbf\x9c\xfe.p[-q\xbbj\xb4>\xa3\x96\
D\x9f\x80q\xde*\xe0\x02~\x22\xdc\xa4\xc6\xd5\x16\xb5\
\xe0F>,\xebA\xb5b)\xad\xac\xe0yDv-\
\xfe\xa6)I\xcd:?\x99\x7f\xa4!\xde\xb1\x13\x99\xe0\
h\x94/2C\xf2\xd8\xa3 \x19y:\xcf\xfc}g\
\x07\xb3\xeaB\x9bUo\xbbY\x05OO\xa1\xb96\x19\
\xae\x09\xb0\xfc\xd8\x999\xe7.\xac9\x9f\xfc\x7f;g\
$\xc3\xc7]v\xbf\xef\x8a\x7f\x1f5 N:[h\
\xf7\x97n\xf0\x17\x1f\xc6o\xba\xe3\xb6\x16?d\xd7\xba\
\x07\x8d'Y\xff?x\x22\xf3\xb7\x1d\xbbY~\xdb5\
K\xe67\x15|\xb2\xe5\xe7nY>\xd4?\xbag\xc9\
,N\xd0\xf2\xb7\x1e,\xaeJXh\xb7\x8e\xf6S8\
W\xa2\xdbC\x9d\xe3\xd8\xbc\xadV7U\xc3\x9dJ\xdb\
\xc3:\xf2\x91\x91\x8d93\x1duu{\x1cf9Z\
\xe3n\xffk\x8aCB\x11\xa4\xa9\x9d\xd4B\x86\xa5z\
\xceZ\xb9\x16Ehp\x08Y#\x09\xfaKw4\xb8\
\xce2\x0fZR\xa8\xa1\x16\xe7\xc2h\xa7-n\x81\x09\
q\xf1\x06v\x1dJ\x98\xab\xee\x819rb\xc1!\x8c\
`i\xfe\xb5\xadV\xaf\xa1\xa1\x1f3v\x05oiN\
\xcaCt7]g`\xb9K\x19x\x81{\xd1[\x18\
ys)\x90\xe2N\x87Ck\x9cig\xb4\xaekm\
m=\xcecEo\x14\xe6\x0e\x1c\x1d\xf4\x82Q\xee\xd1\
\x18\xba\xc6\xeaSuq\xa9$\xa8\xb7fm\xb8 \xb6\
\x22\xb14N\x8aK\xe3\x18\x81yC\xa0@\xe3\xa3u\
\xad\x9c\xbd\xe3\xa4\xba\x11\x8c\xde\xf5\xa17\xb5\xef\xb5\xc4\
\xf1\xaa\xf0\x978z\xc4\x1du)\xc5\x97lG\xd8T\
\x90\xad\xd1\xc7\x92\x87\x00\xbaZ\x89\x08\xa2\x82\x22\x90\xcd\
\xaa\xfb\xa5\xe8X\x07-\x0a\xdc\x04\x0b8>\x89\xb4q\
\x177%\x15B3\xca\xc1)\xa33\xee\x08Rb\x91\
\x0c\x1d2\xc0\x7fl\x096%I\x02K\x85\xce`\xd0\
\xb3d\x8c\xbb7\xd2\x14\xdc_\xec\x8e\x93\x22\xb4\xd4\xb5\
+\x83\x92\xc6\x00\xaa\xa2\xd3\xe0\xb0\x9b\xad\x7f\x12L\x16\
\x8b\xa8\x0dx\x91\x9d\x03I\xb9\xfc_\xd6N\x95\xbc8\
X{[\xdc1\x0e\xe9\xf6dd\xd7\xa6'V\x92-\
H\x92\xf8\xec6\x11\x22\x8f4\x03[eX\xc9?<\
\x82V\xa6E3\xb7\xdaY\x1fg+\xad\x94H2\xeb\
\xc8}\xc4\xee\x8cA\x8e=\x11Z\xe6\xc1\x05\x93!S\
\x18t*\x1c\xe7\x0dM,\x84jOdX\xc8\xd5\x92\
\xc8\x10\xe0\xa32\x1b|\xf0\xc3\x07`\xaci\x17.\x0d\
\xf8\xb7\xb6S\x19\xbftCJ\xba\xa1\xd6\xdc*\xf6v\
\xb4a\xb0oaM\x05,\xb4\xd2\x96\xe1\xf0\xa7L\x00\
K>V\xa0\xdc9\xd8t0Z;\x99[\x83PM\
I\x87 \x9dm38\xf7M\xe9_\xdbv\x09\xbeX\
Y\xd0\xd56i\xff\xc84\xf6Q[\xeb\xf0\x97\xd1\x97\
\xb5\x9bqK\x1c#p@\x09\xcdJ[\x8e\xab\x05I\
\x03\xc2\x9c\xa8\xa4\x04\x03#\x8fB\x96=\xb8\xb1\xcbM\
\x01Db\xda\xb5\x80H5I\xb3\x16\x14\x89\xa1\x89\xcd\
\xde`\xdf\xcf\xda\x1f\x0a\xbd\xd0\x97\x0a\x00\x81\xa5\xc7\x13\
\xdb\xcd\xfeP\xfc\xc3\xf2\xefmz\x8c\x95E\x9f\x9a\x84\
\xeb\xcbX!\xb1\xa5\xf5'\xce\xae\x9ci4j9\xb9\
R` \x85\x0f\x1f\x19'\x95\xce6\xe8B\x9d3r\
\x9f\xbd\x92\x9dc_\xe9\xf60\x8fni\x9d\xd3Sb\
pi\x07ww\x01\xa3\xd0P\xee\xef\xb8\xa0\xd0\x15\xb7\
\xfc\x0f\x0b\xb6V99^\xb0\x04\x93b\x9c\x08\xd7\xa1\
w\xe4<\x1d\xd6\x84\xbf\xc4\xab\xe4>\x9fe,BC\
\xa7E->\xa6\xd6\x93YE\xd0\x85h1\xae\xf7`\
\xc2:\xff\x84\xe4\xe8xO\x5c\xed\xe1\x00\xd6\x0d\xca{\
\x03\xd6C\x07S\xb2\x1e\x9c\x04\xe7\xe3\x83\x93\x1a\x85_\
\xde\xf8\xb9d\xbe\xa0\x17@h\x0f\xf8\xec\x8ez\x92\x9f\
\x1ed\x0e\xc1\x07\xe00\xf9\x1f\xebh^\xfe\x89\xba\xc8\
4\x9d\x06\xc6\x01g\xeb\xebO\xa6\xf2q\x0e\xa9\xa3F\
\xe7\x11\xe7\xa1\xf1\xee\xd5\xd9\xc3\xbb{O\x0fo\x0fo\
/\x9fn\xf0\x7f\xf6\x93\xe9\xfa\xc9\xc9\x84\xc2\xb0>0\
|8\xc7\xf0\xed?1|\xa8\x8f\x8fw8\xe7\xb8N\
\xd4\xb8\x16\xabE\x83jM\x184#\xad\xb8\x07cI\
\x96\xd5\x1f@\x91\xc1\xd8\x85\xbe\x84\xff\x03N\xf6\xb0\x1b\
\x96B>xI11\xe0\xfb\xd2\xfe+C\xbd\xf2\xde\
\x84\xb8\x05\x0c\xcc;\x92\x91=\x8f?\xf6U\xc0|\xcb\
\xfc\xc0\x07\xdb\x89 >\xa1\xa0-\xbc/\xe7\x0c\xac\xd6\
\x90\xfc$\xf3<\xe6\xfa\xaa\xc8\xc4D\xfdT\x90\xd1\xd4\
\xc8\xe486g\x86Q\x9c\xc1\xe9\xd3\xff+\x92\xd6\x8b\
1;K\xfe\xf4\xffD\xe4\xdc\xf1\x0c\x22\xce\xae\xcc\x8c\
\xf5$g\xa0\x09\xf4\x82\xcf\xee\xe4x]\xe0\xbf\x1a\xed\
\xc8e\xaf2\xb2u)\xa1!4A#\xd3\xb7\xe9\x80\
I\xa2p\x11[2\x85.\xa3t\x86\xa9\x00*5\xde\
\xe4$\xbaw\xeb\xd6\x855Zk\xcbh!n\x8eG\
\xa3\x19\x01\xfa8\xff\x81\xbc\x80q\x96/\xf6\xe7>\xc1\
w\xc5\xad>qD\xebb\xee\xfb\xc9c\xd9\xfa\x98X\
\xf8\xcb(w\xdd\xae\x1a\x05.@\x99\xe5\x5cXl\x8b\
t,d\x0c\xa9\xe9\xc9\xd1\xd8\x88\xf5\xd6\xe8b\x12\xc8\
\xb2'*;\x88#\x00\x96Aw\xc5\xf0\x09\x13\xae\xc5\
L\xd73\x93\xa6\xe3'vp'\xb3\x05w\xe1&V\
p\xe7J\xd2\xd0\xa7\xa71\x02\xbcQ\xbaXv|'\
`\x94\xcf\xc8\xfc\xad\xf52,\xbf\x8a\x1bbG\x88}\
C-\x1cv\xb5\x91\xa0\x9c\x85c\x1e;c\x92\xb5\x90\
\xaao#\xe5\x98\x88@+\xa7UK\x0b\xfc\xd3\x13\x13\
\xd9\x17\x0e\xa0\x09#\xc4\x97\xe2f\x9c1>\xe0\x1e\xdc\
\xbaV\xdc\x93\x8e\xef\xaa\xd4^&\xc7M\x83\x8e\x911\
\x95OT\xc9\x09\xb42?\x0d}ii,\x04%\xc3\
M\x02\xbd&\xc7\x8c\x17\xd0\x17\x97\x16\xaf\x19\xa1K\xe5\
\x5c\x1c\xb4\xaf}qi\xf1\xb5,N\x92\xde\xbb\xc0\xcd\
\xcf%\xc0v\xb4 \x0eH\x8f\xc4\xc5v\xac\xc9cY\
\xb1M>\x10P\x12[\xf6\xbcg>\xb1\x81?\xdcd\
:\x1b\xfcE\x8dW2\x8b\xaa\x02u\xd1\xfa\x0c]*\
{D\xc6\xbd8q\xa0.\x16\x5c\x0a\x8bc\xeeQW\
g\xde\xc5!\x0cN\xa5h\x95\xb8\xe0 #\x1b\x1f\xec\
\xd7\x22\x88\xde@+\x9d\xbc\xb1\x05!\xa7\x1e\x87\x5cT\
\x112y\x1e\x90\x9e\x9c\x16\x19Ky\xceZ\xcc\x09\xae\
\x13\xc41<g\x055D\x0f8~\xff\xef5\xd3d\
\xd5\x22\x03_\xcb\x03uIz\x03\x8e\x03\xd90\xdb\x89\
\xac\x17\x1dP$\xc5\xbdp14}\xe0$\xe0%\xf3\
\xf6\x8ayd\xb2\x1e\x9a\x85\xd8\x8b/\x06g\xd1\xe2\x1f\
Q\xa0\x8e\xeb\xc0\xbes\xf8K\xaa!\xe7\xa5\x96N\xa8\
\x1f\xfbb\x8b\x0d\x9aP$iN\xb9S?\x87\xb9\xdf\
\xbaX<\x826\xc4\xe9\xc0\x95\xd9\xdf\xcci\x03\x81\xbe\
\x01\xd7\x8e\xe0\xd5\xe9S\x13\xe2\xf0\x15\xc0O\xde\xcd\x91\
\xe1`\xdd\xee\x06d}*e\xa0\xd1\x82\x19\x1d\xe8(\
\xbf\xe3\x148:b6\xce\xbai\xdd\xed\xa2\xbdF\x81\
:Czj\xb2\xa5\xb6<\x19g\xde\xb8\xf7\xd5\x09_\
\xbd\xc1\xc6\x9dE\xa3)\x93F\x8a\xc5\xc0;\x88 \x0b\
o\x05m\xa0o\x12\xe8\x0b\xbb\x8c\x18\x05\x22=\xfc\xc7\
@\xd3R\x8eZE\x89\xe5\x84\x84\xa6Z\xd4q&K\
8\x82L\xa1\xe3\xb4>\xb6vA\x91 [\x03\xd9y\
L\xaa\x1d\xcd\x1a\xca\xcc-9\x12\x05\xae~wC\xc7\
}\xc2\xab7 \xbb\x7f\xca\xa5\xbb\x84\x89\xb0\x13\x0fV\
aY\x89\xeb\x88\xe9\xda\xdd\x08hM\xd2\xc1\xfc\xc5\xce\
\x1c\x97\xe9\xe0\xad\xfa\xc4\x95\x00\x19E\x88\x91\x90TQ\
\x84\xf4\x9a!\x9c9L\xb0\xc3\xb8Sm'4\x98\x80\
c3,\xc3\xae\xdf.3V\xc7V0\xae\x19\xcb\x99\
\x10S\x90\x09D\x90+\x86\xe5\xa8O\xebG)\x07\x87\
\x09!\x07\x0c\x18\xcc\xa8\x9a\xabG\xeb\x98\xa43DB\
0\x17\xc9\xda=\x5c\x0d\xfc\x89\xddkH\xd5\x06\x7fr\
\xff\x9a`Z\xd4=\x9c\xdan\x22X\xa8%$'`\
WVK\xcd.\xa6\x87SL\x0ct\xd9\xc0\xdc_O\
\xe6\x96\x1cU\x8b\x8apM*M\x80\xa5Ad1*\
\x87\x13w\xc2\xd9j|\xbf\x00\xef8\xc3\xea7\x0d\x22\
-\xae\xc6|\xdd@C\xca\x8c\xb5\xac\x9b\x93N\xee\x1c\
\xec\xbf)[G\xdb@\x8a\x0e\x863\xe4\x05\x16.\xa0\
\xd0\x1aw\xaf-?\xc9\x98ZK3IZj\xd2l\
\x02\x1d\xce\xaf~\xde\x1bK^>X\x85K}\x19s\
ln&\x18i\xf1.0\xcd(\xea\xea\x1e\xe7E=\
7L\x0bk)\xa6\xe2E`\xff\x1c\xe5l\xd9\xaf\x1a\
E\x88\xdb\xe4\x18\xbck\xb4\xc0\xae\xbfu\x04Ri1\
\xd5\x8e\x94\x9b\xee\x88K\xed\xd3\x18\xbb\x0a\xa3\x9b7\x16\
\xdc\x9c&\x1e\xa0\x12k\xdf\x5c\xa8\xf5\x84\xb8\xcd<\xe5\
`M\x9d,#&k\xf4\xc9\xb8\xba\xdf\xb2\xb6(\x1d\
>Q\xa0\xd6G\x16\xe6s\xad\xb05\x0ea1\xe5x\
\xb5\xb6\x13\x1eir\x0c5\x0e\xae\xa1\xb7\x5cq`\xad\
\x8e*>0;h*B\xb5\x0c\x1a\x99J.\x8b\xca\
j}\xea\xda\x83\x13\x0aB\xf1\xb0\xfd\x89\xf0\x1fMp\
\x96\xb6\xc2V\xef\x17\x14\xaf\x03ll,>QQ\xbe\
\x99\xfd@\x81\xb5\x9b\x17\xf1\xc5\xbb\x99\xf7\xf1\xbd_/\
\x02G\x7f\x85\x89AW\x82\xf3'\xb5\x88\xba?6>\
\xdc\x180\xd5J\xb0\x1bI\xf0\xf1\xec9\x95\xfb\xcb+\
\xcb7Pw\x82\xf1\x8fd\xb5j\xd5\x89\x9d\xc6\xc2b\
\xfc<\xc1\xb6RS\xde\x06\xe3\xaam\xc6\xc3[\x8c\xf3\
\x0f\xb3\x945\xb6\xdft\x1f,\xa7c?\xd2.\xa5\xd6\
\x0d\x8a\xd7O\xb5\x1c4\xe1\x833\x8e:6\xdc\x11\xbb\
/\x9d1\xe2\x17[\x02\x96\xea\x98\x9e\xacI\xd4\xc7\xb1\
\x8fJ\xf0i\xab\xcd+\xe2SLV\x93\xa4\x81\xe9C\
m\x1e6(\x09<'K\xe9\x5c\xf1\x8d\x80OX?\
\xe7 \x03L\xfb\x93\xc6\xcf\x19\xdfX\x9d\x1cS<z\
Vr\x04\x1a\xff\x13+%\xda\x95\x22\x93BKjF\
\xeb\x13\xb1\xcc\xe04\xa3\xadp\x85\xbc\xbd\x19\x97\x9e\xca\
y\x94\xd1\x0c\xbbz<gnCA\xb3\xfcx0,\
\xdaI\xa4\x81\xc0\xa3\xb2\x9c<.\xa5`\xe4=\xe5d\
\xd9\x13w\xaa\xd3\xd5\xd2\xbaV/o\xeb\xef\x98QN\
\x98\x12F\xd9,\x16\xb5\xa5\xca\xaepR\x07\xbf\x02\xa0\
s\xc0,N\xfc\x83\x89\xda\x22\x10L(\x85\x03\x00u\
\xb44udh'dX\x8a\xd7h\xbe\xa3\xa3\x85\x1c\
\x8d\x9bd.\xc4\x5c\x9d\x86\xffB\xd5\xacq\xc5\x88X\
\x0bir8=\x0d`;K\x07p\xa3h\xe92\x0f\
f\x12\x95j\xac\xb1\x96D\xa5q\x5c=\x02\x99\xb6\xaf\
\x01\x95\x05G\xa6\xc6\xe9\x0c\x5ce\xa0\xd4M-\x8ca\
\x17\xe0#o*\xf9\x8b\xa37\x9a\xa1\xf6\x0c\xb6\x19\xad\
T\x12\xd4\x02\xd0\x01\x1bj9\xff\xb6as\x5c.\xcd\
6\xccuq6&\xf7\xf14\x02\xc7\xd8T\xe8f\xcb\
`\x91\xb4\xf5S\x93\xcd\xc7\xa1\x09\xe6\xea\xef\xf4\xc4\x18\
\xb2\xa2+\x0a\x8f\x8c+\x02\xd9\xe7\xc3\xe6\x926s\x15\
\x99Mh\x83\xa9\x825\x5c\x0b\xc6\x02ET\x1ff\xfd\
\xb3\xb9\xbd/w=\x9d\xcb'+\xe7\x9c\x82?Q!\
'\xc95\xc5Lcl\xa4\x22X\x9f\xee\xf0u\x03Y\
a|\xe1[\x03\x9f\xd1\xc1)852zr\x14\xae\
\x01w\xf0$\x02.C\xb1\x19@\x5c\xd5\xc1.\xdd\x1c\
\x03r1\x88zF\x02\x9f\xdf\x07\xab,/\xff\xd44\
\xd6=\xa0\xbc\xe6\xb8\xc9\x01\xab\xe8\x89\xd1\xa0\xf3\xd8U\
\xd0\x84\xe1\xb31A\x83\xcc\x8fMT\x9dZoZ\xbc\
\xc5X\xb4\x98\xfe*\xd0\xf3\xe3kL+6V\x1e;\
e~\x90\xa2\xf4k\xe3\x82U\x1a\xeb\x95\x07c\xe1\x22\
\xca\x8dp\xbc\x1bDf\xed,\xf5\xda6s;&\x99\
,D\x00WI\x86\xdc\x0e\xf0\x9d+\xee\xcc}\xd0i\
\xc3\xad6RdN\xc0\xa1E\xc2\xb4\x02\xbe\x1f/f\
]`on\xa3\x00\xf3\xc0\x87\xaf\x9f\xb8\xc8\x8e)a\
\xb1g\x08}}\x1a\x15\x9c\xd6\x22IpN\x02\xa7d\
\xc8\xb2;z\x98\xdc\xd2\xd6\x9d<\xca\xb2^`q\x1c\
#[\x89a\x9c\xc2H 6\xb3#F\x05\x14\x0e\x93\
\x8au\xe9\x84\xc6\xf7b\x90\xd2\xd8\x93\xa2\xee\x059&\
\xe6\x1c4\xc6ot-\xfeC5&9\xa1\x96\xc3\xe2\
\xfa\xd8\xc3\xc2v\xa7RA1\xd20\xb8\xa4\x1e\x03P\
5U\x8f\x0b<\xa2\xa3ui\xec\xbb!\x5c\xbdk$\
(\x0d\xa5\xd3\x9f~\xb1\xa3\xa2qKKg\xa7dS\
G\xd0nP\x8a\xc7\xeaR\xd3\xb8^\x09\xc0\xe1\x9fM\
E\xc7r\x88\x8b /\x96V%-\x0e\x89L\xe5\x8a\
\xda\x05\x01\xab\x02t\xb6,\x5cHj\x02\xfb\xb4\xd9\x99\
\x19:\x07\xac\x1a{\x8f\x11\xef\xba\x91\xbdX\x91s\x94\
\xf9\xc9\x10\x1bLe\xbfj\xf49e\x1d\xb0\x00\x00\xfb\
\xdc\x00bz\xa0\x19\xe07SP{\x1b\xcc\xfb\x1c4\
\xde\xb4|aE\xf9!\x8d\x9b\xbb\xc7\x8c\x84\x94\xf6l\
I\xea7\xbe\x1d\xe3\x1e]_\xdb\xc6\x7f\x8e\xcf\x09}\
\x93\xa9\x1bt}Y]g\xb5\xb7{\xf0\xa7\x93m\xdb\
\xc9\xae~\xe9\x06\xaao'\x96\xd0\xe0a\x197\xef\xfa\
\xd2\xb6\xdb\x89\xec\x0d8\x9d\xbas\xd7\x97\xfd@\x01\x1e\
\x9a\xd1\xbd\x13\xad{\x1d\xb2;\x84,\xe6\xfe\x9dX\xfd\
\xdb\xd2\x9f\x8f\xc1\x81\xc3' T#\xea\xa5\x18s\x91\
|m\xe7\xae\xb2q\xa2\x88\xa7S\xe2\x18\xb5\xc7uc\
\xd2\x93R\xe2u\x91\x00\xc2RuS\xd2\xb9\xee\x9cp\
uSZ\xbaE\xe0n\x9f\xb8}\xcc}\xf5\x06_\x09\
\xc3\xf8= m\x99\x07\xed\xc0Ja\xbd\x0c\x06(\x9e\
\xe5'\x8b\x7f\x88\xef\xc1\x98\x88\xd4\xe1\xb4\x05\x8c\xc4\x86\
<!\x99\xc4\x85\x9c\x8fs\x04\x8aJl\x995qR\
Br\xba\x81\xc3\x14}\xa2\x5cZ\x94D\x96\xfdr>\
v\xc4\xacFIqP\x8dB\xbe\x84\x03\x1ca\xa4r\
T)\xf1\xfad]\x040#\x82+\x89#\xc1)\x08\
Fy\x934-2C\xc7\xd9\x967\xfd\xaam\x12i\
\xf8\xd2z\x0c;\x8f\xe7\xe7\x9aw\x97Y\xb6\x97\xa6K\
M\x88LLNO\xe2\xd8\x8d\xe5\xdf\xeb^/\x9be\
\xa3j\xbe\x08\xf8\x09\xab5\x95\xdbj\xb5\x06\x19\x8f\x02\
\x9d\x89$\xdf\xa1\xca\x22/\xb9\xb1^\xb7\xb2y\xfd\xcc\
\xa8T@\xd4Y\x1a\xe6\xfbV\xac\xe3\x5c\xf6\xc3\x80\x98\
\x0c\xce\x01P\x8f\x10\x92/\xd2\xe9HL\x8f\x9f\x19\xd3\
QC\x07\xbd\x08\x7fY$\xd5\xfa\xe0\x88\x1d#f\xeb\
\xb0\xfdh\xef\x08\x9a\x01\xcc\xdam\x00f\xf0[\x85\x99\
\x96|;\xf9W\xe3\xe1}\xd5\xb3s+\x8e\x1c3-\
-\xa88\xb1\xb6rM\x99i#\xe7\xf4b`\xd04\
\x18<\x954\x91\xf8\xa53,gYHf~.\xd0\
\x95l\x93\x00m\xf03q\xd4+\x89\x11\xd0Z\x07?\
\xa7Qm\xad\xd3\xeb\x90\x19\xa3\xa3\xf2\x22 \xe8Y2\
\xda\xf3\x81\xab3-G\x98\x11\xe0{\xd3\xe0\xaf\xec{\
\x06\xd4\x5c\xf0;k\xd1\xf0\x19Ar=\xabF\x82\x1f\
F\xc0rA\xb3cM3)\xe3\x1f\x91\x10\x93\xf5\xfc\
xN\xe5W\xe5\xc0\x83\x8a\xe3\xab\xabv\xaf{~<\
\x97\xfdNY&\xcc\x1b\xcf\x1e3:\x0b\x97]\xb1\x0a\
>\x1be&FF\xe9\x12\xb3\xaa\xd7\xce\xae\xfaj\x0e\
p\xce\x94\xb7\x9d{K\xf1\x93\x81\x98?\x1a\xfct\xa2\
-\x84\xc9L\xce\xd2P\x0f\x22\xb2\x8e.\xec_\x1dD\
2<\xb4\x99\xb1\xcc\x05'CL\xa7\xa71\xb4\xb9\xe5\
mA\x195\x19\x92\x91\xe6\xa5\x83I\xc9b\x9b\xefL\
R\x8a\xa6ai\xabQ`)\xaa\xf5q\xca\xc6\x99\xd8\
\xad\x02\x0f\xf3)y\xa9\xed\x9d\xca!\xff\xb9\xb6\x5c\x83\
\xbe@\x1a|+\x81]_n\xbb\x06a\xad\xf0\xae\xdc\
[n\x5c\x9f\x87Wf>\x92\xd1|\xa1\xa1\xee-X\
\x7f\xd7\x99\xb5P-\xe7\xd3f_p=p\x864\x96\
\xb3\x0f\xf2\xb9Gf\xb9\xbb\xf9o\xb6\x14\x9c\xed\xcd\xb3\
/l\xcf\x9e\x99\xa1bZGk\xe59w\x0a\xce\x83\
cVn\xe1/\xa3s\xe2\x06s\xb0\xa9=m\x9b-\
\xa3\xba\xc1>\x98\x16\xe7\x98\xd6\xcd\xa31\x84\xed\xe5\xed\
\xc7\xc9{\x15\xab\xb2\xb9G+\xb5x]b\x0a\xfb\xd2\
\x0ck\x8e\x11\x1a\x06\xfcW\xdbJ\xf90\xf0O\xfb\xe4\
\xe8\x8c;@\xf5\xfe\xc3\xe5\x1f\xe0\x09\x07\xa7X\xfbF\
\xab7ld\xa5j\xdd\x13\x07u\x86=\xb9fG>\
\xa9\xc9\xa0^#\xadQ`x\xaf\xf5\xc9\x98\x19(\x9a\
|\x9d\x16Bv\xb5\x8ce,\xd8h\xda]\x02\x06\xc6\
2&\x18\x17\xac*\x05\xcb*N\x14\x80i\xad\x5cu\
\xd2\x98\xb3\x00\x9ap\x04\x8b\xb5o\x91\xca2D\xd5\xee\
\x03\xa6\x95\x8b?)G5\xae\xd41\x05p\xc9\x0by\
:<\xe9\xb4\xca\x11\x08\x0f\x08\x92\xb1,\xdf\x94S\xa4\
\xf1\xf2t|[\xd2\xf18\xf6\xbb\xe1\xe9P\x95\xdbr\
\x8ej\x19\xd3\xd3\x91\x0a\x8b\xa8cI\x9b\xab\xaf8\xb2\
\xa8\xe2\xc8\xec\x8a#;\xd8\xe5\x162?\x0dCM\x15\
\xb8\xed\xf1\x8d\x14\x82\xe7\xa8rH\xbebCF\xd0\xd4\
T^\xcc\x1e]n?z\x1e\xf7\xe8\xaeZ\xf9\xe4\x16\
\x18l\x84\x89p\xe67 \xbe\xa8\xca\x82\x95loL\
@o\xd3\xce\xd2\xea\x85\x0b\xab\xd7,0\xeeY`Z\
y\xb2r\xf31\xe3\xfcm\xd5\xf3\xb6Q\x96\xdb\xb4b\
\x8b\xf1\xd4\x0a\x8eZ\x13\xe6T\xf38\xa6JV\x9bD\
\x8c\x09\xf3\xa3/?\xaf\xea\xc4\x09\xe3\x89e\xc6\xbd\x85\
\x9f.N17\xe7\xe6\x96\xc8\xeehZ\xea\xf0U^\
\x95V\x89s\xf2x\xf1+\xfeZi\xab]j\x00=\
\xa8\xac;\xb5\xd4\xea\x0d\xfb\xab\xbfd\xad\xa2\x8fVe\
I\xa0\x06+t\xafqR\xb8F\x91x*\xdd\xcd\x82\
\xe3j\x1a\xe3\xbb\xccQ\xce8\xddI\xfdN\x8b&d\
\xd8]\x86\xfd\xbc\xe2\xc8b\xd3\xec\xadU\xf3N\x98y\
]\x94oZq\xc8X\xb4\xdb\xb8\x08?Rl\xda\x87\
\xdf[\xa4\xfe\x04\xbf\xaf^v\xea\xf9\xf15\x95\xe5K\
M\xeb6\x98r\x96S\xf7\xea\xac\x7f\x85\xed6\x1e=\
D\xfd\x92C\x83%\xda6\xc5\x17\x19\xb1\x04\xf0qK\
\xf5\xc2\x82\xea\x92UU\xbbw\xb3\xf9\xe8>\xb1]\x90\
3\x9d\x8f;`\xa6\xc6\xfc\xe5\xac\xe2M\xf3\xbd\xd3d\
\xd0\xa6$\xfc\xf6*\xf9S\xa4\xf9\x9dY\x12Q\xd54\
\xf6\xbb\x9b>\x1eW\xb4c\x17\xce@*\x1e`x4\
\x99\xb8\xa0\x01la$\x99`\x06\xc5[Sqj]\
\xe5\xb2U\xc6\xf9\x87*\xca\x97S\xbe\x9c\x1b\xbe\x88\xb4\
\xbd\xf1\x9d&\xfa4\xcb\x8d\xbb\x8fW\xe5ph\x9d\xf9\
\xb6?}\xfd\xe5\x80\x8e\xb8\x9b\x0b\xb4\xbdW\xa6\xd3E\
\xb9\xbc\xba\xf4 \x9bf\x9e\xf6u\xa0h\x02\x9fF\xf3\
X\x1eH%\xd8Q\xe3\x91y\x9c\xcdu)\xb4\x82n\
ss\xd3\xb2=`lX\xae\x0d7\xc7\xd7t\xad\x97\
{\xed\x93\xaf\xae\xe6\xee\xbbK*N\xe6\x19\x8br\xaa\
\xcaJ1;\xb9r\xb1v\xc4\xb0\x97\xd0\x8e\xd4\xa2\x8c\
\x99\xb6\xc3}Nb\x94S\xa88\x8a\xad\x09\xfc\xdb!\
\xd98\xf7\xc2\x93dQc\xads\xc4WVO\x02\xc1\
=\x9cs\x94h\x8b'_\xd4\x8d\xa0\xdd\x05\x01\xfe\x14\
\x9bv\x17\x98\x96\xe5\x98\xd6\xafe\xb9FKs\x0c\x81\
a\xe4\x10\x12q\xc6\x80\xc8M\x05\x5c\x8ag\xe2]C\
>\x87\x87\xb3\xfb8\xfd\x14\xba~n\xea\xec\x0b\xb1\xb6\
@\xb6\x1f\x9d<\x85\x95\xcd\x8f\x09\xa5i\xbc\xbd\xb1o\
$/\xdaR\x07s\xd4\xe3\xa7\xc6\xb2\xf5U\xb9\xfb\xaa\
\xe6\xe5\x9bV\xb1t\xa6\xad\xf6\xac\xd6\x07K7\x1e4\
\xdd-\xaa\x87\x7fX\xba\x1b\xae\x7f\xc5!k\xe8\xdb\x09\
%\x19\xd9\x8c\xbbU\xbd*\xca\xe7\x03\x8b\xcd\x91\x0f5\
T\xc96S\xceaPb\xf8G\xd5\xc9\xa5\xc6\xf9[\
\x8c\xf9\xf3\x8dE\x05\xc6\xddG\x8d\xc7J*Wg\xe3\
\xffe\xdb2\x91\xf6l\xc4\x18\xda\xb3.R\xa0\x8c\xcd\
i\x0e\xcb>\xd6\xd5\xfe<^\xac\xfd\x80\x0d*.\x0d\
b\xde\xf5\xaa(_\x0c3\xa9(7\xdbV\xd3\x9c/\
\x8d\x9b\x0b\xb8G\xd4h\x7f\xb6TL\x05M+\xcc\xaa\
e\x95^@\xd5\x94;\xdb\xaa\xc2\xc6\x82#`\xbd\xff\
\x87\xc59\xdb\x86\xc2o\xd7\xe4\x9d\xd7\xedbx\xab\x16\
\xf6\x03\xc0\x9cs\x0eU\xed^dZ\xbe\x8b\xdbO\xa9\
\xb4\xc6\x80\xf80?|\xf0\x82\x0d7\xcd\xf4\x97o\x01\
/\x07^\xc8\xb4\xad\xd4x\xbc\x902\xc4\x1c\xef3\x07\
\x96j;E|K\x13\xd3\xf2r\x08\x95*\x8e\xec2\
\x9e\x9a\xc7\x99\x05`\x5cjVP\xb1\x9d\x83\xdb\xcc\xac\
\xa4\x81\xb99\xb7\x01TY\x9ac\xcb\x1aUM[\x0a\
\xad\x13eA!\x06d\xf7\x0e\x9b-\xd4yF\x13\xda\
\xfc\x99\xaf\xa6\x11\xb4\xde'\xd6V\xcd\x9eo*\xd9m\
\xca\x9fSq,\xbf\xb2\xfc@\xe5F\xd6T\x15\xb8w\
\x8d$\xe8y\x91\x94\x16\xcd\xd6\xa5\xfa\x02\xce\x04\xbf\x0b\
\xc3r\x84\xb0\xfd\xcc\xc9`\xf3\x09\x09>\x1d\x99\x90\x81\
\xcb\xd5\xf1B\xb4\xb2\x8c\xec|~\xde\x0d2\xccPD\
\xe1KN:|^\x82\x7f\x87\xcfHh\xee3\x88\xd2\
I\x0dyHB\x1d\x8f\x80\x07\x9c?\xa7\xaa\xec\x08\xb5\
p\x00K VU{\xe6\xe1\xbb\xe9\xe68\x04\xe0\xdc\
rJ\xfa\xcc''\xe4_\xa9\xf3\x12\x0e\xbf\xd9\x1a\xcf\
u\xbc\xb2H\x1a?\x0c3X\x8b\x82^D9\x8fw\
\xa52\x1f8\xa5\xc8\xa8C\xe8n\xb6\x12\x9b\x0b0\xc3\
K\x17Pl\xc7\xae\xb9p\x0fv\xd9\x9bW[S\x1d\
\xa6\xdc\xadU\xa5\xf9T>\x83\x95=\xc0\x83\xd2\x0fi\
W\xa6\xcf\xbc\x12\xba\x9az\xf6\x08\xef8\x8d\x09]\xcc\
CRo\x02\xd0\xc0\x048\xac\xca\xf2bc\xd9j\xcc\
\x02\x8a\x1d\xa4Lp\x81\x03<^z\xb7\xc4\x894\xa1\
#\xa9V\x96\x1c4\xed\xdd\xc8:\x07\xc7\xcdWfP\
\xc8\x11\xd7g\x04~,\x92fd\xb3\xf2;\x9d(\x22\
\xd5\xa5\x87l\xc0qc!V\x93\xbc\x93\xc0\x19\x98W\
m\xe9\x1c\x01N\xc7\xd1\x5c\xf0\xa9u\xc6]+?\x9d\
\xb3SP\x0d!\xa6\xe1z[\x1d7\xb7\x03\x9fds\
\x07\xe0\x137_\x09\x5c\xb7o^\xfd%f)G\xf3\
hbL\xeb\xe2%\x8c\xe6\xa0B\xc6\x92\xcd\xd5\x0b\x96\
\xb0+\xe3\x1eN\xd4\x07\x9d\xd7\x1a\xb52[\xb4J=\
\xb3f,\x5c\x04\xb6\x08\xc4\x97}\x8e\xf2L\xd7\x0b\x17\
\x9by\x11x\x19\x99\xbe\x96\xd2)\x06\x0f\xdc+N\x95\
\x99J\x8e\x9arv\x18\xd7\x9c|<{\x0e\xb5\xba\xca\
]\xb9\xd5\xe5+\xab\xca6\xd7\xc6\xa1\xba\xb4\xf3y\xfb\
\xa7\xa0\x94\x14\xba4?\x06\xf5\xe9\x8a\x06\x05\xd5\x9e\xfa\
\xda\x11V\x22\x097\x0f\xf3\x9b0fY\x98\xff%F\
\x8e\x1f\xd7\xd0$\xa0X\xf8\xb9\x03\x0a$o\xbb\xa6\xc3\
_\x92i6\xa6\xbd\x99\xf0\xdeB\xe3\xd1e\xd5\xcb\xd6\
\x1a\xe7\x15\x82\xbd!\x0f\x01\x82\xe2\x13b\x0d\x1d\xa8j\
P\x0e\xd3\xd3\x04\x8f\x0a\xc6&m\xd9\x1fX\xbf\x027\
\xcc\xfe`\xd3*\x1b\xff\xcc\xf4\xb15\xd9_\xbdb\x17\
\xa5\x5c\xc6E\x1b@\xb9\xec\xb4\x89\x95\x0c\xb0\xd4W`\
\x1f\x85U\xb7F\x81\xc1\xef\xca\xf4\x15QZU\xf8K\
\x1csed3\xfcW\x1f\xf3`\x94\x02\x93\x0e\x8bR\
`\xb0U\x14\x0e\x06M\xae^\xf7%\xc4\x0a8\x9dB\
\xc6bXu8]\x1b\xb9\x09L\x01\xb7\x90\xe7\x12\xf0\
\x96\xb8\xb9\xa5\x80\xd5zA\x97\xfb\xe9\x90V\xe6\x87<\
ho|\xc044\xb5>(\xe2l\xa5\x7f\x07\xd3\xc7\
\xdb\xcd\x00*-\x984\xd7P4\xa9}\xe5\x060\x12\
\xd6\x13$\x8a\xda\x1e\x18\x91X\xe2/\xfb\xe6\x14\x8bY\
\x05\x5c\x96\xe6\x05\xf3u\xafk\x1a\x93\x9e\xfeb\xd0/\
\x19W\xa6F\xe3\x07P2}\xa9o-a\xbcu\xde\
\x9fN\xb0\xea\xd0|\x88\xc5p\x04CA\x82r\x88>\
WT\xae)\xae\x5c\xb7\x89z\x10\x05\x94\xd0xr\xbe\
\xe9\xc8\xfc\xca\xa2\x05Tn\x81s\xcaX)XS&\
\x05\x9de&1\xca\xb4\x99I\x0a;rT\xfd\xa4\xbb\
Q\x10\xc1\x0e\x9e\xb9P\x1d\xac\x10\xc1!\x0c\x93`\x12\
\x8c\xae\x0asW\xc7\xcd1n\xb3oNA5\x0eA\
\xa9\x15+\xb7\xf8\xdf1q\xc0\xd0\xf4nZ\xdbQ\xa5\
\xd48\x7f>\xb83\xf0>,\xdc\x1e0\xc2\x92A\xaf\
Q\x04\x14`\xa7\x8e\xc7\xa6*\xf8\x00\x80\xfc6C\xce\
p\xf2\xbd\x8c\xf3s\xe89u\x1c(,(\xa0\xfc9\
5\x17k5\x1f\xc6\x1a\xa7\xd6Vn\xcb\xe3\xf6\xf3\x02\
\x0cCi{GbO\x8eF4.\xe2F\x1c\xfcs\
\xc2\x8d@}=\x91& ^\xab\xa4u\xa8Ku\xd0\
xj\xe0\x1f\x15G\x0a8:\xe3\x11\xaa\x98#\xccc\
o(nd\xb7\xffdC\x07\xfb\x8f\x9bg\xfa\xce\xdc\
j\xdf\x1c\x14\xa0\xf2\xd8V\xce\xe63\xb7\x06v`5\
?\xb6\xd5\x98\xf35\xeb\xf8- \xcd\xf6t,\xd8h\
\x8e/Y\xd0.\xa6\xafh\x7f\xc5\xb1\xc5\x9c\xdf{\x00\
<\xd3\xa2a\xb4g\xffe\x94\xc9\xd7h\x87\xb1\xde\xfb\
W\x99;\xe0Hs\x18J\xb0\x1d\x88\x9a\xbb\x84$\x0c\
K\xe0\xfc*\x07\x86sQP\xad\xb9\xdd\x07\xd9<p\
[zo\xfb\xe6\x10\x88T\x96\x94\xb3\xbf\x98\x02\x9aO\
\xc8\x08\xba\x99\x94\x83\x9f\xb1g@\x95\xc6\xe6\x8e\xe0\xc4\
\x0a\x97\x9b\x0e\xe5\x18s\xd6\x18\xcb\x8fq#\x17\x92\x15\
xs\xf1\xb7\x88\xd0E\x87\xa4@npeY)\x98\
,\xb6\xdc\xd1<)c\x99.l\xd7Y\xcb\x92u)\
\xd1\xc9\xf6K6-\xdbc*(\xe3\x9c*\x8e_\xb9\
\xa6J\x05\xae\xdcS\xa5:\x82\xe7eL\xd3\xd2\x91\xf4\
\xa6\xb5L0\xfbn\xeax\xfb\x09V-]W\x99\xbb\
\x8as\x1clL\xb0\xb7\xb3\x1f\xc7\x1c\x90\x91\x0e\xae\xf6\
7\x1fDT\xf6\x8b=\x19h\xc4,o\xa3\x1aRy\
\x166\xcd\xf9t\x10m\x5c0\x9f\x0bD\xe3F\x8c#\
~\x05\xd5\x90\xfb\xcd_h\x1e\xdf\x93Q\x84\x83\x9b\x9b\
6\x1e\xa9\xcc\xcd1\xad\xdd\xc96\xc4\xab\x02t\xfe}\
h\x86x\xc1*l\xc4g\x1fg\xc5\x15\xb8e\xb48\
t5\xd7q5\x0d\xde6\xa6(\x98\xf2\x17Bt\xa3\
\xa9\xfd\xdb\x94\x14\x98\xa6\xa5\x14\x9b\xb6\x1b$\x05z\xc9\
\xf5\xff\xfe2\xaa\xb3q\xe1\xb1\xea\x92U\xb8$\x8f\xcc\
\xc9:\xc0\xc5*\xf2;\x97|\xf0\xb7\x05\xe5~O{\
\xda\xa6\x811g\xa1\xa9\x00`\xdd1c\xce\x8a\xaa\xd2\
mU[\x17\x00Zw\xd0\x1b\x7f\x83\xa0\xa3\xde\xe4\xf7\
\x06r\xf7v\xc1\xbd\x03\xbd\xc8sT\x5c\x98N&h\
\xb5\xbdW\xae\xa4-\x82\xa4c\xcc\xd9\x93i\x88\xd7%\
\xe9\xb2p\xaa\xf3\xcb\x95\x0e\x08i\x9a0O\x9f5M\
9\x08=\x9a\xbd\xd6|\xfe\xfch\xf6:\xce\xf5\x04z\
Mr\x0f\xf3\xc3\xf7r\xed\xd7\x03\xddM\xdbv\xe0\x0c\
\xcc\xf2\xa3\xc6\xa2b\x07\xbdg\xdct\xd8\xbb\xf2\xeb\xe5\
\x0e{\xd7\xc5\xbd1'\xa3\x9cY\xbb\xd1\xd8L\x81\xfa\
\x12F\x08\xd5k\xd9\x13\x92\x19\x93c0\x8d\x8cl\xec\
\xb8p1\x1b#\xfd\xd2\x9a\xa2f\xda\xb5\x99\xa2\x83Q\
\x0a\xe9\xceL\xeb\xe6U\xaf*\xe2\xce\xc6\xc80Y\x8c\
\x81\x12m\xe0VM\x112',\xf6\xb3\xf1m`\xc3\
\x80\x7f\x19\xee[\x01#\x82`r;q\x05n\x1et\
1\xb8\x0e>\xfa\xa0i\x03\xd5\xa5\xb0\x00\x98F\x9d}\
p\x8e\xc3<\x86\xa1:q\x1f\xc3\x90\xe3X\xae=\xd8\
\x8fC\xbf\xd9\xc0\xd9\x91C]\xa9\x8e\xb5\xa8\xab\x0cw\
d3\x0fws\xc8<\x01\xf6\x994\xe3H:H\xb6\
\xc8A\xa3\xc91\xd892\xdck\x03\xaa9\xdeb\xd2\
?:H\x09\xb0\xdc\xb2\xa26?l\xf7\x1d*\xc6\x9c\
\x8d\xd5\xabX\xb7L\x5c\xe9\xf7Uq\xba,\xfc\xa5\xae\
\xfb\xf2\xef\x99GxTWz^\x94J\x86\xe1\x10\xb2\
\xe4\x10yd\xc4y\x84\xc7\xb8$,\xe2\xfe.\xcc\xd6\
\xb8Q\xf8\xcb\xe8%\xcb\x9b\xd7(\xc2D\xd4\xb7\xf3\xe0\
Rb\x1c\x17Q7th\x09\xaa\xee\x14\x11\xb2\x14`\
I\xf5\xca\x0d\x18.\xefY\x00\xf1\x9e\x05\x1al\xc4\x87\
\x7fd(\x04\xa6\x94\x82\xd1\x1c9\xaafxP\xf2+\
\xec@\xed&d\xe0\xafO\xa5\xbeR\x15\xd7\xb8\xd3\x93\
N\xe6\xe1\xc8M\xa1\xb4\x0f \x10\xf5\xf5\xa9\xd6/W\
\xc5\x8c 5\x9d\xbd_0\x0a3\xfdJ\xd1\xe3N\xbf\
J0\xec\x09\x14}\x91IkNB\x1dc\xce\x82\xca\
\xbd\xe5l\xeen\xa4]\xc6\x17QKg\xd3$\x8b\xb2\
\x19\x22C6\xe4\x16\x19w\x9c|\xd3\xfaDM/\xbe\
dI\xc0\xd5(\xb4JlK\xc2_\xe2\x12m\x8e\xfc\
F\x7f*\x01\x87\xeb\xa9r\x8fV/,\xa4\xa7\xe1p\
\xd6\xe1H\x81\xd9\x1a\xc2\x9e\xe5.5\x1e\x9f\xfd\x89\xa4\
G3<\x87`U\xd1\xf0@\xaf\x8c\x7f&\x94\xe0r\
D\xedE\xfc\xba,\x0e\xd4i\xa2\xd0\x89\x1a\x17\xb6\xb9\
z\xceBl\xac\xd7\x1c\x81}2\x1e\x9fk<r\x04\
B\xe5\xca\xf2\xad\x95\xe5\xbb\xa8@\x9e\xeb\x9bn\xf1(\
\xf8\xc9*\xcb\xa53\xbf0\x8e\xa22wj\x0c\x90|\
\xd3\xda\x5c\xaa\x9e\xcc<\xf5\x13k?Q@\xc6|\xe9\
JD\x85\x99\xacK,\xb8Q|\x9f\x085\xbe\xd7\x80\
\x93\x02\x96\xb7U\xf0\xef\x83U\xd18\x0a\x1bJ\x16'\
\xe9P*M\x09Hb\xa6\x8d\xc7\x8d\xc7\x0bM+6\
\x9a\x96\xe5P\xf9\x00\xb3qZ\x9b\x0b\xbf1\xc7\xb5\xa0\
\x04\xf9\xb9\x9a\xa1\xc9\x1c\x97i\x9d\xf1 5\x8d\xd3\xc7\
\xcf\x98a9\xbdg\x9e\x85P$\xf01\xf1\xb2U\x95\
\xdb\x8f\xd1O\xee\xb9\x15\xbekP\x9a\xeeu>_g\
\x98\x1c\xad[H\xbe\xa2\xd98z\xdb<\x7f\xea\xfc\x0c\
\xfe7\x05\x19p\xe5U\x9c44$\xe8\x0d\xceoj\
\x95A\xb7lOK\x1b\x0b\xf6\x9bV\x1c\xaa\xda3\xcf\
\xb4\xec\x80i\xd7&\xf0\x06\xc6\xcd[\x8d{\x0a\xf1\xc5\
\x84\xc5\xdb\xaa\x0a\x8a4\xde\xde\x9a\x14\x03U\x92\x857\
d\xd7\x0ac\xe1a*+J\x1e\xcd\xb3\x91\x86eB\
\x99\xbe\xa1'\xf0\xe2t\x0bCC\x18\x17\xceZ\xd3\x07\
\xc5\xf9\x94\xb2\x13\xd4\xda\xf0\xe8@\x9f\x9c\x00{o\xa7\
1T\x8f<\x85bE3\xb8\x91\x834\x09\xd9\xe1?\
\xa4I0\x09\xbb0\x99\xea\xea\xb8\xb9]\x9a\x84l\xce\
\x9d&\x11\x04\xcd\x1d3\x8c\xb6\x8a\xc5s\x8d\xcb\x16\xb0\
i.\x08z\x99\xb7\x87v_Ua\x5c\xbc\xc0X\xb8\
\xaf\xaal\x8f\xf1\x04\xcb\x0b\xb6\x0d\xba\x10\xf0\x8e\xbc[\
\xa9\x9c\xfe\x22\xcay\xc6\x8c\x8c\xac\xf1\x02\xcc\x02/\x02\
\xc7\x95,\x05\xebe,\xcc7.,7G2E\x05\
\x95[\xf1\xd1\x06\x08[\xe5\xaa\x13\xc6\xcd\xd9\x14\x7fp\
\xd2\x99\x8c:k\xd3\xb7\xae\x96\x91sF\xe1\xf1\xa2\x9c\
\xe9\xe3\xd5(\x82\xfe\xf2\xdb\x1a--)\xc3F,\xcf\
H\x1er\xd1/Nj\xe9\xf3\x00\x9fA\x0d\x8c\xa1\x1b\
k`,~\x85\xfb+Nn\x05\xc5\xaa^RF\xd9\
\xb4\xaa\xdd[,\xc7c\x5c7*%\x96\x97\xb5h\x5c\
,\xcc\x87\x98\xa3\xf2\xf8vS\x09\xdb\xd1cT\x95\xfb\
]`#zs\x12Om\xcd6\xe6\xac\xe2l\xce\x00\
G\x8a\xda\xe0\x97(\xe8\x8a\xf6\xb5\xf6\x18-\x86*,\
\x06\xd8Uq\xec\x18[\x84\xaf\x14\x11\xc1up\xd1P\
\xe0\xb6\xa8\x91\x81\xa7h\x22\x5cX\x5c\x0d\xdbRTL\
\xd5\x10\x19\x17m3\xe5\xe6\x19\x17\x9drDB^+\
\x89\xbc\xff@\x22\xe8\xafZH\xc0\x8e\xfc\x07\x12\xe1\xa6\
\xdaH\x1c\xfe\xaa6\x12\x12Lb\xc2\xac\x98]t&\
\x93]\x8f\x9e2-\xd9\xc5~K\x0d\x9a\xb3\xae\x01\xd6\
\xa5\xba`\xc9))\xe3\x0e\xb2]\xe9\x1d\xad\x15\xaa\xb8\
\x1a\x96v\xb5\x80M\x06\x97\xa7\xc6\xe8\xb28g\x8d\xaf\
\x91\xd8\xcf\x1a\xcc\x1bGxM\xce\x9a\xc5#\xcb\xac?\
\xc5\x1d|'\xcd~\x1c\xea\x82\x19\xeb\xc4\x1f7\xc7\xbe\
\x8e<&\xb0\x0b\xcf\x19LnF\x91\xa1<\x1b>\x22\
\xb0D\xe8\xdcl\x17`\xad\xa7\xd94R{\xd9F\x0a\
\x1a\xe1t<\xc9^=\xb8%\x1dY\xddn\xa912\
\xd7W\xd3\xc29\x92\x0c\x95\x85\xd7dZoz\xe3\x1a\
k6#\x806#\xc9\xaa0g\xcc8S\xadm\xe9\
V\x0aC\x12\xea\x84\xc7!\xd8\xea\xc5\xb6G\x14D\xb1\
\x9e\xef\xfcW\x98\xe5\x8eG\x8e\xeb8\xb9E\x90\x10g\
k\xe2\x8cy\x8f0\xd4\xf3s\xa5\xddI\xb6ORx\
\x9bG_\xbb\xd3\xb4\xb3\x14\xd0\x01\x95\xd21m\xd8R\
\xb5\xfbK\x0a\xea\xc1XT\xa1\x83\xa3s=<*\xfe\
\x9a'{\xf6T->\x0c\xff`+\xc3\x13|\xc4\x83\
cE<9\x0cS\xf0a\x06\xe3\xbbe\xdb\x19\x0bw\
P\xc7;T\xf8HM\x84\x02+\xd4)G\xe5\x8e\x15\
\x1c\xdf\xd5$\x0az\xce(\xd8\x003\xb8\x9b\xbbH\xa3\
I\xd0\xf3\x10\xd6\x115\x07V\x84\xfek\x1d\x1eP\xd7\
\xe6\xbb\xda\x06=\x1f\xefZ$\xf5\xe2\xd9N\xcf\xf0\xae\
c\xd0\x8bO\xc7\x836\xe0\x81i\xd0\xb7\x17\x1ej\xf3\
j\xa0\x0a\xc8\xd6\xee\x0c\xcd\x5c\x0fB\xa2_\xf3i\xfe\
\xe2\x0d\xd4t8`00\x81q\x1c\x81\x99\xc0}\xbc\
 \xc1\xa5\x90\x8c\x04\xa0\x82\xaa\x85t\x90\x06\xc4\xcdC\
\xc7\xf9oc5\xdf\xb5\xd28w\x1b[o\xff\xa2W\
{R\xe6\xdc\xc1\x1d`\xd4\x89viLNU\x97=\
?\xbe\xba\x13\xeb\xc2\x98\xb3\xf5\x02\xb0\x81\xbc'\x88+\
t\xe9\xd7\x7f\xebX\xfbf\x92_\x95\xc1\xbe\xff\xeb\x8c\
\xeb1\xf1\x868P\x88zT\x91%\xc5|\x07\x22\xef\
\x1e\xac\x0az\x11\xba:\xae9\x15\xe8\xe2\x02\x15.\xab\
\xc7\x88\x13;\x01n\xc77U\xcaV\x9b\xd6n\xb0\x86\
\xbcTY\x0a\xdd\x08r\x07\x92\x83\xf0\x88\x05C\x92\x8b\
\xf0W\xa8\xe0\xefw\xf1\xe2Q\xc1t\xd0s\xfc4\x16\
6-\x93cp\xb0I)\xfcxe\xba\x1b\x16<\x9c\
j\xce\xc8\xc6\x87\xcb4Q\x8b\xa6fRu0\xdbt\
\xac\x08\x9f@\x82\x84\xcf\x9em\x5cx\x0c\x84\xc9\x1ag\
\xe3\xe2\x9c\x85\x050I\xca\xf2\xe04\x06\x19\xb8\xdal\
\xc2f\xb2\x1a\x8d\x94T*w\x0d\xab\xa0N\xa2\xb9b\
\xb3\xe0:\x96\x8c\x04\xfdK\xb5\x10\xb3\xd0Y\x03>\x9b\
Q\xaaU\x96[\xb5i>\xfe\xa2-\x0dw\x1e\x89\x17\
\xdc\x96v\xceS\xf4\x15{\xb3)\xcb7\xd0\x5cn\x8a\
o\x9f\x18h\x9b\xad6[\xb6\x81\xf8E\x03\x8eW\xd8\
$\xb8\xbf\x1dZ'{8(E\xc3\xcd\xa9\x9a\x9c\xf8\
\x1eZ\x15~k#P\x14WD\x0b\xbf\xc8\xce\xd6*\
\x1c\xd3\xc6\xc3\xf8\xd4~\xcdI\x9c\x84\xc8Y`Z_\
\xc4\xfe\x0a\x08\xa0H\xf3\xaa\x8ce M\x943y=\
\x9c\x8a&\x93iOQ\xb5\xa2F\xa2\xf9X\xf3\x0a5\
\x00\x805\xbe\x10;&\xb3n\x8e\xb5\xc4c\x91\x15\xcb\
\xaa\x1a\x85\xe5\xc9\x0f?Wl\xa1\xc1\x84\xdd.\xbe@\
\xaf*\xa2\xe8[\xca\x92\x17\xe3`\x95\xd4\x18\xebA\x89\
9\xb4\xc4flU\xf5B\xae\x8c\x8d \xd8\x93q2\
]\xc4U\x86\xad\xc0\x8d8\x0e\xe1\xc8\xc6\x5c\x87pu\
\xcd\x1d\x82\xc9\xaf\x83\xf7\xc4\xd7ci\x05*T\xb7\xe0\
\xc1\xfe\x9e\xbe\xfe\xec7\x0c\xa8\x9e\xec\xe3;\xaa\x17\xe7\
\xf1\x1d\xeecw\x1eG\xb6\xe6>\x8fs\xc2\xcd\x1d\x04\
\x90T\xb7O\x07\x90\x98\x04K$\x1d\x9f\xb3\xe3\xe6v\
\x01$\xd9\x9c;\x80$\x9b\xdb\x1d\xb6Q\xcd9\x0f\xdb\
\xc8\xe6vG_ds\xee\xa3/g\xdc\xbc\xd6S|\
\xaa\xf3\xffP\xfci\xa1\x98\x91M%wI}\x18B\
\xc3y4\x8a\x18>Yr\xbd\x1a\xdf!,\xc7\x89K\
\xb3\x96\x114\xc7I\x96eU\x97\xb0+\x1b\xc7~\x8c\
\x88J\xee\x1cw\x8dq(V\x17\x14\xd9x\xe2K\xd3\
\x91}\xa6\x0dK\xb9\x8f\xc6d8\x15I\xa5%i6\
\x88:S\xb0\xe4\x1eYj\xc2x\xb2GDY\x0b\x96\
G\xc2\x8dB\xc8\xdb\x05\xf8D*XE~Y\x5cc\
\xac\xc5q\xcd\x97\xbd\x0az\x8e\xaf\xbbc}\xa6?\xf9\
d6<k\xcdjL\x9dR\xe1\xe3\xaa\x92\x0d\xe0\x04\
\x9e\x1f_cV\xe9\xb5\x1b\xaaW\x1c\xc0(b\xc3\x96\
\xca\xb5y\x94\x86s\x95B\x86\xb8YJ_\xf1\xb88\
\xc3\xa0\xed\x84\xad\x87\xc5\xf23\xbe+\xb2;\x8cK\xaf\
\x8b\xa5\xc6\xa2R\x10\xf0\x1b\xca|\xd0\x9dA\xd5\xee\xaf\
L\xf3\xe6\xff\xa7A\xf1b-\x832\xb6\xe8S\x83R\
\x0b\xa4'\xc59\xb7\xb1~\x88\x1b>\xbc\xd5\xca\xf0\xea\
\xf0{\x22\x8c\xea\xbaf\xd8#\x92'\xb88\x90&\xd7\
Q\xb5\xf5+S\xf1\x11\xee\x8a:W*?\xae\xed\x8d\
!0v\xe4\xb8|\x0f?\xd5D\xbb`\xd0\xce\x9a\x0e\
\xaf8RNa_\xb3_&K\xf8\xf0\xce\xad_\xcb\
q\x03\xa1Y\x88\x9b\xed \x00\xd3\xb6\xba\x921(\x10\
\xd9\x9e$l\x03\xf4\xed\xce\x02\xccI\x10\xab\x03\x19\x13\
8\x8a\x95\x8a\xa3S\xc7\x94\x0boO>\xc8\x88L[\
\xb3\xe9R\x14\xc1)\x98\xca\x0erG\xac\xc0\x10|\xc8\
\x8b\x8f\x87Hk\xf4\x80\xbc><\x10\x0dA\x83lw\
\xbf0a\xf2|\x97:-2\x1b)\xb2bW\x03\xb4\
Xp<\xc4\x8d\xfa\xfedm'\xf3\xb3$$=4\
\x8a<\xab\xd4\xe0W=\x197:\xdac\xfa\x07\x0b\xab\
\xb6\xe6\x18Wm\xc3\x92ArCCQ\xd4T\x97\x1e\
\x05\xd4\xcf}\xe9C\x80\xb3\xcf4u%3\xcc\x1c\x9c\
#\x17\xe5\xf8\xaej]\xf3U\xe7Z\xae\xa8J\x00\x09\
\xd6\xc7\xc2O3\xbe\x18\xca\x95P\x12\xce!\xb4x\x99\
\xe4W8\xe2\xf7[\xb3\xb4\x15\xb4G)\x9b\x91q\x0e\
^\x16\xfc?h\x03\xb5`\xea\x193\x8e\xef\x10\xe3z\
\xa8@m\xdc\xb8\xc0x\xea\xeb\xca\xf9[\xc1\x5cT\xaf\
.a\xd9(\xfc\x9c\xcd\xe4h\x9dA\x97R\xd3\x18\xf5\
@\x9d\x91&L\xad{M^]\xe9\x8a\xba\xc0\xcf^\
H\x83\xdf\x07`\x9c\x08\x90O\xd6\xe0\xd4\xf1\xb2\x03\xe4\
=\x985=:k\x8c{\x0a\xc9\x1bM\xc74]\xbb\
t\xf6\xd2\x00t\xaa^\xb2\x81\xc3\x229\x8d{\x11\xab\
\xa2^\x12\x09z\x92\xf7\x8eV!\xeab\xdc\xb4\xc7\xb4\
r1u\xdcJ\xd6\xa2c\xeb\xcbQ\x10*\xc0\xd7!\
h\xdbI\xde\x7f`\x8d\x83\x1b9p\xebd\x87\xff\xe0\
\xd61\x09;?M\xdd\xb5\xe0\xf6\xd3\xb89\xe3\xcdA\
ssj\xf7X\xe1\xc3xW\xad;\xf5\xfa\x03\xc0\x15\
Q\xd0\x9b@\xd1\xf2\x92\x9a\xc6 \x03\x9dH\x90G>\
\xc1\x09\xdb\x80\xefR\xe3\xdb\xd9\xb6\xab\xf1\x1e\x10`\xe9\
Q\x1cmK\x86C\x98Zqd\x07\xc6\xfc%e\xc6\
]+\xc8c\xb4\x05\xc6\xc2\xc3x\x1bV\x97\xc0\x0ea\
\xa99b)\x99\xa1\xca\xa7s\xf6\xd8\xbey\xd8#Q\
\x1f\xc7\xb1Y\x9d\xf1\x1c-\x0f\xf3\xd2gisj\xf8\
~\x87\xed\x8b?is\x1aI\xcd\xc9\xec(\x0e\xef6\
\x9e\xccfO\xcb\xce\xcbQ\xf7@\xf0)\x13i=)\
\xc6q\xcc\xab;\x9eW\xe1\x9d\x19r\xfa\x9c\xf0\xb7R\
\x85\xfa\xe3\xdf\xea^\xe33Nmo\xf2\xdf\xfdB\xdc\
2;j\xd1\xca\xe9\xb4\xb9\x05\x98\xe7vjM\xe5\xb6\
<\x0efa\x98\xf3\xb5qW\x11\xd5\x80\xac\x0e\xc5\x07\
\xa0\xf8\xf6\x19\xf5\x9b\x92\x93\xd8\x16\xec\xdcYqd6\
h(\x17\x90fTU\x8b\xb8\xeb\xa9\x05\xa1!~A\
\xb4F\xbbVT\x9cX\xca\xfe\x060\x08\xef'\xf6.\
\xa6\xd7\x96\x92\xc1\xbdivy\xf5Bv\xfd;\x8e\xe5\
\xec\xb0(\x19\xb2q\xcbx\xdd\xd0\xf5:\x9c\xff\x1c\x85\
%\x0a\xe4,\x92\x16\xb0(\x8de\xeba\xed\x9aQ\xfa\
\xb8\xe8HVh\xe2\xc6\xee\xf9\x89\xaf\xebpa\xd0\xab\
\xe5\x0b;T\xa1o\xe9\xf7\xb1h\xe7\xf7\x80<Y\x97\
\xae\xd8K\xb2\xf6\x9e>\xc7\x0e\x977\xb6\xa3P\xf9\xd5\
\x1c\x870\xbdY\xe8[\xac\xfc\xf8\x95\x05sn\x22\x06\
\x96\x94\x04\x8a\x98\x06q\x9e\xad\x98\xb1)\xd0\xa4,\x02\
\xf5\xfc\x829M\x81\x9f\x88I\x9b\xce~\x87,\xf4}\
\x00\xbd\x80a\xf7q\x88\xf29\xbe\xf5-\xe0_\xc6)\
\xa1\x82j\xe8\xa0\x02\x80qIR\xc4}=\xb2Y\x98\
\xc8\xfe\xd2g\xdeI\x8e\xc3\xd8\xa6 \xe8\x96\xeb\x9d\xa0\
\xbc\x9f8\x7fm\x1d&\xc2\xcc\xce\x0c\xc5\x87\xc9\xb6J\
yl\xbd\xb4>\x96\xd7NiXo\xcf\x023\xfbw\
\xad\xa1N\x95\xed\x8a\xe3\xcd\xf7\x1c\x8e\x1c\xa3p\x08w\
\x8a\xc1%L\x84w\xc6RY@\x0d\xc68~o\x8d\
\xaf@\x93{B/*\xb0\x12\xe7>\x967\x93\xc5\xf6\
\xae\xf8\x22\x04\xde^\x18\xf20\x1ej\xb7\x915_4\
^X\x80\x83\xee\x9c=\x14\xee\xa1\xae\xa0\xb1\xe4\xb1\x96\
k\xdb\x8d\xff\x87\xab\xda\xf5\xc3Dq\x1d\xe3|,%\
:v\xef37\xc3\x94\x80ak\x19\xb5:05\xee\
\xe4\x15\x10\xc3\xddm\xc4\x18\xafFcbT?;b\
\x95%\x07\xab\xb2\x8b9\x88\xe1|qz\xef\x15Q8\
\x8f\x1c\xe8\xc5\xd8tL\xcc\x9c!.)\xaf\xfe\xff:\
\xfb\xfa\xe8\xa8\x8e+\xcf\x96\xadi\x0b\xa5\xdd\x10\xc5V\
\x14\x89\xe06a\x01k\x8d\xdd\x13g<1\xf6I\x1c\
\x82\x13\xdb\x89\x1b\x90\xe4\xb0\x1e\xbe\x82D#\xbc`\xb0\
\x11\x92m46\x02\x0b\x90\x90\x84\x84c\x04\x16\x10\x90\
\x83\xc1_\x80\xf0\x07 dLfv&\x99\xcd9^\
'\xe7lr\xb2;\xc9NfB\xb7\xa4\xec\xc98\xc3\
\xfa\xc0dr2\xda\xfa\xd5\xadz\xef\xd6\xabzO\xf2\
\xfc1'cTu\xab\xba^}\xdc\x8f\xdf\xfd\xddC\
/\x91\x17\x19\x8b\xe6\xfc\xb8%K\xcb\xeb+\xab\x7f\xd2\
0@>S\xe3G\x8a\xe5\xea\x13F\x99\x98\xcb\xf0\xee\
\x01\xcf\x87\xea\xfe\x85\xe5Z\x0e\x81\xc4;\xae\xc2%X\
[j\x80efqy\x1e2\x1c!~\xe9\x03\x94\x98\
2\x17\x9a&\x01\xd9v\xcd>\x92\x16\xc5\xddb\xd6\x07\
\x88\xe7\x06N\x0f\x0fY'5\xbet\xee\x92\x7f\xe5%\
\x11s\x03\xe7s\xa7\xce9\xf2\x8d\x0b\x0d\xbcj\xdc\x8d\
Q-B\xa3%?X~\x8c]&\x94\xadqjG\
\xee\xbc\xe5\x9f\x9b\xa23>\x96]\x0e\x90\xa4\x97\xf1$\
\x0f\xf0,h\x7f\xb8s\xc4@:\x04\xcb\xfb\xb1\x0b2\
\xaa\xe6i\x19\x91\xab\xe9DXl\xf1\xec\x9a\x84x\xb5\
\x1b\xf7\xd5\x1a\x9e\xf3;\xb8\xa0_\xeb\xe0\x1c\xc8ve\
\xc0\x0c6YO\xa7|\x95\xe1\xf5t\xfb\xd8\xa7\xfa\xe3\
\xe1\xfb\xc9(`\x12c\xd6\x1dgy.\x95\x81\x91\xd4\
\xd1\xa4`\xe0\xb9\xdd4^~\xf7qG\xc2K\xd9\xd2\
\x87\xa5=C\xf4J\x9b\xa4gp\x9d\x11Z\xfcd\xee\
\xf4^\x18/`M\xda\xf4\xe8\xa6uvHq\x0ad\
\xd4\x96f\xef\xecz2\x900_F}\xc5\xe6\xcc\xbf\
pf\xe4\x9d\xb3\xa1\xf9\xf3\xe5\xbe\x08bbnj\xed\
\xc8?\xfb\x03\xc3\xfa\x9e\x15\x10\x96?qT\x1d\xfc\xbe\
Va\xdd\x0f\x0f\xed\x08\x01\x14Cv\x00\xb0 %\xb9\
\x01\x0b\xb2y\xcf$\xc6\xa7\xa2\x9a\x8b\xc3\x22\x14(w\
\xf3\xf2'sv\xf3\xbe\xe1\xc3\x96\x1eU\xac\x9b\xaf\x99\
\xcc,\x1f\xd6!\x7f\xc4\xdat\xc5\xcbr\x0b\x96V\xcf\
\x85\x7f\x9e\xf59\xfb\xb2\xd8/\xb9\xce\xf3\xe4X\xb7\x8e\
\x1b\x22\xdb\xec\xb8\xc9P\xb6UZ\x8a\x98\xf0\xf1\x1cI\
\xe8\xadY.\xe5\xb3c\x09\xe8\xa9n\x92 \x99\xc2r\
\x0d\xcb2;\xfb&\xcf]\x04H\xd7+?x\x08*\
\xa9\xd4S}B\x1a\x98\x00*\x99\xc5\x0eA-\xbbl\
\xe8R\x93p\x80\x9d\xfa\x93h\xb9\xe8\xbe\xf5\xffh\xb6\
\xdc\xbe=?d\x99\xaf3E\xcb\x86\xbd\xbf\xdd\xfa\x9b\
\xaaW\xeajQo\xba\xfa\xc3\xffZY\xf3\xc9\xf5\xff\
\xbb\xea\x15\xb8{PC\xcax\xed\xee\x92\x92$\xa6~\
\xe7kp\xbaw\xbdDU\xa7q\x95\xbf\xf2\x1a\x22\x0d\
C}\xf8w\xe9\xf3A\xdcC\x18\x98\xce\xb7\xb0\x8c\xca\
\x87F(\x9b%\x18Kb\xf0B\xd5\xccT\x98\x10\xfd\
-\xfc\x02\x1e\xb60\x7f\xb1\xadJ^\xe3\x89\x1dK \
\x0e\x04\x87#\xbco\x8c6\xf9\x0bQ\xc3 \x0d\x9ab\
\x90\xd2%I\xae7Gu\x89{i\xf8\xf0\xfd\xd73\
)3g\xc2\xfb\x8f\xc3\x18\xad\xfd'\xf1\x88'&\xb6\
\xff\xa6\x8bi\xfd\xbb\x9b\x0c\xccRAo\xc6\xc02\x9c\
\xcb}-Qj\xa8\xd8\xb3\x06$A\xeeY'*\xe1\
\x06j\xa93\xa3$h\xea\x1a\xa6\xab\xe8~<QJ\
\xe3\xa3\xb6\x85\x08C\xa4\x1d\xb0I\x8a\xf1;\x84Q\xd8\
\x9dP\x92^@\xdf\xf1\x1b\x8c\xe8\x8b\xfc\x0d\xce\x00\x8c\
\xd8\xb8\xffe\xed\xa2,\x14o\xdaO\xd5\x1f\x22\x88\x0d\
>\xd3@Q\xbc4d\xf4\xbf\x0e\xd7=!w\xf5V\
B\x94X\x06\xaf\x87\xdf\xed\x1dyo\x0f9\xf6\x1d\xbf\
\xb0x\xd9e\xcb\xa0\x9c,9\x96\xc2m\xcayN\x0a\
'v\x00\x02%\xed\xc4\xee\x93\x05?\xe5\xb1\x80~\xc6\
\x8e\xc4\x97\x83|N\xfcH\x887J\xef=\xda\x1c\xde\
\x19!\xb5\xcdU{\x85\xe6\xd6\xd4\x0a']H m\
\x967&\x02\xfd\xe4\x9a\x9eH\xf0,\xb9\xec\xf2\x8aX\
\xcd\xed\xfa:df\xab\x90\xf7n\x8b\xf8\x96\xfc\xdas\
\xf5\x9e[u\xa7\x95\xfcJ\xbd\xcfC\xe5\x8a\xc8\x82\x8d\
\x13\x96\xc5\xd8<\xe4/t\xb4\xcc\x9e\x08\xb6\xec=\xe1\
h\x99\x02\x86T\xb3E\x8e%\x16|Mk\xbd\xd6\x81\
M\x13R\x94\x13B\x22(}a\x07\xd7\x88\xa3\xce\xef\
\xb4e\x97\xd7\xff\xc9\xe6\xcdx-(B\x92\x99\xd3\xd4\
\x8aeXP\x8e\x9d\xcd|\x8fb\xa0s\xdb\x01\x93\x95\
\xef\x82\x17\x10\x11\xf7\x10b\xddrm\xc4\xc7\xa2\xbd\xed\
\xf8\xe9\xe0r4~:Q7:>F\xc7\xd5u\xf3\
\x9c\x1fC\x98\x07\xf9\xd3\xdb\xc6\xf9\x1806\x8cq\xc8\
\xa2p\xf0\xd0\xa1\xa5<*&\x15c\x98\x13z\xaa'\
+\xa5\x89\x18\xc3\xdd\xd1\xc5$\xde\xb0R&{\x02B\
L\x148M\xb9\x92\xf3\xa6\xc3\xd7\xa9\x89\x1d\xd3\x06G\
^Bq8\xa6S\x0e\x9d\xael\x5c.\xc8\x92\xf1)\
 \xcb=!\xe1\x95\x81?\xa5\xc5\xe8\xfb\xc21\x99\x14\
y\x86A\x0dB\xe6a\xf5\x87\x99\x9c\x8c\xeb\xffb\xf3\
'\x0c3 \xed\xf9\x89\x89\x12\xc4\xcf\x1f\xee>\x05\xee\
\x19\x8a\xe9S\xc2\xb0\xd3\x18(Z\xfe\xc5\xc6\xd9\x06\x0a\
6\x91;wN\xc6\x95]\x18\xd6\xc2\xe5_l\xff\x1b\
\xb6\xfc\xe7\xce\x8d\x1co\xb5\xde\x1d\x80\xf72\xc9\x10\xa0\
\xc1\x14\x02\xed\x09#%\x04UPh\x5c\xe7q\xf7-\
\x9e@\xa3L\x12\xb7\x19#\x15+\xa1\xc6B6\xdde\
\x0ev1I\xf9k$\xac%t'W\x9a\x9al\x8e\
\xd4\x87`s\xcag\xb0\xb6\xb4n\xce\x0c\xe4\xc9\xbc\x83\
\xc3L\x9e.\xfb\xa4A'\x06pr\xba\x00*\x10\xf8\
}j:\xf7\xde\xd6\xf4\xf3'f>>\xc8\x0cL%\
k\x80\xb8\xc6\x08~,\xec?Rv\x88\x01H\xd8\x9b\
\xc2\x0a\x1c>\xb0\x7f\xb8\xf5\xd8\xf06kwM\xa5\xf1\
`\xb5\xa5\x0b\x88Fb\xc9\xef;~\xb9\xe6k\xc0\xc5\
3\x03S\x8fD\xe6\x1b\xc6\xf0X#N\x0d\x8e\x9c:\
\x94\xef\xdfA\xf8x\xe7\xb7\x81\x96g\xb0\xc3\xa9o\xa3\
T6'G\xdcl\xa2cN\x17p\x9cU\xba\x00\x06\
1\xee\xb9L\x12TM\xc6fM+\xa1\x9d\xdb\xc5\xfc\
\x08z\x05\xa08\xd9\xc6t\xdd\x8a\xbd \x99\x9bB@\
\xd9\x16\x03t\xc2\x13\xe9\xc8\xd5\x98\xa9\x9b\x07\xf35`\
MP\xbe\x06\xf2\x88\x98M\xc1\x84\x85\xe5j\x90)\xe1\
\xe5jPf\x91sQ1B\xf7\x0f\xd7_\xb2\x16U\
\xf6\x1d\xb9\xb83o\x97\x10\xba\x8d:\xe2UL\x17 \
R\x0c2\x0fs\x89\x89\x97\x83\x96\xd7/\x1d\xec\x89\xa6\
\xa7\x11\xee\x0c\x19;&\xe2\x0fo\xbd\x15Q\x87\xb7\xce\
\xce#Q\xfd'Fr\xf5dO\xb6;\xb3Z~\x15\
d\x0fX_Ef\x07X\xde\x084\x87st\xc5\xff\
\xad{\xd2\xc8\xf3+\xa3n\xca\xd9z\xf1\xf5|\xd7Y\
w\xb6_)DH\xcdA\xe2mq\xfd\x1a\x14[7\
+A\xa4%hT\xad\x0a\xd19y\xb7fh\x89\xb2\
\xbe\xa1dT\x87G\x02\xd9m\xd0\xe8\xa0\xdb\x199m\
\x5c\xbe\x8c/\xe1\xa0\xc9D&rZP\x8a\x1b\xa9w\
\xa4\xed\xb9\xe2\x97\x18\x145\xa1\xc0\xbd\x84J\xcc\xd6J\
\xc8\xaaO\xc4\xc2\x94\xdf;\xe0\xc8\x99.\xb2\xb2\xf6\x13\
Q\xf9\xfa\x09\xdd\xdcX\xae\x12\xde%\x84\x97\x0c\x1d\x8d\
\x8f\xa5\xc6q\x7f j\xce\xf1 \xba\xb9\x13\xe5q+\
\x9a\xe3\xa8`\xbd5Ci\xf6J\xe3M\xe2\xc8\x86\xd3\
\xf5\x7f^\x89\x94\x07\x89\x16\x9c3\x97\xe6\xf7\x9d\x01\xd2\
\x05\xa7\xb7/\xd4l\xd7\x03/\xbb\x0coj\xc4`)\
c0\xa1FKwk\x84\xe8\xe9\xcb\xff\xad\xe3\xe4\xd2\
\xb8fHDJSf.\xe0\xad\x0e\x96\xc4[rC\
\xe7GN\x9eDX\x90\xd1%R\x86\x13R\xbc%\xe8\
\xd5I\x9ax\x0d\xd3\xbe\xafu\xe8\xdd%\xb0\x22B\xe1\
r\xd2\x90\x08\x81\xcb\xa5\xd1\xb3&\xb9w\x0b\x14i\xcf\
-S\x01'\x0d`\xa9A\xe7\x0c\xb3Q\xee'\xb9\xb8\
\x1c\xf7^$\xdd\xda\xf4\xd1\x1cP\xdc\x10\x12\x86\x1a\xe6\
\xacq\x985_Cm\xaf\xaa\x87\x16\x94\xaf\xf9\xe2\x92\
\xdf\xaf\xfd\xa0\xfaw0\x1ct\x16\xaco4\xa7\xaf\xc1\
\xcd\x9b\x99+l\x80+\xf0\x8c\xd4\x14\xa2M\xd5C\xd5\
\xbf\x0b8%\x1e\xc5D\x8fw\x00v#l\xb2#\xe7\
\x10|;\xd5-\x1432,x\xdel\xc0\xde\x06\x94\
V\xde\xe2\xe0\xc8\x84\x01q\x86<)\xb9\x1eu\xd7\xc0\
>\xee\x1e\x08\xf5`\xcc\xc0/q\xb2_y\xb9\x83\x0c\
\xcd0]\xcd\xd3\xc1w%\xd3\x04\x1d\xb8\x86\x1b0\x00\
<\xef:\x0aex\xf7\xa7)\x81\x84\xc1\xe7\x88\x5c\xb7\
\xd7\x9f\x84\x19\xacR\x9e\x00\x9b\xb1\xa6\x12\xcd\xb3W\xb0\
g\xf0\xa1\xe8\xa3\x8c%z\xca\xbb\x7fH\xd9\xc1p6\
T\xffu\xf6q\x03\xac&\x05b!i\xab\xc8\xaf\xe1\
\xad\xb7t\x10\xf5\x89\xc3\xe7\xa5\x08+\x1fD\xf76q\
/\xba(\xed0\x87\x00O\x14\x8d\xe0\xe4\x89\x9a\x89\xe6\
\xba\xfe\x0f\xb9\xb7\xa5\xfd(S\x1f\x17m_2\xb8\xa0\
\x1c6%\xd3\x14\xa40\xf5\xd1\xe5T<W\xb7\xb6&\
u\xca\xe3\x8e\xed\xb9\x93\x83\xd8`\xd2\xd6tN4\xc0\
P%e\xbb\xcdA\xd9<\x10\x0e\xa1\xe6\xcepH\xa9\
n\x9e\xbd\x82Lt|C#\x9ev3\xef\x0c\xeea\
\x99\x9cN\x9f\xd5\x1dR+\xc2\xd3\xf8H\xa1\xf1\xe0\xc8\
w/w\xb4\xd5\xf1\xe0\x84\xd5&\xb9\x91:\xd1Zy\
X\x13\xeb\x0e\x85\x17\x03\xf9\x14O\xad\xcb\x5c\xd9R\xfa\
T\xc1\xb7\xd6\x80p\xb2\xe5\x8f=\xa9\xda)\xd5+\xf7\
oa\x87\xe4\x0erl(\xe2\xc2\xfe7@\x04\xf3n\
\xef\xf0\x91\xad\xb9\x17_!6J\x80\xb2[\x8e\x00\xff\
\xde\xd5?\xda\x7f\xd1qj\x8a\xb4\xd7\x84\xff8\xdf]\
b\x9fb\xd5\x1c\xf9\xe8\xd9\x01\x8d\xe5\x0eA\xbf\xde\xc9\
EQN:\x92\x04\x18\x90{B\x90\xd8r=h\xc4\
P\xb3\xf8P\x1fCvb\xc5\xdc\xb6o\xca\x1f\xc4\xa5\
\x95\x08i8q4q7\xdb\xd6\x8a\xb9\x9d\xd7n\xdb\
\xc8\xbc\x14\xa2\xcb\xc0s#\xedo\xda;R\x9c\xb0H\
\xc8\xbe<M\xa1\x90\xfd^\x09\xa6\x0cR#\x07\xf2E\
d\xe6\xd1\xed\xfeC\x9b\xbe&Vl\xaa\xd0\x99\xf7\x17\
\x94\xc37\x04W\x94\xa6q\xc6\xc6\xca\x5c\xdf<\xb3\xa6\
h\x7fk\xfdM\xb2O1\x1eq<\xdd5\x85\xfb\x9f\
\xc6\x88\xa2\xfd\x16\x8cj\xd2\x1d\xb3\x8b\xec\xb8\xc2q:\
\xa9\x99u\xd2\x8aNx:%\xdftq}\x15+\xed\
\xfc\xd2\x10\x9e\x22rC\x91\xd7\x8b3J\xd3\x1e\x16=\
\x87\xdf8&\x84\x8e\xbe\xd4\x9a?\x08\x5c\x5cq1\xe9\
\x0f\xa40\x887h\xb4\x7f\x90\x86\x962.\xd2\x04\x18\
\xf5\xb2\xe3\xc2\xfc\x92\xbd\xae\xc4\x12\x1d\x5c\xdd\xb1\x84^\
\x13'\x8f\xf4C\x11\xbf\xdfc\x93\xd6\x0b\x81K\x92\xcd\
||\xc2\xe9\xa4\xe6\x9a\x0a\xb8(o\xe4<S\xa1\xee\
J\xb9\xf7\xaa\x7fS?\xa9\xfb\x7f\xc1[cQ\xed\xde\
\xac\x1f\x95\xd7\xe0\x80\xbc\xf8\x22yi\xa2\xf8w\xa7C\
\xe2\xd28\x0c\x07\x97;\xca)}`\x07\xd9\x0d)\xab\
\xfc\x8d}\x1d)\xaf<\xbb\x8e\x98\xeb\xddr|r\xca\
X\xfc8\xb2\x8e\xe0\xb53\xd4\xfd96Y\xacJA\
\xd3\x96\x92J[rZ\x02\xe5\x9a\xddR/_S\xab\
5\xc2,\xcef\xc9\xd7\x0f#D\xc8\x9e'\xcb\xefM\
\x1a\xdf\x85\xe9N\xc62\xa8\xff\xffT\xcd\xe1`\xbb\xc3\
\xb9\x19H\xc7r\x97\x08\x90\xcbo\xd4\x91S\xcbOj\
\xaa\xadj\xab\xe6\x94\x0a\x18\x00\x9b\xb0\x8e^\xca\x9f\xfb\
\xab\xcf\x87\x9cu\xfd\xf5\x93\xf0s(\x8d\xb0\xe3\xaaI\
\xb9\xeb\xc3O\x10\x82\xab\x1d\x15\x0ayC\xf5\x87~\x96\
\x18\xbb\x8fV\xab\x91\xdf\xec\x87.\x22\x7f\xa7\x97Z8\
r\xea\xac\x93\xa27\x80X\xa1\xe8\x9c0\x9d\xa1\xb0w\
\xbd\x05\x9d\xddL\x1as\x5c'3\xf5\x8f\x98`\xfa\xdc\
,c\x9a\x13O\x9c+\xd5\xe3\xf8y\x98\x86\xa2z3\
\x97\x1b\xc8\xbbtk\xaf\xe5Z\x228K\x11:\xf0\xb3\
m\xdd\xb3%\xdeR\x0a\x1a\x042l\x9d[\x84v\xaa\
\xc5\x1d]\xc1\xd5H\xb9\xc6\xe1\x04\xd1S}5U\x9f\
\xbdL\x12\xd2\xba\xe6\xaf\xb9\x879\x05M\xc5\x94\x9f<\
\xa0N\x08\xf0\xf4Nk\xfe\x88\xe5V\xb8\x15\x03\xc0\x7f\
\xed\xf3\x8b#\xda1\x96\x80r\x80\x7f\xd3\x99\x89\x06\xed\
\xd5<5\xa0\xf4`\x07\x18\xc8)6\x82\x0b_\xaa\x11\
\xf4W\x9e\x88\xe8&\xc5*\x82\x0dc\xd8.\x09\x85\x19\
rZ*\x09||@&\x8c\xc2o%\xf4\xa5\x09\xff\
@\xf0a{\x9c\xa03*\x11\xe5\x80J\xac\xf8cc\
vI\xfb\xa25Po\xd98\x17/\x0c\xef}9w\
\xb2\x1dT\x9eR\xc1\xb5\xc7\x11\x1d\x97\xdd\xb2\xfe9>\
\x8e\xec\xf4\xf6\xab\xf9\xf3\xcf9\xc7\xc1\x0b`t\xd1\xe3\
\x90\x93\xcd\xd9\xb1\x18\x1d\xb3\xbf\xaay\x7f9\x07\xf0\xcb\
n\xf9}Gr\xdf\xc1\x13\xe2\x9c\x1b\x98o\x83s#\
V[\xab9\x9e\x9a\xa6\x9f\xd41\x8aOzR\x86\x0f\
\xec\xc9\xef>\xeeln\xf8,Us\xb7#\xb2\xc8*\
P\x9d\xe0\x0f\x96\x15\x86@9\x03?\x0cA\xb5\x0bl\
\x99\xa2\x91\x01\xf8O\xa8\x22\x07N\xd8\xff44G\xd6\
N\xba\x00!\x88t\x01 \xd65\x9d\x08\xaa\x18\xf0\xa3\
9$\x84\xf2v~\x8d\xb3\x85\xd8\x04<\xdb\x12\x84\x9d\
{\xbe\x93\x22/n|R\x02\xa3\x80\xc6\xdb\xa4<#\
\x99D\xd8\xed\xde\x83\x85\xb5S\xaa\x0e\xb3\x9f,\xec\x9a\
]\x87-\x17cme\xf5\xcf\x9c>\x802\xf8\x87\xbb\
{\xc7\xb7\xfe\x0b\xe1\x86\xe6\xe3\xbc\xe6\xe0\xc4+F\xa3\
\x80Oz25\x0d\xf75\xa3\x0f\xc5\xd0\x83}\xbc\xa8\
\xb9u\xf3\xf9>q\xe9b\x14\xe3e\x92\xa8\x18\x0e\x0a\
4\xff\xe6\x0b\xf8\xbe\xb5\xef\x11\xb3\xc0\xcd\xb7\xeb\xe5\xdc\
\x9e]\xc4\x83\x161\x00\x84c\x90\xe5M\x10\x8eAB\
\x07PA\x0b:\x90\x83g\x14\xc5\x9a\x1c\xc6\xda\x84:\
\xff\x8bmB\x96\xe5e\xdd\xc4\xfa\xe35\xb5j\x0fV\
\xe6\xfaLl\xebG:\x96\xd1\xbe\x15n\x0e<S,\
,2\x8f\x7fV\xbcK\xcc\x1d\x85\xfc\xees-#;\
\xdf\xe6Q\x0dD\xa7\xa4g\x84\x1e1G0\xa5T%\
V\xe9j\xed f\x17f\x01\xfbr\x94C\xb50\xbb\
quv\xd3\xa6\x0d\xd6i\x92YI\xe2\xd9\xa8zh\
E\x0b~\xd0\xfeF\x1d\xff7\x13\xe9Uj\x92|\x1a\
0\xef\xf7Z\x94\xfb\xbe\xff\x1d\x1e\xfcw\xeb\x03S%\
[\x90\x94\xbe\xbc\x09\xf2\xc1\x97a\x13?\xa8\xec7-\
\x17\xd68\x89\x96<\x19Q\xe8\x82\x84L\xb3\x0bFv\
K\x94\xc0\xa8\xd8-:\xbe\xf0\xef,\x94\x9f\xa0N\xa3\
\xdfy\xcf\x11\xcd/\x84\x82\xc0N\x9d\xd4\x06\xec\xd3]\
/\x93\x09\xaa%\xbb\xe7\xba\xd8:.\x1b\x1dR\xd5k\
\xb2\xeb\xd6\xd9\x8b$\xbay\xa9\x82^\xe7X\x0aIc\
>:\x80D\xf8)\x82RV\x8ar\xc6,\x07@\xed\
\xda\xba\x0f8\xddv\xbe\xfd\xf5|w\xb7\x83n\xbb\x88\
Z2\x5cN\xc2k\xeb\x00\xd9T\xca\xe6\xb2>\x09*\
\x95\x043\xfb\x84\xba\x17\xab\xfeI&\xf9\xecG\xb5G\
=\x81\xb7+\x81\xbar\x09\x152\xd1\xd9}\xd8\xe1b\
\x7fu\xef\x117\x81\xf8{~\x97\xf5c\x92\x18\xd3\x01\
w\xb8\x91\xe4\x8e\x03z(\x02\x17\x1f\x80N\xfc\x07\x82\
f\x8fpN\xf67T\xcd5i\x82\x1f{\xe7\xdd\xc0\
\x92\x10\xec\xfa\xa0f\xfd\xd3\xd6\x81_\x88C\x22\x11*\
\xeao]\x9c\xf6\xb9\x18\x10\x8b\xcd\xfej_\x8cl\x0a\
@y\xb3W@]\x83\x9d\xe0\x0d\x9a\xe5\x94\x80\xdc:\
\x08\x14\xed\xd0\xd8\x85\x03\xe2\xc8\xe4\x0e\x0eH\x12\x07\x0a\
\xda\x0a\xfd\x02\xc5\x94\xb4\x91\xa1\xb0\xc0\xfb\xce\x10\xd9\x0d\
m'\xfb)\x10\xb7k&i <'\xd3\xfd\x89\xfb\
\xda\x89\xdbL\xd4\x15<\xfb[|)\x138/\xbe4\
X\x04\xe5\x97\x0a1\xda\xd1\x91;{\xc9\xd5\x8b\xed\xa5\
\xc3A\xbeW\x91\xc4\xd9\x8e^\xcf\xcbK\x9b\x8bG\x87\
\xec\xf1&a\xa4=\x0fmYo3\xf5\x04\xab,\xe4\
;\xdbi\x98\xd1\xed\xc8&6\xa8yB\xaa,\xcc\xa8\
\x93\x0f\x84\x8c\xc4P\x1eU\xc0\xd22\x96u\x86\x18A\
\xfd\x04\x15m\x91\x89T\xda\xcc\x0a\xa9+Q\xd7\x96i\
3*\xbe'\xf2\xbb\xdb.\x9do\xa3\x0cK+\xfa\x80\
\xe6\x00F\x08\xfb\x04D\x13W\x8c\xae\xd3\xa8\xab\x02A\
\xc0.!f\x893naE(\x05d\xa6NR1\
\x1fw\xead\x1c\xbc\xa4\xc6M$iG]\xc4\xff\x92\
\xc1\xb4\x1c\xc0#\xc0\xeb\x97]\x06\xc5\x95\xff\xdf\xaaX\
x\xda\x8f\xd2i\x02\xd3\xbe4\xc0\xf6\x12\x91\x09\xa6+\
\xef\x1fdb\x1e\xfe+8\xd27\xd5H\xcd\xb1'd\
`\xb1Q\xd7F6\xc6\xa5\xea\xc9\xca\xc7\xc1f\xd0,\
^\xdb\x95\xe2KR\xb9b?$y\x8f7\x9f\xe6'\
\x1a\xb3\x8d\xa8\x95\x1c\x98VsC\x16\x0e\x0f>\xb7f\
\xaan\xfe\x8c}\x9a~\x5c\xfd3\xb9u2\xb1*\x9f\
\x88#\xdf\xdd#6~\xea+\x99*\xcb\x96E\x07\x9c\
\x17\xb22\x0c\xf5\xa8\x82\xba\xa9 \xb6\xb67B\xf4!\
\xc81\xf3\xd3\xa8wH~\xda\xaa\xa9\xcfLg\xefb\
\xcf\xc1\xe1\xb7-;\xbb\x08\x8dL\xc7\x195\x0cI\x5c\
\xd4\xcd\x89\x02\xd1\xd0\xa4*xG\x8f\xee\xd0\xad\x22\x15\
\xad:\xba7\x16\xd8\xa9\xcf\x1f\x1d}\xa1%$\xc9\x17\
\xcd\x03\x87\x8a\x9a\xbb\x0f\x15\x9aG\x1c*\xd9u\xa2\x87\
\xaap\xd5\x09Fm\x18\xcf?\x7f\xc2AjX\xa9\x15\
'Z\x93e\x97\xb3wU\xff\x1cz',\xff\x10\xa0\
\xf2\x97\xb9\xf2\xe4\xad\x94\xa4\x1d\x1e\xccu\xef'\x9d\x93\
,\xfe\x09!\x99\xa7z\x84\x90\xe5\x11p\xbfr\x93\xee\
\xb1/\x02\xf67\xc5\x17H\x08Tf\x11\x99B<\xb4\
\xa9s]|\xa0\x88\xac\xe3\xf4!\x80\x0b\xd9A\x93\xa4\
\x82\x078\x9d`\x11]\xee\xe9\x94\xc2.\xf4\x0e:)\
+\x5c\x01N\xf9\xca\x1bI3\xfaav&\xcdXz\
v\x22J\x8dN\xe9\xe6^\xe6Qh\xd1m.F\xe6\
 \x85/\xfd\x0d\xa6\xd4\xc0\xf2\x7f&()t\xfd\xa7\
h9\xa0`C\xd6f\xf0\x13\xeaJ\x80\xe0[\xa3t\
\xcd\xd0\xa9\x8c\x15\xe1\xdd\x87 \x16K\x9cf\xea8m\
\xea\x8d\x97\xf2\x1ca\xc3\x12\x08\xeb\xfe\xe1\xe6O\x00\xbe\
\xb2v\x15\xc0B\xd6\xfa\x5c\xdc),\x03\x02\xa9\xe4O\
\x1c%H\x90\xf3#\x19\x9c\x0b\xea#\xb9\x09\x17\xe4\xcc\
Q\x84\x8f5\xa7\x92}\xb2\x04\x9f\xf50f\xef\x5c\xfa\
%\xe3a|\xe1Ln\xe0=\xc7\xc3X\x06\xdd0:\
\xe7\x8c\xb4\xba\x88\x9c\xb3\x22\xc8\x08\xecO\xd9'd\x7f\
\xca\xe6\x06`H5w\x02\x86ds3\xa9\x8b\x9a\x87\
$u\xe9\xe6<\xa9\x8bwp$u\xcd\x86\xd1o\xeb\
R\xc2\xe8h\x8c\xd5\x8b\xff\x06\x8b\xc2\x06\xf1\xbf\x9b\xd8\
\xe6\x93f\xbf\xa7J\xd56\xd6o\xcc>\xbea\xa3\x8d\
\x995\xb0^q7\xb2\xab\xd0\x08\xd4\xc7\xdd\xd1\xf8b\
4\x22\xe6\x13\xf6\xc3\xa8|\xa7\xa67\xb1\xd7.X=\
%\x11U7\xa5\x18\x99\xd7\x99\xa4\xe1;\x9aL\x19\xd5\
\xb8\xc6\x9c.\xa3[u\xb66J\xc6\xc7*c\xb7\x89\
\x0d\xf4\x94\xf8\xbf[bw\xc7\xee\x06\x857\xfb\x9b_\
8~&\xcf\xd3N\xcd\xae\xbcm\xd3S\x9bn\xb9\xfb\
n\xa2\xf2\xf6\xfe\xd5\xaa\x91>\x0d)\x08\x94\x11D~\
\x12\xcfFL\x19\xc8\xf9\xcfQf\x82\x97\x0f\xe49G\
`\x18\xa6\xdc\x98\xfa\x04dk\x0f\x0c\xb31\xa4$\xee\
c\xb1\x17\xf9\x04\xf9!\xf8\x22\x9f\xf0|\x0e\xce\xe6\xc6\
lus\xe7\xb4\x8a\xb2\x03\xc1\xb2\x02\x80\x12\x84\x95\x15\
\x88\xa3X\x06O\x02\xa6\xfa\x18\x0etse\xf6W\xeb\
~\x1a\xc4\xc0a\xa0\x002\xce\xa8\xd3\x0e\x8c\xec[{\
5\x0e\x8e\xa6\xe0\x01\xe3\xec:\xedi\x8c\x11\x96\xd5f\
\xa7\xf3\xb07t\x06\x8d\x14Lkc\xa9;\x8e\x87\xb2\
D\x0f\xa7S\xfc\x99\xc0\x0a.\x90g\xf7\x8f'\x077\
U\xb4\x1c\xba\xb7\x1crR\x5c\x0e\x94\xa95\xdf\xaf\x97\
\xec\xd6\x04F\xe6\x09W\xb6TR\x9f\xf2\xdfkA|\
I1p+\x08\xb2\x8b\x95\x11Ci\x8aC\xa2\x8b\xed\
\xb8\xba9\x88z\xaeT\xc30\xe2C\x8f\x1f\x16\x15\xeb\
^\x09\x879{\x03@\x7fG\x16\xd4\xf8\x03\xa8\x98\xb0\
\xcc\x84\x1a\x7f\x80B\xb0C\xb1KP\x12@\xd9\xdb\xfb\
W\xc6I\x9b$\x9a\x85\xe4\xa3\x18vF\xdcma\xa4\
\xf4\x8fA\xa9?i\x82I\x8d\xb7\xe3\xa7\x88}\x19!\
\xbb4\xff1\xaa\xa6\x9f\xb2\xb3\x94\x96\x0b\xcd\x96\xca\x13\
:\xe3x\x9f\xb7)\x18QN\xb7vTB\xa4K\xf1\
W\xd4P\xabIj\x90\x18\xe7\xc4\x89\xa0b\xa4\xd2\xbb\
\x88\xd8\xd2\xe7lS\xc6\x14\x15_\x83k\x95A\xcc\x1c\
\x1b'A\xbc\x1b\x8d\x8f\x083\xe3qv\xediZ\x0d\
\xf8q\x84q\xb1\xd7V\xae\xd1\x11\xa5\x02\xc6\x8ad\xe9\
\x00_\xa5\xbaAA\xbdd\x01\x00\xa1R\xa1(@\xbb\
s\x5c\xf0\x95\x18\x8c7j\x5cb-q\xb3\xdfLE\
\xc7e\x97\xd15\x02\xc3[\xae\x04\x89\x17@\xca\x8a@\
\xef\xca\x99\xa0 \x1d\xd8H\x823\xa1\xa2tD;b\
9\x15t\xe1O\x1c\x0b\xbd{\xf4\x11\xc7\x0d\x1f\xcc9\
\xe0%?\xd5\x19d{\x88\x1fuU\xe38\xec\xac$\
\xf5\xc8\xc8\xcef\x10\xb6\x1b\x8d\x11d\xa6\xb6\x03\xcbV\
\xa9{\xaf\x9c\xfcH)\xe8\x98\x5c\xf3\xce\x0e`#2\
\x9b\x86I\xce\xb7v\xe7\x8e\xf6\x12\xfdR\xf4\xdc\xf1T\
\xc9\xfd\xe7\x5ct\xcc\xc1D\xa7\xf3Q\xdc\xb8\x91kV\
\xdf\xee\xa3\xa0\xf3\xfb-#\xb2\x04'\x8c\xb2O5\x91\
$\xbb\xbb\xe9\xf8\xe8<T\xce\x22\xe9\x94\xb3|\x16\xa8\
!\x9f\xfd\x87\x8e~\xc3\xf0\xd5r\xce\x1d'\x86HY\
\xaa\xa8\xdfm\xd4\x96A\x8e\x04#\xbd_\xf3I\xcd\x9b\
bT\x0f\x98\xa1\xa4)@\x12J\x03p\xfa\x14wU\
\x01O\xec\xda\xba\x89\x88\x05\x1cb\x22b\xe5\xaf&\xee\
\x07\xcb\xe8T\xbf\xda\xe7|\x88\xb0A\xcb4Yd\xcd\
35\xd7o\xde\xbc\xf7#\xb82\x8c\xa8\xe7\x0cN\x0b\
\x99\xdbs\x01\xfe\x96W\xcf\x0b\xebG\xf94\x9cq\xd0\
r-\x16We\xf5\x8fV\x7f\x94\xf9O{\xde\x0f\x14\
\xd9\x9d\xc5\x05\xab[\xb0{W\xfe\x80\x10\xfc\xb2\xd8\x91\
\xa1\xf5to\x80\xec\xc7\xee\xaez\xa5\xa9\xb5\xf1\xcf\xd6\
\xf7\x04\x18D\xa7)\xa9o\x0f\x81\x0e\xb6\xaf\x15\x89\x1a\
\xe7{BiE\xa7@\x18R=\x10X4\xf6N\x99\
b.\x92\x89\x1e*L\xe9\xa6\xca\x80\x08\xb3*\x85\xea\
\xea\xacJ!G\xdc\xb2\xe8\xd9_4\xce\xde\xf3\x01v\
\xac5\xe2\x85=\xc3C n\x18\xdd\xd9M\x1b\xd69\
b{\x9ee\xb5%<\xceKG\xba\x9a\xfc\xc6\x04\xc9\
\xf7\x119\xe0N\x0b~c\x9f\x88\xd2\x04\xe5\x10)\x9a\
\xf3\x87@\xacU{\xb0\x8c\x8b\x8b\xaaCX\xa2E\x00\
\xbc\xfc\xad5\x86\xadYa\x08\x91@fa8\xb9M\
\xcfR-\x07\xd6wS+\x8a\x95m|\xfa\xdb\xb3|\
\xc4\x11\x97E\xf68\xb6\x86\xac]6\xdc>\x98o\xb1\
\x90\x11\x89\xd5\xdb\xb2\xbf\xb2\x8a\xb6\x94\xe4\xfb\xb6\xc1u\
\x1aQ\xbaEv\xb4X\x22u\xc7(\xaeH\xd1\xf1\x0a\
t7\x950l\x92o\x96J\x01gHkS\xf9\xc1\
\x0e\xce\xcd\xc4\xea\x8f\x1e)\xc7B\x18:Q\x898T\
\xb9\xa3}\xea\xe7\xbby\xe9W\x7f\x94\xbd\xcbp\xfd$\
D\xa7\xfc\x0b\x83noO\xa2>\xb6 \xa3U!6\
\xce\xc1\x96K\x17vs\xbd\xc6\xd2\xf6\xeac\xdd\x8cb\
Et\x18\xb9h\x97V\xa9\xafD\xa5`\xa6<\x1e|\
\x8dJ\x05[\x86\xb0O\x01\xc5\x0ca\x93\xf1\xc9\x0a\xfd\
\xd4KVLY\xb6)\xb14\x1e\x99\x8dr\x07dI\
:L]\xc5\x09<\x81\x1f/\xafdv}e\xcb\x1f\
uhK\x1b\x18\xb5\xdf\xf0q\xe9\xb5\xa5\x01#\xe3\x1e\
\x10\x13\x03\x84\xe3\x07\xb8\x0cS\x03\xd4D\x06<]\x5c\
\xf5\xa1\x06\x87X\x22;G\x1c\x03D\x84K\x93p\x03\
:\xb8\xe3n$\xf7\xdf8\x9cq\xf1\x80\x13qR\xa8\
\xd3\xb0\x98Z\x9a\xec\x13^kw` I}t\x9c\
087\xf4c!\xc1\x90\x11\x0d7\xbd?\xa2\xdb/\
_\xec\xe0\x02\x9b<\x0e\x11X\x91\xa6rc\xe7\x89\xb1\
\xb7\xd9\xc7\x82O(\xee\x9eG\x99t_\x17@c\xaa\
\xe9D\x91*\xcc\xc8X\xbb\x19\xda5\xbdU\xf1w<\
\xdfI\xa5\xab\xd4Fu.h\x0abq[u\xff\xfd\
\xf2c\xe9\x02\x5cz\xe4G\xd7~sf[I\xf1t\
\x7f\x89G!w\xfe\x18\x86\x92\xb7\xa1\xe7D\xe7\xcer\
\xe7P>\xe3\xc8X\x02./\xd8\xff\xd0:\x8c_\xa2\
\x86\x0a0\x91\x88\xfdO\x0e1\xc5\xf7G\xf8N\xe7\xaf\
\x9a\x8e\xa1\x967\x01w\x88e\x02\xc0g,Qu\xdd\
\xfe\xc6\x9a$\x8c(\x03\xecs\x87\x1al\xf0\x8c\x82#\
\xd2E)\x11@8\xf1m\x12\x8f\xd2\xb3\x9b\xac,7\
&H\xfe4\xfc\x04\x99\xedV\x80\x1f\x06\xb6\x17\x82\x81\
\x1a\xf86\xfd\xd3\x08\xf8\xa3R\xd7\xb6\xaa\xdf%\xf9`\
<8\xa8\x1b\x03w\x9b\x1e\x0a\xe7\xd3\xcf\x8b\x05\xc9A\
\xdd$m\x1f\xd5\x96\x229\xcap{\xdf\xc7\x07V`\
\x023CVQ5u\xb6sk\x0az$Qr8\
\x1d\xe4\x95\x92\xf9[j\xa2\xf5\xb7\xeeo\xd4n\xf7\xb1\
\x04\xfe\x85\x16\x1b\xb3C\xc2\x163R\x88\xf5\xdb\xd3P\
\x0f\xbe!V\x98{\xe5e\x10\x1f\x7f\xf2\x96]\xe5\xf0\
\xca\xcc-K\x8f\xd0\xec\xe3\xc4>\x13\xd0#\x18\xc3\xb8\
\xc7+\xe3\xd6#\xa6\x84\xb2\x98\x97M\x94\xa7|ZP\
\x84X\x1a\x97\xbfrN\x98@,\xca\xb8\xae\xcc\xe9|\
\x94\x9aB(s\xd2\xc7\x8a\x84\xd2\x87c\xa9\xae\x9bX\
a\xbd[\xec\x91\xf0t\x117n_k\xea\xab\x0b\x1f\
N\x8d\xbc}\xd8Q{\xefV>\x8a\xcc\xf2\x10/$\
\xc0\x97\x92\x9a\x22,[(\xed\x18\x8f\xde0\xf9N\x12\
$\x13\xe4\x15a\xe9D\xf2\x9e3a2\x8b\xbej\x14\
H(WC0\x98\xcb\xf6\xe7B\xca%@X\x00\xda\
G\x88\x7f\xe71N\xe8\xe6\x06\xd1s\x09\xef\xe2\xa6{\
\x96\xdf]\xaeS\xac~n\xf6\xca\xde-\x99$\xd4\xd0\
\xe5\x0d\x8b\xbfn|\x0d\xf5\xdd\xd5\xba\x88\xaf|\x10\x99\
\xaa\xa3{/\x02\xf9$\x15\xd2\xdc\xe0[\xb9C;\xdd\
_D\x8e\xc2\x93\xcch\xc3\xa3\xa0\x10\xcc\x09k\x14+\
\xcd\xcc;\x00To\x88\xac\x0c\xe7]\xa6A\xec\x94\xcd\
 \x9f\x9a&\xc0\xe5L\xf6\x085\x0eC\xb1{\x99\x09\
\xea'\x0e\x9eQ\xe0A7\x1d\x8a\x81\xe1\x8f\xbb!\xfa\
I4\xc2\x05R\xf7\xe3\x05\x07Xh\xedFjNw\
B\xbe\xbb\xe7\xd2{\x07\x1c1\xb6\x04z\xe3[\x80\xe9\
\xd7\xf8\xa4\xa2/-9\x11\xfbZ\xb5\x10\xd1\xd1\x83\xe4\
}U\xe2\x83\x14\x17\x8b\xc4\x5c\x22\xfe\xd4$#P@\
_\x12\xbf\xff\x03\xc6[,\x06\xf0\xa1z_\xdd \xc9\
ZR\x0b7nhztUvc\xea\xe1\xaa\x07,\
\xbby\xcd\xcd}\x9d\x18rqz\xf1\xbd\xcb\x9b\xf0\x0d\
\xe0m5\xd32\xf2G\xfaG_S\x18@\xb1\xffs\
\x87Z\xc4\x22\xab\xfc\x10\xe9\x8cu\xdf\x19ek\xee\xaa\
[O\xe4\x85M\xad\x88\x1fX\xaa\xd7\x8c\xfc\x91Aq\
\x84<ZB0.\xc9\xc8A\x94>\x16_\xf3\xfd\xc7\
\xbea\x840\xbf\xd7\x92\x7f\xa7\xc3\x11\xc2,\x01\xadB\
&V\xbf2{gU\xba\xa9\xf5\xc9\xdf.\xf8Gv\
KKZ\x85K\xe7Z\xf2\x87\xfa\x11\x04m\x1b\x80\x85\
v\x186\xb7u\xa4!\xc7(\xff\x90P\xbd\x9d\xc5\x1e\
\xe2h\xcebq\x93\xa8\xb1+\x0a\x87\x96\xf5Yfy\
(\xc1\xf9C/;\x8c\x0f\xf9{H8~\x91\xd1Q\
\xfd\x1eo(\xfaIn9rXc5\xd4\xb0\xee\x9f\
_\x88B\xed\xec\xc8\xc8\xda\xec\x96L\xb8\x9b\xcc\xda\x97\
\xe4Z\x0a\xa9}\x89\xe6f\xedK\xd5\xdcY\xfb\xb2\x14\
~\x0484\xc3\x0az)\x966\xe9\xd5\x0c)\xe8U\
\xace0\xd4\xe9d\xde\xcf\x01<M\xe8>F>Q\
\x09\xef\xe5N J\xea\x8e\xf0d\xb2\x01o\xe4]\xc9\
\x9b\xe9\x18\xb6H\xd7\xf52WG\x17\xe1\xb2\x0e\xb1n\
\x1ek\x8e\xad\x93\x90X@y\x9f1*\x10~\x86\x0b\
h^\xb7\xb26\xbb\xee\x19w\x85\xc1\x84\x96f\xf4/\
\xe1\xfd\xdd\x1d\xa7K\xba\xbd\xeb\xeaj5\x802\xc2\x0b\
\xff9M\xab'KL3\xdcd\x84;~\xaa\x94\xef\
\x8c\x19\xb2\x15.S\x92\xcd\xf8\xa0c\x91o\xd0\xe2|\
\xfb\x80\x89\x99\xc6\xc5\x04\xac\x02\x87\xb04\x84i\xcf@\
j&\xe1&2\xc5ko\xc6\xbfEbg\xfeT\x0d\
\xc4\x1c\x08B>@\x15\xf0\x8b\xbd\xd1O\x7f\x88B\xd4\
L\xc1\xd8do \xf0\xb6\xf03\xc1\xb5\xf0\x0c\x0b\x15\
hk\xb1\x8e\xe34)\xa2\xbe\xed\x9b\x1aL\x0cQ\xcd\
\x0f\xac\xd8\x8e\xbc\x0c^\xaaC\x09\xa4\xb44\x06\x12V\
\xc2O\xb4\xe7\xde\xdbNI\x1b.\xb8\x92\x1cem\xdd\
\x07\xc1mM@]\xf7\xa4D\xf3q\xd2\x06+\xb8\x90\
qR\x05gj\x99\x13MI\xe4\xb2?FJ\xa2\xdc\
\x5c\xa1,\xedjsM\x94\xa8].D}\xae\xf6\xd9\
\x09.\xc4\xe1\x97\xf3\xed\xef\x8d3A\xb9a\xc1\xcc\x11\
\x96\xb2l\xd2\xa9\xb0\x93q\xa7\x1aE\x92s\xd8\xf9\xcb\
N\xaa\x14\xc7\x89\x99\xa1'\xe0\x0f\x02\x83R\x977\x05\
\xb2\x90\x93-\xf1A\x03\xc2\xc9\x88\xe45N\x09T\xe8\
\xf2M\xc9A\xbf_\x9f\xb3\xdf\x00\x0aT9&*\x8b\
,\x9a@G~:\xa8b\xb5Q\x1b\xf5\x1e\xe5\xcev\
A\x1b\xed\x83\xe2U\xabv\xd7R-\xd5\xc3s\x8f!\
\x9b\xfe\xcd|0\xdb?\xe8\xf8A%\x9a-X\xfb\x07\
\x99\xb4\x0aN\x09\xcc=\x81\x0e9S\x83r\xf8\xb2\xb0\
\xc0\x7f\x88D{%\x9c{T\xd3\x1a;\x80\x22\xb7\x87\
\xc2Qf\xd8\xcc\xc6\xdeSp{\x18&e\x86\x0eV\
\x84\xe1\x1d\xcdL~\x1e\xb3\x08`\x1e\xddG\xee\xf3\x90\
\x0f}`\xac\xa2\xef\xe7\xb0\xd12\x9fXv93}\
\xc5\xb5.\x0c\x0cUf\xf4\xa9\xddh4\xd2\x18P\xe7\
\xe6\xf5\xfdd\xb0]:\x07\x9f\xd5\xa5s/\xe5\xde}\
\xceG\xc3xE\x1a-2g\xca\x0d\xdf\x17k\xdf\x9a\
\x89e*7\xdf\xb1\xa4\xcf/W\x9c\xbe\x86\xf2\xc8\x97\
\xc6A\xdb\xd3\xfd?\xbf\xf5\x7f\x967Q\xe1\xb2}\xb5\
\xf5[`\x8b\xb1\x13\xf9m/\xf3\x1b\x89\x1e\xc7\xb6\x0a\
M\xfa\xd2\xb9\xd7\x86_y\x0b\xf5\xba\xcc\x1a\xc6\xe2 \
\xfa\xb9\xe3\x03;\x88\xdcg\xe4\xe2\x0b\xb9\x03\xdf\x15\x86\
\x84W\xf6\x0c\xfc\xfa\x87.\x92\xf1\xe6\x02\xb2\xac\xfd\x00\
\x9c`k\xfe\xbc\xa9\x15\xf0\xc8\xb1\x84_j\x8aM\xab\
2\x7f\xaa\x9b\xd8\xbf\xf2G\xce\xc2\x9e\x90\xa8I\x5c\x11\
f\x91)W\x89\x9d\xc7\xeec\xec%\xf1\xfc;\xdb\x1d\
\xd4%\xc5\x0e\xb8\xf3\xe4q\xe0\xcb3\xfd>\x99$.\
7\xf8\xb83\xd7W\xdf\xb5\xe7!\x0e\xa4fp\x00S\
\x1e\xb2_\xe4\xbdF\xee\xefK\xe7\xbar\x9d\x83\xa3\xdb\
\xbbl\x1c\xb5\xa5\x19\xd2\xc8R\x11{\x5cl\xb0:\xa1\
7\xaf\x8c\xd5\x1b0\xce\x1b\xbd\xd1\xa0{=\xbe\xb2n\
\xed\xcaz\x1b\xca9[J\xfa\xeb\xec\xe3&\x00\x1cP\
\x80L\x0e\xd78~\xd7\x1en#\xdd\xa3\xe4Jv&\
'\xf6\x9b\x00\x00\x97\x86^V\xd7\xba\xfc\x8d\x94\xf2b\
\xa9\x0e2\xbf\x91\x87\x06\x12*U\xd1M\xff\x0b8d\
\xba`A\xaa\xfb;5\x9dp\x8d2J'\x8e\xa8\x9c\
C\x00I\xe4\xeb\xbe{\x04\x06\xee\xf3\xda\xdf\x1b\xa0s\
r\x02/K1\x8a|\xdc\x85\xcc\xe5M\x18\xcd\xf0:\
\xdeL\xd2\xd5\xd3.E\xc0\xe5K#9\xfd\x8a\x85\x8f\
\xfd\x8b\xb1\x05\xcf\x9evl\xc1\xc4c\x7f\xa8:\x02\xd0\
\x80a?\x95\xe4\xcf\x0e\x09m\x95`\x02n+Jv\
\xd4\x90\x80`G\x0e\x01\xb0V\x1f(\xa8@z\x86D\
:\x85$e\xa1\xb9\xa5\xf4\x94P\x97(E\xa7\xd0\xe0\
\xd7\x8a\xbb\xc9\xb2*\xd1h\xd9\xe5-\x9fZ\xf4fM\
\xa7_!\x88\xd8\xbe)\xd6,\xab\x89q\x9a\xe7/\x93\
(P\x10\xbc+\x96\xfeM\xd4\xf70\xeb\x04\xf9l\xf8\
:\x08\xadK\x89\xb9\x88\x9f\x13\x98\x83\x15\xae(\xa1Q\
\xa2\x02\x12E\xe8\x18\x08{\xcaN\xeex\x95X\x90\xde\
U\xc6\x82\x8c\xbex\xd41\x99\xdeU2\x09\x87\xbb,\
K\xa8\xb1r\xbe;]\x95S\xd0Q?\xde\x81,\x08\
\xea\xcc\x9e\xeb\x90\xb8,DX\xc9\xccj\xec\xa8\x94\xe6\
\x22t4\x8b\xd0\xaaN\xe1Su\xb3d\xaan\xe3\xb2\
d\xca\xa9j\xa6\xd0\xe0T99\xa8\xe5\x9dDG\xdb\
\x07\x8a\xc9g\x92[>\xc5J\xab\xa7\x95\xb0p/(\
\xfd:\xb8^\xc5>\xb4\xcb\xaf\x17\xae\xff\x09+m\x1f\
\xcf\x0f\xedq\xd4\xb5\x9f\xf6\xf8\xe0\xa2?h0\xa0\xb8\
\x88\x03I\x8c\xfe\xe56\xbcm0\xb7s\x88\xc3\xfc\xe4\
\xed\xeb\xceb\x0c\x8er?F\x91:\xe7\xa7\xdb\xd6d\
\xff\xaa\xa9\x15L3`;F\xecx\xacb[.\xf3\
>\xc0\x03~A$d\xbf\x00\xc8\x93\x99\x83bW\x1a\
P\xc0\x9e\xe6U4\x1f\xa5\xa3\xca\x80Z~\x1fp\x11\
\xc40C\xc4\xc8\x14V\x06\x0d{\xc7\xcb\x97\x86\xba\x14\
j\xd4\xac\xa7D\xa92\x04\x04\xbat\xee\x04\x15\xcd\x02\
:\xc1\xf5\xa8\x1b@\x91\xb8\x1b\x16\xf2-4RZ\x18\
\x5c\xab\x0d\xaa0\xa2J\xc1[\x11[\xdf\x83\xb2\x9a\xb1\
b\x97\xf9\x85\xe7\x85\x88\x08(<F\x8c\xc7\x0b\x962\
\x1b\xff[4\xac\xd0\xcf\xb2\x1b\x1b\x1e\xdd\xb0\x9e\xb2\xf1\
\xdem\xc9\x9f\xef\xa1z\x9c\xc5\xa6\xb1Fo\x90\xc7Y\
\xe0\x85\xce<Zd\x14\x95\xb1\x1d\x01\x09\xfc\x8c\x9a\xeb\
\xeb+\xe1\xb6\xf6w8\x0d\x8e\xa8\xfd\xc1\xd7\xc8im\
/\x12\xc7\xda\xc5\xdd\xf8\xba\xa9\xd29_.}L\x1b\
d}\xbeub\x116\x07\xf2\x11o\xd0N\xf9\xbe\xe6\
u\x1b\xeaV\xae{t\xb3#\xcf\xb0\x98Dm\xde\xbc\
\xf7\xb2\xafDy\x1d%\xda\xcbz\xf5\xcaP\xedX|\
\x8fy\xa1\xa9\x17S\xa8\xa6qj^X\xca\xc54\x88\
\xa0\xa2\xa6\x91:\xe4\x1c\x12\xe4\x95:\xfd\x98j$\x0a\
\x05\xb2\xc5\x94u\x01\xad\xeb\x0f\x8d\xcc\xe4DU\x82\xd0\
\xe9\xf3.\xc4\xb5\xc7e\xe2\x9a\xb3|\x8eh\x94IZ\
$67Rs\x84^#\xd8l\x8a\xd0\xdbPk\x13\
\xaa\x9fS\xa7-\x04\x14\xce\x9c\xd1\xf9\x1e\x87\xcc\x8e_\
V_}\xaa\xc0\x90\x09\xce\x9f\xee\xb3\xc3G\xb6\xda\x9f\
\xf8\xcf\xf6| \x8fa\xad\xac\xfe()PcO\xb3\
\xdd%>\xf1;\xa3;\xbbS\xcd\xb5+7m\xcan\
|\xda\xce8j\xfc\xe6\xbeZ\xa3\x0afbxo'\
\x8a\xc49kaN\xa1\xe6.\xa8\xb2\xd7-\x02\xaa\x5c\
\xd8\xf4\xaf\xf5s\xd9\x22\x1c8\x97?h't\xc1\xd3\
n\xe8\x85\x09\xf2\xb3\xbbU\xc0\xf8S\x05\x0d;y\x9e\
\x86X\xa8\xe1\xdd;\x1dy\x1aE \xc4\x5c\xde\xc0\xee\
\x99\x04Q^\x22\xa0\xe7(%\xac\xf93\x83\xcd\x89!\
\xd3\xfamO\xad_\xd2\xc7~[\xffIa\xd89\x1a\
u\x1c5\x1a\x8d\x9c\xb4\xf4\x93\xa9h\x04\xe4p\xcd\xed\
\x00\xa9\xf8\x999F|,E\x9d\x09\x1d,\xeesB\
\xaf\xc8\xb4\x1cw\xb4\xac\xc8*\xc6\x99\x88\xaa\xbe)\x9b\
\xef\xfb\x7f\xfb\xf7\x04\x9b\x8f\x1e~k\xf4%K\xe5-\
4\x0a{\xc4\xddU=\x0a\x9f\xfe\x03\x7f\xae\x87\x8f\x0f\
9\x9e\xeb\xa2\xa7\xff\xd0\xbb\x0a\xea:\x1b\xf8\xf8\x10\xb4\
+\xa9\xaa[\x97\xb8nn*\xe9\xbcK\x88\x92\x8e\x8e\
\x08\xab\x04\xc7\xa1\xc0\x8as\x1c\xdb\x18\xa0.Q\xc6@\
9:R\x942\x14\xb9<\x8b\xc4x\xb1\xc8\x89\x82\x97\
\x99\xecP\xf8rP\xf6D\x11\xcc\x85\xc6s\x13w\xbf\
2E@\x1blY\xbf\xbf\x89-\xa2\xc4\x0f\x88\x1bs\
\xb4\xff\x8c-\xf3g<46\xfcz\xaf+4f\xad\
r\x22j}\xe75\x93*\xf2\xa8T5P\xad\xd9s\
>A\xe1B\x8c\x98#\x9a\x08\xa0\x0fgv&\xd9y\
m\xc7OA\x94\xe0\xd7%\x1e~Ch\x1d\x8f\xae_\
\x95}\x8a9\xa6H\xa9R\xb1l\x0b\xf0\xe4\x83\xf6\xa5\
\xaf\x1bj\xc7\xc0sB'#\xbe\x05\xcb\xa1\x14=[\
\xf85\xb4\xd3R\x93\x15\x91O\xc2*\xbc\x90\x89\x98+\
y7\xb8_\x93\xf3\x16y\x0e\x8c\xa8j\x0c_\x18\x7f\
\xa2\xa6\x83\xd7\x98\xdc=\xe3N\xce\xe9\xe7uO\xe5\x8b\
\xe1S\xa9\xaf\x94\xf9\x09\xff\xbc\xe6:\xbdb\x8b\xee\x97\
\xf8;s\xad\xe6\xb9\xa7s\xf05\x95\xbe \x9d\x22|\
\xa1r\xdb\xdb\xd4g\x0e[\x9f\x88I\xc1\x13\xa8)\x10\
#\xdcV\xeeI\x91\x9f\x8f\xd3\x22~\x0c\xffU\x02\xee\
d\xbb.*9\x8d#\xeb\xa2\x1a8\xe1\xb8\x1b\x1b\x5c\
\x02\xdcZX\xadj\xc2\xa2\x85\xd4\xaaN\xa0'\xbe\xd0\
_6/\xee\xe0\xf3:\xe0c\xbeN\x0f\xe5\xbeka\
\xd8\x8b`-\x04\x1e-r8\xb9\x1f-47<V\
\xaa\xb9\xdb!UhL'\xee\x9eB!\xa0)\xac\x91\
\x04\xa4X\x1a:\x1a\x05\xa9\xdc\xa8i(\x95\xdb\x0c\xf4\
\x01{\x14\x95A\x8530]\x80\xc4\x83L\x92@\x0b\
\x06F\xfcN\x05>\x92LR^9T\xf2\xfe\x01\x9e\
(\x93\x12\xe0\xf9\xf4\x10\x0dn\x16L{Pa\x94\x8b\
A\x8d\xc1*#\x06\x831.\x07\x0b\x01\xaac\x00\xb3\
\xdc\x92\x12\xe6\xaeN#AX\xe6\x07\xa6\xe6\xee\x0f\x8c\
\xe6(\x18\x1blNua-\x8f#\x9aG\xd5<Q\
\x9d'^\xf3\xa4L\x03\x95V\xc4\x165\xc8l\xec\x06\
a\x04\xd7\xb1\x8c\xec2\x0eY\x823a\xfb[\xa9\xd9\
\x0dMuV\x0ev\x1c\xa2\xd8/\x99D\x1d\x1d?C\
\xfej\xd0\x1d\x06\x7f5Q\x1dZ\xa7M771r\
\xbc\x8b\x1b#W\xf8\xec\x1b\xacJq|\xf8\xfc\x1b\x8e\
\xfa\xc4\xe9g\xff&se\xac\x08/R\xec\xf6\xd8m\
A\x98\xe1\xd8\xa4\xdaR\x06>\xdc\x10\xf3\x0d\xab\x99\xc3\
C\xad\xe2\x14\x82X^\xbe=\xb7\xdf\xa6\x11\x86\xc2V\
\xc8\xb7\xf5J\xc0\xe1\x86\xf5\xf6\xac\xfen\xf3\x87lV\
CmB\x1d\xb0\x1b}`L}\xa8\xdb1\xf5\x04r\
\xf4$4\xec\x81\xd8|\x9f\xaf\x87\xf2\xefR\x0b\x1f\x98\
o\x85\xa5\xd1\xa1&Y\xfb\xdf\xab\x7fF;\xc8\x0cK\
SG\x94W\xe8h\x17\xb7\xb1\xb7\x81B\xdc\xbc\x10f\
1t\x96\x90\x90(\x9eN9\x0b\xd2\xf2\x00$\x95U\
\xc7\xe6\xb3\xfd&\x05x\xfa\x1d\x01GS\xf6\x8f)\x92\
bxZQBuu\xa6\x0fM\x85\x8b\x12\xb5L\x17\
eSS\xb5\xcb2\xf5Y\x94\xd3\xe2\xf1#rWR\
\xa5R1\x81\x7fj9\xc8\xdd\x98\xff\xd4r\x88jj\
\xb9\xe0\x0d\x10(~\xd6\xbf\x99\xf3\xf9\xeeA\xfc\x94\x9d\
\x96]\x18\x87\x07\xdb0\xf4\xa4k\xdaa\xe8\xc5a\xb5\
\x99-a\xb1\xb9\xeaw\x1biaqwBX\x11\xae\
G#\x11,\xa1R\xc0\xdc\xc9_V\xfd\xc9DT\xd9\
\xc9\x04t\x02\x9bC\x8a\xdew\x17\x87T\x82\xeb\x88\xfe\
6\xb2U>\xeb\x8dB\xc7`(Nu\x0b\x0b\xc5\xc9\
\xc1,Fu=X\x04\xaf\xba\x0c\xc1kh\xb2\x8f\x8d\
\x80nF\x90{\xf8\xde\x8c\xa9\xdc\xa3\xf4B\x0e\xb86\
\xb1\x11JY\xd3\xe0{\xf2\xd3\xb9\xe7=\xc3\xd4Oy\
N\xb1#\x9f\xf8N\xa7J\xeaH)\x8eN&.w\
\x0fj\x0c5k\xdc\xa1B\x8a\xa3iH\x83\xb1f%\
\x1c\xc6\xe0^\x09\x0b\x0bA\xac\xa7c\x89\xe5MT%\
\x0fW\x9aA\xdfwO\x186\xc2\xa39\x85_o\xf0\
\x8cW>O\x95+r\xf2\xf8y\xf36c[|\x88\
\x90\xd8\xd6s\xbf\xa8\xf6\x1f\xaf\xf8H\xf7\xc1\x5c\x97\xbd\
*\xed\xbf\xae\xef\xb18 \x8bG\x8e\x7f/\xff\xdd\x1e\
\x17\xfbca{~\xd5SL\xea\xf1c\xf9=\x16\xdf\
tq\xc7\xea\x9a\x07\xab\x7f\x94\xc9e\x8a\xd9A9q\
,\xb7gW\xae{\xd7\xa5!a\xe3Y\x8cl3:\
^\x0d\xd2l.\xf8e]\xc1\xe2\xd9\x8b\x9a2?\x93\
\x90\xfc\xe2\xac\xef\xd1\x9a9r\xf2UM\xady\xe9\xe2\
!\xf0$\x01+x\xe6\xd2P\xaf\x86\xdf\x0b\x8d\xd1\xf2\
u\x95w\xbc\x0aQ5\x9dmk\xf6\xd5\xd6\xdc\xdf0\
P\xfd`\xcf\xe4\xd5\xc9\xfa\x85]\xac\x8c\x89\x10M2\
r\xcfw\x8e\xf4\xbf\x02\xa7\xdc\x9e\xb6\xe1\xdd\x03\xb9\xae\
]\xa3-\xdd\xf9\xfd\xbb\xf3\x87zF\xde\xb6\x0e\xec\xd4\
\x8eWQ\xf3\x06\xf2#&^)\xa4S\xe1\x1b5\xcf\
\x89O~\x9d\x22\xb12L\xa6\xb1r\xb2\xcd=\x08\x89\
\x1dP\x98\xad\x80%\xe8\xf1L\xec\x16\xd5\x12\x8556\
\xca\xc8\xfc&I\xc7:?FE7\x1aD\xbb\xb5\xcc\
\x03:_Qc);K\xbc\x01\x9e\x05/A(^\
\x84avs\xdd\x86U\xd9gn\xc1\xbfnZ\xb9\xb1\
>\xbb)U=\xff\x1b\xa9\xe6\x86Ukm\x7f\xbc\xbc\
\xd4\x92\x06\xf7\xccd}e\xed\x0e\xa1\x9f\xb1\x0eo\x22\
\xea\xd8\xca\xe6\x80\x9e\x04\x9b\x13\x86\xc4\xca\x04\x91\x04\xf9\
?i\x18\xa8-\xc5\xacd\x01\xa1+`8E\x06\xe5\
\x8a'j\xde\xd7\x11/c\xce\xf34q>\xc2EB\
\x01S\xf7\x9b\xaa2\xa4\xca\x02QJe\xee\xc2i\x10\
\x12\xb20X\xc4\xcfD\xbdbk\xde\xb2*\xb1\xbby\
z\xf1\xbdvs\xe0\xe6\x9d\x0b\x8f`\xd1c_\x09.\
<Ey\xf2\xef\xd8U\x0a9\x15\x7f\xe6\xfd\xea\x0f\x91\
<\x810$e\xb4\x05\xd8m\xee\xb4\xc9\xf7/\x0du\
!\xe9\x8a2Ld\x18\xd2Kj\x0b%\xbeI\xf3A\
\x11tw\x17\xe3\xc64\x02\x19\xad_\xb0'@\xa1w\
\xa3\xfe6\xcd#4\xa55\xc5\x87'\xd7\x03={V\
\xe1\xac\xb4=\x9c\xefc\xd0\xcf]Tq-\xfa$\x97\
]g!\xb4\xea\xb2\xfa$zZc\x09\xc4J\xab?\
\x5c\xfdQv \xf2\x93\xf0i\xc9\xbc?\xc4A\xf1m\
\x0e\xbc\x8d\xff'\xfa\x93\x14Yi\xd7\x89\xa8\x84\xeb\x84\
~\xb4\x0c\x0d\xb5\x84?Yn=U\x8e\xb3\xe6\xba\x8e\
\x1fX\xe3\x1c\xd99rj\x87\xb3\xf9\xa3\xdb\xda\xff\xce\
j~l\xdb\xc8\xf16gs#w^5w\xa7\xc9\
\xcb\xe6\x86k^7w:\xe8es3+V5w\
f\xc5\xca5\x22^\xcd\xbd\x1f\x05\xd7\xc8#\xd3\x1c\xdd\
\xf7\xb6\xf5\x0c\x1b\x01\xb7xH\xbd\x084\x12\xe7\xe6\xeb\
\xe2q\xaff\x8f\xbbl\x9c\xfa\xfa\xc2jK\xefG\x07\
\x06u\x98DM\x1d\xd8\x86\xcf\xa3%E6\xd3\x05\xb8\
,\xa9\xd2Z&\xe91\x1bW\xf8T\xcf\xd21\xc38\
\x84\x94T\x1d\xedD\xd8\x99\x8a\xb9\xe9\x8alx\x03\x0c\
\xbe\xe3\x03\x01>g\xed\xb5\xd9\xe68L[T\x0a\x90\
q\x980\x9eN\xfa\xb1\xbcr\xe8C\x0e#\xe4\xdc,\
^\xc8@_\x15\xd4\xd7\xf3\x09Q\x02N\xeeP\x8f\x8b\
\xa4\x1dr\x10\xd44\x89dH\x02\x856\xdd.\x119\
\xe9\x00A\x8c\x9at()\x8cD>\x00\x9c\xd8\xd1_\
U2\x96\xc0\x1e\xaaI\x82\x07\x12\x97\xb3\xe4\x92J\xc2\
:\xe49\xf7$\x91\x80\x8a\xc2\xec\xca\xb5=\x8f\xbbJ\
n2\x5cQD\x11Ii\x87D\xb9\x04\xa6r\x98\x93\
\x8eu\x96;\x85\xbb^\x94p\x87\xeb\x05.=\xa3r\
E\x82\xbcy\xee\xc2\x14\x85Fjk<\x84\x88\xb1#\
\xff\xec\x0f\x02\xaa\xc0\xa9c\xc3C;\xdc\xaa@1\x9a\
[\xea\xa8\xec\x10\xaa\x8e\x16v\xfcvW\x8c\xcf\xe3\xc4\
\xc8+-\xb6:)\x1aa%@\xc1\x89p\xa3\xa4\xf3\
M\xa2\x82,S'eW\xb5\x07%\x15'\xc5\x1b5\
\xb9\xefn\xaa\x17k\xef\xa6\x8fV'Qw\xd0\xe0\x08\
-\x199\xf5\xb6\xd0@\xa9\xb4\xa0\x9b\x17tj\xc7\xd5\
\xcc\xdf\xf2\xda\xf0\x1c1\xcd\xf4\xd0Sg/\x0dm\xb7\
\x0b\xc3\xdb\xb8i+\xed\x061\x02\x10\x1fR\xfa\x9eV\
\x8c\xc6\x12\x8b\xba\xac\xd7\xf1\x0e\x15\x0a\x90\xdc\x87^\x12\
\x1f\xd7\x82\xf0\x0c\xed\xe8\x8az g\x86\x8f\xe74\xae\
\xef\x9a\xe0\x98\xe3\xdb\xe0S02\x0e\xa6U\x01\xbc\x8c\
\xc6P\xc0\xab\x88j\xe02\xa0b\xd1S\x94\xa8\xee\x11\
\x0c\x15\x95\xe8\x08\xe2e\xa9\xf8\xac\x17\x8a\xcfc\xd0\xdf\
\xf1\xab\xc5\x7f\xaf\xf4\xbd\x83LW\xbf\x99\xc4\x12\x1ds\
\xaay\xfd\xca\xc7\xb2\xcf\xd0om^)=\x83\xcf\xd8\
w\x9f\x1c\x05\x9b%S\x19P\xa4*<i\xb4E\x84\
\xd6\x14\xaa/M\xf3\xe5\xd0\xa6[\xd4\x05\xe5\xd9*Y\
1' \xd3\xdbvb\x8e\xa4-GU\xb3H\xeaQ\
\x023\xbd\x91K\x0d\x9d\xe3\x14\xdd\x1b\x1e\x06\xe3s\x94\
\xf1\xfe\xe4Y\x08)\xf4\xa1E\xb4o\x95\xfc\xf0\xa5`\
\xc7nj\x05\xb7\x05w\xe9qq\xa8qB\xc4\xf1m\
\xbd\xc4\x96\x0d\x8f\x8c\xa4\xbfpq\xe0\xe9\x01\x5c\xdb%\
*\xfe\x94\xe6\x1d\xc7*\xb4\xad\xa4i\xfe\xc0~\x91\x99\
\xb3\xe2\xbf\xf9L\xd1~\xe1d[8\xd0p\xcc\xb4\xe2\
l\x7fD\x8d!\xb6W\xee\xe2s\x01\xd6h\xabpr\
\xc7U1\xb00~)r\xb0\xff\xe9\xcc\x9c\xd5\xc9\xa7\
\xd6kn\x13*Z\x87\xfd2\x96\xa8-]<[\xab\
q\x999\xbcB\x0b/\x9c\x8c\x89\x82\xb1\x1a\xc6\xb1\x17\
h\x10o\x08\x18\xab\xf7\xef\x1e\xee?\xc9\xd9Q\xfc\xaa\
wr\x97\xc1\x0ah\xeb%\x14\x9f\xa7\x1b\x02\xcbg\x15\
wq|\x95\xe9\xf8%\xba(\x19\xb1y\xe8_\xa2\xf7\
\xbby\xe3\x89Y\xf2Bd\x9a\xcb\x83\xcf\x92o~\xfb\
q\x17\xe3\xe9\xd2\x1a\xe6\xadW\x93\xe4\x09\x8f\xecq\x97\
\xa3\xf2\xa2\x19\xce\x9b\x0f\x0f\xbd\x95\x02i\xdb\xc2\xa1\xc3\
\xebK^{\xe1\xd9\xe7\x997\xc1)\xf0\x0b\x9f;\xed\
\x1d\xeb^\xce'\xe2\xaf\x80a\x83\xccr\x0ck\xfe`\
\xb7yrk\xb8\xec\xb1\x0a\x14`\xc6\xcf\x83\xb5k\xd0\
\x1a\xce\x9b\xe0h(7.\x0b1\xabJ\x97\xd2\x02\x0e\
\xe1@\xd4\x13\xa1*\x8bz:p\x01\xd0\x94\x16\xfcs\
\xf6\xae\xc0\x0d\xf3e>\x0d\xaf\x82\x22\x9f\x0fy\x0b\xbc\
Y]\xbax2\xff\xc2`\xe8\xb53s\xbc9\xc0\xbe\
d\xe3\xdf\xf5q\xc7'K\xd31\xf2m\xe3\x8d\x8c$\
Q\x8due3\xb8\xef\xe3\xce@\x15\xf0f\xf8VW\
=Z\xf7l\xec\x99`\x8b \x95\x170;\xed\x12a\
\xb3[6\xee\xec\x22\xe6E{G%\x02S\x1do\xe6\
@q:+\xae\xf2\x8b\x15N/<\xbet\xb9\x1a\x97\
S\x1a\x9ex\xeb\xaa$\x8f\x98\xaaa\xad/\xcc\x10\xd6\
\xa7\x8e\xab\xeb\xe6\x99\xd5# \xf2\xf467\xa1\xd3=\
\x94\x1f\x9c\xbe\x06\xf3\x91\x04\x12\xd5\x9a!;{\x05\x8e\
\x15\xba\xf63\xc5\x8b\xbe\xd2q\xce\xff;`El5\
\xbf\xe6\xa5\x11\x8b\x1fO\xd3L=\x5c\xad\xd9\xb3\x85Q\
\xa8 '\xfar\x17/Dn\xfb\xd6\x91\x93\xe7\xa8\x95\
\x04\x13\xb9\xf2\xbb:\xaej\xc5\x8c\xaav\x91\xf6\x1e\xa0\
*\xc3c\xce\xf54\xafj\x97\xa7\xbf\x87\x13\x93u\x5c\
\xd5O\x04\xb7;\xce\xf2\x07\xc0\xa1\xe28\x9f\x95\x1b\x03\
\xfdBh\xcd\xa8\xb7U\x09\x96\xf5\x8e\xa8\x01;\x95z\
\x8f\xb3\x87*=Y\x1f{\xf7\xcc\xf7\x07\x90\x0a\xcaR\
\x9f\x81\xad&\xb9\xa8\x0b\x07\x8c\xee^~\xac\xc6\x12\xd5\
\x87\xa5\xfa\x12\xbc\x8bW\x07&\xa2>>\x80\xeb\x06{\
\x1b\xae\x9f\x1d]t\xce\xbc{\xd9>Xx\x97v\x1f\
V\xfaM\xc4}]\x04{\xca,%F6\x93\xbb\x94\
\x98\xa4\xdf3|*d`\xd9>\x95)h\xa9\x83L\
Akc(\x10\x9bt[\x1b\xd3\xed\x02Su\x126\
T\xd3\x09|\x92A+|GTy\xa9N\x05*B\
~\x9a\x842\xb9y\x87\xcb1\x9e]+\xd0\x98\xfc,\
\x1a'\xa26\xa0\xfb\xb7L\x83\xec\xba\xeb\x96\xf4\xb9\x92\
\xd0\x99\xf3\xabB\xc9\xef\xdc\x99;\xd9\xc7\x93\xd0\x9d\x1e\
1!\x13\xe0\x0e\xb3\xec%I x\x87\xbb\xe3\xbd(\
=^w<s%\x93\xcc\xee\x5c\xb2\xb8\xa95\xbbi\
A5\x95f7\xed\xfe\xb1\x0a\x84|\x96_\xbb\xf4\xde\
\xde\xee%\x17\x96\x1fC,\x1b}\xfd4V\xaa:.\
\x0c\x9cKCg\x007\xea\xdd\x99;\xb1Of\xea\xbc\
}\xe9\xc2w\xbc\x0a\xeaN'\x81\xd8\xbe*4u\xee\
\xb9\xdc\xe9\x96\xd1\xbe\xee\xdc\xc9\x0b\xb9\xf3\xc7T\x86\xab\
\x94l\xddB\xb8M-\xef\x87\xbc\x14C\xbd\x1fE]\
\xff\xd0\xdbm\xc0\xb6\x12#g\x0f\x8b\xe1\xdc\xe0\xad4\
\x0a\xdf\x8a\xb3\xbde\xd1C\x9b7\xaf\xb9g\xacB\xa6\
\xf3\xfe\xb1\xea\x88|8\xaf\x7f\xfaw\xc0\xd1dr\xd5\
s\xab\xe2\x01\xa7\xd4\xfdT\x18\x17'y\xeb\xc5\xdcv\
\x10\xef\xe6\x8f\xbc\x0b\xfbC\xe5\xec^\xc0;\xa8\xdeJ\
\x94A\x22\xdc\x8d\x98u\xae\xf3|\xaemG\xb8\x83\xaa\
{M\xf7\xef7]\xcb\x8e\xdd\x05!mp\xb8\xc7\x02\
\x94N\x85\x81\xef\xa0?2\xc9\x8eJ\xc8\xd4\xf78\x8e\
\x1c\xd4F)%h\xa5\xd8\xa2\xe0\x8di0K\x1c\xb2\
\x0b\xa3\x5c\x09[\xb9\xaa6\xd5\xc0\xea\x1b:\xae\x8f\xaf\
\xe9<\xb0\x9ad\x1d\xa0\x83\xf7\xa99n\x8c\xa5$`\
\xb3\x02\xf9}\xf6\xdfpq:\x99 \x1e2r\xc5\x84\
\xfa\xd1\xd9\x9e\xbaO\xfc\xa4\x8d)\x8d\xde<\xa0R\x17\
\xf9\xdf\x14\xaf\xde\xb8\xc4\x11\xa5\xd2Y\xb2e\xd5\x89\x10\
\x00\xd3\xa7\xd4\xe8\x83\x17\xf3\xcf\x9f\x08A+\x95@F\
m\xa9~\x90\xcd\xbaX\xca\x1f\xda\xd6k\xbc\xc1\xce\xfb\
c\x06\xe4\x80[\x0a\xd11\x98\x98x\xcf4;\x14\x1e\
~\xf0@\xb2\x18\x09I\x96\xf4R\x14;#\x93\x91\x1e\
6\xce\x18\xa5L\x1aI\x0aiYnzP\x1c\xba\x09\
\x0d|\x0f\x1fX\x1d\xcb\xff\xf0\xf0\x09\xf2\x22\x07\x00N\
\x09\xcf\x8b\xec\x005\x95P\x17\x0d\x994\xbc5\x15^\
G\x03\x17\xe9\xf4\xcd\x14\x93\x1c\xa30\xd2d\xaf\x7fH\
=$\x89\xce\xfe\x97\xa5\xf3P\xa1T\x1d9\x1f\xf5S\
\xaaz\x9f=\x9d;\xbd\x8d\xea\x95\x8ac\xf7M\xe7\xf9\
\xed9\xd9|:]\xd0\xd7\xd9\xf1WO\x15\xd4\x96\x22\
\xf2\x8eb0\xec\xc8U\x92\xb0\xd1m'\x87O\x9e\xfe\
u\xcbV\xf0\x8b\x9d\xda\x8a2\x9dm\xbd\x14z\xa7:\
0.r$\x04\xb0\x0c$`\x82\x02Wn\x0c\xe0\x0d\
\x8a\xd1a~\xac1\xf6X\xecqq\x0d<\x1dk\xf0\
\xba&\x15\x7f\xc3\xfc\xc6\xc7\x1eox\xba\xc1\xbe\xb6~\
\x8c\xfa\xef\xec\xda\x92\xcd]\x15M\xd1\x12\xf9\xf1lV\
\xe4\xcb\x97\xf9\xef\x96f(\xa3L^\x5c\x80i\x86*\
\xcadx\xfc-\xd0\xa6_\xfbm\xac\xc8\xf7|1\xc7\
\xf4\x8c@\xe97\xd4\xaf2\xdd^\x0eWu\x91\x0a}\
m\x09\xfe\x06\x22\x0ct67\xab;E\xa5>\x17\x02\
F\xce\x5c\xf8\x12\x17no[\xd1(S\x9c\x89\xedo\
d\xdbV6\x15\xef\xa2PfG\xfbm:3\xf41\
6zB\x91K8wy\x09\x9a\xfb\x19\x14F\xc7\x0a\
\xd5\xd1L\x8ap\xcbIH\x82\x8c\xa0\x84\x12%!\xa2\
\xa3\x9co B*;\xb9#\xa4S\xbb\xff~Q\x96\
\xaa\x19\xc3\x00\x86\x01P[\xfaH\xb9e\x06\x5c<\x80\
\x12\xce^5ci\xdc\x92\xf6\x8f3u\xb4/\xdc\x88\
\x04\x862\xb8~@P\x86M_4G\xa4\xd1j.\
\xc3\x87\xf6g\xff\x05Ch\xc6\xc9\x9fl\xaf\xa5h\x04\
3)\x10\xab\x93\x8d\xc9Fr\xc7\xea\x92\xd2\xa5=i\
\xefm\x99d\xed7\xaa.\xf2s$\xfd\xd6\x12E\x8d\
\xdb\x12\x14\xd6\x8e\x1d\x1ct\x88'\xa2\xfc\xdd\xd3t\xf3\
\xea\xdf\xb4\xfcQ&\xfb\x8ao\xb1\xec\xb2\xe5\x1f\x9e\xc3\
\x85\xe4\xbaA\xad\xadSx\xf19\x10\xf8\x8fp\x1d\x97\
\xeaQ\xc20\xde\x5c\xfa\x840\xde)-\x91n\xb3\xb1\
\x04\xec6Y\x85\xfb\xba\xba\xda\x80C\x82\xc9\xf6\xee:\
\x98b\xc4uG\xf5\xb8\xa5\xc7\xd2=\xf9)\x18\x0a/\
@\xefMU\x9f6\xa6]F\xa2\xd5\xbd\xbf\xff\xb0\xd8\
\x5c\xee\xd9\x16\x1a\xd0\x8b\xb8\x1bq1[\x91\xd6+\x0f\
Em)\x1ey?\xb3\xb0&\x89\xecux\xc9<A\
\xb3\x15\x89=|\x10\xb2\x16\x0e\x1ex\x99^\x08u\x9e\
2\xe5\xa5W\xcc\xbe/$\xd2\x04\x8cxX+\xa3\x06\
Z\x85\x0f)\x91\xc4xJ5v\xd6C+\x96\x8e\xdb\
\xedF\xc6\xe4d\xd5\xff\xbd\xed\xee\xd4\xc9\xb9\x9a\x14\x95\
\xfa\x11V\x0c1|M-'\x09\xcc\xa2\x89\x8a\xee\xe5\
d\xa9\xdeH\x92`N\x06\xef9\xcd\x1c\x88\xcd\xc6\xe5\
1\x92\xfe\xa2\xe6[\xb1\xf9\xc7!$\x9b\xa6\x86~\xe3\
\x0d\xda\xf9\xe3p\x92\x15Y\x81\xb9DTHN~\x18\
\x82\x91[\xa8+\xf5a|\x10y\x04\x08\xab\xd0 \x84\
\x88\xbbI \xca\xd1(\x88\x88\x5c1\xb7\xf3Z\xc6\xd7\
\xf2i\xea\xaa\x81\x90\xb9w\xcfC\x81\xb4\x09\x5c\xca\xa4\
\xacf\xca8\x12\x06B\xbdLd7\xf2\x9cIRs\
\xdd\xcaM\xd9\xfa\x0d\x8e<\xe7J\xed\x95\xf2\x9f\x02\xb8\
j\x88\xfe\x04\x17)0\x8f\xd5\x87\x8d\xc5\xfc2wX\
\x05\xde\x04r\xc4x\xdc't\xe5*0\xe4\xee\xc3!\
\xfb@\xce\xe1\xee\xf6\xad`\x85\xa8\xe9Dp\x14[\x95\
\xfcT\xfb\x0f\xb2\x85I\xeb\x91\x87\x10~\x93<\x0f\xb9\
\xe7;U\x99Z\x82?k\x7f\xd5\xe8K\x07\x1d+v\
\x03\x86\xd2\xbc\xed\xda\x90\xf2\xb7\x99\xb2>8G;\xb3\
\x8d\xac\x0b\x16\xc2\xc0\x90.>\xe7_\x08\xcd|a,\
e\xa4X\xa9\xcfH\x5c\xe8\xa9\xbfx`a\xca\x9dm\
\x95\xd0r\xcc\xb4\x14\xde\xdb\xad\x92N\xe1n\xbd\xaa\xf8\
_6\xfb\x97\xa4\xed\xc9\x83U}z\xc8R\x0a\xb4\x88\
\xea\x875\xb0\x92\xd6\xddT\x0a\x0cq]{9\xe2\xd2\
[\xf1\x90\xc3\xa5\x07\x90T\x16s\x0d\xe4f\x85!\x96\
\xd8(\x84\xf9\xef\x04r\xcas\xa3\xc3S\x92\xe7\xbaU\
Z^|\xc9f\xa9\xa8\x1f\x8b>)\xe6k\xb1\x13\xc9\
\xcer\xae\xa3\xfc\x90\xb5\xa5\xca\xce\xc7\x874+ |\
F\xc9m\xebU\x06\xfe\x03\x0b\xe7\x86\x00\xbfx\x8c3\
\xf8)\xa3j\xe4\x16\xa3#v\xcf#w\xf9\x97\xba\xea\
F\x84OG\x07\x9dg\x17\x5cc\xe9\x02\xd0=\xd5\x96\
\xc2\xbb#~\xc0b\x05$\xde\x10{RX)\xa6W\
m\x8e\x0e\x86\x83\x93L\xd8K\xc4\x0c\x85_&\xfd@\
\xa9\xc5\x8f\xae_\xb5\xe1\xc9\x86\x10?\xdbt\x8c\x08\xaa\
\x03\xb5G~\xbb+\x16t\x94\xf9~H\xa5IH\xfa\
\x03\x7f\x93H\xd4L\x98\x1f\xcc\xba\xc81\x9ei\xa2)\
\xa9\xce\xefXdiP\x89(\x05\xe9K\xbayMr\
,\x91\xf9\x1f\xcb\xf2\x0b\x8e7}T\xf72\xf8\xe9\xf0\
%\xd2\x05Z\xdd!V\x16Y\x19\xa1\x93XY\x16=\
\xc9\xa3B\x06mx\xcfn\x09\x8d\xdd\x9d;{\xec\xd2\
{\xc7\x87\x0f\xbc\x8dX\x86\xe4\xa2\xa3\x0f\x89\xacA\xa6\
\x1cy\xe4,*}\xf3\xf9N\x8f\x9c%\xb7\xfd\xac\x0b\
\xae\xd93R\x15\xaf\x9dRu\x98\xfd\xc8\xe7\x84\x85\xb0\
\x03L#\xbb,\x1f^\xd1\x9e\x87\x96\xfc>\xb0&\xdb\
\xc1&\x14r\x17\x03\xd4\x07\xfc\xd9\x98$\x94\xc7;@\
i)\xfa\xd8\xb1\xbbX\x82\xf5\x08w\x06\xa7\x86\x22T\
\x977\xbfNE\xe1\x87\xd0\xda\xf2\x18&\x98\x1aJ\xe2\
BSC\x8b\xd0\xc7,jL=\xdcE\x8d\x8b\x1d\x15\
\xec&\x8fS\xbb\xae\x08}L\xe3U\xd5\xa4s\x1b\xaf\
hn\x12\xca\xa9\x1f\xed$\x94\x93\xcd\x81\xed\x0b6'\
\xe4\x9eu\xeb\xc9\xe6x\x94\xc3)\x90?\xad\x05\xd0\xfb\
\x1bJ{|\x03d\xc1\xe6\xea\x9a\xbf\xbe\xa7\xfa\xdb\x8d\
\xb3\x0d\xdbk\x9a\x92\x22-\xb0\x91wZQ{\xac\xeb\
\x08\x0e\xa7\xd3\x1a\x9b\xbe\xe7G\xd9/\xe9\xa7'3w\
\xad$\xc4\x82B\xd9\xd4*\x0c\x82\xdfa\x08v\x13\xec\
\xdc\x95\x7f\xe1=#\xact\xee|\xfe\xc4Q\x0dF\x91\
\xc5I\xc4[\x0b\xab`\x80\xc6\xb6t+\xdc2L\xb7\
\x92\xb7\x87u\xfbr\xc2(\x1f\x18\xeb\xf3:\xd9\xfbC\
t\x80\x8bl\xc5d\xbe?\xd0\x9c<c\xb9wm\x16\
\x06}\xdf\xf1/\xe8\xdfe\xce9\xd9E\x7f\x157I\
D\xa5\x8c\xd2qxN>=Qz\x13\xc8\x09\x5c\x00\
\xb2g\xc8{\x0d\xf0\xb9\xc9f\xcd\xdek\xa2[tq\
Y\xdb\xbbM\xc8Y\xfa\xd9\x0e\xa3Z.\xdfmR\xd2\
\xc0!\xf8E\xad\x8a\xb9\xe3\x0a3\xd0\xa4\xa1\xc2\xdc(\
\xd3\x99\x10\xa6\xe8\xa0\x95\xd9\x97I\xeab\x05M\xad\x80\
(\x18\x06\xe7\xed$^\xd1B\xc3\xec\xc3\xde`\xf5\x0a\
\xb0u%(\xc1m\x87z\xe3M\x94*\x9a\x8f\xf71\
\xa8\xa2\xc5\x11\xe1\xd8qT\x22tD\xca\xd0\xc8\x063\
S\xe3(0s\xa1\x91\xad\x17\x0fI\xc6C#\xfd\x8d\
\x0c\xe9\x81/\xe3\xech}X\xdd1\xe2c\x96\xef-\
X\xd2\x07SZV\xa5.\x12\x17c*3\x17a*\
\xe6\xc3\xfc\xdc\xe8\x0b[s'\xfb\xc8\x9a\xd6\xd5\xaa\xdb\
\xd2\xe23\x9e\xa7p\x94\x8b\x91i\xefg:Xn\xf5\
\xe8\x0b/\x8e\x9c\xb2\x01\xc8h\x14\x0c\xc1Q\xd3\xf0\x10\
\x1c\xfa\xd4\xbe\x5c\xf3 ;\x8e\xb2G~\xd7\xcb\xb9=\
\x8e\xe6\xb75\xfd|\xcb\x1f\xba\xd7\xf1\xe6'\x87\x0f\xec\
\x1f\xbe84r\xc1\x22\xa0+C\xaaZ\xfdM{?\
\x82\xd9\xa6\xbd\x0c(4\xe9;t)K-\x7f\xf00\
*aJ\xc3\x8c;\x1b\xa8\xde\xa4\xe5\xbe\x96$g,\
qX\xd3\x98\xd9\x5cR\xf0\xd7\x88\xc7*\xcd\xae_\xe9\
\xa3\x11m\xd3\xd6\x15\xa7\x1a7\xc7\x9e\x90\xafZc\x80\
\x03\xee\x93^\xd7\xe6'\x1a\xb3\x8d\x0e\x02\xb8i\xbd\x0b\
\xab\xee\x0c\x82 \x9bZ\xebc\x8f\xcc2\xaa\x0d\xcf\x19\
}\xb1G([a(G\x84i\x0f\xb6\xe4\x8e\x1e\x0f\
)D\xdc\xdb]/\x11\x0d\xd5\x1dU\x07\x802ev\
V_7\x0a\xe1H\xcd>\xb7\xbb#\xb7\xeb\x00\xe1L\
\xedu\x11\x22\x9e~\x7f\x09\x03\xd8P\xd7\xe1\xe3]\xb9\
\x13\xd6s\x97\x00\xb1\xb2\x8d\x17%\x86\xe4H\xbe\x92}\
\x8f|\xf7\xe7l\xdf\x1ezqt\xc8\xca\x8cH W\
\xdd*\x0dQB\x09\xe9Q\x05\x22\x8a\xc0^\x98\xb9\x9b\
\xf9\xd4\x13\xc4;(,r\x87C\xfdK(\xd6\x22#\
\xa6\x88\x97fe\xe0\x10_xE\x80CX\x18)+\
\xfev\x7f\xf3\xea\xdb\xeb'e\xefG`0\x90\xe8\xf4\
\xe7T\xcc%\xd5\x90]\x97\xad\xdb\x94]\xb5B\x91\x0b\
7\xa4r\x17\xb7\x8f\xf6\x0f\xe5\xf7\x8bg\xb0]\xd8\x0f\
*\xfc\x19\x9a\xe9\x84\xf9 n\xcd\xa6/%S\x0c\xda\
\xf2\x0d\xa2\xf9\x92\xc5k\xdfq\xe5\xa8\xd1\x84\x11\x8db\
\x13\x9d\xad\xc4\x9d\xd8\x97?\xf9\x8e\x9f\x97\xe6\xcfR\xc6\
\xa2\x5cHT\x0c\xb5\xe6\xaem\xdb\x1e\x1f$\xc1b\xc8\
\x07\xc5\xdb\xb4 \x96\x89\xa5\x96\xfc\xbes%\x1bd\x16\
\x0d\x92?28\xb2k\x1b\x1c\x8eZz\xea\xc1\xea\x05\
\x99\x14T\xfb\xd3\xfd\xae\x9a\xf3\x18c]\x7f\xfd$\xb1\
\xc2\xff9\x88\x09W2\xdf\xec\x07\x86\x06\xab\xf8z(\
\xdeZ\xae\xa2q=\xaaUt_\x92q47\xee\x0e\
\xd9\xd8E:\xf0b/\xdbY\xf1\xd1c\xbd\x8e=\x95\
\x00\x7f\x87\x15\xb9+!\xf6\x8e\xb0\xf8\xdd\xff\x07\xa2o\
\xcd\xc1\
\x00\x00\x903\
\x00\
\x01}ix\xda\xb4\xbd\x07@TG\xd77>w{\
_l\xa8\xd8\xd6\x8e\x0d\xc1\xde\x0b\xf6\xa8KU4\xa8\
HY\x8a \x8b\xb0`E\xb1#\xa2\x80\x22\xf6\xae\xb1\
\x835\xf6\x92bL\x8c&\xf6\xc4\x1e\x95]@\x93h\
\xd4\x18\xa31\xfc\xcf\xb9w\xcb\xdd\xbd\x17\xcc\xf3\xfd\xbf\
\xef}\xde\xe7Y\x81\x9933gN\xf9\x9d3gf\
{\x1c\x8b\xaau\xf1\xf9\xba\x15\x97\x1b\xd6=;~\xf3\
\xe9\xfb;\x08!\xe2i\xb1a\x83\x87\xfa\x12\xd2\xcc\x9f\
\x90O\xbe&D\xb3\x8d\x90\xe1\x22Bj\xd4!\xe4w\
!!\xf1\xf9\xf0\xf9\x19!\xf3\xf7\x13\xf2\xa2-!\xf7\
\x86\x11\xf2G\x1fB\x8a4D\x10\xfd;!n\x9d\x89\
h\xe1ZB\xa4\x07\x88\xe8\xb3\xa9\x84(\xa7\x12\xd1\x95\
\xa6\x84T\x9bED\xef\xe1\xb3\xe6v\x22\x1e\xdc\x91\x90\
\xc67\x898\xfa\x0c!-\xf6\x10q\xecNB\xbc\xea\
\x10\xf1\x8c\xd6\x84t\xca\x86\xcfU\x84t\x8e!\xe2\xc5\
&B\xba4!\xe2\x82(B\xba\x7fC\xc4\x9b\xc5\x84\
\xf8>&\xe2s\x06B\x06=!\xe2\x1f/\x1024\
\x9bH\xb7\x5c$d\xc6N\x22=u\x91P\xd2ID\
\xb6\xcf\x0d\xe6\xdb\x93\xc8\x7f{E(I\x11Q\x84\x1f\
$T?=Ql-%\xe4\xd28R\xdb\xe7\x17B\
.\x8b\x88\x87\xdb{Bi\x1b\x11\xdd\xb8^\x84\x98j\
\x13]f?Bj\x0d'\xad\xee\xc8\x08\xb1\xcc$\xad\
\x9f\x0c\x81\xf67I\xbb\xdf7\x01g~']\x97\x8d\
$\xe4\xcbf\xa4_bUBZ\x19\xc8\xe0\xc9]\x09\
\x91|M\x86H\xce\x13\x92m\x22\x9ftZA\x88\xa2\
\x1a\x19\xaa[H\xc8\xaa-d\xd8\xa0\xe3\x84T\x81\xcf\
\xd5\x11\xf0\xf95\xd1\x17\x9c\x83\xf5\xfb\x12\xfd7\xcb\x08\
\x15\x1cK\x82g\x1c \xe4\xc1.\x12<7\x0b\xf8\xf1\
\x96\x8c\xcc\xdaNH\x9b\x11\xf0y\x02\xf8\xd1\x8b\x8c,\
\xfc\x92\x90\xd6]\xc9\xc8b\xfc\xdc@F\x1d\x05z]\
\x06\x91\xd0\x9e\x93\x08\xd5\xc7H\xc6\xe5B\xfb\xa17\xc9\
\xb8\xe7/\xa1_C\x12U\xd8\x82\x90Co\x88A.\
'D\xd0\x89\xc4W\x1fH\xc8\xfbv$\x01\xc7\xd7\x07\
\x93\x89\xdd\x81_\xd5\x97\x91\xa4\xea?\x11\xb2\xe2\x13\x92\
<\x16\xd6\xdb\xb7?\x99\xfa\xe3QBVj\xc9\xd4\xfb\
jB\xb5\x18K\xd2M\xf1\x84\xaa=\x83\xcc\x0c\x7fM\
\xa8j{\xc8\xec\xeb0\x9e\xfc>\x99s\xb4\x10\xf6\xb3\
*\xd9\x97u\x8a\x90\xf3\xbe\xe4p\xd0PB.(\xc8\
I\xe3V\xa0\xdb\x9c|C\xe4\xc0\x7f_ru\xca\x11\
B<\xda\x91\x9f\x93a}\xc7\x97\x92\x9f7\x14\x11\x92\
\xbe\x96\xdc\xee\x0c\xe3U\xbfH\xee\x86\xffL\xc8\xfa\x11\
\xe4\xc1\xd5p\xf8\x9cE~q\xdbM\xa8\x80\xc1\xe4\xd1\
\x9e\x1d\x84\xf2iA\x1eOT\x11r\xba.y\xd24\
\x9fP}sI\xf1q\xe8\xb7p\x191\x1f\xedI\xc8\
\xc4\x1b\xc4\xfc\x01\xf6\xdfR\x8d\x94\x16\x1e$$\xaa.\
);\x06\xfcY2\x9f\x94\x9d\x03\xba\x9b\xda\x93g>\
\xf8\xf9\x17\xf9\xd5\x94N\x88v\x17y\xf52\x89\x90\xad\
=\xc8{\xcd\xa7\x84jp\x9b\xfc\xbbv0!\xe3^\
\x91\xf2\xe1\xd5\x08i;\x96\x22\x0b\x82@\xd6\xefST\
 \xb6\x8b\xa6\x04\x13\x07\x102$\x83\x12?. \xe4\
\xcfc\x94\xa4w{B\xc2^RJE\x00!\x93\xa2\
)M\xef\xbf\x08\x89\x04\xd1\xa9\x06r\x17\xba\x8d\xaa\xb6\
\x15t\xc0\xf2\x8a\xaa\x91\xbe\x87\x90\x99\xffP\xb5\xc2~\
\x85\xcf|\xca#\x07\xe4\xe2j\x7f\xaa\xce\x8f\x7f\x13\x92\
\xa0\xa0\xea]\xc4\xfe\xdb\xa8F&#!\xdb\xc2\xa9\xe6\
\xe9@\x7f\xcf(\xaaE\x831\x84\xea\xe6I\xb5\x8a\x81\
u\xdc\xfc\x9bj\xe7\xb3\x8f\x90\x8b\x9fR\xed\x8e\x80\x9c\
\xbe\xa5\xa8\xf6\x13A\xdfv,\xa5:\x06\x5c&D\x9e\
Nu\xe9\xb0\x88\x90\xe7\xffP=6\x02_\xa7.\xa1\
\xfa\x1c\xae\x02\xba\xd8\x8a\xea\x97) \x94\xa7/5\xa4\
\x0f\xf0\x7f\xdbw\xd4\x90\xc8\xfe\x84\xe4\xb4\xa2F\xbc\xfc\
\x8e\x90\xf2KT\xe8\xd4\xc6\x84\xc8\xa2\xa8\xb8; \xef\
\xd2NT\xc2~\xd0C\xb7\x97T\xc6Q\x90\x9f9\xbd\
\xa8E\x9d\x12\x099\x1aN\xe5\xcc\x84\xdf\x0f\xfd\x9b\xca\
\xa3\x0e\x11\xd2\xa7:\x95\xe7\x03r ZD\xad\xba\xd0\
\x04\xf8\x99J\xad\xa1?\xfbR\x9b\x86\x81\x1c\xb7SP\
\x9f\x1d\x9eI\xa8\xce\xaf\xa8\xbd}(\x90c\x1d\xb5\xf7\
B=B\xcanR\xfb\x8e\x8c&$\x5cJ\x1d\xfar\
\x01!u<\xa9#E0\x8f\xe1\xcf\xa8/|\xa6\x10\
\xb2\xfcO\xea\xcb\xe1!\x84|\x1dL}\x19\x04z3\
\xa8\x07u\xa9p=\xd8\x9bI\xd4\xe5\xe9\xb0\xee\xed\x0f\
\xa8\x1f\xce\xed\x22T\xf7\xab\xd4\xad\xa8\x8e\x84\xaa\xf3\x8a\
\xba\xdb\xee7B\xf6\xdd\xa0\x1eL|\x00\xfa\xd6\x9cz\
P\x04r\x9c&\xa5\x1e\xbc\x00>\x7f\xfd;\xf5\xf0z\
\x17B\xe9\xebRO\x14\xdd\x08U#\x96*\x1d\x94M\
\xc8\xd2\x07\xd4\xb34\xe0\xff\xed\x9b\xd4\xef-'\x12\xaa\
\xbd'\xf5\xe2\xc9d\x90\xf7w\xd4\x1fm'\x10\xf2\xfd\
\x97\xd4\x1f\xb9&B\xe9\xca\xa9\xbf\xa3\xfc\x09\xe5\xfd'\
\xf5\xf7Y-\xa1\xc4e\xd4\xfbW\xa0\xef\x09\xa5\xd4\xbf\
\xbb@\x9f\x8f\xad\x15\x90+\x12BF\xb5\x14\x08\xba\x16\
\x11\xaa\xd7C\x81\xf2u\x03BN5\x11T\xf9b*\
\xa1\x06\xc5\x0b\xaa]\xbbI\xc8:\x81\xa0\xda\xf5\xcf\x09\
\xe9wGP\xdd\x17\xf6i\xeduA\x8d\x8c\xdb\x84|\
P\x08j>/\x01}\x1f.\xa8}\xae\x16\xc8\xd3a\
A\xfd\x11/\x095\xb8D\xd0\xe40\xe8\xdf\xe3V\x02\
\xcf\xba\x97`\xbd\xcb\x05-\xb2\x80\xee\xa6\xdd\x82\xb6+\
\x1a\x12j\xf8z\x81\xcfW#\x08\xe9\xa0\x15\xb4;\x08\
\xf6s\xed6A\xc7\x8eS\x08\xd5\xe4\x9c\xa0\xd3\x0f\x83\
\x08\x09\x8c\x13t\xd5\xc0\xfcn<\x10t\xbd\x0av\xf8\
r{A\xb7\xf1RB\xfe\xee(\xe8\xf6\x00\xe6\x11\xd3\
E\xd0c\x08\xac\xb7\xd77\x82\x9e\xfb>\x80\xad\xfeA\
\xd0\xe7\xc4cB~8-\xf0]YJ\xa8\xae\xaf\x05\
\xfd\x0e\x04\x80~\xa7\x0a\x06\xaf\xbf\x05\xfa\xb5V\xf0\x89\
\x1b\xf0\xf3\xa6Z04\x1d\xec\x7f\xfd\xbe\x02\xff\x17\x1b\
\x08\xd5!O0Zw\x94P\xd4B\xc1\xa7[\xcd\x84\
x\xfe&\x18\xaf\x99HHI\x8c n\xd9UBF\
\x1f\x11Ll\xdb\x8a\x90\x87w\x04\x93\xea\x82\xff\xa8\xb6\
E0\xad\x03\xd8\x9f\xbf\x22\x05\xf3\xcci\x84l8+\
\xc8j<\x9fPUs\x05\xf9U\xb7\x80}\xa0\x04+\
\xbb\x0d'\xc4\xf0\x95`\xe5!\xf8\xf9n\x80`u\xeb\
c\x84\x98\x0f\x0b\xd6\x8e\x85\xf5\xf5\x1c)X\xff#\xe8\
\xf7\xbc\x95\x82\x1d_=\x01\xb9\x8a\x12\xecZ\xb5\x8b\x90\
\xfb#\x04\xfb\xce\x00\xbf~9!\xd8\xff\x05\xf8%\xaf\
G\x82\xe3\xdb\xc1s\xbd.\x12\x9c\xcd\x02\xf9\x1erR\
\xf0\xe5\xe3\xfb\x84\xf4H\x10\x9c\x0f\x81~\xee\xed\x04\xdf\
\xe6\xc3>\xcc\xf8D\xf0\xbd\x06\xecv\x8f\xcf\x05\x97:\
\x82\x1d\xd9}Mp\xfb7\x90\x8b:\xc9\x82\xbb\xa7A\
^\x02f\x08\xee-]\x02\xfa\xba^p\xef\xd1\x19B\
U\x89\x17<\xfc\x11\xec\xeb#\x95\xe0\xc9\x1f\xe0\xc7z\
\xb7\x16\x14\xaf\x86uw*\x12\x14_\xbe\x06r\x92/\
xQ\x1d\xf4n\xc6T\xc1\x9b\x87\xd0\xee\xb9\x8f\xe0\xed\
8/p\x13?\x0b\xfe\xc9\x05\x1fy\xf6\x13\xc1\xbf\xf3\
,\xa0\x87\x8b\x05\xff>\x80u\xa6?\x10R\xd7\x86\x11\
\x8ah\x85\x225\xec\xcf\xa1cB\xb7p\xd0\xd3r\x89\
\xb0J=\xe0\xdf\xa3\x01\xc2*\x87\xe6\x82\x7f\xbd-\xac\
A\xe0\xf7\xdf\xdc\x15\xd6\xf8\x0a\xf4ds\xbe\xb0f\xd3\
f`o\xdf\x08=&M\x06y(\x13z\x1c\x80}\
Z\xb9OX\xff\xcb\xe9\x84\xaa\xbeK\xa8\xfb\xc7\x87\x90\
E\x1f\x84\xad\xfb~\x01\xf3\xd8)l\xd7\x13\xec\xff\x84\
\xed\xc2v\xeb\xc0\x7f\xdd\xd9 \xecP8\x0a\xfa\xb5\x11\
vx:\x81P\x81>\xc2n\x9f<%\xd4\xc8\x89\xc2\
n\x17A\x1e\xdf\xde\x14\xf6\x5c~\x0c\xd6\xdbC\xd8{\
c\x08|\xaa\x85\x03\xba\x80\xfe\xfbx\x0a\x87_\x06;\
T5J\xe8\xb7EE\xa8!\xe5B\xbf\xc3\xb0\xfe\xb9\
\xab\x85#\x7f\x15\x82\xbd\xfa \x1c}r!\xec\xd3\x19\
\xe1\xa7_\x81^._#\x0c\xcbk\x0e\xfeo\xbb0\
\xaa\x0d\xd8\x17\x9f-\xc2\xa8u g]\xdb\x09c\x0a\
a\x1e\xc1\xd7\x85\x13\x97\x02\x96X\x90'L\x9a3\x8b\
P\x1dO\x0a'\xe5\x00\x1f\xb6\x07\x0a\xa7Z\xc0N7\
\xa9/\x9cV\x17\xec\xf1\xa0Y\xc2i=\x81\xceo\x87\
\x843\xae\xdd\x00y\x09\x17\xce\xd9\x04\xfe\xdb\xab\xb6p\
\xee\xd1b\x90\xbbda\xd6\xdd\xaf\xc0^\x07\x08\x17\x7f\
\x02\xf6C<Z\xb84\x00\xfc\xe2\xfe\xf3\xc2\x9c\xb4\xb9\
\x84j8V\xb8\xf9s\xd8\x17}#\xe1\xf6\xaa \xbf\
\xb5\x96\x0aw-\x019\xef\xf1Px6N\x0f\xfe\xf0\
\x8d\xf0\xeb&1 /\xa1\xc2\xf3/\xc0Nu|-\
\xbc\xb1\x04pM\x8bh\xe1\x8d\xe5\x19\xe0\x97\xdf\x0ao\
w\x019\xbb\xf7\x8f\xf0\x8e\x07\x8c\xdbz\x99\xf0\xae\xe6\
'\xd0\xefv\xc2\x87\x8d\xb6\xc3\xdf\xbb\x0a\x7f\xd9\x0b\xf3\
\x9e>C\xf8\xe8\x1f\xe0\xf3\xab\xb9B\xcbL\x90?\xff\
\xc5\xc2\xd2<\xf0[_\xbe\x11>{\x04~\xac\xedX\
\xe1\xb3\xbf\xba\x10rx\x85\xf0\x8f/A.}\x0b\x85\
\xaf\xbf\xbaI\xa8\x81Y\xc27^\xa0\xc7w\xaa\x0b\xff\
\x8a\x82qv\x1a\x84\x7f%\xdd\x00y\x5c-\xfcw\x07\
\xe8\xfd\xae.\xc2\xf2\xe1\x9b\xc1oz\x0a\xcb7\xc3\xfa\
L{D$\xe4.\xc8\xe9=\x91\xf8\x22\xd8c?\xa1\
H\xe2\x038\xe8@3\x91\xf6\x1a\xec\x9bG\xbc\xc8\xed\
:\xf8\x85\xb8C\x22\xb7\xfb \x87\xbf$\x8b\xaa%\x82\
\x1cF\xcd\x12\xb9\xf7\x03?\x98\xdbU\xe4~\x0f\xf8~\
~\xaa\xa8f`o\xd8\xf7^\xa2\x9a?\x80>\x8e\x9b\
-\xaa\xb5\x0c\xfcv\xcdoE\x8d\x04`Gf\xdf\x87\
O\xd8\xa7\xed{D\x9e\x0fA\xfe\x92g\x8b\xbavz\
K\xc84\xb9\xa8g\x18\xd0M9'\xea\xbb\x08\xec\x82\
\xf7j\xd1\x80\xf9\xe0/\xdeM\x11\x0d\xee\xb9\x13\xf6?\
G\x14,\xe8J\xa8N;D\xa3\xce\xae'Ts/\
Q8~\x8a\x14\xa2\xf0\xdf\xc0\x9f=.\x11\xc5t\xa9\
O\x88.Hd\xac\xdd\x8ePm6\x8a\x923`\xbd\
\x8aR\x91\xe9\xcejB\xf9\x7f/\x9a\xdcK\x0a~\xfe\
k\xd1\x94\x9d0\xef\x81uD\xb3\x9f\x02.\xf8pB\
\xb4\xe0\xe9\x1d\xe0g\x9eh\xe1\x84\xf3\x84R\x8f\x17-\
\x0b\x07:}\x22D\xcb\x13\x92\x09\x19\x19\x22Zs\x1a\
\xf4\x8a\x84\x89>3\x1e\x06\x5c\x12,\xda\xdd\x08\xfcL\
\xab\xe7\xa2\xbd\xada\xbe\x9a_E\x07\xc8JB>\xfd\
 :8\x1d\xdau9%:\xb4\x10\xf0\xda\xf5{\xa2\
C\xe5\xf7\x08\xf9y\xb5\xe8\x1b`\x0f)\xf2\x12}+\
\x80\xfeU{\x8b\xbe\x9d7\x96\x90\xba\x0a\xd1\xb7\xc7a\
?\xbf\x1b&\xfa\xf6.\xf0\xb5g\x1f\xd1\xd5\xe1`\xd7\
\x13\xe13:\x10p\xf1o\xa2\x1b\x22\xc0S\x11\xe1\xa2\
[-a}\xeeJ\xd1\x9d\x86\x80G\x1a>\x15\xddm\
T\x05\xf0fO\xd1\xaf\xb1\xa0\x0f\xea\xcd\xa2\xe7\xab\xc0\
\x9eQ\x17E\xaf_\xa6\x12j\x80A\xf4\x97?\xac\xcf\
xM\xf4\xce\xf8\x0f!c\x07\x89\xca{\xc7\x13rb\
\x8a\x98\xfc\xf3\x06\xec\xe7\x181\x95\xa8%\xa4 A,\
Z\x9a\x0ax\xe6\xaeXt\x1f\xe4x|C\xb1\xa2\xe3\
\xb7\xc0g\x8dX\xd5\xa7\x0d\xd8\xa7\x14q\x95\x80\xd3\x84\
\x9c\x0b\x13Wu\x07<{\xfc\xa9\xb8Z&\xec\xc7\xad\
Xq-\x0f\xf4{\xcb\xc4\xb5\xb6\x01\x9d\xd1-\xc4\xb5\
\xb6\xd7\x86\xfd\x9b%\xaeu \x96\x90\xfc\xf6\xe2Zw\
\xe2@^$\xe2\x86?\x8c\x03;\x9f n\xf8\xea6\
\xa1\x1a\x17\x8b\x9b\xea\xbf\x05\xff\xf6\xb7\xb8\xe9A\xd0\xf7\
\x84^\xe2\xe6\xcba\xfeM\xe6\x89[\x8e\x01\x9cS|\
L\xdcr6\xd8\x89\xc9{\xc4\xad\xf3\xc0^\xe6\xce\x10\
{\xa5\x8f T\x90\xb7\xb8m\xdf\x8d\xc0\xdfm\xe2v\
\x9dAO<\xbf\x12w\x5c\x07v7h\xbf\xb8\xd7U\
oBFt\x17\xf7\xfe\x05\xf4\xa3c\x86\xb8\xcf\x18\x90\
\xe3\xf1\xc1b\xdf\x970\x9f\xa1u\xc4\x03\x0ev\x07\xbf\
\xddM<\xb06\xf0\xa3s=\xf1\xc0 \x90\xef\x84I\
\xe2!/\xc0\xfe\xa6\x9d\x16\x0f\xfd\x13\xf0X\xfet\xf1\
\xe8S\xb0/m\xeb\x8b\xe3F\xc0g\x87'\xe2\xc4*\
+\x08UK!\x9enL\x00\xfex\x89\xb31\x8e\xe8\
\xfaN\x9c}\x09\xecm\xf7\xcd\xe2%!\xe0g\x9fv\
\x17\xe7\x0e\x80\x9f\xa57\xc4\xf9\xd3\xc0n\x9fN\x17o\
:\x06\xfb\x9d}E\xbc\xf92\xc8\xcf\xb9\xb7\xe2m\xd1\
\x10o\xf4\x13\x8bw.\x02\xbc\xd1\xf9\x98\xb8\xc8_\x07\
\xfe\xb0\x85\xb8\xe8\xe2kB\x1a\x8c\x14\xef\xef\x0f\xeb\x9e\
.\x10\xef\xdf\x0d|\x1e\xb0D\xbc\xff\xdfM\xe0\x97\xa3\
\xc4\x87n\x81\xdc\xb5\xbd&>\x5c\x17\xda\x0d\x9c%>\
v\x17>\x97\x8f\x17\x9f+\x83y\x8c\x19)\xfe\xfa\x03\
\xf8\xa5\xb0\x08\xf1\xf7_\x00>\xe8\xe1)\xfea\xc2\x07\
\x88;\xd6\x88\xaf\xfd\x0c\xf2\xb3\xbb\xb6\xf8\xda\xbb8\xc0\
?U\xc5\xd7\xcf\x03\x9d[\xfb\xc5w\xbe\xed@H\xcb\
u\xe2\xbb\xf5a^\x03<\xc4\xbf\xbc\x01;v%C\
\xfc\xa8\x08\xe4\xf5\x8b3b\xb3O\x0dB~\xec+\xb6\
h\x81\xee\x8fI\xe2\x92T\xf0g]\x8b\xc4%/\xbe\
$T\x7f\x83\xf8\xe9xO\xf07Z\xf1\xef\x87A\xdf\
\x86.\x15?\x7f\x05x\xefj\x0d\xf1\x8b\xd5\xe9\x84\xea\
\xd2Y\xfcW\x12\xecK\xc0\x1d\xf1\x87\xf0\x1c\xc0\xa3_\
ID\x07\x01/\x8ar$\xb2\xdbn\x84\xf2}$\xd1\
*\x00W\xd5\x5c!\xa9\xe6\x068\xaa\xcc(\xa9\xd6\x0b\
px\x8d\xae\x92z\x02\xc0=)\xf5$\xba~~\x84\
r\xdf%i\xf2\xf8*\xfc\xfe\x91\xa4e9\xc4)\x07\
C%>\x1d\x00'\x07\x05K:\xb4\x01\x5c\x9a5^\
\xd2uIU\xb0\xcf;$\xbd\xfc@\x1e\x93\x8fH\xfa\
>\x82\xfd:\xd3S\x12\x14\x03\xf6m\xc4{I\xd0\x1c\
\xb0W\x85;%#\x08\xe0\x85?fH\xc6|\x098\
UtI2\xa91\xe8u\x8f\x10\xc9\xb4\x9a\xf3!\xbe\
\xf9\x1a>Ao\xfd\xc6K\xa6G\x82\xbd\xecS,\x99\
\xf3\x09\xf0W\xbcG2\xe7\x1c\xf8\x81V^\x92\x05S\
\x007_\xde.Y\xe8\x1b\x04v\xd4\x22\xc9\x1c\x09\xf2\
8,P\x92\xfd\x10\xf6i\xcd\x17\x92\xfc\xee\xe0\xd73\
:HV\xed\xeb\x0d\xf6\xfb\xb0d}0\xc8A\xfff\
\x92\xf5\x9f\x02_\x93\x94\x92\xcda0\xfe\xbfs$\xbb\
\x09\xd8\xad^\x0d${\xc7\xd5\x03{N${\xd7\xc0\
\xf8\x9e\xfd%\x07\xe6C\x9c\x11\xdcSr\xe0\x18\xd8\xe7\
\xc5=%\x07_4#T\xefz\x92o\xfb\x80\x7f\x90\
t\x90|\xebw\x01\xf6\xf3\xbe\xe4\xdb\xf7s\x08Qm\
\x90\x5c\xba\x05\xf6\xb3\xe3\xf7\x92\x1f\xf2t\x84\x1a\xd6\x5c\
r5\x05\xe2\xc6#\xd1\x92\x1bA\x07\x00\x87\xfe+\xf9\
i\x1e\xc4\xc3\xfd7H\xee,\xc5\xb8\xa5\xa9\xe4\xae/\
\xe8\xf9\x8aM\x92\xfb\x97\x01\x17m\xf9Wr\xff\x05\xe0\
\xb1\xb3\xf7$\x0f\x13@.\xc6\xcf\x95<,\xd1\x80\xfc\
/\x95<\xd9\x0cv#\xe9\x8a\xc4|\x08\xf6\xf7\x88B\
b\xbe\x04\xf1\x88W\x94\xc4|{\x16!\xcf.K,\
7\xc1N\x07*%\xa5Y\xa0omnK\x9e=\xb9\
D\xc8\xde\xef%\xbf/\x07\xb9\xe8\xf8T\xf2\xdc\xe4K\
\xa8O.K^\xdc\xf8\x19\xf6/I\xf2jf\x1e\xf8\
\xf55\x92\xd7\xee\xc0\xaf\x9c\xab\x92?\xfb}\x03z\xa0\
\x94\xfc\x19\x01\xf3\x9a\xb5K\xf2gR\x0c\xc4]\xbb$\
\x7f\xefT\x80?j#y\xe7S\x9d\x90z\xb5%\xef\
\xce\x02_/-\x91\xbc\x8f\x02\x1c2m\x98\xe4\xdf\xf5\
\xa0\xcf\x89U$\xe5\x1b\x01O\x9e\xdd'\x95\x8f\x05\xfc\
\xdf\x0a>7\x01\x0e\x18>^*?\x00\xf2\x9a\xbbG\
\xaaH\x01~\x1el-U>\x02\xfb\xd9\xb1\x8bTu\
\xa8\x13\xfc|SZ\xc3\x17\xec|\xd0\x16i\xad\x86`\
\xcf\xfcGK\xeb$\x80\x1c\x8ch.\xadW\xaf\x80P\
M\xbf\x946\xde\x0c\xf1\xa7\x9bP\xda\xf8\x0a\xd8\x95\x03\
)\xd2&Y`\x8f\xd5\xc5\xd2\xa6\xfd\xc1\x1fI\xc2\xa5\
M\x7f\x85\xfdi^W\xda\xb2\xea;\xf0oC\xa5-\
g\x83\x5c\x97\xb5\x96\xb6N\x02<\xe0f\x90vK\x05\
\xbd\xe9P \xed>\xf6,\xe0+\x91\xb4\xc7\x9eW\xe0\
\xff\xe5\xd2\x9e\x17\xeb\x12\xb2\xfa\x85\xb4wXk\xb0\x0f\
\xe5\xd2\x01M\x80\x9f\xf7\x0b\xa5\x03E\xb0\x8f\x1b{I\
\x07\x06@\x5c\xe2\xd7B:4\x1fpM\xa7t\xa9~\
N4\xe0\xc4\xdeR\xff1\xd1\x80s&J\x03z\x96\
\x80\xbc\xe8\xa5\xc1k\xc0\x9e\xcc\xbf\x22\x1d7\x1c\xf8[\
\xfdg\xa9\xf1\x8b\xaf\x09\xa5)\x95&w\x87\xb8\xbb\xcd\
Ti\xcas\x90\xa7:\x9e\xd2\xf4\x00\xc0\xf5-^H\
\x17\xdc\x07\xf9i~O\xba\xf0\x1c\xe0\x86\x91\xa7\xa4\xd9\
?\x82?\xea\x90$]\xaa\x01<\x9aqP\x9a3\x00\
\xf0\x9a\xe8G\xe9\x9a\xf3`\x8fz\x1e\x95\xae\x95@|\
>x\x9ft{\x0d\xf0'\x17\x06H\x0b\xdf\x82\xfe\x9c\
[*=Z\x0d\xf6\xb9_K\xe9\x17Y\x80\xfb\xde\x14\
K\xbf\x19\x028\xa9\xb6^z\xf1'\xd8\xa7\x06\xb3\xa5\
\xdfo\x87\xb8\xad\xfe\x1d\xe9\xe5\xaf\xbf\x07\x1c\x9d#\xfd\
\xf1/\xc4\xeb=\xa5\xd7\x1e\x02\x8ez|Hz\xe3-\
\xe0\xeb\x13\xaf\xa4\xb7\xb2@?\xabGIo\xad\x7f\x08\
xt\x94\xf4\xe7k\xb0/\x87\xdaKo\xe7\x83\x9c\x9a\
B\xa4\xf7\xc2k\x02\x8e\xf9E\xfa\xe0\x1e\xb4\xbb\xd2S\
\xfa\xe09\xc8\x0fy%\xfde+\xd8\xc7\x05\xbd\xa5\xbf\
\x5c\x87\xb8\xdf\x18,}\xe4\x06\xf1\xdaO\x91\xd2\xb2:\
\xd3 N\x88\x97\x96ym\x00\xbfUC\xfa\xb4\x1c\xfa\
\xdf\xd8.}\xad\x00\xb9\x1d'\x95\xbem\x02~i\x99\
\xbb\xf4\xed\xdan\x10'\x5c\x93I\xb3@>\xc6\xbc\x93\
)\x8b\xc0\x9e\xe5\xbf\x91\xa9\x7f\x05\xf9\xea\xd6PV\xf5\
9\xf8\x8b/^\xca\xaa\xa5\xb8\x81\xdf-\x92\xd5|\x8f\
\xf9\x8bR\x99G\x15\xe0w\xe65Y\xe3DX\xafy\
\x9c\xac\xe9\xf7 Os\xe3d\xcd\xc2\xc0nW\xbb!\
k\x96\x1f\x08x\xef\x98\xccs8\xd8Q\x99J\xe69\
j&\xfc\xbe\xb3\xac\xe5\xa3Z\x84j\xd6N\xd6J\xbb\
\x14p1%k3\xfe\x17\x90\xbb\x14Y\x9b%\x80\xc7\
\xe6\xd6\x90\xb5\xdf\xf7/\xc4)]e\x1d\x7fY\x05q\
o\xb1\xac\xd3z\xf0\x1b\x0f\xf7\xc8:\x9d\xf9\x11\xe4\xfb\
\xb5\xacs\x1f\x187C,\xeb\x868\xba\xbc\xb7\xac\xdb\
f\x90\xe7\xe7\xe3e=\x8a\x81O7{\xc8z{\xef\
\x05>4\x95\xf56A\x9c\xe2~_\xe6;\x04\xe4t\
\xf0S\xd9\x80\xcb 7_\x1f\x91\x0d\xdcy\x8eP\x82\
G\xb2O\xc2\x81N\x5c;\x99>f<\xc4a\xa52\
\xff\x5c%\xac\xc7G\x16(\x07\xff\xdbn\xba,$\x09\
\xf0l+\xa1l\xdc\x5c\xb0\x03\xc3n\xc9\xc6=\x07\xbf\
\xda\xed\x07\x99\xe9\x1c\xf8\x8b\x1bCdSG\x80~t\
\x99/\x9bY\xf7\x19\xec\xf7&\xd9\xac\xea\xb0n\xafe\
\xb2Y\xeb@~T\xfdd\x19I\x10\x87ty'\xcb\
\xf8>\x05p\x5c\xacl\xde\x92\x5c\x887^\xc9\xb2\x14\
g ^\x11\xc8VI\xda\x03\xae\x0b\x91\xed^\x06\xf8\
\xaf\x9aLvd5\xf8\xd7;\xc3e\xc7\xbc\xcb\xc0\xef\
\xbd\x93\x9d\xd8\x04r3\xf2\x81\xect6\xf8\xff.\x05\
\xb23\x1a\xf0K\xa3_\xc9.\xa9\xd5\x80\xf3$\xb2\xeb\
-\xc0^\xbd<!\xbb\xbe\xe1\x07\xe0\xc3r\xd9\x9dc\
\x80\x9f\xfb\xa5\xca\xeeM\x03\xff\xb8\xf3\xa6\xec\xc1\x15\xe0\
\xcb\xe3E\xb2\x87O\x07\x11\xaa\xd1\x02\x99\xe55\xfc\xfe\
\xe4)YY\x08\xe8\x8d\xfaOYYy_\xf0O\xb9\
\xb2g\x85\xc0\x97O\xaf\xcb~\xdb\x02\xf8\x22\xa4\x8e\xec\
E=\xc0\x9b_\xfd.{\xb9YN(E\x9a\xec\xe5\
\x13\x18\xaf\x7f\xb0\xecm\x02\xc4\x01\xfeZ\xd9\xdfJ\xc0\
Y\xb7\xde\xca\xfe~\x1e\x06v\xf5O9\xd1\x81\xfc\x8c\
\x22r*\xbd\x10\xec\xe22\xb9\xe0\x15\xc8[\xc2&\xb9\
\xe84\xc8\xa1\xdb\x17rI.\xe8y\xb7,\xb9\xec\x17\
\xc0\xe5\x05\x17\xe4\xca\xe5\xb0O\xad>\x93+\xf7\xac\x01\
\xbd'\xf2Z\xefa\xbf\x1ay\xc9k\x07\x00\xfex\xf1\
\xa9\xbcv\x0e\xe8k\xf1\xa7\xf2\x06\x01\x80k\xbe\xed-\
o\xf0\x1b\xack\xd2c\xb9\xceo4\xc4a\xff\xc8\xdb\
\x5c\x11C\x5c\xbeH\xde\xfe\x0c\xd8\xc5\x01\x8f\xe4\xedK\
\x00/\xff\xa1\x95wh\x02q\xf8\xaf\xdf\xc9;t\x81\
\xb8f\x8a\x8f\xbcc\xdeI\xf8\xfb\x06y\xd7\xb6\x80\xd7\
J\x8b\xe5]_\x02\x1e<\xb2Q\xde\x1d\xe3\xa7\xf6B\
y\xdf\xfd\x10\x07\x0c>&\xf7\xa5p\x9d\xb5\xe4\xbe\xef\
_\x83\xdd\x88\x90\x0fz\x0arU:^>X\x0b\xf1\
\xdc\x90+\xf2\xc1O ^\xd2\xdf\x96\x07\xfd\x0d\xfc\x99\
\xd5J>\xe2\x1e\xd0\xc9:.\x1f\xd5\xa0\x09\xc4\x81M\
\xe5\x11\xf9 \xff\xcau\xf2\xe8\x83 o\x83\xab\xc8c\
\x07\xc1\xfe\xf7>$OZ\x0e8(\xee\xbe\xdc\xd4\xf9\
\x13\xb0\x8b\x13\xe5\xf3\xa6\x83||\xb2A\x9e\xdd\x16\xe2\
\xef'\xe1\xf2l\xd3u\xb0c5\xe5K\x8e\x02\x9do\
\xa7\xc8\x0bb\xc0\xbe\xec\x9a$_\xb3\x1aq\xe8L\xf9\
\xda\xab\xe0Gj\xcc\x91o;\x09\xf6\xb0s\x96\xfcD\
\x14\xd8Q\xbfg\xf2\xf3Jh\xf7g\x94\xfc\xbc?\xe8\
s\xf7\xdf\xe4\xdf\x1c\x04\xfbW\xbb\xbe\xfc\xbb\xc5@\x7f\
\xe6@\xf9e\xe3C\xc0a\xd1\xf2\x1f\x86\x82]\xe9>\
Z\xfe\xe3r\x88\xab{\xce\x96_i\x0f\xb8\xf3\xdd\xbf\
\xf2\xab\x1a\xd8\xc7]O\xe57\xdb\x80=\x8a7\xc8o\
\x1a\xc1\xce\xee\xf8W~\xbb>\xfa\xff\xe1\xf2\x87\x17\x1f\
\x11J\xd6O^2\x1a\xec\xba\xacH^\xb6\xa9\x16\xac\
C(/;\x03qf\xbb\x7f\xe5O\xfb\x82\x7f:\xb4\
H\xfe\xbb\xaa-\xe0+\x81\xfcE\xdb\x83\x84\xe4\xcd\x94\
\xff\xa1\x86}\x98\xed)\x7f\x1d\x0e~6^*\xff\xf3\
\x0e\xd8\xc9F\x07\xe4o}\x80\xee\xf9K\xf2\xb7\xe3A\
\x8f\x17y\xcb\xdf\x1e\x1a\x0c\xe3]\x90\xff}\x05\xe8f\
n\x85O\xd8\xe7\x7f\x9b\xc8\xdfi\xc0\xaf.p\x93\x7f\
Xv\x85\x90=\xcb\x14\x8c\x5c\xcdT\x88\x9e\x8f\x02{\
\xb5G!\xa9\x0e\xb8?\xbe\x93B\xd2\x09\xf0S`\xa6\
B\xb2\xee\x12\xe8\xb7\x9bB\xfa\xa8\x0f\xe0\xfd\xab\x0ae\
\x15\xd0\xf3^-\x15\xca\xf0\x09\x84\x84NS\xa8\xe6\xc0\
z_\xb7V\xa8\xe7\x82\xdf\x8e\x5c\xac\xa8\xf1\xdc\x00x\
f\x8f\xc2=\xa85\xe0\xae=\x0a\x8f\xe7\xc0\xbfK\x0a\
E\xdd+0\xef}\x1aE\xbd\x91\x80o|\xca\x14\x0d\
r\x97\x11rj\x8a\xa2!y\x0e\xfdN(\x9a\x5c\x01\
;\x9c\xb8A\xd1L\x0f\xfa\xf3\xd9-E\x8b\xda0\xde\
\xd2\x09\x8a6\xde`\xc7d\x1b\x14m\xa5G >\x1a\
\xach\xbb\x17\xf4\xb4\xeblE\xbb\xe9\xa3\x09\xd5~\x92\
\xa2\xc3\x1a\x88W\xfb\xfc\xa4\xe8\xf0\x0a\xe4=\xf27E\
G\xef\xfa\x10/wVt\xbf\x09q\xbc\xefhE\xdf\
\x1e\x7f\x82\x9d\xfeZ1\xb0q_\xa0sY1d-\
\xc4\xb1-O(>\xf1)\x00?6Z\xa1\x0f=\x0a\
v\xf2O\x85~&\xec\xff\xbe\xed\x0a?!\xd8\xcb}\
i\x0a\xff\x96>\x80\xff\x86)F\xbe\x03\xbc\xb8\xf8\xa0\
\x22ds\x04\xa1\xeamQ\x8cm\xfe\x00\xfc\xe7AE\
D.\xd8\xf1\xda\xd7\x14)Ua_=\xb6*&\xbf\
\xd3C|\xbcQ1\xdd\x04r\xa5z\xa1\x98\xa3o\x08\
8\xb0X\xb11\x1apMT\xb1b\xfbR\xf4\xf3\xcb\
\x14\xbbZ@\x1c0\xaf\x81bWG\x88;\x9a6Q\
\xec\xfe\xd4\x0cqS\x90\xe2\xe0]\x883\xfd\xb2\x14\x87\
\x8f_\x86\xf8)Aqt\x02\xe8u\xad\xe7\x8aS\xd9\
&\x88\xe3\xbeQ|9\xe9\x14\xa1\x1a\xecV|\xeb\x91\
B(\xe5L\xc5\xb7w!no\x9c\xaf\xb8$\x02\xfc\
\xa8j\xad\xf8\xb19\xe8\xe3\x81\xcf\x14\xd7}\x8c\x84\xaa\
\xdb\x5cq\xe3\x14\xe0\xafF?(n\x0e\x83O\xbf\xf7\
\x8a[/\x00'\xbc\xb8\xa6\xb8\xa7\xf6'd\x95\xaf\xe2\
~r]\xf0k\x93\x15\xf7\xffx\x07xi\xa1\xe2\xe1\
\x01\xd0C]\x92\xe2\x97\x1f\x00w\xb4\x94*\x9e\x1c\x06\
;\xd9i\x90\xc2\xdc\x0b\xe6\xd1p\xb9\xe2\xb7F\xc0\xe7\
z=\x15\xbf\x9d\xc9\x81O\x8d\xe2\x8f\xe9\xf3\xc0o\xab\
\x15\xef\xda\xf6\x84\xf1F*\xde\xaf\x15\x112H\xae\xf8\
\xb0\x0bpb\xad\xb3J\xf2\x04\xf0L\xf5\x16J\xe17\
\x80\x83\xfd\xbb+\xe5F\xd0\xa7o\xd6+\xb5[\x01W\
^\xdf\xa9\xac\xea\x078\xa6\xd9Re\xb5 \xb0\x07\x9f\
lPz\x98\xc1\x8e^\xeb\xad\xac\x17\x06\xb8T\x1c\xa2\
\xd4\x8d\xfb\x1a\xe2Q\x8d\xb2a\x10\xe0\x96_\xda*\x1b\
\xef\x04?\xb5!V\xe93\x0e\xc6\xdd\xd1R\xe9\xf3+\
\xe8\x9d\xac\xbd\xb2\xfdd\xb0\x9b\xc2\xc3\xca\xf6\x85\x9f\xc1\
\xfc\xab*;L_\x0d\xfe\xed\xae\xb2\xe3}O\xf8\xb9\
\xaf\xb2S\xcfM\x84,\xfcJ\xd9\xf5<\xd8\xa7\xab\x8f\
\x94\xdd<@\xfe\xae\xb9){4\x02\x9c\xf2\xc9\x04e\
\x8fDX\x8fn\xa3\xb2\xa7\x18\xfe^\xe3{e\x9fj\
\xfd\xe0\xe7\x1f\x94\xfd\x13A\x9e\xceLS\x0e\x1d\x06~\
\xfa\xc4\x0e\xa5\xdfv\xb0\xe7]\xf7*\x03\x0e\x02\xee\x8b\
\xf6T\x06\xdc\x04<}\xe4;\xa5\xa1~m\x88'/\
(c\xe2A\xbf\xfa?W&\xde\xdd\x0b\xf8\xad\xb3r\
R\x0e\xac\xf7I\xa92e&\xac\xbf\xef\x97\xca\xa9\x1b\
QO'+\xa7\xfd\xf8\x17\xe0\xa5,\xe5\x82V\xa0\xaf\
/\x95\xca|%\xe8\x7f\xfb\x8d\xca\xcd\xbb\xc1\x9e\x8b\xff\
RnI\x00\xbf\xf4\xe3\x9f\xca\xcf\xbe\x03;\xdd%^\
\xb9\xd3\x12N\xc8\xcaq\xca\xd3\x9f\xb4\x83@\x9d(\xbf\
\xa8\x0eqi\xeb\xb1\xca\xafz\xc3\xcf\x87\xa3\x95\xdfG\
\x02\xfe\xf6MU^\x12@|\x17\xfe\xab\xf2\xdaf\xb0\
\x87[\xce)\xaf\xef+'T\x93.\xca\x9f\xc2\x86\x00\
\xee\xfdU\xf9\xf3\xf87\x84\xd2f)\xef4\xe9\x04\xf6\
\xe5G\xe5\xfds\xa0\x07\xfd\xaf(\x7f\xe9>\x13\xf4\xe5\
w\xe5\xa3\xd9\xa0\xa7\x1f\xfeT>>\x07z\xd2\xfb\xa0\
\xf2I;\x88{\x86R\xca\xe2\xe9g!>rW\x16\
\xff\x01\xfe5\xf4\xad\xd2|\x0d\xfc\x9cO\x8c\xb2D\x0f\
\xf1\x7fjk\xe5So\x90\xdb\xd1\x8b\x95\xaf1\xdf=\
l\xad\xf2Oo\xc0\x15)\x0b\x95\x7f\xcd\x8b\x01\x5cy\
S\xf9\xd7&\xf0\x9f\xd7\xa7*\xff\xfay\x1d\xe8\xfb\x0d\
\xe5?\x1e\x80?z\x9bT\x82W\xdf\x81\xfc\x9dP\x09\
C[\x02\x1ej\xaeR\xfe\x00\xbf?\xb3K\xa5\x9d\xd7\
\x16\xfc\xc1fU\xd5\xdf\x1e\x81\xfe\x17\xa9\xdc'\x01\x0e\
\xf8b\xa4\xca=\x07\xe8&\x05\xabjm\x04\xbc34\
LU\xe7\x03\xec\xc3\xb1\x01\xaa\x06\xe5\xc0\xd73\x1aU\
\xd3\xac\xfd\xc0\xb7\x8d\xaa\xa6\x07\x01\xff4\x7f\xa4\xf2\xcc\
\x03\xbb\x7f\xb6\x8a\xaaE\xe1\x15BI\xd7\xaaZ\x5c\x05\
{y}\x90\xca\xeb4\xc4{\xfe\xcbT\xde\xe7\x14`\
\xcf\xaf\xa9\xda5\x07\xfcqm\x8b\xaa\xd3!\x88k\x86\
z\xab\xba{\x83\x7f\xd1\x86\xaaz\xd4\x06{\xd6\xf2\xa2\
\xaaG\x1d\xd0\xe7\x16?\xa8z6\xb8\x08x\xf0\xb2\xaa\
\x9f\x16\xecD\xf4\x1d\xd5\x80 \xc0\x0d{\xbeP\x0d\xcc\
\xbeF\xc8m\x91j(\xf5\x07\x8csQ5\xec9\xe0\
M\xfd\x14\xd5\xa7\x83A\x0f<bU\xa1\xf5\x1b\x01.\
\x92\xa8\xa2\xba\x80\x1cT\x89TE\xcd\x8c\x04\x1c\x9f\xad\
\x8a\xf7\x03\xfb\xd1S\xadJ\xbb\x03\xf2\xfb,F5-\
\xe4sB\xd5/P-.\x03\xbf\xac\xdf\xa7Zz\x1e\
\xfcWx\x1fU\xdel\xc0\xebE\xb1\xaa\xfc\xefa\x9d\
\xcd\xbeT\xady\x01\xfew\xc4q\xd5\xe6\xee\xd0\xcf\xfd\
\x91j_\x0f\xf0\x13\x7f\x1dQ}^\x05\xf0\xa6\xdfY\
\xd5\x97F\xf0\x9f7W\xa8\xbe\xdb\x04\xf3\x1f\x1a\xad\xba\
:\x0b\xe2\xc8A\x85\xaa\x9bs!nz\xf0Fuk\
#\xc4\x053\xae\xa9n\xdfu\x07;\x1b\xafzx\x05\
\xf0\xc4\x8c:\xaa_\xfa\x8d\x82x-J\xf5\xf8'\xc0\
\xbd\x9av\xaa'\xff\x02^jXSe^\x0fv`\
\x9dAe\x91\x02N\xad\x97\xad*\xcdhJ\xa8\xc6R\
\xd5\xb3\x9e \x7fo\xba\xaa\x9e\xed\x05\xfbU\xa5T\xf5\
\x96\x80\xbc\x17\xd7U\xbd\x1dQ\x1dp\xf7E\xd5\xdf)\
y\xb0\xbe\x97j\xaa\x00\xec\xec\x8b\x0dj\xf18\x88\x17\
\x1awW\xcb\x22\x00\xd7\xe4\x84\xa9U\xfa\xb1`w\xf7\
\xaa5\x07\xc1/\xac\xf6SW\xeb\x13J(\xe1^u\
\x8d\x83\xb0\x8e\xe5>j\xf7\xcf\x00\xc7L)T\xbb\x7f\
\x01\xf3?\xf3X]k \xc6/3\xd5\xb5\xd3\xff\x06\
\xfb\xf8@]'\xe0\x01\xd8\x89=\xeaz\xca\x0c\x02\xf0\
\x5c]\xaf\xed9\x90\x07\xf8\xfct\x09\xc4\xc5\xbe\xea\xa6\
\xc3\xc0\xde\xad\xfeB\xdd\xac\x08\xfe~{\x9d\xbaYy\
3\x90\x87\x99j\xcf?J\xc1\xee\x8eU\xb7N\x01y\
\xff'U\xed\xd5\x10\xf8\xb1\xceG\xed\xf3\x1d\xf8\xc5\xa9\
D\xdd\xe1%\xf8\xc1\xd8s\xea.\xbd\xc0>6\x5c\xaa\
\xee\xd2\x17\xecz\xe3\x13\xea\xae\x93\x00\xbf\xbd\x8cW\xf7\
:\x05\xfch\xbbP\xdd\xffKh\x979^=\xb8-\
\xe0U\xfd\x01\xf5\x10mC\x88\x8f\xb6\xa8\x87\xfc\x00\xf1\
\xf9\xd84\xf5\xb0e\xa0\x0f\xef\xf7\xaa\x83'@\xdc\xde\
u\xaa:4\x06p{\xc8\x5c\xf5\x98\xdb\xa0\xaf-Z\
\xa9\xc3F\x03=\x8f\xdf\xd4\x11\x87\xe0\xe7\x01\x07\xd5\xd1\
k$\x10\xbf\x8fW\xc7Vi\x07rPS\x1d\xf73\
\xd8?\xf7,\xf5$\x82~\xec\xa0:\xc5\xd2\x1c\xecx\
\xa2z\xf2\x0d\xcc\xfb\xca\xd4SjA\x5c\xf1\xf7qu\
F\x0c\xe0\xdf6u\xd4\xf3\x8aA\xde\xbd\xc3\xd5\x8b\x10\
\xaf\x0c-\x82\xcf\xce`w\x0d\xea\xdc\x10\xf0\xf3\x17\xe7\
\xa9W\xcaA\x9e\x1e\xcdT\xaf\xfc\xb6\x06\xf8\x8b\x9b\xea\
\xed\xdb\xc1\x8f\x07\x96\xaaw<\x06\x9cWw\xbez\xd7\
\xe7\xde\xe0\xef/\xaa\x0b\xef\xc0\xef'\xd5S\x1fj\x01\
x\xbcW\x9a\xfa\xc8S<\xaf\x0aP\x9f\x18\x05~Y\
\xd1Y}r\x17\xc8\xe7o}\xd4_\xdd\x84x\xec\xe2\
\xef\xea\xaf\xca\x01\xcf\x0fx\xaa>?~\x0c\xd0\xffJ\
}Q\x0dv\xfc\xdb_\xd5\xdf/oCH\xd3.\xea\
\x1f\xfd\xc1\xceT\xbb\xa7\xbe\xf2\x14\xe2\x8a\xb5\x83\xd5W\
\xffy\x0b~)P}m\xf6S\xb0O1\xea[\xd3\
a>\x0d(\xf5\xed\xc7@\xf7\x87i\xea{\xb5A\xae\
\x16|P?*\xec\x05\xf6a\xb0\xfaq\x18\xe0\xe7\xdf\
\xa4jKHg\xb0K\xc3\xd4e\x22\xc0\x89\xf7\xdf\xa8\
\xcb\xf2\xc0>\xec\x15\xa9\x9fu\x00y\x9d}H\xfd\xab\
\x0e\xf3\x84\xe7\xd5\xaf\xb5\x80\xdf77T\xbf\xf6\xc8\x07\
;\xf9T\xfdO\xe0%\x88oN\xa8?\xd4\x03y\x9f\
\xa9V\x97\xff\x05\xf6\xa3AG\x0d\x99\x04z\xfagM\
\x8d\xb8\xdeUB\xc9\x07j\xc4\x83\xc1\xafh\xabh\xd4\
\xbb\xc1\xcf\x8bFh\xb4\xff\x82}\xdb4VS\xb7!\
\xf8\xff\xac\xe6\x9a\xfa\xcf no\xd1D\xd3D\xb6\x92\
P\x9e\x19\x9a&\x81\xa0\x8f\x86\xfa\x9a\xa6n\xe07\xee\
%h\x9aN\x03{4\xa4\x93\xa6\xc5\xad \xd0\xefR\
M+\x80QT`\xa8\xc6'\x09\xfcv\xebN\x9a\x8e\
\xa7q\x9cBM\xd7,\xc4\x01o4=\xd6\x80\x1f&\
{4\xbe7\xc0~\x14\xbd\xd7\xf4[\x1a\x00\xf6w\xb6\
f\xa0\x17\xf0\xff\xab\xa6\x9a\xc1\x22\xc0\xcf\xdd\xeei\x86\
\x5c\x04=X\xbfK34\x12\xf6a\xe1\x07\xcd\xd0\xfd\
\xa0\xff\xcf\xbc4\xa3|A\xbe64\xd6\x8c\xce\x03|\
x-Q\xf3\xe9L\x88\x9f\xe3\xc25c'\x82\xbct\
\x1e\xa0I\xf4\xc6\xbckuM\xca\x00\xb0+\x9d^h\
R,\x7f\x83\x7f\xa9\xaaI\xed\x0c\xfa\xb7\xee\x8cf\xfa\
8\x01\xd8\xb7\x01\x9a\x993A~\xa8\xdf4s\xd2!\
n\xa2>\xd1,8\x03\xf3\xf9>O\xb3\xe0\xc6H\xc0\
\xf5\xf54\x0b\xc7\x03?\xdc{k\x16\x7f\x07\xf1\x8a\x22\
F\x93\xe7\x05v `\x96fY\xfbe\x84j\xfb\x97\
fe\x0c\xd8A\xe1\x04\xcd*\xaa\x1c\xe6]\xa8Y=\
\xbd+\xf0e\xb8fk!\xcc\xfb\xd7\xae\x9a\xedf\x88\
\xcf=wi\x8a\xda\x80\xbf\xce\xbd\xa39\x19\x02\x8cI\
\xdd\xac9c\x009\x1fvN\xf3\x8d\x17\xb4\x1b\xb5S\
se'\xac\xbb\xea\x05\xcd\xcfS \x8e\x191Ys\
w?\xeck\xecZ\xcd\x83\x7f\x81\xaf[s5\x0f\xfb\
\xc4\x02>\xbc\xac\xf9%\x09\xf0\xc9\x84P\xcd/\x93\x00\
\xffO\xc8\x80\xcf\x9f\xe1\xf3\xb1\xe6\x91\x0e\xect\xfca\
\xcd#\xff\x81\xd0n\xaa\xe6\xf1f\xc0\xa7)\xaf5\x8f\
_A\x5clZ\xa0)\x1e\x0fqu\xaaTS\xfc\x1a\
\xf3\xabq\x1as/\xf8\x9c\xa2\xd2\x94hn\x112\xad\
PS\x16\x00\xe3\xcd\x9a\xa7)3\xc1\xef\xa7\x16k\xca\
\xf6\x01\xce\xd3\xfe\xaay\xd6\x08\xe4on\x7f\xcd\xb3\xf1\
 W\x9f\xcb5\xcfv\xdf\x00|}@\xf3\xec\x17h\
\xbfp\xa2\xe6W-\xe8\xf5\xb9n\x9a?~\xef\x0d~\
\xcaG\xf3*\x07\xf8\xf1\xc5j\xcd\xeb\x08\xf0w\xe7\xeb\
i\xfeJ\x09\x03?6@\xf3\xd75\xd8\x8f\xac|\xcd\
\xbb\x0d\x14\xe0\xcb\x9e\x9aw\x07\x01\xaf]\xea\xaa\xf9g\
$\xc4\x0d\xddkh>\x8c\x07<\x90[]\xf3\xa1\x10\
\xe6Y\xfcF\xf3\xe1,\xf8\xbb\xcb\x19\x9a\xf2\xf1`'\
\xae7\xd2\x12!\xd8\xd9e\xc7\xb4d\x9b\x08\xe2\x8e\x8d\
Z\xf2\xdb)\xd8\xf7\x0fZj\x19\xcco\xd4h-\xb5\
\x05>G\x8b\xb4\xd4+\x18\xef\xe7\xa6ZA\xdf\x85\xf0\
i\xd2\x0a\x92\x12 \x0e?\xa5\x15\x5c\x02;Zg\x83\
Vd\x82q'\x0f\xd0\x8a\xb6\x9e\x07\x7f~]+z\
=\x1b\xe2\xd7(\xad\xa4\xb1\x8e\x10s\x8eV\xa2\x9f\x0d\
v\xd8\xac\x95\x8e\x07?\xb5\xec\xbeV~\x0e\xf8\x1e\x19\
\xadU\xf4\x03\xbc\xfe\xeb6\xad\xe2\x11\xe0\xb7\xd5-\xb5\
\xcaB\xf0\xdb\xf9W\xb5\xca\x03\xf0\xb9\xa2\xa9V%\xfc\
\x14p\xe5]\xadz@\x03\xb0[\xfb\xb5\xea\xe9\xa0\xef\
\xb2\xa7Z\xf5\xea\x03`g\x8ej\xd5k\xc0.\x8a\xc6\
i5\xdf\x83<\xc8\xebh\xb5F\xd0gq;\xad[\
\xdf\xfd\xf0\xb9@\xeb\xe6\x0b\xf6GRK[5\x10\xd6\
\xb1n\xb5\xb6Z\x15\xd8\xdf\xed\x0b\xb4\xd5ra\xbf\x9f\
\xff\xa4\xad\xee\x0d\xfc\xde\x11\xa7\xad\x9e\xfc\x1a>\xc5\xda\
\xea\xfb\x00\x8f)\xfe\xd6\xd6L\x9a\x06~\xb7\x9e\xb6\xf6\
,\x88\x07\xfa\xb5\xd0\xd6.\x84\xf8\xa3v\x88\xb6\xce\x05\
\xc0\xe5\xca\x07\xda\xbaM\xab\x00^M\xd0\xd6\xbd\x82\xed\
\xfe\xd6\xd6\xbd>\x0f\xe2\x80\xfa\xdaz\x7f\x80\xfd\xaa\xbb\
X[\xbf/\xd8\xc5w\xb7\xb5\xf5\x93 \xae\xfb=Z\
\xdb`-\xf8\xab7\xfb\xb5\xba\xe6\x80\xbf\x92[ju\
g\x8a@NWju_\x01N\xf2\xbb\x05\x9f\xf3\x01\
?t\xd06\xf4\x85x\xf3\xdf\xb1\xda\x86\xfd@\xbe\xca\
\x13\xb5\x8dL`\xff\x95\xc3\xb5\x8d\xb6B\xbc.\xfbG\
\xdb\x98\x02\xba\x1f\xc6h\x1b/\x86}T\x0f\xd46\xde\
0\x18\xf4\xbf\xa1\xb6\xc9\xbf\xf0IEh\x9b\xfao\x84\
\xf6\x9e\xda\xa6\xcb\x1b\xc1:nh\x9b\xcd\x05\x5c\xa5\xf9\
J\xdbl3\xe0\xbf\x8b\xad\xb4-\xc7\xec#T\xf7n\
\xda\x96_A\x1c\xf20V\xdb\xea,\xc8y\xf1<m\
\xeb\x08\x8c\xd7\x95\xda6\x1b\xe3\x01\xa7\x1c\xd7z\xcd\x05\
:\x01\x8d\xb5m\xb7\x02^\xd3>\xd0\xb6\xf3\xfb\x16\xd6\
\xbfO\xdb~2\xe0q\x81X\xdb!\x19\xe6S-L\
\xdb\xe1\xd1@\xf8\x5c\xa0\xedx\x00>\xab~\xa7\xed<\
\xfc\x0c\xe0\xae\xad\xda\xce\xb3\xfe%T\x8dS\xda\xce\xf3\
a^Aw\xb5]D\xb0\x9fk\xc5\xda\xaes{\x82\
\xdd\xcf\xd3vk\x09\xf1H\xfbG\xdan\xbd\x7f\x02y\
\xfaD\xdbM\x0fqX\x93j\xdan1\xe0\x1f\xe4\xc3\
\xb4\xdd\xc0\x1dQM\xd6j\xbb]\x07\xfe4\xec\xa2\xed\
\x13\x04\xf1\xc8\xc8\x95\xda\xbe}\xc0_\x98[j\x87\xb4\
\x05\xff\xd9c\x81v\xc8A%\xf8\xc7t\xed\x90\x1f\x81\
\x7f}\x0ej\xfd\xbe\x06{\xd2\xf7o\xed\xa7\xe9`\xb7\
\x16\x85i\xc7\x5c\x1b\x03\xb8y\xaf6b'\xd8\x8f\xcf\
\x1akc\xf1\x5c\xa2\xd3]\xed\xe4^\xa0\x1f\xaf\xbe\xd1\
N{\x08\xfe\xa4p\xb8vU\x0b\xb0\x7f\x03ojW\
\x0d\xd8\x01tD\xda5\x9e\xe0o\xee\xfc\xa4=<\x02\
pt\x83\xc7\xdac\xfd\xc0\xae\xed\x1d\xa9\xfdR\x04v\
\xb6y\xbe\xf6\xfck<\xff?\xae\xbd\xd0A\x0c\x9fY\
\xda\x8b\x9b\x01\xd7\xcb/hi\x1c\x94^C\xfb\xe0,\
\xe0\xcbi\xd7\xb5\x0f>\xec\x02\xdc\xb8Z\xfbp\x1e\xc4\
9m\xbf\xd5\x96\xcc\x88\x01<xG\xfb{\x1e\xc8s\
\xf4\x0e\xed\x0b-\xe0\xcb\xef\x1eh\xff\x84x\x94<\x97\
j\xdf\xd4\x05}\x8fM\xd0\xfe\xd5\x04\xe6\xb5\xf5\xbd\xf6\
\xfd(\xb0\x9b[\xa2\xb4\xff\xf8\x81=\xf9g\x9b\xf6\x9f\
\x09\xb0o\xf7\xaai\xff9\x00\x7f\x7f\x1b\xad-\x9f\x03\
8x\xf3\xb7q\xc0\x9c?\x01\x19\x92\xbaD\x11\xe2>\
\xa1vL\xcb\xc5\x19A\xb7\xcaU\x1b\x1eD]\x0c\xec\
l\xd8\x9fw9+\xda[ C\xa8\x0fx\x80x*\
\xcck\xcfX6-\xb4\xac\xdb]Zt\xd2\x9cS\xf0\
\xfcTv\xc9\x9c\xe3\xe6\x85'\xcd\x99G-\x05\xfb\xcb\
\x16.)-Z\xf1$c\x8e\x14;\xf4\xed\xef;,\
<\x82b\xc8\xeb\xc8Q\xa2\x1b\xedc\x08)\xf7 \xd3\
I4\x09'q$\x81\x18H\x14I\xb7\x93\xaf\xa1\xfb\
\xf2\xa8\xce\xbc\xed@\xe9\xe1\xed\xcfO\xad\x99\x1e\x1d\x1e\
\x97`\x88Jw\xa5U\x8b\xe8\xa6\x0f\x01z\xd3I$\
1\x92T\x92HL$\x9d\xe8\x82^\xd8\xe9\xb8\xe9J\
\xf6-\xd2M\x8f4\xa6&\x9a\xd2u\xe6\x9c\xfd\xae$\
$\xc4\xdb\xa9\x83\xd8\x9b\xaf\x95\x86\xf4%\xfd\x89/\xd1\
\xe9\xd5A\xcfS=\xed\xad\xd5\xd0FW|l\x899\
\xa7\xa8$\x7f\xa7k//[\xaf\xb4\xdf\x03\x873=\
\xcbUY\xdfO\xd8\x12c\x9e\xa6\x1c\x97\x13\x9c\x1d\xa3\
\x0e\xbc\x1d\x96\x9dw\xd9\xb0\xdf`2I\xecT;#\
U\xf3\xe9\xe5\xe6EK\xec\xb4\x81\xbd\xa5EG-[\
3,\x1b\xb7\x97\xec\x5cl>\x91c^\x96mY\xb7\
\xc4\x9c\xb5\xd9\x9c\xbb\x94\xe1\xb9\xeb\xf8n\xb6\xf1\xa3\xf7\
\xb8\xcc\xdb\x0dG\xb0\xac\x99S\xe1\xd4U\xb6\xae\xe9\xfb\
\x16O\xb6wS`\xb7\x92\x93\x87-Y\xdb\x5c;\x8c\
\xb4v\x18\x06\xdb\x19\x01[\xd2\x86\xe8\xe2#C<W\
\xdc[\xb1\xa8\x5cf\xe84\xa6W\xf2\xb9\xf0\xa1\xf4V\
\xa5\xc0&\x85\xc3\x7fS\xe1_\xe9\xe5*\xd7\xcd[%\
\xce\xbe\x90\x98\x1b6?Ql\x92\x94\xcb\xedC\xf7e\
\xc6\xd2\xb5\xd1\xf5K0\xa6\xc4%\xc6\xe8<\xa3\xe3\x12\
\xc3\x13\xe2\xa6\x19\x92u\xd3SL\xe1\xa6\xd4\x94\xf4\xd6\
\xf6\x9dN6\xa4\xc4E\xa5\x86'\xe0?\x8c\xa9\xc9\x91\
\x86\x94\x16\xae3\xeeV\xd9\x8c\xff\xe3\xac\xdapg\xf5\
?\xcc\xa0n\xc53\xd05\xb3\x8fQ\xcdu\x0c//\
/WJ\x8d\x80\x92?\x01\xfe\x86.\xca\xbcoW\xad\
4\xa0\x9b\x00k0\x80\x8c;T\xabn_\xff\xa1\xba\
\xb8D`YB\x82\x8eQ\xacn\xba\xe9i\xe1\x09\xa9\
\x06o\x8e\x86\xe9\xc6\xbeD\x9209\xeb\x00\x15\x92u\
G\xb2626\xfa\x86(>\xc1\xa2\x09e_\xc8R\
\xb0\x04\x0b:\x17\x9f\xddl\x99]\xe4\xda\xc1\x1d:D\
\xc2&\xc4\xc1\xb8q\xf09\xd5\xa5\xab\xb6o\xa4).\
-\xce4\xb5\xa2\xfe\xa1\x96\x82\xb5\xa3\x9b\x8f\xd1\x129\
\xe9\x07\xfd\x93a\xee\xad\x88\x8f\xbd\x7fU\xe8\x8f\xdb\x14\
\x04\x92$\xefgJNh\xe5\xc3136\x12 \x17\
,\x12,9\xa8n%\x92\x02Dt\x9e\x0c\x95\x16|\
\x9b\x94\x08V.\x19\x04+\x0e>\x9dy\x99\x9ey\x7f\
V\xa2\xc3\xfe\xf5M\x8cJ6\xc6EY9\x9a^Z\
x\xc6\xbcm\xa1+E\x0fW\x8aH#\xd4\xb2&$\
t\x9b\x9dRM\x1b%\x86\x84\xb9pC\xd9\xeels\
!G\x81\xab\xbb\xd2\xcaj\x13\xba\xc6NE\xc3\xa2R\
r\xba\xd0\xb5\xb3L\xff>\x5c\xab_\xac\x7f\xc3\xda\xd1\
\xc4\xa9:C\x9a!\xd1\x94\xc2i\x1c\xfe]\xaag\xb0\
z\x9ac\x0fd}\x93\x92t\xfa\xf0\x89\x06\x8e\xb4`\
\xd3@i\xe4]'\xdaU\xb0y\xca\xe48Sdl\
\x05C\x88\xb0\x9f\xc3\xa6C\xfb\x84\xa9\x1c\xeb\x88m\x22\
\xfa\xe4N1,\xd4\xbf\x89W\x14\xf8\xdb\xdb7\xa6\xdb\
\xebL\xb1\x06]\x8a!\xc1\x10i2D\xe9\xa2AO\
tI\x86\xe4\x89q))q\xc6D\xce\x88=Ps\
\x91\x22lk$\x89%\x13\x81\x8dQ\x5cu\x81\xdf8\
\xff\xce\x87\xa4\xb3t\xbd\x09=2\xda\x91\xc8\xd8\x89\xc6\
(\x87>Y\xff\xe5\x93\xce\xa3\xfc\xa2\x9c\x1b#\x1f\xd8\
I\x88|\xc3#\xe39|\xc4&\xb8\xce\xc0\x9a\x99\xb1\
\x0e>bS\x9d\xc9\xc8,.!.\xc5\xc4!\x1d2\
(3\xdc\xb1M\xbe\xe1\x09\xe1\x89\x91<J\x1dVc\
\x8c&G\x1e`@\xb7\xe6\x10\x01_\xa3\xd1\x94`\x0c\
\x8f2$\xbbv\xa8\x9a\xa4]tz\x8et\xfaf\x93\
$\xab\x8d\xffj\x9c\x99\xbd[}\xdfd\xe3\xe4\x14\x83\
.<1J71<1<\xc6\xa0\x8b2\xa4\xc5E\
\x1a\xe8i\xa6p\x9d\x5c?0(#\x88\xceoV\xaa\
\xe7\xf8\xf3\x09_8\x9c\x5c?\xff\x11\xba\xe2\xd3g\xc1\
\xbdY\xe6\xce7/8\xc2\xb5E\xd6\xae\xce\xb6\x88\xee\
\xc6kK\xec\x1db>\x8f\xfb\xde\xb9\x83e\xc3\xe7\x96\
\x0d\xf3*\x1eaS\x8e\xdc\xb9C\xe9\xe1\x8d\xa5\xa7O\
s\x18\x13\xb0$\xbe!\x0d\xb9Z\x16D\xe9\xcdSN\
d-\xb1w\xab\xd7/!\x0e\xf6\xab?\x88\xa4\x09\xd8\
\x13\x13\x1e\x97\x88\x9b\x17iL\x8c\x8eK\x9eX!%\
\x86\x0a\xd2\xb3Sj\xc0Pr%\x01|\x06\xd2 \xdd\
\x1c1@\x97\xe4P'\xf4C\x1cU\x95a\x9bUn\
\x8bN;\xc0\x11\xddN\x97\x94\x0c\xbbg\x98\xcca\x0d\
\xb6\x0fqO\x1e\xe4\xd4\xa7&\xd3\x07U/n\x22n\
}e\xbdQi\xa7\xad\x0cz\xe2pm\x8e\xde,U\
\xd5M\x8eK\x8c2rHH\xc0\xb5eG\xb8\xd9;\
\xcb\xfb\x19'&!k\xb9\xe2mc`D\xcb\x10w\
{\xfb:\xfd\xac\x5cK\x89L6\x18\x12Sb\x8d\xa6\
\x8a\x19\xb8H\x9a\xf9\xc1\xdeS\xd2\xcf\x98\x14\xc7\x1d\xc6\
\xb9\x91\x08\x1aql\x96;6A\xa699\xb3~\x0e\
\x8d\xc6N\xba!\xc89\xc6\x97\xf5\xe3`\x8e1\xd2\x98\
\xd6\x13\xc2P\xe3\x90V\xa0wjZ\xe0p\xd4\xc1\xb4\
\xdf\x97\x8b\xect\xbch:\xe1\xba\x04c$x5\xda\
<\x80\x98 _#S\x93\x93\xc1\xe2\xdaU\xd2\x98\xc0\
\xa3\xde:\xdb4\x03\xbd\x03'd\x9f\x8a\x99\xe5\xe48\
\xfb\xb1\x1c\xa7\x8e\x1e\x88\xd9j\x14\xc4\x84\xb8\xa4\x08c\
xr\x94\xd5\x89\xf6\xe38\xd1\xeac\xa4h\xb3W\x89\
\xd3~g\xe6_\xf0~v\xb4\xc3r\xd3\xe4\xecF;\
\xced\x98\x98b\x9f9lo\xaa\x89;\xd9\xea!\x9e\
\xc8\x03\xbf\xe1\xb3\x12\x03S\xc7\xbdC\xce\x8c\xeee\xa7\
\xd8\xbc_\xb2!\x1c\xd5\xcd\xbaT\x1dj\x0c\x8b\x0f\xc8\
!\xbe\x1dw\xa1:m\x9a\x93\x8dkm\xa3\x9a\xa83\
LL\x02\xecB\xb3\xf8?\x92\xae5\xf6%\x92\xac\x04\
\x8b\xb91\xe4\xa3*\x84u\x1e87\xf4V\x95\xe0\xc4\
\xda\xfd\xac\xf3H\x02/\x01\xfbS1HT!5\xd4\
\x8dq9\x0b\xc2\xec\xfdk\xd9\xfa\xb3\xf4\x03\x14\xd10\
\x85\xb7\xfbL/C\xaf\xf8\x1b~\x8b\xed\xddU\xb6\xee\
\xd3\x8cF\x8eq\x13\x05N\x08\x94\xda\x9b\x0a\xfb\xa5r\
=\xd7*\xb7\xac6\xf6\x16\xd2\xfe\x86\xe8\xf0\xd4\x04n\
+'\xb3(aL+\xc7\xb2a#\x04\xd5\x0e\xcbf\
\xb5\xc1\x03i\xf4\xcc\xdb\xde\xc9TT\xb1\xb6\x0f\xb2s\
\xe2\xbf\xf7I\xa9\xb0\x0f\xca\x01\xf4\xaaL\x0e\x18\x1a\x15\
\xcbA]D-\xfcDX\xa8\xa4:M\x06Q\x89\x8d\
\x0e\x0f\x0a\x91\xa5\xfd>\xa1\xb6\x93\x11Q\xf67\xa4@\
/^\x19\xf6@\x93\x93\xdb8r;\x86\x85s\xa4\xa8\
\x1cQ\x97\xfd\xc6d_\x88\xed\xe1P\xbd\xfe\x8c\x8d\x09\
O\x036\x87G\xc4% \xc8\x8f6&3\xcab\x04\
\x0bO\x93\xe6\xe2K\xa4]\xf08\xfd\x8e\x03\xbdZ)\
\x19\xa3\xa3\x13\xe2\x129\x1b\xdc\x04;\x8c}\x89]0\
>\xc7x\x1c\xa7\x16\xe1\x9e;%\xeaB@\x9a\xfe\x16\
\xfe\xddN\xac\x9d3\xb1\xee\x10\xe0\x81\xffL\x04\x8b\xa3\
\x83\xb9E\xc6\x1a\x8d4x1\x82*'[\xcd$G\
\xe2\x91O\x81\x00\x09\x9c\xa4\xaaV\xff8 e2&\
O\xd5!jB~G\xf3\x0a\x98`\xda4\x873\x1e\
\x80\xf6\x83#\xd7\xcb\xdbfmc\xb5IN6&s\
\xb1\xdd_\x99\xc3\x1c\x1a2`\x8a!2\x95G\xf8\xb1\
\xd5\xec\x94\x98\xd6\x0efZ[\xa24\xc7%qU\xca\
iM\x12~\x15i4\xa9a\xc2M\xcc/\xf1!\xe4\
\xb4yc\x12\xc67\xb7\x93h\xc6\x90@3\x0eV-\
\x0a\x10\x01n\xbd)\xce\x90B\x0bCE\xa2\xed\xfe\x91\
0\xd8m\xe0GB_U\xd8\xb3\xdc\x06#\xc2\x02o\
Nh\x18\xa6u`\xe0\x81\xe1)\xa6\x08#W\x1b\xab\
\xa2*\xa5$\x07\xdd\xb2\x99V\x96\x02\xd5\x19h\x80X\
\x85\x86\xf5\xce6\x95\x0f\xcd;9\x0a\xd1@\x98\xa4k\
\x13\x056A\x04=\xd2\x81\xe5\xd5\xd8P7`JR\
\x821\x99\xc7!;z0y\x86\x0a\xd9R\xcb\x89\x8e\
\xaeM\x85\xec\xd18H\xa2\x0e;\x8c\x05M\xc0`#\
\xc0df8R\x15U7\xbd\x91\xd3B\x95t\xb7\x14\
Cxrd,g'\xb0\xa5aaLk'\xa8X\
\x85\xeea2L1U\x04\x12\xabb\xbf`u\x908\
\xb8\xd5\xa4\x86\x86\xc1\xa1!\xd3Y\x91\x16\xf6N\x84\x90\
\x13\xc1\xaf\x09pp\x0a8'X*\x84\xb8\x91\xb1\xe1\
\xc9\xe1\x80\x1f\x92\xb9aen\x5c\xf8w\x0e\xb730\
\x8e#\x05\xee\xd8\x021\xa9\x13@\xf3fs\xc7\x84\x92\
\x1cBCR\x06\xa3ys\x0c\xbb\x8d\x88\x13l\xf2f\
\xc1&w+\x19\x06\xd9Z\xc1\x92w\x0b^B<*\
\xd6\x94-6&\xfb\x167\xe5@d\x170$\x19\xc8\
\x0b\xf7\xdc\x99f\x18\xd2\xf3\xf2\xba9\xd3M\xf7?\xb3\
;pxn;\x87\x85\x1ahL\x9e\x0c\xd0\x90\x1bc\
\x0d\x22\x03\xc9(\xd7(n\xd0\xc0Q\x15Dq\x8d\xd8\
Z\xfa\x11+\xd1d\x90\xc1\xe4\xaa\xb4\x1fM\x9aI\x22\
\xfa\x8cIH\xef\xef\xb0\xbf\x83\x92\x8d\xa9I\x1c\xe9$\
C 6\xd4\x85x\x87\xf4!\xdd\xd0\xdf\x84\xfc\xe20\
NC\xfcu\xe6u\xfb\xcd\xeb3\xba\x95\xec)2\xe7\
l\xe5\xb0f\xda\xb4\x15y\x0e+1$\x8ak%T\
a\x1fR\x0d\xb8\xc4\xb1-\x8cI\xf6\xa6\x1eCb\x12\
A1u\xe1II\x10\x03\xd2\x0eT\x17\x99\x1c\x9e\x12\
\xcb\x8d\xac56\x02\x93\x1a\xae,g\xc9}\x1d\x1e\x12\
\xa6\xb8\x89\x06c*7\x11CO\x22tQ@lj\
\xd2\xb8.\x9cI\xa4\x80#IF\xafn\x98\x12iH\
\xe2u\xe6\x0a\x0c#\xc6\xbet\x0a\x8dTt\x80\x03\x92\
\xc4\x17E\xc9\xb0CV\xca\xf8\xf3\x0e\x19g\x9aG\x19\
@\xee\x128\x03\xd4\xc5\xf6c\xba\x85\xbe\xf5\xa6h1\
n>F\x1b\x9c\xed\xf7\xbb\xa1k\xb4\xef\x8a\xe5\x8e\xe3\
\x0e\x86\x06\xe6\xf7Z3\xf8\x83\xf9'\x9d\xa40F\xc5\
E\xc7\xa1\x87\x8a\xe3f\xb0\xaa\xc7\x98'+\xc7\xbe\x8c\
\x1c\x91\x92\x9c6\x0fq\x84\x13\xc8k<$1%\x09\
\x91Cdx\x92)5\x19hX\xe3*\x07\xea\xe3\xb2\
\x94\x9d\x90u\xd8\xcf!\xd6\x8cn_\xff\xa1\x1c\x96\xa0\
f\xa2V\xb28hU>\xbe\xa4\x9b\xcc0\xc5\xbf\x87\
Ss\x8d\xbdy\xea\xc4\x08\xae\xfe+\x18;\xeb\xd4\xa5\
\x8a\xad\x0b\xcd\xacD\xbe\xdc\xde\xf2\xd4\xb4\xe2Y\xefs\
\x868\xe5\xf6\xaa\x0f5Le\x22@@WI\x15\xa4\
\xf7j\x05\xbc[\xde6X\x93\xee\x1f\x13\x06\x8c\x18N\
\x8c$\x91\xc4\x83\xe6Nu\xe4\x11\x86\xc6\x01/\x86\x1b\
\x13\xe3\x0d\x10\xc7F\x83u\xd1\x19\xf8@\x90\x86\x06\xc0\
\x80\xc4\xd0\xb5\xb0<v\xd5aV\x04fu-\x8f3\
>\xe3\xc7\xce\xd0\xb5R\xec\x5c\xcdF\xc8f,x(\
I\xfc\xf4\xe3\xde\xe4&;\xf6r\x18\xd8\xf4a\x10\xc0\
%Fr\x90\x9dJ\xdf}\xd1\xec1\x9a9-\x9d\xb8\
Vsx\xf8\x04#\x1a\xd8\xb4\xb8\x18F!\xf9\x19\xa7\
\x8a!~z\x98o\x10\xe9\xcf\x92\x1d\xe9p\x88<\x83\
\xfa\x0f\xe5\x9e\x90 k#\xac\xc7s\xfe\xf0\xdfd\x12\
\x8dG\x02\xc8\xf8r\xd5(\x9f\xe0O\xc6\xbeLm\x10\
\xe1V\x89\x01m=\xdc\x08\xc8\xdd\xe0oH\x8e\xd6\x19\
 \xfa\x8bj\x0d(.\xc9\x98l\xd2\xc5\x18\x12\x11\xc1\
WfH\xfbW>\x81\x98\x96!\x9ez\xb3^\x89h\
:bf\xa07N\xa8\x92\xa9\xb4\xadp*\x00\xd6\x01\
K\xa6\x82.\xc7%V<\x9b\xd6\x1f\x9b\x0d\xce\x01\xfe\
\xbd\xce)\x0a\xe2e@\x0a\xc4\xa2\xba(;\xdc\xb7\x8f\
\xef:d \xff\x90\xb9$\xe0\xdd\x94SI'\xb8\x92\
\xc7\xecJ\xd0\xf3\x8c\x0fzuh\xb6\xc1\xe4\xc2\x0e\x1f\
\x16;\x06\xb3'6%\x0e\xc3\xc4\xc9q\xa6X0\xab\
Q\x06;\x0f\xba\xdbX41|\xaa.\x02S\x14\x91\
\xd6,Y7{J\x9a\x93\x0a\xff\xdf'\x1d\xd3\x12\xc5\
\x08\xa7n\x9f\x9e/kz\x8c\xc3e\xa6\x87Su\x9d\
c\xa2\xd16\xcd\xc9\xe1)\x0e\xc1r\x9d\x987\xff\xc4\
\xf4\x97C<s\x87f\x0e\xc3\xd8\xcf\x964\xf5\x1f\x13\
\x1f\xc1:\xed\xf6aM&.\x05@-Z\x97\xe4\xd4\
\xc4D<\x8e\xd31\xd9\xd4 \x931\x89\x09RL\xc9\
S\xb9\xe11\xc7\xa5\xc8\x86[\xfd\x86k\xd3\xfal\x8b\
\x06\xd3\x03E\x0f\x1a\x1f\x7f#X\x96%s2\xb1\x9e\
V\xf3F\xab:&<#\xe1\x93I\xa4\x81'\xc0y\
Z!\x16\xf7\x5c\xba\xc2\x01\xb8\xea\xc3\x02\x8b\x95\x0f\xd8\
\xadb\x1c\x19X\xf1\x80|\xf2@\x9a\x96\xab\xc6\xa5\xad\
\x1c\x07\x7f\xf1\x81\x9f\xbd\xe1\xe7:c\xa4\x91\xf2\xf8(\
\xcc\x10\xcd\x9c13\x9b\xb55!\x15L\x0av)u\
\x22\xee\x87}V\xadi=\xf3\xf1\xf6n\xda\x9dF\xa1\
q\x89\xa9h\x98i\xa92\xc5\x02\xbb\xa2\xe2RL\xc9\
q\x11\xa9h@\xbd\xb8\xe7\x90Nk(\xd89!l\
\x9aW\xa8\xe3\xd0Hi\x9dG\x8a\x81\xbb\xa3.}1\
\xd3\xb1byA\xbe\xe3\x0c\xd3\xda\xd7\x14\x9bl4\x99\
\xb8P\xae\x91s\x7fW~!/\x1d\xd8\xcaJ\xcb~\
t\xe4`\xc9G\xa65\xeaz\xe0\xda\xc4\xd6Y\x8el\
j5+)\xf3\xd2\xc5\xe6\xac\xb5\x96#\x8bK\x8bV\
pK0\x9ch`\xa5\x03\x98evf\xc1\xddF\x85\
.h\xc0z\x91\xb3\xb9\xa5\x9b\xb3\xb9p\xd8\x89\x90\xd3\
D\xd4V\x12\xfcSh\xc6\xed\x89\x13\xd0\xb7\xa1\x15z\
0\xaa\xb2\x135/'j\x96}[\xcd\xebv2s\
b\x8a,\xcc\xf33\xcd\xb3\xd7Y\xf6m\xe1\x1f\xce\x85\
k8\x94S\x00l\xe3\x1aC\xb2$\xebsK\xc6l\
\x8e5H\xbc\x1ax\xd3\xc9\x83\xc3\x12+\xf1\xdb\xb5\xc6\
\xbe\x9c\xfa>\xf0f%q\xbbf\xb81\xad\x92D\x9f\
\xc8\xe9\xbcU\xc4\x07\xfb$\xd8\xa4\xdc\xc3\x11\xb5`\xa3\
n\x1c\xdb\xc1\xb4\xe2\xa8\xacb\xc9\xf3\xb0\xbcJ\xbcM\
=\x9a\x9a}~\x0a\xffpSl\xc5.d\x5cE\xa3\
\xac\x1a\x17\xb2\x98;\x0aQ\xd0\xa7\xf3\xce\xbfoW\xc1\
\xac\xda\xb3f\xd5\xddeV\xc1S\x93X\x8eM\x815\
\x01\xb6\x1f\xdb9\xcf\xb9=g\xceg\xfe\xdf\xce\x99(\
\xf0\xb8\xcb\xe5\xf7\x1d\xf0\xf7\x11}b\xe4\x19b\x97\xbf\
t\x84\xbfts\xfaM'lk\xf3B.\xad;\xb3\
x\x92\xfe\xff\x83'\x0a\x7f\xc7\xb1\x9b\xed\xb7\x1d\xd2\x15\
~\x93\xc1#\xdb~\xee\x98\xde\x8d\xf9G\xa7t\x85\xcd\
\x05\xda\xfe\xd6\x99\xc3U\x19\x07\xebV\xd1\x7f\x0c\xe5\xca\
\x0c\xfb\x99s\x1c\x87\xaf\xd5\x1b&\xeb\xf8Si\xfb9\
G>\x0a\xba1o\xa6\xa3\xaaa\x7f\x85Y\x8e&\xd8\
\xed\x7fMq\xc8\x18\x82,\xb5\x93\xdb\xc8pT\xcf]\
\xaf\xd4\x93\xb0\x8e\x18@\x96\xcb\x82^\x19\x8e\x07WY\
\x9e\xcaJ\x0a\xd5\xd4c.\x8cu\xda\xe2\x19\x18\x17\x13\
k\xe2\xd6\xa1\x8c\xf1\x98\xd4\xd0\x1a7q\xc0\x10\xe2W\
\x96wm\xa67\xeaX\xd8\xc7\x8a\x5c\xc1WZ\x93\xf2\
\x10\xdbM5\x988\xceR\x11\xd3\x123\x1aNys\
9\x90\xe2O\x87c\xeb)Q\x17\x9cZW\xb5\xb7\xb6\
\x1f\xe7qb7\x06q\x07\x0e\x9f\xfd\xce\xa9\xdc\xa3\x0e\
t\x8d6&\x1bb\x92iHo\xcf\xda\xf0\x01lU\
\xc2\xb2\x189\x96\xc69\x85\xe55\x81\x02\x8b\x8f\xf6\xb5\
\xf2\xf6\x8e\x91\x1b\x06;\xf5\xae\x0e\xbd\x99}\xaf$\x8a\
\xd7\x8c}\x89\xb1#v4L\xc9\xfb\xd1q\x84\xcd\x84\
\xd8:c4}\x08`\xa8\x94\x88(\x22h\x85\xe3\xc4\
L\xe4\x97d\xe0\x1c\xb4\xa8\xb0\x09\x0a8\x9eD:\xb8\
\x8bMi\x85\xd0\x0d\xab\xe0\x94\xd1\x1d;\x82\x94\xd8$\
\xc3@L\xf0\x1f\xa3\xc3a\xd1$P*\x0c&\x93\x91\
#c\xfc\xbd\x89n\xc9\xc3\xa5Q\x98\x12a\xa5\xae=\
\x9c(\xe9L\xa0*\x06\x1d\x06\xdd\x5c\xfd\x93!Y\x14\
Q\x07\xec\xa2;\x07\xd2r\xf9\xbf\xac\x9d)y\xa9`\
\xed\xcd\xb0c\x0c1\xecO\x9bW\x99\x9e\xd8I6\xa4\
I\xe2\xd9m\x02\xc4\x1d)&\xae\xcap\xaaVp\x04\
\xbdBO\xd2=\x5c\xac\x8f\xbb\x9dVR8\x9du\xe4\
?bw\xc7\xec\x83+\x11V\xde\xa1\x16\x92\xa1\x13\x18\
l*<\xe7\x0dum\x84*Oc\xd8\xc8U\x92\xc6\
\x10\xe1Q\x99\x03>\xf8\xe1\x01\x18g\xda9]\x02\xde\
Uv*\xe3\x97jJJ5U\x9a[Eo\xc7\x1a\
\x06}\x0bg*`\xa1\xd5\x8e\xfc\x86?c\x028\xf2\
\xb1\x92,\x9a\x8d\xa6\xc3\xa9\xb5\x9b\xb55\x08\xd5\xa4T\
\x08\xd1\xb96\x83w\xdf\xd4\xfe\x95m\x97(\xfb\x94\xde\
\x91\x9c\x16\xfb\x87\xa7p\x8f\xda\x9a\x8c}\x19yE\xbf\
\x0d[b\x84\xc0\x03%t\xab\x1c\x0boH\xd3\x80 \
'bb\x9c\xc9)\x8bB\x97=xr\xcbM\x01D\
\x22\xedJ@\xa4\x96\xa6Y\x09\x8aDh\xe2\xb07\xe8\
\xfb9\xfb\xc3\xa0\x17\xf6R\x01 p\xf4x|\xf3\x8c\
\x0fy\x17\x0a\xbeq\xe81*\x8b1y\x22\xd6\x97q\
\x02b[\xeb\x8f\x9c]\xb9\xb3hTrr\xa5B \
\x85\x87\x8fN'\x95\xee\x0e\xe8\xc2\x9c3\xf2\x9f\xbd\xd2\
\x9d\xa3_\x1b\xf6;\x1f\xdd\xb2:\xa7&Eai\x07\
\x7fw\x91S\xa1\xa1\xd2\xbf\xe2\x82B\x0fl\xf9\x1f\x16\
l\xafr\xaax\xc12$\xe5t\x22\x5c\x85\xdd\x91\xf7\
tX7\xf6%\xae\x92\xff|\xd6i\x11:6-f\
\xf1Q\x95\x9e\xcc\xaa\x0anGJ\xb1\xde\xc3\x19\xd6\xf9\
\xc7%F\xc6\xb6\xc5j\x8f\x0a`]\xff\xac\xef\xc1z\
\x18`J\xf6\x83\x93\xe0l\xe6\xe0\xa4\x5c\xe5\xb7x\xf4\
\x1c:_\xd0\x15@\xb4\x17|v\x22]\xe8O/:\
\x87\xd0\x0d\x001\xfd\x1f\xfbx\xde\xfe\x09\x86\xf0\x14\x83\
\x0eF\x02w;\xc4\x9fN\xe5c\x0e\xa9\xb5\xce\xe0\x15\
\xe3\xa5\xf3\xe9\xda\xce\xcb\xa7S\x17/\x1f/\x1f\xefn\
\x1d\xe1\xff\x5c\xa7\xd3\xe9?L'\x14\x06\xee\x06\x13\x18\
\xcb3\x81\x16\x1f\x99@h\xb7n>cyGvc\
F\xb6Y.\x16\x5c\xab\xebD3\xdc\x8e}\x10Or\
,\x7f\x1f\x86\x0c\xe2\x17\xf6\x22\xfe\x0fx\xd9\xd9eX\
\x06\xfd\xe0\x92\xa2\xa2\xc0\xff\xa5\xfcW\x96zg}\x1f\
\xe2\x19\xd07\xcb'm\xde\x5ca\x88: \xc66?\
\xf0\xc3.b\x88g\x14\xac\x85\xf7\xe4\x9d\x81\xdd\x22\xd2\
\x9ft\xa6\xc7Zc\x15\x9e\x90`\x9c\x0cr\x9a\x1c\x9e\
\x18\xc3\xe5\xcc`\x863\x98@\xfd\xbf$m]\x9d\xe6\
g\xcb\xa1\xfe\x9f\x88]kf\x0ea\xe7W\xc9\xa2\xdb\
\xd2s\xd0\x05z\xc3g'z\xc4\xf6\xf0_\x9d~\xe8\
\x8a\xe5i\xf3\x0cSBCX\xc2F'qS\x01\x9b\
D`1[\x22\x832#\x0c\xa6\xc9\x00.u>\xf4\
4:u\xec\xd8\x9e3^3\xc7x!\x9e\x15\x8f\xc7\
2\x07\xec\x91\xfe\xc3\x00\x22\xa7S}\xa9?\xffY\xbe\
\x07\xb6\xfa\xc8am-k\xdf\x8f\x1e\xd0VGbc\
_F\xb44\x1c-Wa)JziN[G\xcc\
c#cJNM\x8cDs\xd6]g\x88\x8a\xa3\x0b\
\xa0\x98,!\xc6\x02Q\x5c\x83\x0d@\x0a\x09Wb\xb0\
\xabYI\xb3\x91\x147\xccS8\xc2\xbc\xb1\x16N\x98\
\xe7A\xd30\xa6\xa68\x85z\xc3\x0c\xd1\xdcHO\xe4\
TH\xa3\xf0\xb7W\xcep<,6D\x97\x88^\xa2\
\x12\x0e{8H0n\xa3b\x1e\xbb#\xc9JHU\
w\x90\xaa\x98\x88H\xafd\xd5M\x8b\xfcS\x13\x12\xb8\
W\x0f\xa0\x89S\xb0/\xc7f\xbc\xd1>  l]\
)\x02J\xc5[+\x95\x17\xcc\xf1\xd3`\xa3e\xa4\xf2\
\x91z9\x91^\xe1\x7f\x88\xbd\xb4\x14\x0e\x96R`\x93\
@\xef\xf8\xa8\x05#\xd8\x8bK\x89\xd5\x0d6$\xf3.\
\x0e\xdaW\xbe\xb8\x94\xd8J\x16'K\x8d\xcf~\x1a\xd0\
2\xc0q\xc4 \x0dH\x0d\xc7\xb2;\xce\xe4QV\x1c\
\x93\x0f\x04\xbc\xc4\x95=\x9f\xf4k\x0e\x18\x88M\xa6r\
a`D\xd8.\xe7\xf2\xaa@C\xa41\xcd\x90\xcc\x1d\
\x11\xef :\xe6\x15h\x88\x06\xc7\xc2\xe1X\xcb\x88k\
\xe9#0\x98\xc1\xa4\x8a^\x8d\x85\x07i\xf3\xf0\x80\xbf\
\x12A\xf4\x01Z\xa9\xf4\xdd-\x08>\x8d\x18|1\xe5\
\xc8\xf4\xb9@jbJx4\xe3?+1'X1\
\x88\xd1<o-5\xc4\x11\x18\xc9\xff\xf7\xeai\xba~\
\xd1\x09i+\x03\x0d\x13\x8d&\x8c\x08\xb9\x80\xdb\x8d\xae\
\x1c\xed\x93;\x05{aY4{\xe0\x89\xc0K\xe7{\
,\xd6\x91\xe9\xcah\x0ev\xcf\xbb\x1c\x9c\xce\x8a\x84$\
\x81\x06\xbe\x83\xfbvc_2\x0dy\xaf\xb7\xb4!\xbd\
\xb8W\x5c\x1c\x00\x85!\xc9r\xcdmzU\x98\x05\xae\
\x8a\xe2\x11\xb4\xd1o\x0183\xd7;:M!\xe47\
a\x0d\x09\xae\xce\x98\x1c\x17\x83\x97\x01?zKG\x81\
a\xbb\xcb]\xc8\xeaL\xf2@\xa7\x073\xda\xb7\xa2L\
\x8f[\xe0\xf0\xb0\x0c\xcc\xbf\xf9+]\xe2\xbe\xda\x81\x06\
Sjr\xa2\xad\xca<\x11sp\xfc\xfb\xea\x86\x97p\
\xd0\xb8sh\xd4s\xa6\x91d3\xf0\x15\xc4\x92\xb9\xf3\
\x826\xb27\x09\xf4\x85[PL\x02\x89\x11\xfecb\
i)O\xd5\xa2\x0c\xed\x19\x1e~\xb2T\x8b9\xd6\xe4\
\x08G\x90%tT\xd2\x09G\xbb\xa0p\x90\xad\xbe\xdc\
\x8c&\xd3\x8ee\x0d\x15\xd6\x96<)\x03\x0f\xbf\xfb\xa1\
\xa3>\xe2\xd5k\xd0\xdd?\xe6\xd2k\x8d\x91\xa2\x13\x0f\
\xd6\xa0\xac\xc4\xb4F\xba.w\x03\x9a\xd0t\x90\xbf\xe8\
\xcc\xb1\x5c\x07\xb7\xea#\x97\x03\x14\x0c!\xa7\xd4\xa4\x86\
!d\xd4\xf5\xe7\xcdf\x82\x1d\xc6N\x95\x9d\xd5 \x81\
\x8a\xcd\xb0\x02]\xbfK\x8e\xac\x8a\xa3t\x5c7\x927\
5\xa6\xa2S\x89 WN\x96\xa3:\xab\x1f\xa3\x1c<\
&\x84\x1e0\xa0\x9f\xdf\xa3\xf1\x8e\xf4^5V\xc7\x89\
\x06S8\x84u\xe1\x9c\xdd\xc3\xba\xe0\x8f\xec^M\xa6\
J\xf8\xa3\xfbW\x17i17r*\xbb\x93`\xa3\x16\
\x97\x18\x87\xae\xac\x92\xea]\xa4\x87\xc9&'tY\xc3\
\xda\xdfHg\x99*\xaa\x1b\x95`u*K\x80\xe5A\
tY*\x8f\x13w\xc3\xbc5\xde4\x08h\x17:\xca\
\xc9\xea\xd7\x0b\xa2-\xae\xcez\xf1@G\xcb\x8c\xbd\xc0\
\x9b\x97\xce\xa2\xd9\xe8\xbf\x19[\xc7\xda@\x86\x0e\xc2\x19\
\xfa*\x0b\x1fPh\x82\xdd+\xcbT:M\xad\x91\x95\
$+Ii5\x81\x15\xce\xafz\xd6\xf7\xb6\x0c}\xb0\
\x06\x8b~\x9d\xe6\xd8\xc0J0\xdc\xe6]`\x9a\x11\xcc\
%>\xde+{\x9eH\x0b\xb5\x14\xa9xS\xe8\x9f#\
\xdcm\xfbU\xae\x0a\xf1\x8c\x8f\xc2]c\x85w\xbd\xed\
#\xd0J\x8bT[3n\xba5\x16\xdd\xa78\xed*\
\x8cn\xddXps\xbaX\x80J\x9c}\xab\xc5\xac'\
\xc43\xfdN\x05kjc\x1b1QgL\xc4:\x7f\
\xdb\xda\x22\x0cx\xb6\xc0\xac\x8f.\xd1\xe7[a\x13\x0c\
d\x91r\xbcH\xdf\x06G\x8a\x8fb\xc6\xc1\xd3b\xdb\
e\x07\xce\xea\x98\x22\x04\xab\x83f\xe2T\xdb\xa0\xe1\xc9\
\xf4\xb2\x98\xfc\xd6\xc7.@\xb8\x91 \x12\x0b\xdb\x9f\x00\
\xff\xd1\x05\xa7\xeb\x8b\x1du\x7fA\xb1\x06\xc0\xc6\xe6\xbc\
\xd3\xc5'\xb7q\xeb\x9b\xec\xdd\xbc\xa9\x19\xef\xd3'\xe1\
\x0d`o\x8a\x89\xffr\x86\xa4\xcd\x08\xce\x9e\xd00\xea\
\xd7\x91\xb1c\xcd\x01\x8e7\x01:\xd2$\x9fd\xcc.\
9t\xb2\xe4\xe4F\xe6~0\xfeH\xd7\xad\x96\x9e\xde\
k\xce\xc9\xc3\xa7\x0avn\xb6,\xdeh^\xbd\xd3|\
t\xbby\xfeQ\x8e\xba\xae2N\xed\x86\x92\x1a\xe2\xce\
\xba\xa0Z5(\xd68\xd9v\xe8\x84\x87h<\x15m\
\xd8\x11\x1d\x98\xc1\x9c\x95\xedH\xc62\x1dS\x13u\x09\
\xc6\x18\xee\xb1\x09\x9e\xbc:\xfc\x22\x9ehr\x9aL\xec\
\x1b\xbd\xc5\xe1c\x83&\x82\xef\xe4\xa8\x9d\x07\xde\x0e\xf8\
\x88\xfds\x0f2\xc1\xb4?j\xfe\xdc\xf1\xf6j|T\
\xde\xf0Y\x89+\x16\x8f\xfe\x9e\x93\x1e\xed\xc0\x90Ib\
%8#\x8d\x09(5\x98rt\x94\xb0\xd079c\
R\x93y\x8f5\xea\xa3\xb3\xc79\xf3\x9b\x0a\x96\xed\xc7\
\xc1P\xb8'\xd2&\x02G\xe5\xb8y,\xabp\xca\x81\
*\xe9\x02(\xfe\xb4\xa7\x87\xadu\xa5~\xde\xd1\xbfb\
F\xb9!%\xc4\xd9\x1c\x165c\x0a\xb00\xb9\x83/\
\x02\x18*`\x16/\x02B\xa2\x8e\x18\x04\x09%\xf1@\
\xa0\xd6\xb6\xa6\x15\x99\xdaqi\xb626\x96\xf7hm\
#\xc7\xe2&\x9d\x0d\xb1\xd6\xa9\xe1_\x98\xea5\xbe(\
\x11\xf5\x90%\x87SS\x00\xb8st\x00\x1bE\xca\x97\
\xa7:'T\x99\xc6:{qT\x0a\xcf5\xa4\x09\xb5\
9\xd5\xa0\x8a\xe0\xf0\xe4\x18\x83\x89\xaf \x94\xbe\xb5E\
\xa3\xd8\x05x\xfc\xcd$\x821~c\x99\xea\xb6\xc1\x0e\
\xb3\x95L\xc3Z\x80:`Emg\xe1\x0et\x8e\x85\
\xd3\x5c\xd3\x5c\x15\xf31\x8b\x9eL9\x85Q6\x13\xbc\
9\xb2X4m\xe3\xe4D\xeb\xd1h\x9c\xb5\x0e<5\
!\x8a\xae\xed\x8a\xc0\x91\xb16\x90{Vl-n\xb3\
\xd6\x939\x846\x98)]\xc3\xaa0\x0e,b\xfa8\
WB[\xdb\x0f\xe1\xaf\xac\xab\xf5\xd1\x1a:\xb7\xe0\x8f\
\xd4\xca\xc9\x16\xbd\x8d\x9a\xe2\xb4\x91\xaa`cj\x85/\
\x1d(\x96^Z\xf2\xc8$t\xea\xe0\x16\x9c\x1c\x1e\x19\
\x1f\x81\xd5\xe0\x15<\x8f\x80%)\x0e\x03\x88\x15\x1e\xae\
M|\xc9\x08\x90\x0b_\xe6I\x89\xdc\xc6\xe9w\xc2\xb2\
\xb1.\xd2\xf6VMy\x9dI\x0d\xd3\xef\xe0\xdfF\xc5\
\x87>c'I\x83.2\x0e\x83%\x12\x9f\x8c\x08\xf2\
\xb5>?Qzv\x83e\xe9vs\xeeR\xf6[A\
\xcfO\xad\xb5\xac\xdcTr\xe2\xac\xf5\x89\x8a\xcd{\xcc\
\x0bV\xeb\xecW \xcc9Y\x8c3\xe1yM\x88\xce\
\xde\xd9\xea\xb7\x1dFwD\x22]\x9a\x00.\x93\x0e\xbd\
+\xc0y\x1e\xd8\x99\xff\xe8\xd3\x81_\x1d\xa4\xe8\xdc@\
\x85v\x09i%\x16\xf8\xaf\xe6\x5cio\xe0\xa0\x00\xf3\
\xc0\xe3\xd8\x8f\x5cmGJ(\xfcN\xa2_\x9dE\x05\
\xd3[4\x09\xdeI`j\x06\x0d\xa4S\xb8\xdc\xc8\xd1\
\x9d>\xdc\xb2_i\xa98V\xb6\x13C\xbc\xe2\x94H\
\xac\xefB\x8c\x09,*L.Ve\x13\x1a\xdd\xcb\x89\
\x94\xce\x95\x14sS\xa8bb\xee#\x0a\xfd\x86W\xe2\
E4#\x12\xe3*9>\xae\x8e~\x16\xb6;\x99\x09\
\x8e\x89\xce\x89K\xda\x11\x00Y\x93\x8dX\xf2\x11\x19i\
H\xe1\xde\x15\xe1\xeb].#)\x84\x9d\xa0\xad\xeeB\
E\xe7\x99\x92\xcaM\xcd&\x0ff\xdd\xa9\x94\x8e4$\
\xa7\xf0\xbd\x1b\x80a\xa0CQG\xf2\x88\x8bhq4\
\xabjZ\x1a\x12\x9e\xcc\x17\xbd\x8bB\x9f\x05\x18\x1c\xd9\
\xb8\x90\xe48\xee\xf9\xb3\xbbs\x08\x1d\xfal\xe4\x03\xa7\
\xb8\xd7\x93\xee\xc5\x89\xa0#\xac\x8f\x888\xe0*\xf7\x9d\
\xa3O\x19\xfb\x80\x02\x00\xec\xf3$-\x89\x17\x99\x06\xde\
3\x89\xb4p\x80\xbdOA\xe3-\x05\x0b\x8bO~\xae\
\xf3l\xe95-.\xa9\x05\xb7\xfc\xaa\xd7\xe8\xe6N7\
\xebz:6\xfeS<9\x1c\x92\xc8\xdc\xa9\xeb\xc9\xe9\
:\xd3\xcb\xe5\x09 \xc7\xedp-\xdd\xd5/\xd5\xc4\xf4\
m\xc3\x11\x1a\x1c\xd6\xe9.^O\xd6v\xbb\xd1\xbd\x01\
\xaf3\xb7\xf0zr\x9f,\xc0\xa1\x9d\xba\xb7au\xaf\
Bw\x87\xd0\xc5\xda\xbfM\x0bn}+\xebA\x19\x0c\
 >\x02\xa4j3o\xc7X\x8b\xe6+;\x89U\x8c\
\x92\x84=\x9b\x14\xe3T\x8b\x5c5*ubR\xac!\
\x1c\xa0X\xb2aR*\xdf\x1d\x14\xbenj[\xb70\
\xec\xf6\x91\xfb\xc8\xfcWq\xf0\x8a\x18\xa2\xf8\x15\xf7\x96\
\xa7\xb2\x8e\xaeT\xf6\xcba\x80\xe59\xde2\xef\xc2\x84\
\xc6N\x13\x91W8m\x91S\x82C\x19\x97H\xa3C\
\xde\xe7:\x02%\xf9\xb5\x1c:51.1\xd5\xc4c\
\x8a>R>-\x99H\x17\x02\xf3>\x7f\xe4\x5c\x9f\x92\
TA}\x0a\xfd6\x0ep\xc4)\xa5\xa3I\x8a5&\
\x1a\xc2\x80\x19a|\xc9\x1c\x19&\x9f\x9c\x0a\x9e\xe4)\
\xe1i\x06\xde\xb6\x82\xa9\x8e\x0c\xbd4\x05\xaf\xb1Gq\
\xf3y1\xc2\xacI\xce\x85|)\x86\xe4\xb8\xf0\x84\xc4\
\xd4\x89<\xbbQ\xf0M\xb4\xef\x0aGt(\xb5^\x0c\
\xfc\x88\xd5\x9a\xcco\xb5\x9a\x80\x8cG\x80\xce\x84\xd3/\
S\xa5\xd3\x97\xde8\xef]9\xbc\xfe\xf4\x88d\xc0\xd5\
\xe9:\xe7\x17\xaf\x5c\x89\x0et}\xdbm\xf6;$\x83\
\xb9\x00\xe6iB\xfa\x8d:\x03\x8d\xec\xf1\xe11\x033\
\xf4\xecwc_\xe6NI:\x81\x91;\xe2f\xfb\xb0\
\xbdX\xaf\x0bZ\x01\xcc\xba\x9d\x00f\xf0\x05\xc3\xe9\xb6\
\xbc;\xfdW\xf3\xd1\x83e\x19\x8b\x8a\x8f\x9d\xb0,_\
R|z]\xc9\xdaB\xcb&\xde\xe9E\xc1\xa0)0\
x2m\x22\xf1\xed3\x94\xb3t\xa2\xb0>\x22\xe8A\
\xb7\x89\x836\xf8p\x1c\xf3vb\x18\xb46\xc0\xcf)\
L[\xfb\xf4ZM\x8f20\xf9\x11\x10\xf4t\x05\xeb\
A\xc15\xd3mG\x99a\xe0{S\xe0\xaf\x5c\xcb\xc3\
\xcc\x05_^\x8b\x84\xcf0\x9a\xeb\xe9\xe52|*a\
\xac\xd9oL\xc1\xd2\xf8#,[Vo:\xe3\x00\xc2\
\xe2\xa2\xd2\x9f\x9f\xca,\xf9\xec$\xf0\xa1\xf8\xd4\x9a\xd2\
\xa2\xf5\xcfO-\xe2\xbe^6\x1d\xe6\x8e+@f\xa7\
c1\x16\xa6J\x9c\xf6\xb4\xf6\xf4\x84\xf0\x08CBz\
\xd9\xba\x8c\xd2\xcff\x03\xf7,\x8bw\xf1o+>$\
\x88<\xd2\xe1\xa3\x8a\x8e`fzb\xba\x8ey&\x91\
s\x8c\xe1\xfa\x16!Q\xe0\xd0V\xe6:/:\x11\xa2\
;#\x8b\xa9\x0dl/\x0e*\x98\xc9\xd0\xcc\xb4.\x1d\
\xcc\x0a/#Q\x92\xa6\xa0\xc4\x95\xabP\x92\xb8\xcfV\
\xce~\xe7(a\x9d\x8e\xae\x15x\x98\xcd\xc8Le/\
X\xf6\xff\xcf\x15\xe7:2\x83\xe8\xf0\xae\x02\xb7\xea\xdc\
q9\xc2^\xf7]r\xe0\xa4y\xc3b\x5c\x99\xf5x\
F7C\xc7\xdcf\xb0\xff\xae\x1dg\xa1z\xde\x07\xcf\
f\xf0={Ft\xb6s\x10\xfa\x11H\xe7\x22x\xeb\
\xdf\x1c\xe98\xc7Kh3\x1c\x8f\xa1Y\xe1bJk\
{=:\x7f:\xce\x8bgV\x9ec_Ff\xc6+\
x\xd8\xd4\x82\xb5\xcd\xb6Q=a\x1f,K3-\xeb\
\xe7\xb2\x18\xc2\xf5\xf4\xae\xe3d\xed\x8e\xd68\x5c\xa4\x9d\
Z\xac!!\x89{\x91\x863\xc7\xb0\x8eN!\x80\xd6\
Q\xe0\x87\xe0?\xe5\xa3\xa3;\xdd\x0b\xaa\xf6\x1f.\x04\
\x01Ox8\xc5\xd97V\x15bm;U\xfb\x9eT\
P}\xd8\x85ov\xf4C\x9bN\xd4\xcb\xe5\xe5*\x84\
\xf8I'\xd2f\x06J\xe2o\xb0\xc2\xc8\x0e\xb6\xb1\xcc\
K6Y\x8a\xf2\xc1\xc0\xd8\xc6\x04\xe3\x82\xaa\xb2dE\
\xf1\xe9%`^KV\x9f1g.\x80&<\x01c\
\xe5[\xa4\xb1\x0dQZt\xd8\xb2j\xe9G\xe5\xa8\xdc\
\x839\xb2\x00.y\x93\xb6\x15\x9ez\xda\xe5\x08\x84\x07\
\x04\xc9\x5c\x98m\xc9\xcc\xd5y\xb7\xad\xf8\x06e\xc5\xe3\
\xb8\xeeF\xdb\x0aU\xb9\x19\xef\xa8\xb61\xdbV\xa4\xc2\
\x12\xe6\x88\xd2\xe1\xee\x8b\x8fe\x15\x1f\xcb(>\xb6\x9b\
[z\xa1\xf0?4!?\x96u\xaf\x1c\xdb\x9e\xda\xc4\
\xa0x\x9e\x8a\x87\xc4\xab\x0et\x04M-'\xf3\xb8\xa3\
+]G_\xcc?\xba\x87^\x19\xdf\x10\x01\xc7\x18)\
\xe6\x80\x03bsKmx\xc9\xf1\xf2\x04\xf4\xb6\xec\xdd\
\x5c\xb6pa\xd9\xda\x05\xe6\xfd\x0b,\xab\xce\x94l;\
a\x9e\xbf\xb3l\xeeN\xc6r[Vn7\x9f]\xc9\
Sw\xe2<\xd5\xc5<SUa\x90\xbep\xcb\xb8\x11\
\xcbEa\x93\xd8,X\x5cz\xfa\xb4\xf9\xf4\x0a\xf3\x81\
\x1c\xdeb\x15W\x8eas~\x8eI\x5c\x8e\xaa\xe5\x15\
\xbe\xd7\xab\xd1\xab1C\x8f\x0el\xe5\xabU\xdd\x1dI\
U\xe8\xc1\xe4\xe0\x99\xe5\x96m<T\xb6\x85\xb3\x92\x1e\
s\xa4\xb6tj\xb0*\xda\x17S\xc4\xe5\xaa\x84\xb3\xa9\
\x9e6<W^\x07\xef8G\xb8c\xf2\x93\xf9\x9d\x9e\
\x8cKs\xb9$\xfbi\xf1\xb1\xa5\x96\x8c\x1d\xa5sO\
[\xf9\x9d\x9bmY\xf9\xb99\xb7\xc8\x9c\x85\xcf\x17[\
\x0e\xe2K\x8c\xcc\x9f\xe0\xf7e+\xce>?\xb5\xb6\xe4\
\xe4r\xcb\xfa\x8d\x96\xcc\x02\xe6\xc6\x9d\xfd\xaf\xb0\xe5\xe6\
\xe3\x9f3\xbf\xe4\xd1b\xd9\xc8\xc3y\x97\x9db\x0a\xe0\
\xe3\xf6\xb2\x85K\xca\xf2W\x97\x16q^\xfc\x90\xf8+\
\xf5'\x82\xdc\xd9|\xdc\x0d35g\x17\xb8\xb6\xec`\
\xbd\x8f\x9a\x08\x1a5\x11_e\xa5\x7f\x0a\xb7\xbe@K\
#\xab\xf2:~\xf7SGc\xad;\xbaq'\xb4\xe2\
\x05\xc6G7\x1d\x0b\x1c\xc0\x1e\x86\xd3\xe9fP\xbe\xb5\
\xc5g\xd7\x97\xacXm\x9e\xffy\xf1\xc9\x02\xc6\x9f\xf3\
C\x18\x89\xbe;\xdevbO\xf3\xa4\xb9\xe8Ti&\
\x8f\xe6Y_\x01`\xaf\xff$ $\xfe\xe6\x22}\xf7\
U\x14[\x9cO\x96m>\xc2\xa5\xb9X\xff&P\xe2\
\xc7\x96\xcd\x13\x8bA*\xc1\x96\x9a\x8f\xcd\xe5mn\x98\
\xc2*\xf5\xb66\xb7\xac\xd8\x0f\x06\x87\xe3\xde\xb09^\
\xdf\xb5_\xfauM\xc5zX\xbb\x17\xe5\x17\x9fYl\
\xce\xcd,-\xdc\x8c\xec\xe4\xcb\xcc\xba\x10CO\xa1\x1f\
\xaa'i3\x1d\x87\xfd\xbc\xc4\x18\xc7P|\x1c-\x0a\
\xfc\xbbB\xb21-s\x83\xe9\x22\xc7J\xe7\x88WY\
\xcf\x00\xc1\xfd\xbcs\x94\x15\xbc\x8c\xbfl\x18\xcc\xba%\
\x02\xfc\xc9\xb3\x14-\xb1\xac\xc8\xb4lX\xc7q\x8f\xb6\
\xe6\x08\x83a\xe4\x10\x1auF\x81\xc8M\x06l\x8a3\
\xf1)W\xe1\xedZ\xcc\xf5c\x1a*\xd42'9\xe3\
R\xb4#\xa0\xed\xc5&\xcf\xe0e\xeb3C):\x1f\
\x1f\xf4\x8f\xf4\x05\x5c\xe6\x98\x8ey\x16\xd5\x5c\xb8\xa1t\
\xd1\xc1\xd2\xb9\xd9\x96\xd5\x1c\x9di\xe6\x7f>\xe9\x04J\
7\x0e\x9a\xea\x19\xd1\xc9\x7fL\xaa'V\xc5b\xe8:\
F\x1d\xfe]\xda<\xa7[W]\x8bO\xce\x07\x16[\
# f\xa8\xfc\x9d\x96\xcc\xa3\xa0\xc4\xf0\x8f\xd23\xcb\
\xcd\xf3\xb7\x9b\xb3\xe7\x9bs\x97\x98\x8b\x8e\x9bO\xe4\x97\
\xac\x99\x87\xff\xcb\xb5e\x12\xff\xf3\xcbE\x81\x9dXj\
pr>\x9a\xd3L\x8e}\xac\x1a\xb6\xc1\x7f\xb5\xfe\x03\
\x22E,\x15r\xbe\x05V|r)\xcc\xa4\xf8\xa4\xd5\
\xb6Zfo1o[\xc2?b\x93\xb0\x0dXA\x85\
\xab]\xf4\xa4 \x0a\x1fX\xa9d\xa5\xde@\xd9\xb2(\
\xc3\xae\xc6\xe6%\xc7\xc0\x82\xff\x0f\x0btw\x0c\x17\xb6\
+\xb0SV7\xc3Q'\xaf\xd5\xd0u\x00\x98w\xe6\
\xe7\xa5EY\x96\x82}\xfc\xfeJ\xa37\x07\xc4\x8e\xf1\
\xc3\xa3\x184\xde,\xf3\x7fr;x;\xf0D\x96\x9d\
\x9b\xcd\xa7r\x18c\xcc\x11U\x0c\xe5\xf4m\xc2\xbeb\
\x89\xea\xc9\x93\x102\x15\x1f\xdbg>\xcb\xd1|\x95-\
\xf2s\xba\xf6\xacb\xe2\xbc\x0a\xee;s\x92\x08\xd6\xe6\
\xfc\x86\xb0*Z\xd6\xa8\x0b\xb6q\x9c_\xc6fwd\
\xac)\xc4\x84\x1c\x0a~c2\xc4\x86\xb6\x91\x14\xa8N\
\x00\x09$\xba)\xa7X\x14N\xaf+\xcd\x98o\xc9/\
\xb2d\xcf.>\x91]r\xf2p\xc9&\xce\x94UH\
\xa1\x5c\x16\xf4<w\x0a+\xc2\xad\xca\xf4\x05\xec\x09~\
\x18\x86\xe6\x09k{Y\x93\xc4\xd6\xf3\x13<;\x19\x97\
\x86E\xed\xb8\x0c\xbd\x22m^\xd6\xd9\xach:\xf4P\
E\xe0u(\x03\x9e\xa4\xe0\xef\xf0\xf4\x84\xe5N\x83\x18\
\x1d\xd5\xd1\x87'\xcc\xb1\x09x\xc4\xf9\xb3K\x0b\x8f1\
\x8b\x07\x00\x05\x22V\xba\x7f.\xdeb\xb7\xc6&\x00\xf1\
\x0a\x18I\xb4\x9e\xa8\xd0\x7fe\xceQx\xfch\x13\x9c\
k\xd8\xae\xdc)\xb1\x03\x91\xe1z2\xfb]\x84\xfbh\
\x0fkF\xe4\xaf\xccaNu\x0a\x9d\xacVc\xdb\x12\
d\xfa\xe6\x05\x0c\xeb\xd1U\xe7\xecG\x17\xbem\x8d=\
\x05bY\xb4\xa3ts6\x93\xe7\xe0\xdc\x0d\xc4A\xd9\
G\xb8\xab\xa8\xf4\xd9\xa1k\x98\xe7\x91PPXLh\
o\x1d\x92y;\x80\x05.\xc0\x81\x95\x9c\xcc3\x17\xae\
A\x160\xec\xa0\xe5\x82\x0f,\xe0x\x05\xef\x13\xc6\xb3\
\x84\x8f\xa6Z\x92\x7f\xc4r`\x13\xe7\x94\x1c\x9b\xaf\x12\
\xe4\x96\x22\x0f\x02k\xea\xdb\x04\xfe\x9b;%m\x1e'\
\xef\xd3\x86!R\xb6\xf9s\x07\x98\xdc\x94\x83*\xb3\xf8\
\x0cp\x06\xe6UY\x9aG\x84i:\x96K>\xbb\xde\
\xbco\xd5\xc7sy*\xa6!\xc49<\xaf\xb0\xab\xb0\
\x0a\x89\x07\x90\xd2]*\x00\xa48\x82\xd3S\xa9\xd6\xe6\
e[\x90\xad<\xcd#\xa9\x11k\xf2\x9695\x075\
2\xe7o+[\xb0\x8c[=\xf7h\xbc1\xe8\xa2\xde\
\xcc\xba\xfb\xa6e\x1ee3\xe7d\x81m\x02\x11\xe6\x5c\
<\xc2+\xea\xb8\x08,J\xf3\xa6p)\xd3\x87\xd8J\
\xac\x9cx\xd1\xb2\xf8l\xa1%\xff\xb8%s\xb7y\xed\
\x99'\x19\xb3\x99\x15\x96\xec[TvrUi\xe1\xb6\
\xca8U\x95u\x8a\xef\xfat\x94\x9aA\x9d\xd6\xc7\xa3\
>^\xf7\xa0b\xda3_V\xc2I2aszK\
\x1e\xf9\xff\xe8t\x06\x80\xb56q$\x1a~n\x05\xf6\
\xc9@'\xa1\x92I\x22\xcb\xd6\xb4\xb0\x12>\x90c>\
\xbe\xa2l\xc5:\xf3\xdc\x1c\xb0;\xf4!APl\x5c\
\xb4\xa9\x15S5\xcac\x82t8\xea\xb84|#\x1b\
\xbdw\xe0\xc6\x8c\x0fi\xf3P\x9cm\x16\xd5\xc1C\xeb\
\x18hY\x0e\x95\xad\xdc\xc7(\x9a9k#(\x9a\x8b\
fq\x92\x05\xb6J\x0c\xf4]\xa8\xc6\xe5*\x04\xc6\xab\
\xa8\x95\x11s\xa4c_bL\x966\xcf\xc9\xaf\xf5\xb0\
\x0e\xc6(3\xed\xc8\x18e\x06\xbb\xc5`d\xd0\xea\xb2\
\xf5[ \x8e\xc0t\x0b\x1d\xab\xa1\x1a\xf1\xba<\x95\x9d\
\xb3N\xc2n\x1b\x82O\xd8i\xb60O\x83\xd8/\xf6\
\xf2?8\xd2\xd8\xfa\x00\x08\xebm\x10\x98\x88\xae\xd2g\
H\xe8\xe0\x88.\xa7m\x979,m\x1e35\x16\x8c\
i\xe8Ls-C\x93\xd9]~x#\xe3<]\xa2\
\xaa\xeca\x12\x99-:sm\xce0\x99S+ok\
\xbed~\xb4oy\x1d\xfd\xfb\xc0\xdb\xfa\xcbA?\xa5\
=\x99\x1c\x89\x0f\xa7L\x1f\xc2|\xdb\x89\xd3\x1b\xe9\xbd\
\xd9\x04K?\x9f\x0f\x91\x1a\xc67\x0cX8\x09\xb1\xe9\
\xca\x92\xb5y%\xeb\xb72\x0f\xa9\x80*\x9a\xcf\xcc\xb7\
\x1c\x9b_\x92\xbb\x80\xc9>\xf0N\x19U\x833eZ\
\xdc9F\x131\xa8\xc3h2\xc8\x92\xa7B(\xd5\x93\
\x01\x10.\xc0\xad\x16\xd3\xc1\x0e\x1a*\x04h2$\xe1\
\xd4Ue\xedZqsDt\xae\xcd\x19\x10\xc7#(\
\x95\x22\xe9\x86\xff;b\x0e\x18P\xf0^\xef\xb0\xe1r\
\xf3\xfc\xf9\xe0\xdc\xc0\x17q6=`\xb0-\xc7^\xae\
\x0aX\x82\xca\x80cOS\x86i\x99\x9a\xbf\x08\xf7\xdc\
\xf1\xd3\x9e;\xb9\xfd\xae\xe6\xf9\x99\xec\xcc;\x86\x12\x0b\
\x960\x1e\x9e\x99\x8f\xbd\xfa\x0f\xd1\xc7\xd9u%;\x17\
\xf3{~\x11\x82T\xd6\xfe\xd1\xc8\x94\xa7\x11\x8b\x93\xd8\
\x88\x87\x87n\xd8\x08T\xb8-\xd1\x05\xc4\xea\xd5\xac\x0e\
U\x99\x0e\xba\xb6:\xf8G\xf1\xb1%<\x9dq\x84R\
\xe7\x11\xe6r7\x15\x1b\xb9\xc8\x00\xdd\xb0\x02\x19\xc0\xe6\
\xd3\x87\xa4{\xb86\x07%(9\xb1\x83\xb7y\xbaG\
`SN\xf3\x13;\xcc\x99{8\x07u+\xee9\x9e\
\x9d\x05K\xcd\xf3\x05\x0d\x86S\xec\x15\x1d*>\xb1\x94\
\xf7;\x13\x80gz2\x90\xf5\x95\x01\x0a\xc6\xf0\xeb\xf4\
\x039\xdf\x15\xa0\xb1v\xc0Xt \x89s\x1c\x9dZ\
\xbb\x84\xc4\x0d\x8c\xe3\x1d\x84\xe3fTL\x0f~GB\
\x7fsD\xe0\xcd\xd4x\xd7\xe6\x10\xaa\x94\xe4\x9f\xe4\xf8\
nl>.-\xe8\xd6\xc4L|\x06\xdf\x09\xbc\xd4\xb1\
v\x04w\x96S`\xf9<\xd3\x9c\xb9\xd6|\xf2\x04?\
\x96qC:6\xe1\xc7o\x22a\x8b\x10M\x85\xde\xe8\
\x92\xc2\xcd`\xbe8id\xb6o\xe5,\xb7\x16\xd7\x99\
V\xb2\xf4\xec\x0b\x86\xd5\xaeK\xb7\xac\xd8oYR\xc8\
\xcb\x5cL\x1f\xf2M\x97\x09s\xf9\xa7K\xaf\x15}1\
g\xaa\xb6\xce\xb4\x8f\xadd\x92\xf3/'\x8fv\x9dd\
\xe9\xf2\xf5%\x8bV\xf3N\x12\x0d\x0cz@\xd7q\xac\
a\x1b\xed\xf4*\x7f?B\xc2\xe4\xcb\xb8\x8a\x03\x8d\x9c\
\xcb\xe3\x98\x86Lf\x86c\x19\xb3j\x85\x7f\xbe\xe6\x06\
\x8b\xea\x82\xf9<@[\xc14szAX\xc54\xe5\
\x7fCX\x16\x10\x13\xdb\xc5\xa9\x84\x07\x9b[6\x1d+\
Y\x94iY\xb7\x973\x0d,\xbf\xf1\xef\xc12\xd0\x0b\
V\xa3q\xcf8\xc5\x89>\xb0e\xa44t\x0d\xf7\xb0\
\xdb\xe9\x0b\x99\xea0\x14,\xd9\x0b!\x06\xd2U\xfe\xed\
L*\xa4i+\xe8f\xed\x08M\x81]\xb6\xfd\xbf\xbf\
\xb3\xean^x\xa2,\x7f5\x16\xf4\xd1\x99\xdc\x0aP\
\xb3\x06\xbf\xc3)\xe9\x04~\xfb\xd0\xa2\x02\xd6S95\
\xcc\x99\x0b-K\x00\xf0\x9d0g\xae,\xdd\xbc\xb3t\
\xc7\x02\xc0\xf2\x15\xf4\xc6o%\xac\xa87\xfd]\x84\xfc\
\xbd\xebb\xef\xd9\xaf\xe8\x13X,o\xa7\xd3\xba~\x83\
\xa3\x8d\xfa\xee\xabX\xaf\xd41\xb4\xcc\x99\xfb\xa7\x9bb\
\x0d\x13\x0d\xe9\x98$\xdd\xc2\x11\x94Z\x0c1o\x95\xf3\
\xd9\xb5\xb7\x9a\x87\xd0\xe3\x8cu\xd6\xd3\xeb\xc7\x19\xeby\
\xd7\x14\xe8=!~\x8c\x1f\xde\xf0u]\x13t\xb7\xec\
\xdc\x8dy\x9b\x82\xe3\xe6\xdc\xbc\x0azg\xeb+\xec]\
\xb2\xa7\xa0\xc2\xdeU\xb17r3\xc2\x9d\xb3#u\xac\
\x14\x98/w\x84\xa0\xbe\x92}\xa1\x99\x11\x1f\x854\xd2\
\xe6\xa1C\xc3r8\x84\x17\x8e4,C\xcd\xb2o\x1b\
C\x07\x11\x0c\xed\xe6,\xeb\xe7\x96\xad\xce\xe5\xcf\xdd(\
\x90,\xe2\xa3\x04G\x22K\xcb\x10\xb2\xa66\x0eq\xb1\
o`\xcd\x80wNn]\x05#\x82p\xf2;w\x15\
6\x0f\xba\x1c\x5c\x05\x0fMX\x1a\xc1t\xc9Y\x02L\
cNMx\xc7q>\xc0a:\xf1\x1f\xe0h\xb0\xb9\
\xe3\x02\x85\xebH\xec;\x12\xbcS\xe4QZ\xa6c%\
J\xab\xc0\x8e\x5c\xf6a\xb7\x0a\xd9'BO\xca2\x92\
\xb4\xdb\xe4.\x06\x1a\xc5G\xa1\xcbtr\xba5\x98\xe6\
\xb8\xc9\xb4\xc7\xac u\xc0q\xd6\xaa\xca\xbc\xb3\xcb7\
\xb3\x9837\x95\xad\xe6\xdcX\xf1\xb0\xdd}\xb5\xa5\xd6\
\xc6\xbe4t*\xf8\xc6\xf9\x08\x90\xe9\xca\xce\xa72\x89\
3\x0c1\xf3?\xa7\x8f\x9bx\x8f\x00\x9d.\x1cK\xf8\
\xbfa\xb3\x096\x1a\xfb2rYAV\xb9j\x8c\x94\
\xf9\xce\x1f,G\xc6\xa8\x89\xb9\xed\xc3Jfub\x88\
\xd0\xa5\x04\xcb\xcaVmD \xbd\x7f\x01D\x836\xa0\
\xb0\x09\x0f\x0e\xe9@\x09\x0c*\x03\xb0y\xf2Y\xf5q\
P\xfa\x8b\xf1@\xf1\xc6\xa5\xe1\x17\xb32_\xd6\x8a\xd5\
\xf2\xec\x04\x95u8zS\x18\xfd\x03`\xc4|1\xab\
\xfdk[\x91\x11\xb4\xaes\xe4\xcfV\xea\xed\x94}U\
14\xf9\xd3\xb62\x04C\x81\x92U\xe3X\xcdi\xf0\
c\xce\x5cPr\xe0$\x97\xc3\xec/E\x930\xcb\xe7\
\xd2\xa4\x8b\xbb\x9d\xc4\x86n\xc8/6^\x98\xacK:\
\x1115\xefG[\xc2\xae\x5c\xa5W\xa3E\x19\xfb\x12\
K\xbd+\xc8\x83\xf4f\x92vX\x9b\xb5\xe8x\xd9\xc2\
\x1cv\xea\x0e\xb3\x13\xc7\x96X\xed\x22\xec\xdd\xa2\xe5\xe6\
S\x19\x1fI\x8e\xd4\xc7y\x84e\xe7\x0e\x0a\xf4N{\
\x0b{\x954\xae\x8b\xfe2\xbe\x5c\x8b\xe1<K$\xda\
0\xe3\xc2v\x97\xcd^\x88f{\xed1\xd8/\xf3\xa9\
9\xe6c\xc7 \xa0.9\xb9\xa3\xe4\xe4>&\xdc\xe7\
\xfb.]\x1c\x05\x1f\xc4\xc2\xe25\x5c\x97\xdf\x18\x9e\x02\
\xb5\x96\xcc\x18\xa0\x01\x96u\x8b\x98\xda4\xeb\xd4O\xaf\
\xfbH1\x9a\xf3;Z\x12&\x18\xe5\x5c\x8b\xc1F\xb1\
=\xc2\xb4xS\x02S\x07\xb6W[\xf0\xf7\xc1\x9aH\
|+a\x00]\xe4d \xc9,e\xa0\x89Y6\x9d\
2\x9f\xca\xb1\xac\xdcdY\x91\xc9d\x0d\xacFj\xdd\
\x22\xf8\x8d5\xfa\x05e\xc8^\xa4\x1b\x90\xc8sA\xd7\
\x1d\x07)\xaf\x93:z\xda4[\x15\x80\xf3Y\x0aC\
\x02\x8f\x9aW\xac.\xd9u\x82]\x01\xc0\xaf\xf8\xdeA\
)\xd1\xbeYg\x0d\xa6\x80\x18\xc3B\xfa\x8d\xce:\xe3\
\xde-Nb\xce\xe0\xe0\x7f\x93\x88\x89\xc9t\x19\x1e\xc7\
\xc8CCX\xdfx\xe5k^r\xc8\xb2\xf2\xf3\xd2\xfd\
s-+\x0e[\xf6m\x05\x9f`\xde\xb6\xc3\xbc?\x07\
/8,\xddY\xba$W\xe7\xe3\xa3K21e]\
\xb8\x19\xfbV\x9as\x8e2\x19T\xfah\x9f\x8b7l\
\x93\x99>$\xf4W\x5c\x98aah\x88\xd3\xf5\xb5&\
\xecA1\xe3Rx\x9aY\x17\x8e\x0e\xf4\xe9\x09p\xf7\
u\x8a\x93\xea\xd1'X\x9c\xa0\x01\x1bU\x90H\xa1;\
|<\x91\xa2\xb2\x1d\xa7\xb9\x04\xd2Lw\xfe@\x1aG\
uI\xa6\xd0\xcd\xf9\x93)\xa2q\xbf\x8c\x18\xc8Z\xc9\
\xd29\xe6\x15\x0b\xb8w\xbc&\x07\xbd\xcc\xaa\xc5\xba\x03\
\xab2/]`\xce9XZ\xb8\xdf|\x9a\xfb\xa0p\
\xc1\xed\xa8\x8b\xa8N\xf8\x8aD\x84\xfb\xb4ii\xe9\x0b\
F \x1b\xbc)\x8c:9\x0a\xd6\xd5\x9c\x93m^x\
\xd2\x1a\xdb\xe4.)\xd9\x81\xc7! l%\xabO\x9b\
\xb7\xcdcx\x84\x09j:&\xadL\xdf:E\xca\x03\
\xe2\xf4J\xe6\xe4\x01G\x8cpg\x8fX\xae\x0az\xe5\
o\x8a\x94/\xab\xb1b\xf1\x88\xb0\xacd\xc6\x94\xb1.\
c\xea\xd93\x01\xef\xc1\x0c\x8d0\x8e34\x0aa\xce\
\xa1\xe23;@\xb5\xca\x96\x152V\xad\xb4h\xbb\xed\
`\x8d\xef\x96\xa6\xcc\xf6r\x17\x8b\x8f9\xd9\x10\x83\x94\
\x9c\xdae\xc9\xe7\xba|DX\x8br\x02\x07\xb1\x9b\xd3\
\xd8j\xc7<s\xe6j\xde\xe6N0IU\x19\x14\x93\
\xa4\xcd\xd0\xbf\xd1\x9f`\xc5T9y\x00\xc1\x8aOp\
\x80\x8b[\xda\x8c\x5c*\xb8\x0a\x96\x1f\x05\xde\x8c\x18\x1a\
\xf8\x98%\xc89ye\xb01\xb9yL5\x929k\
\xa7e\xd1bs\xd6\xd9\x8aH(+%\xb1\xf8?\x90\
\x08zU\x09\x09\xd8\x91\xff@b\xac\xa52\x12G?\
\xab\x8c\x84\x0cI\x8c{\x12\xb5\x8f\xcdd\xba\xeb\xf1\xb3\
\x96e\xfb\xb8W\x04\xa19\xe7jaU\xa6\x0bJN\
~!\x7f\xe0\xed\xc1\xeeh\xafu\xc5\xbaZ\xd6E\x05\
.\x19,t\x8d2\xa4\xf3\xce\x1a/\xa5\xb8\xce\x1a\x8c\
\x1cO\xb8M\xcf\x9a\xc3#\xdb\xac?\xc6\x1d\xbc\xe7\xe6\
:\x0es]\x8ds\xa0\x80\xcd\xd1\xdb\xd1\xc7\x09.\xe1\
\xba\x13\x93\xeb3d\x18\xdf\x86G\x09\xb6\x88\x9d\x9f\xed\
\x22\xd4z\x96U\xa3\xb5\x97c\xa6\xb0\x11\xa6\xedi\xf6\
\x1a\xc11\x19\xe8Zy[\xa5\x92\xb5Z\x9b\x15\xda\xd1\
d\x98l\xbdn\xba\xfd\xfe8Vksu\x11h;\
%bU\xd6\x8c\x1ao:\xb6%\xdbJ!(a<\
d\xa5\x90\xab+\xd7&1@\xc5~\x1a\xf4_\xc1\x16\
=zL\xeb\xf8\x86Ab\xcc\xe0\xc4\x98\xb3\x22\x10\xf4\
\xc5\x08Yw\x9d]\x13\x17>\xd6\xd1\xd7\xed\xb5\xec\xdd\
\x0c\x18\x81I\xf3X6n/-\xda\xc2\x00>\x18\x8b\
)\x97\xa8\xe8$\x10G\xc5\xaf\x92reQ\xe9\xd2\xa3\
\xf0\x0f\x8eB\x04=\xc5\xe3 \x8c\x1dqr\x08V\xf0\
\xe0\xc3\xe9\xfbk\x9b\x9bsv3GAL8\xc9L\
\x84\x81,\xcc\x89H\xc9\xee\x95<\xdf\x06%\x09z\xee\
T\xf6\x01\xa6\xb0\x88\xbf\xd4\xa3n\xd0\xf3\x10\xce\xe16\
\x0fb\x84\xfe\xeb*<\xda\xae\xcc\x83y\x06=\x1f\xed\
\x91;\xc5[`;g\xb3\xed;\x82_<Y\x0f\xda\
\x88C\xb3 pW\x1cl\xdb\x1a\xa0\x0b\x08\xd7\xe5\xc4\
\xcdZSB\xa3`k%\xc0\xd2\x8d\xcc\x84x\xe00\
\xb0\xc1\xe9\xe0\x02\xd9\xc0\x7f\x10\xa1\xc0\xb2J\x97\xd4\xa0\
\x8a\xa9\xac\xe4O\x10\xca\xb0C\xe8\xa8\x80v\x9c\xe6\xfb\
V\x99\xe7\xec\xe4\xea\xef+v\xfd(c\xd6+\xb8_\
L\xda\xb0\xae\xa2)\x99Z\xb5\xe7\xa7\xd6\xb4\xe1\x5cC\
s\xb7_.6\xd1\xb7\x0f\xb1\xe6\x97}\xb5\xb8\x8a\xbd\
\xeft\xfa\x0b9\xb8w\x8b\xdd\xb1\xba\x13\x1fK\xa8@\
)\xaa1%\x9b\x0c\xfb+\x10{\xef\x10O,;\x0b\
]\x13\xd3\xc0\x16!\x02Fl\x1c\xb9\x9d\xcf\x06:\xc5\
\x8em\x00\xc7\xe3-\x98\xc25\x96u\x1b\xed\xa10S\
\xda\xc26\x89\xfc\xc1e\x7f\x1c5\xfbBb.~]\
\x0bf$\xf5m\xbc\x05\x18f\x87e\x07=\xc7\x99 \
$\x8a\x8f\xc2\x10\x94Q\xfe\xbc\xcb\xa9\x9ex\x1cKg\
\xea\xe7\xe1\xb14K\xe8\x22\x99\xb9\x94\x1e\x99g9\x91\
\x8b'\x97 \xed\x19\x19\xe6\x85'@\xac\xec\x118\x96\
\xf8,\x5c\x02\xd3d\xac\x10&8\xe8p\xd6a\x1f\xb6\
\xd15n\xb4\xcc2\xf9mX\x07s\x86\xcd\x17\xad\x05\
W\xb1\xe5*\xd8_\xe1EtN\xf9$\x1d\xf8p\xa7\
\xe2\xaf\xc2E\xa5[\xe7\xe3\xd7z\xe9\xf8sL\x82\xe0\
f\xac\xb3\xa1\xdc\xcf\xb87f\x19+\xd8\xd7Z\xc4\x8a\
\xf7ZL\xacM\xd7Z\xad\x5c_|5\x81\xe7\xad7\
\x19\xf6w\xc1\xeft\x8f\x0a\x8a\xdb\xb0\xb9ap\xc6\x87\
\xa0[\x13\x1a\xcf\x91\xe2{\x1e\x81\x92\x98\x5cV@F\
w\xb6\xd7\xf2X6\x1d\xc5\xf3\xfe\xb5g0=\x91\xb9\
\xc0\xb2\x81sH\xec\x85\x14Y^\xd6i\x19D\x17\xe1\
N_?g\xe2\xcbD\xd6\x83W\x8d\x99\x91X>\xd7\
\xbaB\x1d\x00b\xdd\x10\x88&\x139\xf7\xd2\x1a\xe1X\
t\x1d\xb4\xa6\x5ce{V$F\x88\xd6:\xc43\xb7\
v\xde%vm\x12C\xdfV\xec\xbc\x14\xc3WZs\
\xec\x87)\xd6`\x13\x0d\xda\xea\xb2\x85|\xb9\x1c\xd1\x88\
0\xa7\x13\xed\x5c\xbe\xe2n\x156\xe29\xb8\xa3\x1b\xf3\
\x1d\xdcU\xb5v\x08\xa6\xbf~\xbe-^\xbee\x95\xb7\
0\xdd\x82\xfb\xf9\xb7\x1d\xe2\xcf\xc9\xf1Y{r\x8f\xfc\
\x98^|G~2\xec\xe3r~G\xb7\xe6?\xbfs\
\xc3\xe6\x15\x84\x95L\xb7\x8f\x9f\xcf#\x09\x8eHV|\
>\x8f\xcd]BJ\xba9\x7fHI7w9\x94c\
\x9a\xf3\x1e\xca\xd1\xcd]\x8e\xc7\xe8\xe6\xfc\xc7c\xee\xd8\
\xbc\xd2\xd3\x7f\xa6\xf3\xffPNj\xa3\x986\x8fI\xfb\
\xd2\xfa\xd0\x9f\x85\xfbX\x14\x11J\xd9\xb2\xc0\xba!\xfd\
9.\x14\x8b\xbb\x96\x17\xb0\x5c(]\xd8U\x96\xcf\xad\
\x8f\x0cq\x0f\x8bHl\x17s\xdd\xe9\xd0\xac*(\xb2\
\xf9\xf4\x16\xcb\xb1\x83\x96\x8d\xcb\xf9\x8f\xce\x14\x98\xa4d\
\x12\x96,\x1b\xc4\x9c7\xd8\xb2\x92\xdc\xef*f?\x0b\
$a\xac\x05\x07\x06b\xa3\x10\xcf\xc8\xcd\x05\xdf\xa0\x7f\
\x08\xcbNm\x94\xda\xa0\xbc\x0e\x02\x91\x98\x06+\x96\x07\
=\xc7\xcb\xf4\xa8\xcf\xec\x87\xa5\xac\x86g\x9dU\x8d\x99\
S,<\xce\xca\xdf\x08N\xe0\xf9\xa9\xb5V\x95^\xb7\
\xb1l\xe5a\xc4\x13\x1b\xb7\x97\xac[\xcch8_A\
e\x88']H\xd3&\xec+\x1c\x17s\x0e\xfa6h\
=l\x96\xdf\xe9\x9b);\xc1\xb8\xecJ[f,&\
)\x01\xbfa\xcc\x07\xdb\x19\x94\x16}f\x99;\xff?\
\x0d\x8a\x8b\xb5\x0d\xea\xb4E\x1f\x1b\x94Y ;]\xce\
\xbb\x8d\xd5C<\xf1\x80W\xaf\xc0\xd5-z\x1b\xb9\xc3\
\xa96\xaf>zD\xfa\x94\x17\x03kz\x1d\xa5;>\
\xb3\xe4\x1d\xe3\xaf\xc7\xf3\x08\xf1\xc4\xc3t}\xf7E\x05\
\xd3V\xa2#\xc7\xe2?|\x0e\x8aum\xa1\xb9=Q\
^|\xec$\x83\x83\xad~\x99.\x00\xc4\x9d\xdb\xb0\x8e\
\xe7^C\xfd\x10O\xc7\x11\x01\xc6#vW2\x82\x04\
\x12\xc7\x09`S\xa0\xefrJ`M\x8a\xd8\x1d\xc8\x88\
\xc0a\x9c\x04\x1d\x9b:R\xce\xad\x1d\x7f\xc4)Rm\
\xc2\xa5\xcbP\x04\xa7`)<\xc2\x1f\xc1\xd6\x059\x96\
\x86\xaea\x8e\x8eP\xbf\xb1H\x98\xf6~\xfd\x89\xaf\xe3\
^\x19\x92\xa6O\x80\x99\x93$\xab\x99\xa2+\x7fu@\
\x8d\x131\x86x2\xdf\xd8\xaco\x83L\xb6\xd1#\xc3\
\xe8\x93L\xdd\x18Y\xec`\xa7\x9b\x22-\x90\xfe\x91\x9c\
\xd2\x1d\x99\xe6\xd5;Q6h~\xe8\x18\x8a\xba\xb2\xcd\
\xc7!\x06\xe0\xbfL\x22\xc2\x8c4Ka\xe9\xac3\x0f\
\xef\xe8EU|\x0f\xb6\xaa\xf5*u%\xd7_e\xe0\
\x97\xab\xa3\xf8\xb3\xcc/\x82\xb9|F\xc6y\xc4\x16\x97\
\x89\x0f\xe2!\x0b\xf0u\xb4\xc0\x9aNb\xcb,\x0b\xfe\
\x1f\xf4\x81Y0\xf3\x5c\x1a\xcfw\x96\xf1=\x84\xa05\
oZ`>\xbb\xa7d\xfe\x0e0\x18ek\xf29V\
\x0a\x1f\xcc\x89\x8f4\x98\x0cS\xca\xeb\x90\xce\xa4\x1d\xf0\
]\x1b\xedK_\x89\xe9@\xda\xc3\xcf\xdeD\x87\xef\x0f\
8\x9d\x12\xd0O\xe2`Jy\xc5a\xfa~\xcd\xda\xce\
\xedt\xe6\xfd9\xf4M\xa9\x13\xba\x0e\xed\xdby\xeb\x00\
<\x95-\xdb\xc8c\x93\xdc2\x92\xa35\xccK%A\
O\x17g\xb0*Lk\x99\xb7\xee\xb7\xacZ\xca\x1c\xc6\
\xd25\xedh\x7fy\x0aJEx\xcd\x82\xb5\x9d\xf4\xbd\
\x0an\xe1\x1d4\xaa\xc0\xb1\xd3\x1d\xfeK\xe1\x1d\x90p\
\xf1\xd4\xcc\x1d\x0e~O\x8d\xcd\x9d\xde6\xb46gv\
\x8f\xf3\xa6\xd1h\x0f\x7f%\xf3\xba\x04\x00\x16\xc9\x82\xb0\
@IA~y\x1d\x90\x816\xe8\x16\x98\xa7>a\x1b\
\xf0\x9e6\xde\xfcv\x5c\xbd\xf7\x82P\xcbHbX[\
2\x08B\xd6\xe2c\xbb\x11\xf5\xe7\x17\x9a\xf7\xad\xa4\x8f\
\xd8\x16\x98s\x8e\xe26\xac\xc9\x87\x1dB\xa99f+\
\xacaJ\xb03\xf7;\xbe\xe9\xd8+\xc1\x18\xc3\xb3Y\
\xedp\x8e\xb6\x07\x80\xd9\xb3DP\x8an-X\x83\xdf\
\x85\xec\xf8\xa2Q\xd6\x9c\x862s\xb2\xba\x8a\xa3E\xe6\
3\xf3\xb8\xd3r\xf1s\xcc\xdd\x12<y\xa2\xed'\xc3\
8\x9eyu\xc2y\xe5\xb6\x9b\xa6d\xcf\x09\xbf\x07+\
\xd4\x1f\x7f\x1b\xed\x8b\xe7\x9f\xfa\xee\xf8oC\xaf\x10\xcf\
\xe9\xad\xf5d\x95\x985\xb7\x00\xeb\xdc\xce\xae-\xd9\xb9\
\x98\x87Y\x08t\xf6\x98\xf7\xe52\x0d\xe8\xbaR<\x1c\
\xc5[m\xcco\xf2\xcf\xa0-\xd8\xbb\xb7\xf8X\x06h\
(\x1f\x94v\xaa\xca\x96\xf0\xd7c\x8bBCX/_\
I`\xe3\x8aO/\xe7\x88\x15\x06\xfa3{\xe6\xb1\xab\
R\xe90\xdf\x92q\xb2l!\xb7\x86\x9e\xe7\x80\x83\x0e\
\xda\xf8e\xbcj\xa8%\xda\x17\xa4l\x18J\x14\xc8Y\
8+dQ\x9b\x0b7\xc0\xdau\xc3\x8c1\x91\xe1\x9c\
\xe0\xc4\x93\xdb\xf3#_\x10R\xcb\x89^%_\x11\xa2\
\x19\xa3f\xdf\xf3b\x9d\xed\x03\xf6\xe4\x5c\xe6\xe2,\xc9\
\xd1{\xeal\x17d^\xc7\x85B\xc9g\xb3+\x04\xea\
\xf5\xc7\xa8Q\xf9\xf1\x05\x07\x042\xb0\xb0(X\xd2D\
P\xc4\x14\x88\xf4R\x1c\xefL\x00M\xc6\x220O;\
X\x13\x16\xf8\x04M\xcaT\xeekgc4\x01\xec\xe2\
\x86\xa2S\x10\xe7\xf3|\xcf\x5c\xc0;\xa7\x93C\x15\xd3\
\xb0\x82\xea\x80\xff\xaf\xb3o\x0f\xae\xea8\xf3\x94lY\
\xba\xc8\xd7\x82(\xb6\x22K\x0c\xbe\x10\x0a0k\xec\x9b\
\xd8\xe5\xc41\x9b8\x8a\x93\xd8N|\x01I6vx\
(HH\xe2e0/\x19\xa3Q\x0c\xb2\x00!$$\
\xc0\x08,\xc0\x80\xc3\xc3\xb1\xcd\xcb\xc6<$0\xbb\x95\
\x9d\xcdN\x18Wfk'\xae\xa9\xccl\xb6\x12\xeb^\
I\xd9\xddq\x86\xf1\xa6Rq%\xda\xfe\xf5\xd7}\xce\
\xd7\xa7\xfb\x1c\xc9\xf3\xc7T\xc6\xa8\xfb\xeb\xbe}\xfa\xf1\
=~\xdf\xef3\x92/s\xddi\x97\x13\xe6\xe7\x05\x93\
I\xdbf8\x02\xb4\x7f%6\xbaN\x1b\x15\x87w\x84\
\x98\xec\xe4\xf9y@\x194\x0eum\xa8,\xf0Q\xf6\
\xb8\xbd\x9e\xef\xd5\xac\xaaL\xdb;\xbbU-\xff\xa9\x03\
\x14i\x0e\x00\xebU\x9e\xc4\xa5^\xd2D\xdcN\x86\xe2\
\xf9y\xf82\x1au@\x83\x19a\xf9\xc9H\xaf\x96\xdf\
\x84\x03\x0e<\xe1\xeep\xfdx\x12\x0b\xed\x09.\x1c\x18\
\xdf\xe5I(>\x06)\xbc/Z%1o\xeb\x80\xe9\
\xddz\x96t\x1fJm\xb3\xf7dxZx\xe9gH\
\x05/\x9a\x9fW\x7f\xcf\xb2*\x1f\xc4S\x9e4\xbcZ\
\x13 K,\xdbA\x03\xcd#&\xe7vc\x09q\xc4\
\xa8\xe7\x8b3X\xaa!\x8ez\x06\xc4\x0d\xbc\xf2\xde`\
\x8b\xe5C\xbc}~\x1e\xbc\xc8\xeb\x97\xef\xab\x86w\xb9\
<i\xf8\x92 L\xf9\x8d_\xe9\x1b:\xf4:\xf9\x96\
\xb1p\xce\x8f\x5c8\xbf\xa4~z\xc3_\xaf\xfd\x0b\xf9\
Q\x8d\x9f)\x96\xacG\x98gb.\x03;\xcfz~\
U\xf7o\x9c\xa0\xe5\x10\xcc\xbc\xed:r\xe0\xaa\x8b\xb4\
\xbb\x90i\xf4L\xa6\x87-\x07\x04@\xfa\x04%\xfa\xcc\
\x85\xba\x89C\xbeE\x15SH\xd2\xa28b\xcc\x9a\x04\
\xb9\xe9\xb3\xe7\x06\xfa\xacS\x9b;\xffk\xf3\xfe\xc8\x0b\
2\xa6\xcf\xf6\xa6\xcf\x5cr\xe44\xe7\x18\x08\xd7\x5c7\
\xaa5\x86F\xf3\xfe\xeb\xc2\x13\xecb\xa1\x9c\x8f3[\
\xd3\xbd\x96\xb7n\x9c\xce\x1bYpc\xee4\xa3\x8en\
1O\x15\x01\x9f\x83\xf6\x93;G\x0c$U\xb0\x1c\x22\
\xcb\xe55wZe\x5c\xbc\xd6\xd9\xfb\xaa\xf1\xd5u\xe7\
\xa4\x8c\xdeU\xb6\x1b!\xb4\xfb\xb9\xa0\x8ft\xe8\x0e\xf4\
\xbe2\x9c\x06\x0b\xad\xab]\xbe\xd0\xf0\x81\xba}\xef\xe3\
\xfd\x11\xf0\xfd0Js\x1eF\xa99\xc9\xb2e\xa6\x07\
FRG\x94B\x85\x97v\xd2x\x99\x9d'\x1di3\
\xc5\xf3\x9f\x92\x94\x8eD\xe5\xb4N\xfa\x09W\x18\x81\xc7\
\xcf\xa5\xcf\xed\x85!\x03\x86\xa6uK\xd7\xad\xb0\x03\x8e\
\xe3 \xa3\xba\xa8\xf6\xc1\xca\x18\x92\xf2\x19\x9dc1\xf5\
\x15\x9b3\xf3\xca\x85\xc1\xf7.\x86\xe6\xe8\x97h\x11\x1d\
/,_,\x13\xa9[\xda\xd66%\x0d[|j@\
X\xe6\xd41u\xf8{Z\x84\xad?\xd0\xb75\x04~\
\x0c\xd9\x01@\x83\x94\xe4\x064\xc8\xe6]\x1b\x18o\x8b\
j.\x0e\x8bP\xa6\xdc\xcdK^H\xdb\xcd{\x06\x0e\
[:U\xben\xbe<\x87YA\xacC\xe6\x88\xb5\xe9\
\xf2\x11\x16\xaax\x04\xdez\xd6\xe7\xe2q\xb1_\xd2\xed\
\xbd\xe4f\xb7\x8e\x1b\xe2\xde\xec\xb8\xc9@\xb7U\xd4\x8a\
\xd8\xf7\xf14%\xc6[%Z\xfej8\x0e\x9d\xd5M\
F\x84\xc7\x8di\xac3\xc5\x19\xe3\xb9\x90\x80\xf3z\xc5\
\x0f\x0fA=\x95:\xabO|\x03s@\xa5\xc3\xd8\xa1\
\xa9\x057\x0c\xbdj\x0c\x0e\xb0S\x97\x12-\xe7|{\
\xe5\xb0\xd9r\xcb\x96L\x9fe\xcaNYp\x03\xb1\x8d\
\xcd\xbf+\xffe\xcd?\xa1|}\xc5\xc7\xcb\x96W~\
n\xe5_\xca\x7f\x09\xe7\x0f\xaaW\x19\xaf\xdeCR\x92\
D\xe1o{\x13.\xf8\x8e\xd7\xa9\xe65\xae\xf37\xde\
D\xdc\xa1\xaf\x07\xff.=@\x88\x82\x08c\xd3\xf9&\
\x16S\xf1\xd2\x08\xc5\xb3\x10cI\x9c^\xa8\xca\x99\x08\
\x13\xa2\xbf\x85_4\xc4\x16\xe6/\xb6\x15\x9f\x1aI\xec\
p\x1cQ!\xb8\x1f\xe1\x8bcD\xcd\x0fD\x0d\x83\xd4\
j\x8aMJ\x07%9\xe2\x1c\x15-\x1e\xa1\xe1\xc3\xf7\
_\xd7\x86\xd4\x8cQ\xef?\x0eu\xb4\xf6\x9f\xc4+\x9e\
\x1a\xdd\xfe\x9b$\xa6\xf5\x17\x17\xe9X\xc5\xef-ut\
\x22\x06\x96\x81^\xeew\x89RI\xc5\x9e5\x00\x0br\
\xcf:1\x0b\xb7SK\x9d[%AU71}E\
\xf7\xe3\xa9V\x1a?\xd5\x1c\x22\x0c1x\xc0*)\xfa\
\xef\x10F\x01yBQz\xa1~\xc7o0b1\xf2\
78\xc31\xd3\x16\xdcxf\xf9\x9cZX<:}\
\x08g\x0f\x01n\xf0\xa7>;7\xf5\x07\x00\xc7\xd8\xef\
JB\xd6\xd1\xb7\xe0\xd0'\xa4\xaf\xdeR\x88!\xcb\xe0\
\xf6\xc0\x95\xee\xc1\xf7w\x91\xbb\xdf\xf1K\xf3\x17\xdc\xb0\
\x8c\xcc\xb1\x92\xd3)\xdc\xce,sRF\xb1\x83\x10(\
\xaa'v\xa1,;*\x8f\x07 \xc6\xech|#\xc8\
\x1f\xc5\x8f\x86x\xab\xf4\x1e\xa4M\xe2\x9d\x15R\xdf\x5c\
u_hn\x0d-p\xdc\x85\x84\xd7\xa6zc\x02\x08\
@\x0e\xeb\xd1\x84\xd4\x0a\xc4\xb5\xb8\xe3\xa9*}-2\
SV\xc8\xbb\xb2I|S~\xfd9zW}\xa5\xfc\
A+\x95\x96z\xf7B\xf5\x8a\xc8\xa9\xcd\xa5\xb1\x8dM\
D>DG\xcb\xda\x8b\xacx\xb3l\xd9}\xca\xd1R\
\xdc\x93\xf5c\xc8\xbf\xdc\xf4\xab\xe1\xf8\xac\xefh\xed\xd7\
:\xb8IB\x95r\x12J\x84\xaa\xafn\xe5\x9aq\xd4\
9\x9e\xb0\xe0\xc6\xca[6n\xc4\xab1\x5c\x8a\xe8'\
\x00\x1cX\x86\xfa\x9b\xb1\xbb\x99?R\x0cti\x0b\xe0\
\xb4\xf2}\xf0\xc2$\xe2>B\x04\x5c\xae\x8d\xf8X\xb4\
\xb7\x1d?\x1d\xfc\x91\xc6O'\xaaH\xc7\xc7h\xbb\xbe\
\xa2\xcc\xf91\x84\x99\x909\xd7<\xc2\xc7\x80\xe1a\x8c\
C\x96\x85\xe3D\xa3\xa5<*&\xf5c\x98cz\xbc\
'+\xa1\x89\x1f\xc3]\xd4\xf9$\xde\xb0V\xc6z\x02\
BL\x158R\xb9\xb2\xf3\x8e\xc3\xff\xa9\x89$\x93\x06\
'_\x5cqF&\x13\x0e\xdd\xae\xd8\xcd=Y\xf1{\
\xe3\xe9\x1e\x81r\xb2\xc4\x13\x12^\x9f\xf8\xf3Z\x8c\xbe\
/\x1c\x93I\x90\xb7\x18\xb4#d*V|\x9cJ\xc3\
\x09\xd0\xf5\xc3\x8d\xb7\x1a\xe6@\xd2\xf3\x1d\x13\xdd\x88\x9f\
\x89\xdcy\x06\x1c7\x14\xe9\xa7\xd4c\xa7Q\x10[\xf8\
\xd5\xf5\xd3\x0c\xacl<}\xe9\x92\x8c6\xbb\x90\xae9\
\xa9\xac\xe6{\xd8\xf2_\xba4x\xb2\xc5z\x7f\x00\xf1\
k\xce\x0b\x81\x1f\x8c#h\x9f0VB\xb0\x069\xc6\
u\x9e\x1b\x82\xa0F\xa3\xe6<\xdcf\x8c\xc0\xac\x90\x1a\
\x0b\xd9t\x979\x98\xcc\xc6\xe9\xb7\xc9Ju\x8b\xeb\xce\
\xae\x047\xc9N\x8ct\x89`s\xca\x7f\xb0N\xa8\x1e\
\x05]\x98\xd1<\x96wr\x98\xce\x93\x9e\x9d\xbb~\xda\
\xe6\x7f\x03\x8d\x19\xe0\xcc\xc9\xec\xae\x0d\x15\x1f\x82O\xa8\
9o\xcf\xfa\x86\xfe\xd5S^\xfb53:\x95\xac\xb3\
\xc4qF\x80ea\x13\x92\x02D\x8cC\xc2\x06\x15\x96\
\xe1\xc0\x81\xfd\x03-'\x06\x9a\xad\x9d6\x81\xc6\x83%\
\x97\xcc&\x8a\x8a\xf9\xb7\xb5\xad\xae\xbd\xfc\xcc\x13@\xd4\
3\xb3S\x8fEF\x1dF\xf18)\xce\x5c\x1e<s\
(st+!\xeb\x9d_\x0a\xba\x9f\xc1K\xa7\xbe\x94\
R\xe4\x9c\xect\xf7\xea5\x84\xe6\x90\xcc\xe6\xc8\xacd\
6\x8ceD\xb4\x9b\xf3@\x13el\xe0\xa4\x12\xdd\xbe\
E\xcc\x92\xc0Z\x00\x99\x93\xddLW\xb0\xd8\x1f\x925\
*\x04\xcem1Q\xc7=\x91\xae<\x0f>O;\xe3\
\x03\xf6\x06\x84U\xb5##\x89Y\x1dLdX\xb6\x07\
\x19\x1b^\xb6\x07\xe5(9\x17\x18#t\xa5V\xfd\xc5\
Z`\xd9w\xf0\xda\xb6\x8c]\xd8\xe8\x01>q\xbc\x9a\
\xc9l\xc4\x97A\x1cb.7\xb1\x80\xd0R\xfb\xc5\x8d\
\xbd\x01\xe8\xe9\x84\xdbCF\x9c\x89d\xc4[{E\x0b\
\xe2\xady\xe8\x81\xc4,\x8c\x04\xee\xb1\xde\x08\xee\xecm\
\xf9\x9d\xa0RZ\xdfI\xe6\x1a8\x07\x82[\xb5\xea\x7f\
w\xdded\x0f\x16S7\xe5\xa6\xbd\xf6V\xa6\xe3\xa2\
;\x87\xb0\x08\x22\xa4~!\xb1\xbb\xb8\xa4\x0d\xb2\xaf\x89\
J\x10\xe9\x12\x1a\x9d\xab\x82{N\x06\xb0\xc9Z\x22\xe2\
V\xcdyH\x88\x82\xff\x029s\xd0\xfb\xa0\x01\x1a\x99\
r\x5c\xbe\x8cL\xe1\x00\xca\xb4(rqP\xe2\x1c)\
\x81\xa4\x13\xba\x22\x9f\x18\x145\xab\xc0\xfe\x84\x8a\xd1\xd6\
J\xc8\xaaT\xc4\x03\x95\xd9{\xd6\x91\x8f-\xd7\xde\xf8\
Z\xf1(^\x80\xb8nn,W!\xef\x12\xc2\x90\x86\
\x8e\xc6\xc7R\xe3\xb8?\x105\xe7X\x12\xdd\xdc\x89\x10\
\x91G\x17\xc7\x06\xeb\xadyS\xeb\xca\xd6\xdf%\x8eo\
x!\x81/+\x91\xf2P\xd1\x82s>\xd5\xcc\xbe\x0b\
@\xc9\xe0$\xf7\x84\x1a\xf9z\xe0\x057\xe0{\x8d\x18\
,a\x0c&\x94m\xe9\x9c\x8d\x10=\x09YY\xf3\xf3\
4g#\x92\xa4\x9e\xef\x05D\xd6\xc1\xdbxw\xba\xaf\
w\xf0\xf4i\x04\x14\x19\x81#\xe5L!}\x5c\x02g\
\x9d4\x8e71\x1d\xfdf\x87v^\xa8\x80\x14n\xa8\
\x9d47B\xa0vI\x89?(\xd8\xfb\x02\xd4m\xcf\
\x89S\x0a\x97Ne\x81\xed\xcaa\x96\xccc$\x17\x17\
\xe5\xdek\xa4\x81\x9b\x1e\x9d\x03\x8a\x7fBBX\xc3\x5c\
;\x0e\xe3\xe7;\xa8=V\xfed\xfd\xcdK\xbe:\xff\
\xb6\xe5\xbf\xd8\xfc'\x98\x17:\xb7\xd67\xb1\x937\xe1\
\x16~\xbew\xe3\xc6\xba2\xf8Q*s$\x9a\xfc\xc9\
\xcd\x7f\x0a\xb80\x96b\xa2'w\x00\xb2#,\xb7#\
\x97\x10\xb6;\xd3)\xd472?x6n\xc0:\x07\
\x0cW\xde\xe8`\xed\x84\x99q\x81\xfc.\xe9.u\xd7\
\xc0\x8a\xee<\x1b\xea\xef\x98\x8c_\xe2\xe4\xdd\xf22\x11\
\x19\x0eb\x92\x9a\xa7\x83iK&\x1d:\x10\x11\xb7c\
\x00\xf8\xe9u\xfc\xca\x88\x05LP\x02\x09\xcb\xcf\xd1\xbc\
\xce\x18A\xdc\x9b\xad\xc9e\xe5\x09\xb1Yr\xeeA\x97\
\xba2\xec\x1b|,\xbc)\xf84\xc3\xf1\xae\x92\xaeT\
U;\x22\x07pPT\xfc\xb4v\x83\x01w\x93\x22\xb1\
\x9c\xb4a\xe47\xf1V]:\x95z\xc4\x11\xf4\xd2\x8f\
\x95\xbf\xa2\xb3Y\xdc\x8e.j=\xcc\x22\xc0PE#\
8\x19\xaa\xa6\xa0\xb9\xaeO$\x0b%\xcb\xd0%\x08\xf1\
\xeb\xc7\xcc\xa9\x9fw\xb9\xfef\xd8\x9fLw\x90\xc2\xd4\
\xa7\x97S\xf1\xdc\xe3\xda\xf2\xd4\xa9\x94[\xb7\xa4O_\
\xc66\x93v\xa9s\xa2\x01n,)\xdbm:\xca\xe6\
\x81\x10\x0a5w\x86PJt\xf3\xba2d\xb9\xeb/\
i\xc4\xe2&r\x01\xe0E\x96\xc9\xef\xf4q\xdd\xe1\xb8\
\x18\x1e\xc9\xadO\x19O\x8f|\x01\xd3\xc7Z\x1cOO\
X\xfd\x94;\xa8\x13\xad\x97\x87W\xb1nSx=\x90\
\x9f\xb1aE\xea\x0fM\x83\x1b\xae<\xbd\x04\xe4\x97\x9b\
\xfe\xdc\x95\xa8\x1eW\xb1h\xff\xe7\xd9q\xb9\x9f\x1c!\
\x8aD\xf1\xe8\xdb\xa0\x9d\xb9\xd2=pds\xfa\xd57\
\x88\x19\x13\xd0\xeeMG\x80\xa2\xef8:t\xf4\x9a\xe3\
\xfc\xc4\xb4\x97\x85\xff8\xdf\xbdb3\xb4\xaa\xe6\xc8w\
\xa7@q\x04\x86\xf6A.\x8ar\xde\x91l\xc0\xe0\xe0\
\xa3\x02\xd6\x96\xe8A#\x86\x9a\xca\x87\xfa\x0c\xb2\xe3U\
_i\xfd>d\x1b\xd2\x0a\x854\x9c:\x9a\xb8\x9b\xeb\
\xab\xea+m\xd7\x9a\xd70\xaf\x86\xe8r\xf6\xe5\xc1\xed\
\xefXJ\x1c.\x80H\xe0\xbf<Q\xa1\xc0\xffn\x09\
\xc9\x0c\xd26\x07\xb2O\x90kQw\x9f\xff\xe4&o\
\xca\xca7U\xea\xd4\x07\xf57\xe3:\x82\xeb\x8a(\xa6\
\x17\xde\x8c\x8d\x95\xba\xadqJel\xff\xb8\xfa\xbbd\
\x9f|<\xe7x\xc4+s\xf6\xdf\x82\x11E\xfb\x970\
\xaaI\xc5\xcc.\xb3\x93\x0a\x0d\xea\xa4\x8d\xd6)0:\
\x85\xea\x8c|\xdd\xc5\x15\x96\xaf\xb4\xf5\xfe><J\xe4\
\xb6\x22/\x19g\xbb\xa6=,z\x0e\xbc}B\x08\x1d\
z\xbd%s\x10\xd8\xba\xfc|\xd2$Hu\x10\xaf\xd1\
\xd0\xd1\xcb4\xb4\x94q\x8d&\xc0h\xa1\x1d\x97\xe6\xd7\
\xedu%\x06\xeb\xe0\xea\x0e\xc7\xf5\x9a89\xae\x9f\x8c\
\xf8\xfd\x1e\xd3\xb5^\x08\x5c\x94l\xe6#\x93a\x17x\
\xecV\xa6K\xf3\x0e\xcej\x15\xea\xde,\x91\x8f\xcf\xef\
\xea\xc7t\xdd\x99\xca\xaa\xf8\xbd\x93\xc9w\xa2~\x5c\xde\
\x84\xd3\xf2\xda\xab\xe4\xd9\x89\xe2\x05\x9e\x04\xa9\xf3\xf3`\
F\xb8\x5cXN\xe9g\xb7\x92\x15\x91\xb0\xca\xf4\xd8\xf7\
m\x03y\xf4\xd9\x95\xc4\xdc\xf5\x96K\x81S\xd8\x82\xb6\
\x96\x08l\x81\xec0\x94\xff\x196y\xadJk\xd3v\
\x93J\x81r\xda\x05%\x9aaS3(7\xb4X#\
L\xe5\x8c\x9a|\xfd0B\x84\xec2,g\xfd\x98\x91\
\xdd\x9e\xee\xc4.\xa34\xc1\x97\xd4\x1c\x0enw8D\
\x03\xa9]\xee\x12\x0619\x1b^\xefN-?)\xad\
\xce\xdb\x0d\xcd\xfd\x14\xc3\x00`\x85u\xf6R\x09\xdd_\
\xfe1\xc8Z\xb1\xbb~\x0c~\x12\xa5'\xb6]7i\
\x80M\x08\x0b\xc2x\x8b\x7fV\xd5^\xb1\xb6\xe2c?\
\xef\x8c\xddMuj\xf4w\x8eB7\x91\xbf\xd7K[\
\x1c<s\xd1I\x1d\x1c@\xbdP\x84O\x18\xd4P\xe3\
;\xde\x85&o\xa6\xa19\xae\x96)\xfa\x87\x90\xc7y\
\xc4\x94\xbc\xa9\xc64G\x9f\x8cW\xac\xc7\xd1Y\x9e\x96\
\xf2:\x91K\x0edu\xba5\xda\x12-\x13\xfc\xa9\x90\
\xe9g\xf3\xba\xe7K\x1c\xaa\x14r\x08d\xf0ZV\x1a\
d\xd3\x9e\xb5X\xadK\xb9b)W9\x9c\xbaz\xbc\
\xaf\xb8\xeaS\xd8,\xaf\xa3\xf6\x9f-\x99\xc9\x9c\x88\xa6\
\xaa\xca\xcf \xb0+\x04\x9dz\xaf%s\xc4r7<\
\x80\x89\xc2\xfb\xcd\xf74\xc5K\x86%\xe3\xad\xfew\x9d\
\xf5h\xd0m\x95\xa9\x81\xa5\x1f<\xc0\x93N\x11\x16<\
\x03R\xb9\xa0\xbf\xf2$G7\x19W\x0c6\x8ea\xdb\
\xc4\x15\x02\xc9i\xc9\x8c\xd3\x1b\x01l\xcdF\xd9\xbaB\
\xfa\xea\x84\xa8 p\xb2\xad\x13\x06\x1dV\xf1('U\
\xbc\xea\xcf\xebk\xe7m\x9f\xb3\x04\x8a/\x1b\xe7\xda\xd5\
\x81\xbd\xc7\xd3\xa7\xb7\x83^T\xaa\xbe\xf68\xa2\xe3\x82\
\xbbW=\xcf\xc7\x91\x9d\xce\xff$\xd3\xfb\xb2s\x1c\xbc\
\x0bF\x17=\x0e9\xe2\x9c\x1d\xf3\xd1q\xf5\xc4}\xc3\
\x8b\xfe\x96)]\xb2[f\xdf\x91\xf4\x1e<,\xce\xb9\
\x81\x91787b\xdb\xb5\x9a#\xd3\xb2\xe1\xa3\x9a\x93\
~szh\x06\x0e\xec\xca\xec<\xe9lnx7U\
s\xb7\xcb2f\x15\xd9\x8e\xf3g\xcc\x0ah\xa0\x08\x83\
\x1f\xd0\xa0\x8a\x0b\xb6L\xd1\xc8H'\x88\xab\xd2\x0c\xce\
\xa4\x82I]-\x15\x87\x91\x15\x94\xcc\xd6\x81\x8cd6\
@\xdc\xcdy\x08\xd1\x18\xa0\xa6\x19$\x88r\x83>\xc2\
YC\x84\x03>q\x09\xf3N\xefn\xa78\x8e\x1b\xf5\
\x14\xc7H\xc0m\x98\x84k$\x93(\xc5\xdd\xfb0\xa7\
z\x5c\xf9a\xf6\xb3\x85\xd5\xd3v\xd8:\x18\xd5\xd3+\
>t\xfa\x0a\x8a\xe1M\xee\xec\x1e\xd9K\x90\x03\xa75\
\x1f\xe7M\x07'_>\x1a\x05<\xd8c\xa9i\xa8g\
Z\xf6\xa1\x88|\xb0\x8f\x17\x83\xb7^\x1a\x93\xa2=\x99\
\xad\xbd\xdb\x18\xb99\x0f5\xd0A\xc5\xe6\xdf\x89\x01\x9f\
\xb9\xf6Vb>\xb8\x13\xdb\x8e\xa7w\xb5\x11\x1f\x9b\xe5\
C\xf4\x9d\xf5\x10\xae\x07JM\xc1\x00\x18(t\x10\x15\
\xfc\xa0#z\xf9\x82\xa2{\x93CY\xdbRg\x9c\xb1\
m\xc9\xf2\xca,\xf7\x8b\xfe\x94\x0d-\xda\xef\x95\xba-\
\x95\xb5\xf9\x13\x1d\x0d\xd9\xbe\x19n\x11<b,\xbcR\
\xc6?2^-\xe6\xc4BF\xf9\xa5M\x83\xdb\xce\xf3\
\xb8\x08\xa2]\xd2\x93BO\x9c#(S\xa4\xeaW\xeb\
\x1a\xf4 \x92\x17&\x04\xfb\x8e\x94\xb35\xbbvM\x9d\
\xd0\x5cVYZ,\xd4\x17<&\xe5OVm\xc2\x0f\
\xda\x9f\xad\xb1\x05f\xf2\xbeJ\x85\x92\x0f\x06\xe6\xfd\xfe\
&\xe5\xf4?\xfa\x1e\x07\x16\xb8\xf5\x85\xf1\x18\x85\xa4\xa7\
\xa6@>\xd8:l\xda\x09\x95o\xa7\xe5\xc2r'\xd1\
\x92\xa5#\x0a\xb9\x10\xc72XQ\xe3B%0*.\
\x8c\x8e{\xfe[\xcdq\xf6\xdde\xa7\xa1=\xef;\x90\
\x029\x06$7\x97t\x05\xeb\xac\xab\xe4\x85\x0a\xc97\
\xba\x22k\x05\x97\x8d\x0e\x89\x8a%\xb5+V\xd89\x7f\
\xa2\x9b\x97\x9c\xe8u\xceJ I\xcdG\x1e\x90\x08?\
)Q\xcaJP\x8e\x9a\xe5,\xa8y\xb9\xe6\x17\x9c\x18\
<\xb3\xfd\xadLg\xa7\x83\x18<F-\x19\xe6'\xee\
\xb5u\x00x\xeeEs\xbf\xb6\x8a\xaa\xb4bd\x136\
\xb4\xec\xdd\xd1\xf0\xd7\xcdyM\xa7v\xf81\xcb\xfb\x94\
P]u\x85\x8a\xb0\xe8\x8cB\xecr\xb1\xc7:w\x89\
\x1bA\xfc=\xd3f\xfd\xa0\x02\x8c\xeb\x80S\xdcAr\
G\x00U\xc4\xc0\x0b\x08 \x15\xff\x91\xa0\xfb#\x1c\x95\
}g\xab\xe6\x9a\xaa\xc1\x8f\xed\xf3n\xe0f\xb0<\xe9\
\xd5/\xd2\x06\xd7V\x04\x15\x11\x91(\x87R\xe4\x13\xf8\
\xec\x0f\x88\xe9\x0a%!\x8b\xec\x0e \x8e\xeb\xca@\x9e\
\x83\x9d\xe0\x0dX\xcbi\x09\xb9\xf5\x10(6\xa2q\x11\
\x07\xc4\x91I\x1f<+i#(\xf8+4\x0e\x14\x85\
\xd2F\x88\xc2\x1b\xef\xbb@T;\xb4\x9d\xec\xfcFq\
\xbb6\xe7\x19(\xd2\xb1t\x7f\xe2\xcev\xd7e\xa8\xc9\
\xfeQ;\xbe\x92\x09\xce\x17_\x19L\x86\xf2+\xb9?\
\xce\x14t\x944\x96JW'\xd7\xb0\xd8Z\x9fx,\
\xddC\x0c\x13s?\x89\xb4\x9d\xc3\x9eg\x986\x17\x8f\
+Y\xdaE\xcd\x18\x8c\xb6\xeb\xc9\x97V\xda\x5cA\xc1\
\x9a\x10\x99\xf6\xed4\xcc\xd0\x16\xe40\x1b\xe4@!5\
!&\xcf:\x84_\xb2\xec\xf5\xed\xdd \xf2\xb3\xad1\
ci'\x8b\x11\xd4OPq\x1a\x99\xbc\xa5M1\xf7\
z\xc7jZS\xadF\x15\xfbxfgk\x7fo+\
euZq\x0b4\x07\x06UX0\xdfk\xfd~]\
\x99\xd1u\x02uU\xc0\x0aX.\xc4gq\xc1-,\
\x862Ff\xba&\x15\x22r\xa7k\xe6\x82'\xd5\xb8\
\x8d$\x0d\xaa\xe36\x9a\x22\x19UK\x00l\x02\x8c\x7f\
\xc1\x0d\x10m\xf9\xff\xad\x0a\xa0'\xfd\xf8\x9e&T\xed\
I\x02\xd4/\x91\x9f\xe0\xdb\xf2\xfeA&\x03\xe2\xbf\x82\
#}_\x8d\xd4\x98\xb5Z\x86$\xd7\xebz\xcf\xc6\xb8\
T\x11Z\xf9C\xd8\x0c\x1a\xc5\x8b\xbbH|I*\xc1\
\xec\x073gz\xf3i\x5c\xbd\xbev=\xea?\x07\xa6\
\xd5\xb8\xb6\x16\xce\x11>\xb7F\xaa\xd8\xded\x9f\xa8\xbf\
\xaf\xf8Pn\x9dTV\xb9O\xff\x91\xe9\xec\x12\x1b?\
\xf1\xcdT\xb9e\xed\xa2\x03\xce\x0c\xd9\x1e\x86\x8aTJ\
\xddT\xf8[[!!:\x11\xe4\x989q\xd4;$\
'n\xf1\xf8\xa6I\xecm\xec:8p\xde\xb2\xc4c\
hd:\xd9\xa8aH\xb2\xa4nNT\x8c\x866U\
\xca;z\xb4\x8bn5)\xb6\xf8\xd8\xee\x8b\x81\x9d\xba\
\xfb\xd8\xd0+\x9bB\x12\x8b\xd1<p\xa8\xa8\xb9\xfbP\
\xa1y\xc4\xa1\x92]G{\xa8r\x16\x9fb\x04\x8b\xb9\
\x99\xdd\xa7\x1c\xd4\x8a\xd3\xb5\xf2Dk\xb2\xe0F\xedC\
;\xda\xa0{\xc2'\x10\x02\x88\xfe\x06W\xa0\xbc\x95\x92\
4\xc8\x97\xd3\x9d\xfbI\xef$_\xc0\xa8\x10\xd3\xe3=\
Z\xca\x92\x088a\x89I:\xd9\x13\x01+\x1c\xe7\x0b\
$\x84+\xb3\x91L!\x1e\x9a\xd5\xb9.>\xc4\x04\xbf\
\x1f\x8cg\xa9[k/\x9b\xd4\x18<(\xea\x84\x99\xe8\
2Ug\x14\xea\xa1\xfb\xb2\x93(\xc3\x15\x14\xc5\x1c\xcc\
\xe4\x1c\xfd8;\x93s,];\x1e\xa5J'ts\
/\xc3)\xb4\x888\x17#s\x9d\xc2\x97\xfevSj\
`\xf9\xef\x0cJ\x0a]\xffqZ\x0eH\xe0V\xde\xf2\
\xd4\xe9\xe0'\xd4\x15\x0d\xc1\xf7F)\xa2\xa1S\x19\x8e\
A\xad\x84 \x16{\x9c`\xea9\xad\xea\x8d\x97\xf2\x1c\
a\xc6B\x08\xebJm\xbc\x15\xc0\x97\xe5\x8b\x013\xb2\
\xd6\xe7\xda6a\x1d\x10\xbc%s\xea\x18\x81\x89\x9c\x1f\
\xc9\xe0yP\x1f\xc9M\xf2 g\x8e\x02\x82\xac9\x95\
\x1b\x94\xe5\x03\xad\x87\xb1\xf6\xc1\xf9_7\x1e\xc6W.\
\xa4\xcf\xbe\xefx\x18\x8b\xa1\x1fF\xe7\xb6\x91f\x17\x91\
\xdb\x16CJZ`\x7f\xca>!\xfbS67\xa0F\
\xaa\xb9\x13j$\x9b\x9b\xc9c\xd4<$yL7\xe7\
\xc9c\xbc\x83#yl\x1a\x0c\x7f[\x97\x12F\xc7\xfa\
\xacz\xf1\xdf`nX%\xfew\x1d\xdb|\xd2\xf4\xf7\
T\xa9\xea\xf5\xf5kj\x9f_\xb5\xc6\xc6\xe4\x1a(\xb1\
\x5c7&,\xc7\x08\xec\xe7\x86D\xef\xd1\xe8G\xff\xb1\
\xf1(\xfbYT\x88T\x13\xaa8{\x98P\xb3\xa8\x9a\
.\xf9\xc8\xf5n\xce3|Ic)\x87\x1b\x97\x98\xd3\
\x85t\x8f\xce\x0f\x17\xab5-kz\xd6\xbdb\xfbl\
\x10\xffww\xd6\xc3Y\x0f\x83H\x9c\xfd\xedn\xbf\x90\
8\xcf\x0cOL\x9b~\xef\xba\x0d\xeb\xee~\xf8a\x22\
\x14\xf7\xfe\xd5\xaa\xf8>\x01\x09\x0e\x94wD\x9e\x12\xcf\
BL\x18\xb8\xfc/R\xde\x83\x97u\xe4\xb9G`\x16\
&\xdc\x88\xfd8dk\x1f\x0c\xb32\xa4$\xeee\xb1\
\xb7\xa7\xe8\x18\xb8me\xa7\x88\xe6\xc6lus\xe7\xb4\
b\xb5g\x83E\x0e\x00<\x08+r\x90\x8b\xe2\x1d<\
\xd5\x98\xeau8\xf0\xd2\xd3WO\x5c\xf1\xcb v\x0e\
\x03\x05\x10uF\xd5y\xe0l\xdf\xdd\xab\xf1s4\x05\
\x0fPgW\x9dOb\x8c\xb0\xdc9;Y\x88\xbd\xa0\
\x93i\xa4`\xf2\x1cK\x0cr<\x93\x85z8M*\
\xc0\x04\x96r\x81\x9cO`$9\xb8\xa7\xa2\xe5\xd0\xad\
\xe5\x90\x93\xe0r\xa0J-{\xbd>\x8dXOe\x01\
\x00\xcd<\x9d\xcb\x96J\xcaS\xe6\xc7\x9b\x10\x7fR<\
\xe0\x0a\xc6\xecb\x82\xc4P\x9aV\x91\xe8j\xdb\xaeo\
\xbc\x8d\x06b\xee0\x1a\x86\x91-z\xfc\xb4\xa8\xae\xf7\
F8T\xda\x1b\x00\xda;r\xacF\x1e@E\x8fe\
\x9e\xd5\xc8\x03\xe4\x80\x8f\x8a]\x81\x92r\xca\xda\xde\xab\
'\x1a'm\x8ch\x16\x92\xedbX\x19\xb9n\xfb\x22\
\xa1\x7f\x0c\xca\x12J\x03L\xea\xbbmu\x88\x8b\x19!\
\xbd$\xff1\xaa\xfe\xa0\xb2\xb2\x94\x8e\x0b\xbd\x96J)\
:\xe3|_\xb6i\x1fQ\x08x\xf1\xcf$\xb4\xba\x08\
\x7fE\xad\xb7\xca\x02\x0d+\xe3,<\x11\xf4\x8fT4\
\x181]\xfa\x9c\xad\xca\x94\xa2\x22qp\xae2P\x9a\
c\xe3\xc4\x89\xe9c\xfd\xb3\xad\xdf\xafe%\xef<\x22\
\x0fxr\x84i\xb1\xd7V\xad\xd1\x11\xc5\x0a\x86c\xb2\
\x80\x81\xafP\xdd\xae\x80a\xb2\x14\x81P\xa8P\x9e`\
\xbbs\x5c0\xa4\x18\x1c;j\x5c\xe2Iq\xf3\xed\x8c\
\x97E\xc7n\xa0k\x04\xf6\xb7D\x09\x12/\x80\x94\x15\
\x81\xfa\x953A\xe1<\xc3\x17\xa4fB\xc5\xf3\x88\xe8\
\xc4r)\xe82\xa58\x16z\xf7\xe8#\x8e`n\xe0\
p<\xc4\x0b\x94\xaa3\xc8\xf6\x10?\xea\xaa:s\xd8\
Y)\xd0##\x07\x9c\x01\xde\xee0F\x90\xf9\xe0\x0e\
\xe4\xdbt\xdd{\xd1\xd8g\x11\xa0\xa8r\xcd\x1b\xec\xb7\
\xcf^g\x16\x0d\x93\x9ci\xe9L\x1f\xeb&\xc2\xa7\xe8\
\xb9\xe3\xa9\x92\xfb\xcf\xb9\xe8\x98\x83\x89j\xe7\xa3\xb8\x11\
&7\xd5\xdd\xe7\xa3\xa73\xfb-\x13\xb2\x10'\x8cr\
[5y%\xbb\xbb\xe9\xf8\xe8,W\xce\x5c\xe9\x94\xb3\
\xf0\x11\xd0Q6\xadn\x8b\x19f\xaf\x96s\xe9$\xb1\
R\xca\xc2IG\xdd&m\x89\xe4\xd3\x01t\xe9\x83\xca\
\xcf\xf9\x1c-F\x0d\x83\xc9J\x9e\x02/\xa1@\x01\xa7\
jq\xd76\xf0\x04/\xaf\x19\x9d`@&F#X\
\xferb\x99\xb0\xccN\xf5\xcb}v\x89\x08+\xb4X\
\x93TV6U\xde\xb6q\xe3\xde=pf\x18\x91\xd0\
\xc9\x9c\x8e2\xbd\xeb*<.?\xe9\x15\xf6\x8f\xf2j\
8c\xa3%Z,\xae\xcb\x8a\x9f\xd7}\xf2\xf4\xf9]\
\x1f\x04\xca\x02O\xe5\x82\xd5M\xd8\xd9\x969 \x04\x1f\
\x17\xbb2\xb4\x02\xf0\xed\x90\xfd\xdc\xc3\xe5\xbflh\xe9\
\xfeteW\x80\xb9t\x82\x92z\xbe\x0f4\xb4=-\
H\xf2\xe8\xed\x0a\xa53\x1d\x07aH\x13A\x88\xd1\xd8\
?\xc5\x8a/I&\x89\xa8\x80\xa5\x9b\x94\x03\x22\xcc\xea\
\x18\xaa\xab\xb3:\x86\x1c\xb1\xe9\x9d\xa6E\xeb\xa7\xed\xfa\
\x05v\xad5\xe2\xd5]\x03}\xa0\x88\x18\xda\xd6I\x9b\
\xd69\xe2\xf6?\xb2\x5c\xb9\xb8\xc7\xb5\xe9H\x82+B\
s\x82\xf3k\xdc\x0e\xf8\xda\x82_\xd8\xa7\xbf4a;\
D\xc4\xe6\xfc\x19\x10jUD,\xe6\xe2\xa2\xaa#\x16\
j\x11\x00;?\xbd\xc4\xb05K\x0d!\x12\xf8,L\
'\xb7\xe9\xe9\xfd>X\xdf\x0d-(\x9e\xb6\xe6\xc5\x1f\
N\xf51I\x5c\x16\xd9\xe3\xd8\x18\xb2\x96\xda\xc0\xf6\xcb\
\x99M\x16^\x22^\xf7\xd6\xea\x89V\xf1\x98\xc2LO\
3\x5c\xa7\x11%ddG\x8b\x99Rw\x8c\xe2\xa7\xac\
{\xab\xae\x0c\xda\x9bJH6\x09?\x8b\xa4\x80\x0b\xa4\
\xb7\xa9\xfcc\x07\xcfg\xbc\xee\x93gK\xb0\x10\x86V\
T(\x8eT\xfaX\x8f\xfa\xf9N\xbd'\xb6\xa3\xad\xee\
\x13\xc3\xf5\x13\x17\x9d2\xaf\x5cv{{\xe2\xf5Y\xb3\
RZ\x19b\xe3\x1c\xdc\xd4\x7fu'\xd7l,}\xaf\
>\xab\x93Q\xb9\x88\x0e\x83\xd7\xec\x02/\xf5\xd3Q\xd7\
\x98\xa9\x8f\x07\xdf\xa4\xc2\xc6\x96)\xec\xd3M1S\xd8\
d\x96\xb2L\xe1z\xc9\xc4\xa9\xd9\x1a@_\xe8\xe7\xb2\
 \xaa_\xb7\xca\xab\x8c\xcc8\xbf!U\x92q\xea\xba\
R`)\xfcl\xb9)\xc9\xfa\xe9\x9b\xfe\xac\x03]>\
\x83D\xdb\xf5\xea\xef\x11\xaa]\xcf\x09xC\xc3\xf0\x98\
\x09\x82d\x80u\xfc\x90\x97a~\x80\x14\xc9\x00\xb8\x8b\
\xab?\xd4\x08\x11\x8b\x86\x87\x08j\x84\xb1hQ\x01\xd4\
\x028\x06\x1d\x0cvw\x90Cp\x04\xe6\xba\xdc\x80[\
qL\xa8\x1b1\x9fZ\x9a|\x17^kw\xa8\xa0\x80\
\xfah\x84^pn\xe8\xc7\x82\x84!#\x1a\x8e{\x7f\
D\xb7\xa7^\xf5\xb1V0\x8a\x82,\xdf'\x93cg\
\x8c\xf1\xc7YG\xc5\x98R\xae{&\x09D\x18\x93\xd9\
\xd0\xa3\x9a\xf3t\xcd-ld\xbd\xbd\xd8\x1d\xaf\xdc\xd6\
\x9b\x15w\xc8\xeev*\xaf\xa5\xb6\xaesi\x13\xf0\x98\
\x03y\xd8\xf5\xe5\x85'\x92\xd9\xb8\x10\xc9\xc7\xae}\xea\
\xcc\xf2\x92\xe2\xe9n\x13\x0fF\xba\xf7\x04\x86\x927\xa5\
\xe7`\xe7\x8etK\xdd\x95C)\x8d\xd0?\x1cp\x8b\
\xc1\x9d\x8c7\xcb\xfaMj\xd0\x00\x1f\x8a8\x13\xe48\
SL\x84\x84\x13u\xfe\xbe)\x1845\x05\x98E,\
\x1a\xa0@\xc3qd\xb4#S\xbcJ\x1a\x5c\x064\xe8\
~5\xe0\xe5\x0b\x0a\xceHW\xaa\xc4\x0b\xe1Fh\x95\
\xe8\x95\xae\x9dd\x91\xb9\x11DrM\xf1Sf\xfd\xe6\
\x87\xab\x92\xd9\xf8\x81\xe0\x9f!H\xa9\x81\x8f\xd3?\x8f\
`B*=n\xb3\xfam\x92\xa1\xc6\x83\x96\xba1t\
\xf7\xea\xa1pn\xfd\xdc[\xd0-\xd4\x8c\xd1\xb6Tu\
\x11R\xaf\x0c\x07\xf9\xb7\xf9\xc0\x0az`f\xe1*\xf2\
\xa8\xf6\xed\xdc\xf2\x82\xbeI\xe4 NW\xba\xfc\xc2\xa4\
\xb1\xd6\xdf\xb3?[;\xe8\x87\xe3\xf8\x97\xca\x02,6\
f\x87t0f\xd0\x10+\xb9\xa7\xc9\x1e|[\xac0\
\xf7\xdf\xcbp?\xfe\xe4-\xbb\xca\x13\x96ya\x96\xc6\
\xa1\xd9\xd1\x89\x07'\xa0q0\x06t\x8f\xe1\xc6\xadq\
\x8c\x0beY/\x1e-\x8f\xfa\x84\xa0\x08\xb14.\xdf\
\xe6\x8c0\x81X\x94\x11\xdd\x9e\x93\xf8(\x959P\xfb\
\xa4?\x16I\xabOe%\xday%\xce\xbb\xed\x91\xf0\
\xb4\x11soOK\xe2[\xb3\x9fJ\x0c\x9e?\xec\xa8\
\x18x\x0f\x1fE\xe6\x8f<\xb9\xf9O\xa8p$I2\
\xc2\xf2\x90\x92\x8e\xf1\xe8m\x93\xef(\xc19A\xa3\x11\
\x96\xa8T\x8ca\xeb\xef\x99\x9b\xf4A5s\xbee\x14\
p(QC0P\xcc\x96\x97C\xca9@X\x00\x08\
H9\x04\xcec\x1c\xd7\xcd\x0d\x1a\xeaB\xde\xc5MF\
-\xbf;\xd6i\xef\x8eeUue{_h\xce\x83\
\xc2\xbap\xed\xdc\xef\x1a_C}w\xb5.\xe2+\x1f\
D6\xec\xd0\xdek\xc0HI\xd55}\xf9\xdd\xf4\xa1\
m\xee/2\x19\xa3\xf0\xf45}y\x8aM/\xcb\x1f\
\xc1\xf8\xb0\xc6\xb2\xd2\xd8\xbcc@\xd5\x91\xc8&q>\
BP[q\x87%\xb35Agj\x0a\xc0\x7f&s\
\x85\x1a\x87\xe1\xe2\xbdl\x07\xf5C/_P\x80C7\
=\x8b\x91\x15\x90\xeb\x06\xfd\x17\xa0\x11\xae\x91\x9a\xbf\x9f\
u\x80\x85\xe2\xee\xa0\xe6t3d:\xbb\xfa\xdf?\xe0\
\x88\xc9\xc5\xd1\x1b_\x04l\xc4\xc6\x87\x15}i\xe1\x89\
|\xd8\x82\xf0\xa3\xa3\x07\xe3\xfb\x96\xc4\x13)n\x18\x89\
\xd3D\xbc\xaaAF\xac\x80\xd8\xa4*\x04\x8f\x1b\xef\xb3\
\x18\xc0\x87\xf7}k\x95$\x8fI\xcc^\xb3\xaaa\xe9\
\xe2\xda5\x89\xa7\xca\x1f\xb7\xac\xec%\x13{\xe6b\xc8\
\xb9\xc9\xb9\x8f,l\xc07\x80\x7f\xd6L\xf5\xc8\x1c9\
:\xf4\xa6\xc2\x0d\x8aS\x90>\xb4I,\xb2\xca9\x91\
\xee\xdb\x90T\x8f%\x0f-\xfe\x15\x91*6\xb4 \xe2\
`)f\x933G.\x8b\x83\xe4\xd1%\x82\x01J\xc6\
\x1a\xa2\xb4\xb5\xdce\xaf\xaf\xbc\xc7\x08y\xfexS\xe6\
\xbd\x1d\x8e\x90g!\x08\x1cRYK\x0e\xd5>X\x9e\
lhy\xe1\xff\xce\xfa\x0d\xbb\xab%\x81C\xff\xa5M\
\x99CG\x114m=\x0b\x8b\xee0,t;\xbc&\
\xe4\x18E*\xe2\xaa\xb7\xb3$E.\x9a?\xbd\x84M\
P6v\xc6\xed x+\xb3T\x94\xe0\xcc\xa1\xe3\x0e\
cE\xfe\x1e\x12\x8e_dtT\xbf\xc7\x1b\x8a~\x92\
[\x8e\x1c\xd6X\x0d5\xac\xfb\xe7\xe7\xa0\xd4<;2\
\xb2\xba\xbc](\xb5&X\xb1\x93\x1cQ!\x15;\xd1\
\xdc\xac\xd8\xa9\x9a;+v\x16\x81Y\x0e.\xd0\xb0\xf2\
c\x8a5N\xfaAC\xca\x8f\xe5k\x19\x0c\xa9:\x96\
\xf7s\x80U\xc7\xe9>V\x96R!\xef\xe9NK*\
\xd0\x9d\xe1\xffd\x83\xde\xc1\xbb\x92\x0f\xd41tLW\
 3WH\x97\x0b\xb3\x1e\x05\xdd<\xab1k\x85\x84\
\xd1\x02\x02\xdcd\xd5N\xbc\x93\x0bi\x5c\xb1\xa8\xbav\
E\x93\xbb6\xe28-\xd1\x92Q\xc8e\xb8;O\x92\
T\x80B\x0f\xd6,\x1e\x11>\xfc/j\xca?Y&\
\x9ba.#\x9c\xf9\xe3\xa5|g\xc4\x91\xadt\xb1\x92\
lF\x17\x1d\x8b}\xbb\x16\xe7\xb3%21\x13\xb8\x98\
\x80\xad\xe0\x10\x96\x840\xedUHL!\xccE*\x7f\
\xf9D\xfc[$\xee\xe6Kj \xe6|\x10\xf2\x01\xc8\
\x80O\xed\xed\xa3\xf4\x87(4\x8e\xfchd\x85 l\
7\xfb\xce\xe0Zx\xa6\x86\x0a\xd3mz\xd5\xb9\x93`\
\x9e\xe9R\xe8\x10\xd5\xf8x\xd5\x16dy\xf0\xd2\x22J\
 %\xbd1\x90\xb1\x12~j{\xfa\xfd-\x94\x02\xe2\
\x82:a\x14\x80}\x83\xdb\x9b\x80\xbe\xceI)\xe4x\
TZb)\x172B*\xe2\x14-s\xb4)\x8f\x5c\
\xf6gHy\x94\x9b+\x94Q^m\xae\xd1\x92\xca\xcb\
\x85\xa8OW\xffh\x94\x0bq\xf8xf\xfb\xfb#L\
PnXp\x81\xb86\xa7M\xe2\xc2N\xc6\x83j\x14\
I\x06b\xe7I;\x09Z\x1c'f\x8a\x9e\x00\x06\xf1\
\x09I*>\xf6\xca\xb3~X\xb5\x8f\x93<\xf1a\x03\
\xe2\xc9\xb0\xe45Z\x09\x92\xe8\xf2caX\x04\xc4\xec\
\x17\x81\x02]\x8e\xa9\xca\xc2\x90&L\x92\x9f\x0f\xaa\xba\
m\xd4v\x9d\xa9\x9c\xe1.`\xa4}T\xbc\x8a\xdb\xee\
Z\xb0Ezx\xec#\x9d?\xc4\xa6?\x91\x0ff\xfb\
\x14\x1d?\xa8Hs\x1as\x9f\x22\x93X\xca\xc9\x8b\xb9\
\xe7\xd0!+\xe1\x92\xc5\x97\x87\x01\x08B\xa4\xda+\xe2\
\xdc\xad\x9a\x84\xd9\x018\xb9/\x14\xd62\xd9\xe6a\xf6\
\x1e\x85\xfb\xc2\xb0-\x93\xf5u\xe8FMR\x96\xb7\xb5\
\xfeTV\xc4DN\xba\x0f\xdf\x97!\x1f\x1a\xc2pi\
\xcf?\xc2~K\xdd\xba\xe0F\xea\xae%\xff\xc5\x85\xa5\
\xa1\xaa\x92>\xc1\x1c\x8dF:\x04*\xf4\xbc\xb5\x9f\x8c\
\xb9\xfeK\xf0i\xf5_z=}\xe5e\x1fU\xe3\x15\
\x98\xb4*\xa4R\x16\xfa\xbe\xac\xed\x9bSY\xb3o\xdd\
\xb8t^\x8fYz9y\x13e\xad\xcf\x97t\x92\x9d\
\xff\xf0\xf4\xafSS\xa8\xf0\xda\xbe\xea\xfa\x97`\xa5\xb1\
\xd3\xf9C/\xcf\x1ci#'6\x0b\x1d\xbb\xff\xd2\x9b\
\x03o\xbc\x8bjcf=fq(\xfdL\xf5\xb3[\
\x89Zh\xf0\xda+\xe9\x03\xaf\x09\x13\xc3+\xdb\x86\x8a\
\x00\x87\xae\x91Y\xe7\x02\xc5,\xff\x05x\xc9\x96}\xb1\
\xa1\x05@\xcb\xe1\xb8_(\x8bMkz\xe6L'1\
\x90e\x8e\x5c\x84\xa5!\xf1\x97\xb8.\xcc\x12Y\xae\x02\
A\xcf\xfd\x89\xf1\xa6\xe4f\xde\xdb\xe2 M\xc9w\x00\
\xa7\xc7\x8e\x00\x84\x9e\xe2\xf7i\xce\xc3E\x07\xdfx\xea\
\xb6\x8a\x87v=\xc9!\xd9\x0cZ`\xcaC.\x8d\xbc\
\xe3\xc8m\xde\x7f\xa9#\xdd~yhK\x87\x8d\xc8\xb6\
\x0c?\x1aY\xaae\xcf\x8bMV#4\xeaEY\xf5\
\x06 \xf4\x0eo4hb\xcf/\xaaY\xbe\xa8\xde\x06\
\x85N\x93\x92~Z\xbb\xc1\x84\x92\x03V\x90J\xe3R\
\xc7\xef\xda\xc5\xad\xa7\x99J\xae\xe4\x86r\xa2\xc8\x09L\
\xd0\xdfw\x5c]\xf1\xf27R\xf2\x8c\xa5H\xc8lI\
\x1eR\x88\xab\xc4G7Q1\xca\xd8%\xb3g\xbf\xdb\
\xf9\xd5\xcav\xb8Nu\xcePC\x8b\x81\xcd\x9cA`\
K\xe4\x02_9\x02\xd3w\xb7\xf6\x09\x07\xc8\xa4\x9c\x10\
\xce\x22\x8c\x22\xf3w\x84\xcc\xd4\x14\x8cfx%'\x92\
t\xf5\xd0K\x11p\x09\xd3HN\xbfc\xces\xffj\
l\xc1\x8b\xe7\x1c[0\xfe\xdc\xa7\xe5G\x00@0,\
\xab\xc2\xcc\xc5>\xa1\xbb\x12\xe0\xc0m_\x15\xa0\xa3\x0f\
.\x08v\xe5`\x02{\xfdoY\x97\x1bH\xf5\x90\xb8\
\xa9\x90$/4\xd79Zl\x1c\xd9%J\xf1\xc91\
\xf8\xbdr\xddd]\xd3\xd1h\xc1\x8d\xa6\xa1\x15\xdd\x95\
\xed~\x85#b&G\x82\x05\x91R\x1b\x94\xd4\xdf \
Q :\xb8\x22\x16\xff\x1d\xd4$1\xeb\x1c\xf9\x0c\xfe\
:\xa0\xadK\xa1\xb9H\xaa\xe3\x98\x83\x15\xde(\xa4Q\
\xa2\x02\x181t\x0c\x84Pe'w\xa4K,H\xf7\
bcA\x86^=\xe6\x98L\xf7b\xbc\xc4\x86S\xb3\
\x90\x1a+\xf7\xbc\xd3\x999\x0e\x1d5\xadM \xa3\x82\
:\xb3G;$\xc6\x0b\x11Vr\xb4\x1a;*E:\
\x86\x8e\xb5\x1b\x16\xff\xcaX\x08t\x0a\x9f\xaa\x9b\xabS\
u\x1b\x91\xabSNU\xf3\x95\x06\xa7\xca)J-\xed\
\x00\x1d\xdd^R\xacxs^\xd3\xd0\xbcg\x98\xf7\x92\
\x04\x86{I\xe9\x17\xc2A+\xf6\xa2]L>g\xe5\
\x7f/\xff%\xfb\xe6}\xbb\xc4{i]q\xaf\xfdz\
\xf1\xcf5\xbcp8\xceY\xf3\x8cC7c\xa0\xf9r\
z[\x1f\x07\x0e\xca;\xd8\x9d\x15\x19\x1ce6F\xc1\
\x92!\xb8V\xfb\x9f\xc5\xc1R\x0c7`eF\xf4y\
\xb8\xb49\x9d\xfa\x00\x80\x04\xbf\xa0\x132j\x00\x0dJ\
\xcd\xd0\x5cl\x1a\xa8\xc0\x1e\xea\xc54/\xa5\xbd\xca\x10\
\x5cf\x1f\xf0\x16\xc4nC$\xce\x14\x9c\x06}\xfc\x8e\
\xe3\xfd}\x1d\x0a\x8fj\xd6\x83\xa2\x14\x1c\x82\x17\xf5_\
:E\xc5\xbf\x80zp=\xf1\x06\x00%\xd7\x0d7\xf9\
\x01\x1a)\xbd\x0c.\xd8\xb5\xaa\xc8\xa3J\xed\xdb\xbbc\
e\x17J\x84f\xe5\xbbL3<6>\xd9\x01\x05\xd4\
\x88\x99y\xd6|\x96\xf5\xf44\x0d-\xb4\xb6\xda5k\
\x97\xaeZI\x99~W6ez\xbb\xa8\xbeh\xbei\
\xcc\xd1\xab\xe4\xf1\x22x\xc16\x8f\xbe\x19\x85qlG\
A\x1c?\xa5\xf2\xb6\xfa\xe9pq\xfb;\x9e\x06G\xfc\
\xff\xe0\x9b\xe4\xe0\xb6\x17\x8a#\xf9r\xdd\xe8\xbd\xf1h\
$u\x0bT\xbf\xac\x91J\xec\xd2\xac\x8d\x81\x5c\xc7\xdb\
\xb5\x03\xbf\xa7q\xc5\xaa\x9aE+\x96nt\xe40\xe6\
\x93\xa8\x8d\x1b\xf7\xfa\x8c0c\xbd\x8e\x12Gf\xbd\x83\
\xc5\xeb\xef\x92\xe5+\xcaB\xd3:\xc6Q\x95\xe6DY\
X:\xc7\x04\x88\xa0\x22\xad\x91Z\xe5\x0c\x12\xe4\x95n\
\xfd\x8c\x8a%\x0a\x1f\xb2\xc5\x94u\x0emv1\xd1\xc8\
L|T%\x15\x9d\xfe\xf1\x1c\x5c\x83\x5c&\xae=\xeb\
\xc1G\xa3\xe6<\x8b6\xe7\x0ej\x8e`m\x04\x7fN\
\x0c\xbd\x0dE7\xae\xfa9\xb5\xdc\x1c\x80\xec\xcc\x19\xf5\
v9d\xb6\xad\xdeZ\xb5\xe1\x8a!\x13LC\x9d\x17\
\x07\x8eX;\xac\xb8\xfb\xd3]\xbf\x90G\xb1ZV\xb3\
\x94\xc4\xacY/\xb2\xdd%>\xf1{C\xdb:\x13\x8d\
\xd5\x8b\xd6\xad\xab]\xf3\xa2\x9d\xcd\x94\xba\xbe\xaf\xda\xa8\
\xea\x19\x1f\xd8\xdb\x8ebw\xce\xda\x9e\xe3\xa8\xb9\x0b\x08\
\xedu\x8b\x00B\xe74\xfcqY\x15[\x84\x03\x972\
\x07\xedd1x\xe5\x0dM1N>y\xb7R\x98\xbb\
\xe1\xca\xdam<\x0bD,\xd4\xc0\xcem\x8e,\x90\x18\
\xc89\x17\xaee\xbe\xc68\xd1o\x22\x04\xe8(\x8d\xac\
\xb9<\x83\xcd\x89\xad\xd3\xfam\x1bz\xd9\x1e\xca\x1d8\
zZ\x98z\x8eFm\x1dF\xa3\xc1\xd3\x96\xbe\x92@\
#\xf0\xc0\xd3\xeb\xe0\xf1\x1d\xc8\xdc\x1f#\x9e\x96 \x01\
\x84?\x16\xf7:!ad\xe2\x8f;\xba\x16\xb3\x0a\x8c\
\xc6\xa3*\x8a\xca\xe6\xfb\xfem\xff\xc3\xc1\xe6C\x87\xdf\
\x1dz}\x97\xbd\xc7ya\x92\x5cwU\x92\x9c\x17?\
\xe5\xcf\xf7\xc0\xc9>\xc7\xf3\x1d{\xf1\xd3\xee\xc5P\xe2\
\xd9\xc0'\xfb\xa0qI\x05\xde\xba\xc8usSq\xe7\
]B\x14wtD\x18&8\x0e\x05b\xac\x1b\x03\xcd\
]&\x02u\x8a2\x11\xc6\xa3+\xc55#\xd0\xd1S\
I\x90\x17\xbf\x1c-@\x9aI\x8f\x80H\x07\xa5\x8f\x16\
%\x9dc<<\xb9\xee\xf7&\x06\xa4\xc2K+\xf7\xdf\
\xc4\x96Rb\x0f\xc4\xdd9t\xd4\xb2\x0es\xdaS<\
\xa06\xf0V\xb7#z\x94\xefX\xebx\xd4*\x975\
\x92j\xb2T\xaa\x1e\xa8D\xed\xf9o\xa1\x84!\xb6\xec\
G7t*\x00\x1c\xdfB\x0d\xb9\xd6V\x07B\x06\xbf\
\xe6\xf2\xc0\xdbB\x03Y\xbaRh\xe1\xccuEJ\x96\
\x8a\x81[\x90)?=@\xfa\xc5\xa1\x82\x9c}Y\xe8\
h\xc4\xeb`U;\x8b\x9e-\xbc\x1e\xda\xbd\xa9\x89\x91\
\xc8ca\x95\x89HE\xcc\x95|\x1f\xdc\x03\xca9\x92\
<\xf7FT\xed\x88\x07F\x9e\xa8\xe9\x0a6&7s\
\xc4\xc99=\xc2\xee\xa9|5|*\xf5\xd3%\xee\xed\
_\x96\xdd\xa9Wl\xcec\xf8\x97\xc0Z\x95\xb9\xa7s\
\xf0M\x95(!]&|\xa1\xd2[Z\xd5g\x0e[\
\x9f\x88I\xc1O\xa8\xc9\x18#\x9cZ\xeeI\x91\x17\x90\
\x134~\x06\xefV\x1c\x0eg\xbb\xce+\xb9\x95#\xeb\
\xbc\x1ax\xe4\x5c7\x06\xb9\x10\xa8\xb7\xb0:\xdc\x84d\
\x0b\xa9\xc3\x1dGO|\xa1\xfd\x0b\x99\xdaQ\xa8\x0a,\
\x93\x11x\xae/\xfd\x9a\x85\x95\x8f\xc1z\x08<^\xe4\
\x8er?^hn\xf8\xb3Ts\xb7\xbb*\xc7\x98N\
\xae{\x0a9\x80\xb4\xb0F\x12\xc8b\xddZh\x14$\
\x91\xa3\xa6\xa1$r\x93\xd1\xa7&/\xd5Oe]\xa1\
\x8f&\xb3\x91\xde\xd0\x9cG`\x07\x03\x8b\xfe\xa0\x82.\
I\xd6*\xaf\xbc+\xf9\x06\x01n\x94\xa9\x0f\xf0\x8bz\
H\x087\x1f'\x06\x05=\x96?\xa80\xd6\xdf\xe9\xf8\
\xd8\x18lz\xc4`0\xd2\xe5`!\x80x\x0c`\x96\
\x8dR\xc2\xdc\x15u\xd0<\xf0\x81\xa9\xb9\xfb\x03\xcb5\
\x1b\xb3g}\xb09\xd5\xb9\xb5\xfc\x91h\x1eU\x95E\
u\x1e}U\x96b\x0dp\xda\xbbc\xef?\xcb\xbc\xef\
\xb5\xc2(\xaea\xb9\xdf\xc5\x1c\xea\x04'\xc3\x96w\x13\
\xd3\xd66\xd4X\xd9\xde\xb9\x10\xc5~\xc9\x18\xea\xe8\xf8\
\x19\xf2W\x9bI\xd2\xaa\xad$Y\xb4N\x9bnn\x22\
\xecx\x177\xc2.\xa7\xe9cVu9w\xa0\xf7m\
G\xbd\xe5d\xd3\xa3\xa9?\x0c\xc7\xf0\x22e\xdd\x97u\
o\x10\xa48<\xa6\xba\x88A\x17We\xf9\xf7\xd0\x94\
\x81\xbe\x16q\x0aAx/\xdf\x9e\xfb\xee\xd5\xf8Da\
7dZ\xbb%\x5cq\xd5Jk\x9d\x9a\xca6~l\
\xd8\x10}\xadB!\xb0'\xbf\xc7\x98|_\xa7c\xf2\
q\xe4\x03JP\xd9\xe3Y\x8f\xfa\xcc@\x94\xeb\x97\x98\
\xfd\xf8\xa3V\x10\x1b\x1d*\x0b\xaa\xff\xb6\xe2Cb\xab\
6\x83\xd8\xd4\x11\xc5\x1fvl\x17\xf7\xb1\xb7\x85B\x9c\
\xc0\x10\x06BQ\x83\xe8\xb1\x90\x84D\xf1\x84\xcaY\x90\
\xae\x07 \xaa\xac\x9f\xf6(\xdbqR\x80\xa7\xe3\x11\xf0\
4a\xff\x98\x18\xc4\x18\x09Lq\xd5\xd5\x99\xa84\x1e\
\x0eLTg\x9dS\x9b\x8ck\x87f\xf26@\xbcy\
|\x89\x9c\x99T{UL\xe0\xb7\x9b\x0er'\xe7o\
7\x1d\xa2z`.0\x04\x04\x8a\x9f\xf5's>\xaf\
\x1d\xc4O\xd9\xd6ko\x84\xa1\x15\xdd\x86\xd9'\x1d\xd7\
\x0e\xb3/\x176\x9c\xd9\x12\xf6\x9b\xab\x22\xb9\x91~\x96\
\xebN<\x8b\xe1V6\x12\xce\xe2*\xd5\xcc\x9ddf\
U\xd2\x8cG\x15\xd0\x8cC+\xb0\xd9\xaa\xe8\x85w\xb1\
U\xc5\xb9\x96\xe8o#[\xe9\xb3^)t\x0c\x86\xea\
T\xb7\xb0P\x9d\x1c\xcc\xe2y\xd7\x83E\xb0\xbd\xcbp\
\xbd\x866\xfbH\x0ahg\x04\xd9\x87'\xce\x98\xcaL\
\xa5\x19r\xc0\xb6\x89\xa4P\xea\x9a\x06\xef\x93\xd7\xce=\
\xef\xc9\xa6\x86\xca\xf3\x97\xa1\xfc\x07\x14\xc4\x07\x9dJ\xa9\
#}9:q\xb9\xc4=\xa81\xd4\xd4\x11\x87\x0a)\
\xe6\x06\xd9\x16j\xbe\x90C\x1e\xdc+a\xe1&\x88c\
u8\xbe\xb0A\x12I$q\xa5\x19\x15\xe2f\x86\xe1\
(<RUx\xf9._\xf0J\xff\xa9\x92JN\xc6\
@o\xdef\xe4\x8b\x0f\x11\x12\xf9z\xf9\x9f\x19\x1bR\
\xee`\xe7\xc1t\x87\xbd*\xdb?\xaa\xef\xb2\xd8&\xf3\
\x07O\xfe8\xf3Z\x97\x8bg2g\xfb\x1f\x17\xb32\
\xa1\x83'OdvY|\xd7\xf9;\xea*\x9f\xa8\xf8\
y*\x9d\xe2\x07\xe5\xd4\x89\xf4\xae\xb6tg[\x7f\x9f\
\xb0\xf2,\xee\xb7\xc9;\xf6\x04\x09=g\xfd\xcf\x9a\xec\
\xb9\xd3\xe64\xa4>\x04\x1fs*\xbf\xd6\xf7oM\x19\
<\xfd\x13M\xe2\xd9\x7f\xed\x10\x18\x99\x80,\xbc\xd0\xdf\
\xd7\xad\xe1\xfbBg\xb4<_%;\xf6@Ts^\
\xeb\x92}\xd5\x95\x8f\xad\xfdK\xc5\x13]c\xeb\x0a\xea\
g\xb7\xff\x8em\xb0\xd3?!\x19\xe9\xdd\xed\x83G\xdf\
\x80\x8bnW\xeb\xc0\xce\xb3\xe9\x8e\xb6\xa1M\x9d\x99\xfd\
;3\x87\xba\x06\xcf[\x07v\xfc\x8e=\xa8\xc8\x03\x9b\
\xde\x9f8\xfe\xcb\x98\xf8t!\x9dJ\xf2\xa8y\x8e~\
\xf2+\x14]\x96a4\x0d\x97\x90u\xee\xc1L\xec\x10\
\xc34\x05>A\x8f\xa6\xac\xbbUK\x94\xfcX##\
\xf7\xeb$\xf9\xeb\xa3YT\x0ed\xadh\xb7\x9c\xf9C\
\x1fU$\x5c\xca\xd2\x12o\x80g\xc3K\xa0\x8a\x17o\
\x98\xd6X\xb3jqm\xd3\xdd\xf8\xd7u\x8b\xd6\xd4\xd7\
\xaeKT<\xfa\xbdD\xe3\xda\xc5\xcbm\xef<~J\
s\x9e\xc1s3V_Y;C\xa8n\xac\xc3\x1b\x8f\
:\xb6\xb29\xe0)\xc1\xe6\x841\xb12I\xd0\xbc\xe6\
\xf5\xa6I\xd5E\x98\x15R\x96\xea\xca\xc0\xa5\x8a<\xcd\
\xaa\xd5\xfb\x86u\xc0\xdf\x98s\x99&\xf1G\x00I\xa8\
`\xea~S\xf5\x8fT\xc1\x22J\xd9L_=\x07\xea\
C\x16 \x0b\xf9\x99\xb8j\xe6N\xe3\x04@\xbc\xbe\xb2\
\xf3g\x02\x85o7\x07\xe2\xde:\xef\x1a\x9e\xf3\xdc7\
\x99\x1a3V\x93\xf6#\xea\x93y\xcf\xae\xa5\x889\xe9\
\xa2\x00\xa9\x0f*>\x969(C\x00\xe8;\xb8t\x1e\
\xb4K\x00\xf4\xf7u m\x8brTd\x88\xd2K\x8d\
\x0b\xa5\xd9I\xf2A\x11\x94w\x17\x16\xc74\x02U\xe0\
\x1e\xb0'@\xa1y\xa3\x968\xcd#4i6\xc1\x87\
'\xf7\x03\x91_X\x85\xbd\x92\xf6p\xbe\x9fA?x\
Q\xc5\xbf\xf2i(\x88\xb7?IH\x05i\xf5I\xf4\
\xb4\x86\xe3(\xa0^\xf1q\xdd'\xb5g#?\x09\x9f\
\x96\xcc\x1cDl\x14\xdf\xe6\xc0y\xfc?\xd1\x9f$f\
\xa5x\xc7\xa3\x92\xbb\xe3Z\xe17t\xd4B\xfeh\xb9\
5U9\xce\xb2;w<c\x8dsd\xdb\xe0\x99\xad\
\xce\xe6K\x9b\xb7_\xb5\x9a\x9fh\x1e<\xd9\xealn\
\xe4\xe9\xab\xe6\xee\x94|y \x0d7\xbdn\xeet\xd6\
\xe7\xd3%a\xe6\xdb\xaa\x0e\xce|[y$\x01\xfc\xa8\
+\xdb\xbb'\xb8J\x1eu\xe7\xd0\xbe\xf3\xd6Sl\x84\
\xe0rCjV\xa0\x9189\xdf\x15\x0f|\x05{\xe0\
e\xe3\xc4wgWX\xba?:00\xc4\x18j\xea\
@?<\x80\x96\xcf\xe4n|\x12\xd1\xced6\xaeL\
\xaa\x04'\x9eW\xcd\xa6\x5c\x8a\x1cK\xa2\x97\x96\x0e\x1a\
\xc6Z\xa4\xe4\xea\x08(B\xd1TlNW\x8c\xc3K\
`\xf0+\x1f\x08pHk\xefM\xb3\xe3@\xcd\xebY\
p\x03\xe9\xb5\xc6\x81\xc2x:i\xc8\xf2\xce\xa1\x0f9\
\x8e\x90\xb33w6\x83\x86\x95R_\xcf7D\x09<\
\xe9C].bx\xc8A\xa0\xd3\xa4\xae!\x09\x14\xee\
t\xbbF\xe4\xa4\x03\x944j\xd2\xa144\xd3\xdaf\
\xbc\xb4\x12\x10\xc6\xb6X\xf9\xcb\xc3q@\x95*\x0b\xc0\
;\x89\x0b\x1a\x1f\xa09O\x1a\x9d,\xa3\x9f$\x12\x9c\
Q\x18_\xe9\xd6\xdd\xb8\xaf\xe46\xc35E\x94\x94\x94\
\xbcH$O`F\x87Q\xe9Xg\xb9W\xb8\x0bF\
\x09w\xb8`\xe0\xda3jg\xc4\xc9\xab\xe7.\x8d\x91\
c$\xc8\xe6\x86\x10?\xb6\xadmJ\x06\x14\x823'\
\x06\xfa\xb6\xba\x15\x82|4\xb7\x94R\xd9!T)\xcd\
i{\xad-\x8b\xcf\xe3\xd4\xe0\x1b\xd6\x9b:\x09\x8d\xb0\
\x12\xa0\xfc\xd4!H\x0d\xd8\xa8jG\xcd[\xa6\x5cJ\
\x11j/J\x0aP\x8aCjR\xe1\x9dT\xe1\xd6\xde\
Uo\xd6\x15\xa0>\xa2\xc1MZ8x\xe6\xbc\xd0G\
\xa9\x04\xa2\x9b\x8f4\xd1v}\xf6\xdf\xf0\x9a\xf7A\x9c\
5\xd3L\xcf\x5c\xec\xef\xdbb\x17\xbd\xb7\xd1\xd6\xf6\x0a\
\x5c\x9f\xf3\x18h\x17\x91\x0aXs\x5c\xc3\x86\x86\xe3s\
:\xac\xd7\xf2~\x15\x1e\x90\xcc\x8b^B \xd7\x8b\xf0\
,m\xed\x88z0\xa7\x84\x8f\xe74\xb7\x1f\x1a\xe5\x98\
#[\xe5E\x18\x19\x87\xd4,M\xee\xfb\x92h$\x05\
\xd5\x8a\xa8m.C-VU\x81B\xd5=\x82\x11c\
\xba\xec\xb8!5C\xaaC+\x85:\xf4\x1c\xf4z\xfc\
v\xf1\xdf\x8b|\xbf!\xd3\xe1'\x92X\x22\x84N4\
\xae\x5c\xf4\x5cm\x13\xfd\xe2\xc6E\xd2g\xd8d\xdf\x86\
r\x14l\x9b\xd9\xb7\x06\xd4\xabRO\x1am\x14\xa1K\
\x85jQ\x13|9\xb4\xfd\xe6t@\xa9\xb6\x0ag\xcc\
\x08\xc8\xf46\x9f\x98#i\xd1Q55\x0a\xf4(\x81\
\x99\xde\xc1\xa5\x86\xceq\x9c\xee\x0d\xcf\x83\xf19\x8ay\
\x7f\xf28\x84\x94\x1b\xd1\x22\xb6o\x96\x0c\xf5E\xe0\xe7\
nh\x01\x93\x06w\xf5qq\xa8\xb4B\xd4\xf5\xad\xdd\
\xc4\xd7\x0dO\x8d$\xdbp\xf1\xf0\xe9\x01\x5c\xdb%*\
2\x95\xe4\x1d\x87K\xb5\x0d\xa5\xa9\x06\xc1\x16\x94\x9aQ\
\xf5S\x9f\xab\xda/\xfal\x0b\x07n\x8e\x99\x5c\x9cq\
\x90\x088\xc4\xf6J_{9\xc0[m\x95\xaah\xbb\
.\x06\x16F1\xc5\x14\xf6\xdf\x92\x9aQW\xb0\xa1\x17\
\x93\xf4K\xec\xa1\x88\xe3p\xbc\xbah\xee4\xad\xdc\xa5\
f\xf0:1\xbc\xe83&\x0a\xcel\x18\xcd^\x08B\
\xbc*\xe0\xcc\xde\xbfs\xe0\xe8i\xce\xc6\xe2\xd7\xe7\x93\
\xbb\x0c\xb6Ak7\xe1\xfd<\x8d\x11\xa8?\xab\xc4\x8c\
\xab\xfa\x1d~\x09/\x9cF\x8c!\xfa\xd7\xe07\x18\xdf\
\xeb~5S^(Ms\x85\xf0\x99\xf2\x03`?\xf9\
bL]\xe0\xc3\xbc\xff*\x0bx\xea${\xf2\xe5\xa8\
\xbc|\x87\xf3\x0e\xc4\xf3o%SZvr\xf8\xf0\xfa\
\xba\xd75\xbc\xd8'*\x1b\xe5\x14\xf8\xd5\xcf\x1d\xfa\x8e\
\xb5/\xe1\x13\xf1W\xc0\xb0N\xa6:\x865\x7f\xb0\xdb\
p\xb9'\x5c\xf6p)JG\xe3\xe7\xc1\x0e6\xe8\x15\
\xcbF9\x1a\xca\xa5\xcb\x12\xd2\xaa6\xa7\xb4\x8dC\xb8\
\x18\xf5D0\x81\xe59z:p\x0f\xd0\x94f\xfdK\
\xedC\x81[\xe6\x1b|\x1a^\xadG>\x1f\xf2$x\
\xb3\xea\xbfv:\xf3\xca\xe5\xd0\xabg\xcaHs\x80\xe5\
\xc9\xc6\x7f\xe8\xb3\x8eO6\xa8c\xe4{G\x1a\x19\xb7\
\x96\xa6\x99a3\xf8\xf6g\x9d\x81*=\xce\x90\xb0\xae\
*\xba\xee\xd9\xd83\xc1\x16AR0\x00y\xdaY\xc2\
f\xb7`\xc4\xd9E\xcc\x8b\xf6\x8eJ)\xa6\x0a\xe4\xcc\
\xb5\xe2tc\x5c\xe7\x97+\x1cbx\x80\xe9\x825.\
\xa7$\xbc\xf4\xd6uI\xde2Uy[_\x9a!\xd4\
\xd5m\xd7W\x98\x85(\xe2\x10y\xae\xd9M!5\x93\
2\x8d\x937a>\x92\x96\xa2B3u\xd7\x95\xc1\xe5\
BW\x7f*\x7f\xce7\xdb\xbe\xe4\xff\x1d\xa0#\xb6\x9a\
\xdf\xf1\x12\x92\xc5\x8f\xa7i&\x9e\xaa\xd0,\xde\xc2T\
T\x80\x14}\xc1\x8bW\x22\xbde\xf3\xe0\xe9K\xd4J\
B\x8d\x5c\xb9am\xd75W\x99\xb8\xe4\x94fa\xf1\
2\xe3A\xe7\xba\x9aW?\xcc\xd3\xe6\xc3\xc9\xd0\xc4\x00\
J-\xe2\xd6\xc8E\xfe\x008\xd4\x1c\xe7\xb3rG\xa0\
\x9f\xfb\xf3\x14Rog\xedZ&!\xa2j\xedx\x92\
0\xc2>\x9a\xee\xc9\xfa\xcc;\xe8Q\x7f\x00\x88\x9c5\
\xdfg~\xabj\x9f\xd3!\x8bz\xcb\xfb\x97\x1f\xad\xe1\
x\xc5a\xfc(\xeb>\xae\x0bLDm\x00\xc0\xdc\x0d\
\xd68\x5cA[;\xe8\xacyw\xb3}\xb8\xf06\xed\
<\xac\xf4\x9c\x88;;\x06\x0b\xcb,lF\x16\x94\xbb\
\xb0Y.\x9a\x1b\xfe\x162\xb7l\x7fK\x11Z\xea \
\x94\xdb\xf6\xe8\x0bD0\xdd\xb6\xc7\xa4`n\xc7p\xbc\
F\x92\x90WJ^E\xb3\xe8UT\xb9\xabv\x05>\
B\x96\x9b\x84<\xb9\x99\x90K0\x1eB\x99T\xc8V\
\xff\x04\xa3\xb6\xceT\x1a'\xa2^\xa1\xfb\xb7L\x80\xec\
\x9a<\xe9\xe3\x0adO\x18\xee\xb1R%\xbf}[\xfa\
t\x0fOlw\xf9\xcc \x13 \x10\xb30'I \
\x18\x88\xbbc\x19J\xa7\xc3\xae\xd9\x7fKs^\xed\xb6\
ys\x1bZj\xd7\xf5\xfc\x03\x15\x97\xd7\x9e\x01\xf2\x08\
\x0c\x97\xaeyl_5\xf2\x1b\xbb\xdf\x98\xf7\x7f\x16\x9e\
@\xcc\x1b\xbd\xfdtX\xaa\x9b.\x0c\x9e\xfe\xbe\x0b\x00\
&uoK\x9f\xda's}\xce\xf7_\xdd\xe3\xd5\x80\
w\xba\x0f\xc46V!\xacK/\xa7\xcfm\x1a\xea\xe9\
L\x9f\xbe\x9a\xee=\xa12e\xa5d\xfbF\x127\xab\
\xe5\x1f\x91\x17d\xa8\x7f$\xd6\xf1\xbf\xba\xdf0\x00^\
\xf1\xc1\x8b\x87\xc5pn\x98W\x12\x05z\xc5\x19\x7fi\
\xce\x93\x1b7.\x999\x5c*\xd3\x82\xff\x5c~D>\
\xa2\xb7m\xfc\x12\x107\xa9t\xc5#\xe5\xb9\x01\xb7\xd5\
cT\xc0\x17'z\xf3\xb5\xf4\x16\x10\x01g\x8e\x5c\x81\
=\xa2r\x7f\xaf\xe2MT\xef&\x0a3\x11BG\xcc\
:\xdd\xde\x9bn\xdd\x1a\xee\xc2\xda\xf9w\x1d\xbfYw\
3;~W\x85\xb4\xcb\x03]\x16\xf4t<\xcc~\x07\
\xc1\x92I\xa7TH\xa6\xbf\xc7\xa2\xe4 OJ(A\
\x8b\xc4&\x053\xcdZ\xb3\xf0\x22\xbb8J\x94\xb0E\
\x8b\xab\x13kY\xd5E\xc75\xf2\x1d\x9dMVYP\
\x03v\x93o\xab9\xae\xc9JHhg)\xb2\x04\xed\
\xbf\xe1\x02u\xf2K<id\x9b\x09U\xa4}{\xe2\
\xdb\xe2'\xadIh\x9c\xe7\x01\x95\x00\xc9\xff\xa6\xf8\xfb\
F\xa4\xa3(\xc2l\x17~\xb4\xf8T\x08\xd4\xe9\xf3j\
\xf4\xcb\xd72\xbbO\x85\xe0\x9a\x8a!\xa3\xbaH?\xce\
\x8e\x0b\xb1T\xf9M[\xbb\x8dW\xd9y\x8fL\x864\
pX!\x96\x06\xc3\x13\xaf\x1b\xb9\x90Qz\xbb\xe9W\
\xe0\xa0d\xf1\x14\x92,i\xac(\xd2F\x86$=s\
\x9c\x99J\x199\x92\x90\xd2\xb2\xe5\xf4\xa08z\xa3\x1a\
x&\x1fX\x1d\xce\x7f\xf7\xf0q\xf26\x07\xe0Pq\
\xcf\xdb\xec\x80@\x15R\x17\x0d\xb14|8\xa5^G\
\x03G\xe9\xf4\xd8\xe4\x93\x1c\xa3`\xd3X\xaf\x7fH\x9d\
&\xf4y\xee_\xe7/F\xf5Tu\xf0|\x8cP\x91\
\xea}\xf1\x5c\xfa\x5c3\xd5R\x15\x87\xef\xfb\xceS\xdc\
\xf5\xff\x1a\xcf%\xb3{\xe6\xeex|\xc3\x95\xea\x22\xc4\
\xe9Q\xa6\x86\x1d\xbc\xe9$l\xa8\xf9\xf4\xc0\xe9s\x1f\
m\xda\x0c\x1e\xb33\x9bQ>\xb4\xb5\x9b\x02\xf5T\xa1\
\xc6E\xc0\x84`\x97\x81\x1c\x8cS\x90\xcb\x8d\x19\xbc]\
qD<\x9a\xb5>\xeb\xb9\xac\xe7\xc5e\xf0b\xd6Z\
\xafk\x81b\x84xt\xfds\xcf\xaf}q\xaduy\
\x11\xab6\xbb\xbcdsW\xb5U\xb4D\xb6=\x9b\x15\
\xf9\xfce6\xbd\xa5i\x22\x92\xe0\xc7\x0f\x98\x9e\xa8\xe2\
QFd\xc0:\x99~M\xba\xe1\x98\xef\x0fc\x8e\xeb\
\xc9\x81\x92t\xa8\xabe:\xc3\x1c\xae\xec\x98\x0a\x92\xbd\
\x10\xfc\x0dDO\xe8lnV\x9d\x8aJ\xa3\xce\x01\xec\
\x9c\xb9\xfa%\x8e\xdc\xde\xb6\xe0\xb0\xc8Oe\xed\xcff\
\xdbV6\x15\xaf\xa3Pm\x87\x8e\xda\xb4i\xe8\x83x\
,\x9f\x87\xa4\xaap\xee\xf2B4\xf73.\x8c\x8e\xa5\
\xaa\xa3\x99D\xe1\x96\x13\x87\x1cKB\xa1\x92\x10\xd1Q\
\xce7\x10M\x95\x9d\xdc\xd1\xd4\xf1]_\x9eSK\x95\
\x96a\x12\xc3\x1c\xa8.z\xb6\xc42\x0a\xae\x1d@y\
i\xaf\xd2\xb24w\xc9\x16\xc0\x99:\xd6\x13nV\x02\
qi\x5c\x14q\xc2[\x86L\x1f\xcd\x11\x91\xb4\x9a\xcb\
0\xa3\xf5\xd9\xe1\x8a\xe6\x9f\xfd\xa0\x8br\x1e\x8d\xb4\xe1\
\x14\x88\xeb\xc9\x0ed5\xb9\xe3z\x05\xd2\xd9=f\xcf\
\xfa\xe6\xbc\xea\xef\x95\xff\x96\x9f%\xe9\xd1\x96\xc8k\xdc\
\x98 \xd3\xb6w\xb1\xe5*\x8fGy\xc2'\xe8\xe6\x15\
\xbf\xdb\xf4g\xd8N00\x17\xdc\xb0<\xc73\xb8\x90\
t'H\xbeu\x0a0>\x09\x80\x02\x11N\xe5\x22=\
J\x18.\x9cK\x1f\x15.<!$~\x0c\x89t\xa3\
\x0d\xc7a\xc9\xc9*\xe1y5\xff\x14pS0\xd9\xde\
}\x07\xe3\x8c8\xf5\xa8^\xb8\xf4c\xba'/?&\
^\x81Y\xdf-\xff\x821\xedb\x12\xad\xee\xfe\xfd\x87\
\xc5\x06s\xcf6\xc7\x00\x01\xe5\xba\x11\x1a\xf7v\x8d\xed\
J\xf9~\x8b\xea\x22<\xf4\xbc\x22Y\xcd\xf1\xaa\xf6\x9a\
1:\xff\xdd\x137M\xd1\xec\xc3?!\xeb\xf5\xe0\xa9\
\x97\x09\x8aP\xef)\xf7^z\xcc\xac\x9b\x83\x80\x99\xe0\
\xde\xc3\x8a\x19u\xdaJ} \x8a\xa4\xdfS\xaa\xb2\xb3\
f[\xbe\x94\xb3\xc5\xc8\xbb\x1c\xab\xfa\xbf\xbf\xc5\x9d\x80\
\xf95M\xc3J\xfd\x08c\x86\xa8\xbf&\xb0\x934i\
N\x960o\x8cG8=\xab7\x92\xa4\xb1\x93\xe1~\
Nf\x07\xfa\xb4\x119\x92\xa4/\xa9\xf1\x1e\x1c\x81\x11\
h\xcf&\xa8\xa1\xdf~\x9b\xf6\xff\x08\xccg1+p\
\x17\x8f\x0a\xd9\xc9\x0fC\xf0s\x0b\xad\xa5>\x8c\x0f>\
\x8f\x00o\xe5\x184\x13\xb9nj\x89\x124\x0a\x22)\
\xab\xbe\xd2v\x8d\xf1\xc0|\x81\xbaj\x00e\xfaJ/\
TI\x9b\x18\xa6X\xcaj\xa4\x5c%a0\xd4\xcbt\
x#[\x9a$5\xd6,ZW[\xbf\xca\x91-}\
\xaf\xf6r\xe1Q\xa0\x0f\x0e\x17\x0e\x8eyC\x8b\xbeR\
\x81\x97\xac8l,\xe87\xb8C+\xf0B\x90\x93\xc6\
cU\xa1\xcbW\x01)w\x1e\x0e\xdb\x0b\x98\xc7\xc3\xdb\
7\x83g\xa29\xafkC\xc5\x87\xd8\xae\xe4\xc3j^\
S\xb5\xd4\xbf`\xf4\xc8}\x08\xd1I\xd6\x88\xf4\xeev\
UL\x97\xa0\xd3\xda\x975\xf4\xfaA\xc7\xaa\xdd.c\
\x89\x8a;\x1e\xc6\x95\xb9\xd5\x94-\xc29\xe2\x99\xbdd\
_\xb5B\x18\xd8\xd9\xc5'\xfd\x81\xd0\xd3gg%P\
21\xf8)\x89\x87=\xf1\x83\xc7g'\xdc\xb9Zq\
-\xc7Lj\xe1\xbd\xdd\x0a\xea8\xee\xf2+\xcf\xdd\xbf\
\xd0\xbf.m/\x1f,\xeds}\xb6\x8a\xa0D<u\
Z\x832i\xddM\x15\xc1\x10\xd7\xb1\x97\xa35\xbd\x15\
\x0f;`j\x00I\x8a\xf1\x88\x81\xfa,5\xc4\x12\xaf\
E{\xaf\x1b\x04*\xcf\x8e\x0e_I\x8e\xed\x16IC\
\xcc\x97l\xaa\x8a\x0c\xb2\xe8\x94b\xdd\x16;\x91\xac.\
\xe7:\xca\xb3T]\xa4l\x7f|\xc8\xaf\x05Pbw\
*\xc9\xad\xdd\xca\xec\x7f|\xf6\xd7B c<\x12\x1a\
\xfc\x98Q\xb5|\xf3\xd1\x11\x0c3\xcf\xfaI\x1bcU\
7\xa2\x93:faqd\xc9\x090\x99%\xb3A&\
U]\x04\x9f\x8f\xf8\x09s\x15\x0cyU\xd6\x0b\xc2j\
1\xbdm3t\xc8\x1c\x8cg\xc2~\x22\xde)\xfc2\
\xe9\x1dJ\xcc]\xbar\xf1\xaa\x17\xd6\x86\xf8\xdf\xe4\x88\
\xa0M\xa0]\x02x\x8d\xef>\x0b\x01\xd6\xdc\xaf\xb4\x0b\
I\xa9\xe0o\x17\x89\xb6\x09\xf3\x92\xd9\xd7\xba\xdcF\xdc\
bPR\x9d_4fiU\xf1(\xa5\xa9L7\xaf\
j\x1f\x8eW\xbd\xb6 3{]\xc3'5\xc7\xc1\x82\
\x87\x94\xcbd\xb6V\x81|\xb6\x17\xa4cj\xb6\x979\
/\xf0\x18\x92A]\xde\xb5SBlw\xa6/\x9e\xe8\
\x7f\xff\xe4\xc0\x81\xf3\x88|H\xd6;\xfa\xa8\xc8@d\
J\x93G\xfa\xa2RAw\xb7{\xa4/\xe9-\x17]\
\xb0\xcf\xae\xc1\xf2\xdc\xeaq\xe5\x87\xd9\x0f}YX\x0f\
[\xc1`\xd2fy\xf9b\xbb\x9e\x9c\x7f[`]\xb6\
\x80\xb1(\xe4f\xc6\xce\xa9\xf8p\xd9\x17\x87%\xb5=\
^\x06Jp\xa99J\x87\x90\xdd\xcc\x12\xf0G\xd85\
8<\x14\xa9\xbb|\x07tR\x0b?\x92\xd6\xf6\x07T\
.\x98fJ\xe2B\xd3Lc\xe8c\x16b\xa6\x1e\xee\
B\xcc\xf9\x8e\xba{cG\xa8\xb8\x17C\x1f\xd3\xb0U\
\x95\xf4\xdc\x86-\x9a\x9b\xd4u\xeaG;\xa9\xebbX\
G\xe0\x03\x83\xcd\x09\xfdg\xdd\x81\x90.\xc3\xf9\xe1\xd4\
\xcb_\xd0\x02\xe85\x0e\xa5[\xbe\x1dC\xc3\x1ek\xff\
\xd9\xca\xae\x8a\x1f\xae\x9ff\xd8e\x13\x94\x14i\x9d\x0d\
\xbe\xd7\x82ji\x1dGp@\x9d\x96\xda\xa4]\xd7k\
\xbf\xae\x1f\xa2\xe7{\x97K\xe2-\xa8\x98\x0d-\x9b\xfe\
\xaen\x15\x86`\xb7\xc1\xb6\xb6\xcc+\xef\x1b\x01\xa8K\
\xbd\x99S\xc74|E\x96I\x11//\xac\x85\xb34\
\xb6\xbd\xcc\xea\xc6a\x1a\x97\xbcE\xac\x172HJ\xe5\
\xc3l}\xee(\xcb*\xd4\x9d\xe0Jc(\xbc\xb1\xd4\
\x85<h\xe9+\x16\xbf\x83q\x0f\xf2/\xea\xdfo\xa1\
\xf3\xb3\xcb\x17+\x0e\x94\x88:\x1e%\xa3\xe0T\xf9\xc2\
(\xa9T\xbc\xb9\x07.\x07\xd9;\xe4eG\x17\x93a\
\x9b\xbd\xecD\xfa\xe8\xe2\xd7\xb6v\x22\xe4<\xfd\x85\xb6\
:^\xff\x97\xefD)\xe9\xec!\xf8S\xad\x1a\xc0#\
\x0a3\xd0\xaa\xa1\xc2\xdc(\xd6)\x10\xa6(\xaa\x95\xa9\
\xd8\x9c\xa7\x8b)4\xb4\x00\xec`\x18\xa9\xf7\x91xE\
U\x0d#\x11{\x85\xd5S\xc0\xb6\x96\xf0\x06\xb7\xed\xea\
\x8dG\x09\x07#\xd3W\xf3\xf1>\x03}u\xce\xae\x0f\
\x98\x14\x1c\x1dW\xa4\x0d\x8dl\xb045\x8e\x02K\xe7\
\x189\x81\xb9!)\x7fh\xa4\xbf\x91!=\xf0e\x9c\
\x1d\xad\x0f\xab;F|\xcc\x92=\xdd\xf3z`x\xcb\
:\xdb1qi&\x9e\xefE\x90\x8b\xf9>\xbf8\xf4\
\xca\xe6\xf4\xe9\x1e\xb2\xbdu\xfd\xed\xd6\xa4\xf8\x8c\xbd\x14\
\xccr\xb1@\xed\xb9\xaf\xed\x18\xfb\xb9\xaf\xbc:x\xc6\
\x068\xa3Q0\x80GM\xc3\x03x\xe8\xf3\xcc\x97*\
\x9f`\xc7Q\xf6\xc8\xb4\x1dO\xefr4_\xdf\xd0\xff\
\xd2\xa7\x9d\x8f\xf3\xe6\xa7\x07\x0e\xec\x1f\xb8\xd67x\xd5\
\x22\xbe+FB\x5c\xfd]{\xf7\xc0\xc0\xd3>\x09\x94\
\xcd\xf4\x1d\xc1\x94\x0b\x979x\x18u=\xa5\x09\xc7]\
\x13T=\xd3r{Kb5\x96\x9e\xac\xa9\xd3l\xfe\
*\xf8x\xc4C\x96dW\xb2\xf4\xeb\x88\xb6I\xcb\xd4\
R\x8d\x1b\xb3V\xcb\x17o}\x80w\xees^\xd7\xc6\
\xd5\xebk\xd7;H\xe7&t\xcf.\x7fPb\x11\x18\
\xa4\xb2\xa1\xa5>\xeb\xd9\xa9F\xfd\xe4\x19C\xafv\x09\
E,\x0c3\x89 \xef\xc1M\xe9c'CJ+w\
\xbf\xb1\xac\x0a\xda\xff3\xff\xa3\xfc\x000\xab\xcc\x22\xeb\
\xe9D\xb9\x1ei\x01\xa4w\xeeH\xb7\x1d \xd4\xaa\xcd\
\x9a&Dl\xbcw\x1e\x83\xeaP\xd7\x81\x93\x1d\xe9S\
\xd6S\x18\x07\xc5\xb3\x8d>%\x9e\xe6H^\x94}\xf3\
_\xfbG\xb6o\x0f\xbd:\xd4ge^\xc4\x91\x11o\
\x95\xad(\xa4\xb4\xf7\xa8\xe2\x151\xb0&\xa6\x1ef\xbe\
\xf88q\x1d\x0a\xdb\xdd\xe1\x88\xff:8\x1dd\xbc\x15\
\xd1\xd6Z\x19v\xc4\x17\xae\x0a0\x19\x0bc\xa6\xeao\
\xf6\xc7\xea\xee\xab\x1fS\xfb\x18B\xaa\x81d\xaa\xafP\
\xb1\x99\xc4\xda\xda\x15\xb55\xebj\x17W)\x8a\xe3\xb5\
\x89\xf4\xb5-CG\xfb2\xfb\xc5S\xb8]\xd8\x17*\
x\x1a\x9aM\x85\xf9 \xea\xcd\xa6/%S\x04\xdb\x0a\
\x16\xa2\xf9\xbc\xb9\xcb\xdfs\xe5\xc1\xd1\x84\x11\xc5b\x13\
\x9d\xa6\xc4\x9d\xda\x979\xfd\x9e\x9f\xfb\xe6\xcfR\xc6\xb0\
\x1c3\x9b\x84\xa1\x96<\xd4\xf8\x9f^\xfb5\x09\x16C\
>!\xde\xa6YY\xa9\xac\xc4\xfc\xdb\xda\x17\xb1A\xa6\
\xd2 \x99#\x97\x07\xdb\x9a\xe1\x9e\xd4\xd2\x13OT\xcc\
J%\xa0\xf6\x9f;\xea\x18\xa3\x10c\xac\xd8]?F\
\xac\xf0\x7f\x08\x22\xcc\x95\xccw\x8e\x02\x89\x83U|+\
\x14\xbd-W\xd1\xb8\x1e\xd5*\xba/\xc9\x5c47\xee\
\x0e\xd9\xd8Em\xf0j7\xdbY\xb9C'\xba\x1d{\
*\x0eqV\xc4\xaf\x90XB\xc2\xe2~\xff\x1f\x91\x94\
\xb6\x91\
"

qt_resource_name = b"\
\x00\x06\
\x06z\x92r\
\x00a\
\x00d\x00b\x00l\x00a\x00b\
\x00\x04\
\x00\x06\xc4\xee\
\x00i\
\x001\x008\x00n\
\x00\x0f\
\x02\x05\x9d]\
\x00a\
\x00d\x00b\x00l\x00a\x00b\x00.\x00e\x00n\x00_\x00U\x00S\x00.\x00q\x00m\
\x00\x0f\
\x00{/\xbd\
\x00a\
\x00d\x00b\x00l\x00a\x00b\x00.\x00z\x00h\x00_\x00C\x00N\x00.\x00q\x00m\
\x00\x0f\
\x00t\x1f\xbd\
\x00a\
\x00d\x00b\x00l\x00a\x00b\x00.\x00z\x00h\x00_\x00H\x00K\x00.\x00q\x00m\
"

qt_resource_struct = b"\
\x00\x00\x00\x00\x00\x02\x00\x00\x00\x01\x00\x00\x00\x01\
\x00\x00\x00\x00\x00\x00\x00\x00\
\x00\x00\x00\x00\x00\x02\x00\x00\x00\x01\x00\x00\x00\x02\
\x00\x00\x00\x00\x00\x00\x00\x00\
\x00\x00\x00\x12\x00\x02\x00\x00\x00\x03\x00\x00\x00\x03\
\x00\x00\x00\x00\x00\x00\x00\x00\
\x00\x00\x00h\x00\x01\x00\x00\x00\x01\x00\x01,\xc5\
\x00\x00\x01\xa0u\xdbW\x95\
\x00\x00\x00D\x00\x01\x00\x00\x00\x01\x00\x00\x9e\x1e\
\x00\x00\x01\xa0u\xdbU\x01\
\x00\x00\x00 \x00\x01\x00\x00\x00\x01\x00\x00\x00\x00\
\x00\x00\x01\xa0u\xdbVJ\
"

def qInitResources():
    QtCore.qRegisterResourceData(0x03, qt_resource_struct, qt_resource_name, qt_resource_data)

def qCleanupResources():
    QtCore.qUnregisterResourceData(0x03, qt_resource_struct, qt_resource_name, qt_resource_data)

qInitResources()
